# Blender v2.83.1 OBJ File: ''
# www.blender.org
mtllib Gafas4.mtl
o Gafas4
v -0.293576 0.051516 0.013690
v -0.165328 0.088769 0.013690
v -0.293576 -0.080870 0.013690
v -0.165328 -0.043616 0.013690
v -0.055109 -0.022272 0.013690
v -0.055109 0.110113 0.013690
v 0.055109 -0.022272 0.013690
v 0.055109 0.110113 0.013690
v 0.165328 -0.043616 0.013690
v 0.165328 0.088769 0.013690
v 0.250505 0.070388 0.013690
v 0.194556 -0.049594 0.013690
v -0.293576 0.051516 0.046781
v -0.293576 -0.080870 0.046781
v -0.165328 0.088769 0.046781
v -0.165328 -0.043616 0.046781
v -0.055109 0.110113 0.046781
v -0.055109 -0.022272 0.046781
v 0.055109 0.110113 0.046781
v 0.055109 -0.022272 0.046781
v 0.165328 0.088769 0.046781
v 0.165328 -0.043616 0.046781
v 0.250505 0.070388 0.046781
v 0.194556 -0.049594 0.046781
v -1.301113 -0.367204 -1.782640
v -1.271497 -0.367204 -1.782640
v -1.301113 -0.387157 -1.770821
v -1.271497 -0.387157 -1.770821
v -1.106252 0.025309 0.023490
v -0.895529 0.025309 0.023490
v -1.106252 -0.108419 0.023490
v -0.895529 -0.108419 0.023490
v -1.144955 0.025309 0.046781
v -1.144955 -0.108419 0.046781
v -1.106252 0.025309 0.046781
v -1.106252 -0.108419 0.046781
v -0.895529 0.025309 0.046781
v -0.895529 -0.108419 0.046781
v -1.144955 -0.108419 -0.000000
v -1.264191 -0.108419 -1.388191
v -1.308419 -0.108419 -1.388191
v -1.144955 0.025309 0.000000
v -1.308419 0.025309 -1.388191
v -1.264191 0.025309 -1.388191
v -1.306660 -0.018492 -1.572686
v -1.306670 -0.131260 -1.547583
v -1.304920 -0.225734 -1.668654
v -1.304901 -0.158435 -1.718859
v -1.301421 -0.389880 -1.759078
v -1.301382 -0.356837 -1.778737
v -1.265950 -0.018492 -1.572686
v -1.265941 -0.131260 -1.547583
v -1.267691 -0.225734 -1.668654
v -1.267710 -0.158435 -1.718859
v -1.271228 -0.356837 -1.778737
v -1.271190 -0.389880 -1.759078
v 1.271498 -0.387157 -1.770821
v 1.271498 -0.367204 -1.782640
v 1.301113 -0.387157 -1.770821
v 1.301113 -0.367204 -1.782640
v 0.895529 -0.108419 0.059638
v 0.895529 0.025309 0.059638
v 1.106252 -0.108419 0.059638
v 1.106252 0.025309 0.059638
v 1.144955 0.025309 0.046781
v 1.106252 0.025309 0.072190
v 1.144955 -0.108419 0.046781
v 1.106252 -0.108419 0.072190
v 0.895529 0.025309 0.072190
v 0.895529 -0.108419 0.072190
v 1.144955 -0.108419 -0.000000
v 1.264191 -0.108419 -1.388191
v 1.308420 -0.108419 -1.388191
v 1.144955 0.025309 0.000000
v 1.308420 0.025309 -1.388191
v 1.264191 0.025309 -1.388191
v 1.306660 -0.018492 -1.572686
v 1.306670 -0.131260 -1.547583
v 1.304920 -0.225734 -1.668654
v 1.304901 -0.158435 -1.718859
v 1.301382 -0.356837 -1.778737
v 1.301421 -0.389880 -1.759078
v 1.265951 -0.018492 -1.572686
v 1.265941 -0.131260 -1.547583
v 1.267691 -0.225734 -1.668654
v 1.267710 -0.158435 -1.718859
v 1.271190 -0.389880 -1.759078
v 1.271228 -0.356837 -1.778737
v -0.409358 -0.617558 0.005518
v -0.550995 -0.669640 0.005518
v -0.295992 -0.521454 0.005518
v -0.192108 -0.253854 0.005518
v -0.221942 -0.391876 0.005518
v -0.299162 0.158317 0.005518
v -0.210863 -0.071588 0.005518
v -1.031797 -0.391876 0.005518
v -0.844380 -0.617558 0.005518
v -0.702744 -0.669640 0.005518
v -0.957747 -0.521454 0.005518
v -0.827580 0.319822 0.005518
v -1.042875 -0.071588 0.005518
v -1.061630 -0.253854 0.005518
v -0.954576 0.158317 0.005518
v -0.563548 0.405223 0.005518
v -0.690190 0.405223 0.005518
v -0.426159 0.319822 0.005518
v -0.210863 -0.071588 0.076421
v -0.299162 0.158317 0.076421
v -0.192108 -0.253854 0.076421
v -0.295992 -0.521454 0.076421
v -0.221942 -0.391876 0.076421
v -0.550995 -0.669640 0.076421
v -0.409358 -0.617558 0.076421
v -0.827580 0.319822 0.076421
v -0.563548 0.405223 0.076421
v -0.426159 0.319822 0.076421
v -0.690190 0.405223 0.076421
v -1.031797 -0.391876 0.076421
v -1.042875 -0.071588 0.076421
v -0.954576 0.158317 0.076421
v -1.061630 -0.253854 0.076421
v -0.844380 -0.617558 0.076421
v -0.957747 -0.521454 0.076421
v -0.702744 -0.669640 0.076421
v -0.559277 0.420505 0.025411
v -0.692664 0.420505 0.025411
v -0.555738 0.661897 0.025411
v -0.696203 0.661897 0.025411
v -0.565627 0.871643 0.025411
v -0.686314 0.871643 0.025411
v -0.590612 1.080989 0.025411
v -0.661329 1.080989 0.025411
v -0.619347 1.234835 0.025411
v -0.632594 1.234835 0.025411
v -0.559277 0.420505 0.078007
v -0.555738 0.661897 0.078007
v -0.692664 0.420505 0.078007
v -0.696203 0.661897 0.078007
v -0.565627 0.871643 0.078007
v -0.686314 0.871643 0.078007
v -0.590612 1.080989 0.078007
v -0.661329 1.080989 0.078007
v -0.619347 1.234835 0.078007
v -0.632594 1.234835 0.078007
v -0.483643 0.445326 0.007192
v -0.601774 0.421629 0.007192
v -0.487813 0.649310 0.007192
v -0.614555 0.657524 0.007192
v -0.470051 0.746342 0.007192
v -0.591311 0.783679 0.007192
v -0.439964 0.824566 0.007192
v -0.546996 0.882575 0.007192
v -0.387660 0.909831 0.007192
v -0.468875 0.982550 0.007192
v -0.329450 0.974249 0.007192
v -0.384821 1.048339 0.007193
v -0.247100 1.038468 0.007193
v -0.272550 1.097056 0.007193
v -0.110885 1.099935 0.007193
v -0.112000 1.111849 0.007193
v -0.483643 0.445326 0.059789
v -0.487813 0.649310 0.059789
v -0.601774 0.421629 0.059789
v -0.614555 0.657524 0.059789
v -0.591311 0.783679 0.059789
v -0.470051 0.746342 0.059789
v -0.439964 0.824566 0.059789
v -0.546996 0.882575 0.059789
v -0.468875 0.982550 0.059789
v -0.387660 0.909831 0.059789
v -0.329450 0.974249 0.059789
v -0.384821 1.048339 0.059789
v -0.272550 1.097056 0.059789
v -0.247100 1.038468 0.059789
v -0.110885 1.099935 0.059789
v -0.112000 1.111849 0.059789
v -0.475605 0.414073 0.062916
v -0.596056 0.411249 0.062916
v -0.460426 0.524177 0.062916
v -0.583816 0.554274 0.062916
v -0.426084 0.616650 0.062916
v -0.539018 0.674476 0.062916
v -0.382870 0.688461 0.062916
v -0.478203 0.764175 0.062916
v -0.316555 0.763348 0.062916
v -0.383909 0.849065 0.062916
v -0.248043 0.816680 0.062916
v -0.289707 0.899259 0.062916
v -0.155793 0.865623 0.062916
v -0.170683 0.927740 0.062916
v -0.010974 0.902502 0.062916
v -0.010002 0.914429 0.062916
v -0.475605 0.414073 0.115512
v -0.460426 0.524177 0.115512
v -0.596056 0.411249 0.115512
v -0.583816 0.554274 0.115512
v -0.539018 0.674476 0.115512
v -0.426084 0.616650 0.115512
v -0.382870 0.688461 0.115512
v -0.478203 0.764175 0.115512
v -0.383909 0.849065 0.115512
v -0.316555 0.763348 0.115512
v -0.248043 0.816680 0.115512
v -0.289707 0.899259 0.115512
v -0.170683 0.927740 0.115512
v -0.155793 0.865623 0.115512
v -0.010974 0.902502 0.115512
v -0.010002 0.914429 0.115512
v -0.648939 0.411249 0.062916
v -0.769391 0.414073 0.062916
v -0.661180 0.554274 0.062916
v -0.784570 0.524177 0.062916
v -0.705978 0.674476 0.062916
v -0.818912 0.616650 0.062916
v -0.766792 0.764175 0.062916
v -0.862126 0.688461 0.062916
v -0.861087 0.849065 0.062916
v -0.928441 0.763348 0.062916
v -0.955289 0.899259 0.062916
v -0.996953 0.816680 0.062916
v -1.074313 0.927740 0.062916
v -1.089202 0.865623 0.062916
v -1.234993 0.914429 0.062916
v -1.234022 0.902502 0.062916
v -0.648939 0.411249 0.115512
v -0.661180 0.554274 0.115512
v -0.769391 0.414073 0.115512
v -0.784570 0.524177 0.115512
v -0.818912 0.616650 0.115512
v -0.705978 0.674476 0.115512
v -0.766792 0.764175 0.115512
v -0.862126 0.688461 0.115512
v -0.928441 0.763348 0.115512
v -0.861087 0.849065 0.115512
v -0.955289 0.899259 0.115512
v -0.996953 0.816680 0.115512
v -1.089202 0.865623 0.115512
v -1.074313 0.927740 0.115512
v -1.234993 0.914429 0.115512
v -1.234022 0.902502 0.115512
v -0.645464 0.421629 0.007192
v -0.763595 0.445326 0.007192
v -0.632682 0.657524 0.007192
v -0.759424 0.649310 0.007192
v -0.655927 0.783679 0.007192
v -0.777187 0.746342 0.007192
v -0.700241 0.882575 0.007192
v -0.807274 0.824566 0.007192
v -0.778362 0.982550 0.007192
v -0.859577 0.909831 0.007192
v -0.862417 1.048339 0.007193
v -0.917788 0.974249 0.007192
v -0.974687 1.097056 0.007193
v -1.000137 1.038468 0.007193
v -1.135238 1.111849 0.007193
v -1.136352 1.099935 0.007193
v -0.645464 0.421629 0.059789
v -0.632682 0.657524 0.059789
v -0.763595 0.445326 0.059789
v -0.759424 0.649310 0.059789
v -1.136352 1.099935 0.059789
v -1.000137 1.038468 0.059789
v -1.135238 1.111849 0.059789
v -0.974687 1.097056 0.059789
v -0.862417 1.048339 0.059789
v -0.917788 0.974249 0.059789
v -0.859577 0.909831 0.059789
v -0.778362 0.982550 0.059789
v -0.700241 0.882575 0.059789
v -0.807274 0.824566 0.059789
v -0.777187 0.746342 0.059789
v -0.655927 0.783679 0.059789
v -0.690190 0.405223 0.110769
v -0.563548 0.405223 0.110769
v -0.426159 0.319822 0.110769
v -0.299162 0.158317 0.110769
v -0.210863 -0.071588 0.110769
v -0.192108 -0.253854 0.110769
v -0.221942 -0.391876 0.110769
v -0.295992 -0.521454 0.110769
v -0.409358 -0.617558 0.110769
v -0.550995 -0.669640 0.110769
v -0.827580 0.319822 0.110769
v -0.954576 0.158317 0.110769
v -1.042875 -0.071588 0.110769
v -1.061630 -0.253854 0.110769
v -1.031797 -0.391876 0.110769
v -0.957747 -0.521454 0.110769
v -0.844380 -0.617558 0.110769
v -0.702744 -0.669640 0.110769
v 0.210863 -0.071588 0.005518
v 0.299162 0.158317 0.005518
v 0.192108 -0.253854 0.005518
v 0.550995 -0.669640 0.005518
v 0.295992 -0.521454 0.005518
v 0.221942 -0.391876 0.005518
v 0.409358 -0.617558 0.005518
v 1.031797 -0.391876 0.005518
v 0.844380 -0.617558 0.005518
v 0.702744 -0.669640 0.005518
v 0.957747 -0.521454 0.005518
v 0.827580 0.319822 0.005518
v 0.563548 0.405223 0.005518
v 0.426159 0.319822 0.005518
v 0.690190 0.405223 0.005518
v 1.042875 -0.071588 0.005518
v 0.954576 0.158317 0.005518
v 1.061630 -0.253854 0.005518
v 0.409358 -0.617558 0.076421
v 0.550995 -0.669640 0.076421
v 0.295992 -0.521454 0.076421
v 0.299162 0.158317 0.076421
v 0.192108 -0.253854 0.076421
v 0.221942 -0.391876 0.076421
v 0.210863 -0.071588 0.076421
v 0.827580 0.319822 0.076421
v 0.563548 0.405223 0.076421
v 0.426159 0.319822 0.076421
v 0.690190 0.405223 0.076421
v 1.031797 -0.391876 0.076421
v 0.844380 -0.617558 0.076421
v 0.702744 -0.669640 0.076421
v 0.957747 -0.521454 0.076421
v 1.042875 -0.071588 0.076421
v 1.061630 -0.253854 0.076421
v 0.954576 0.158317 0.076421
v 0.559277 0.420505 0.025411
v 0.555738 0.661897 0.025411
v 0.692664 0.420505 0.025411
v 0.696203 0.661897 0.025411
v 0.565627 0.871643 0.025411
v 0.686314 0.871643 0.025411
v 0.590612 1.080989 0.025411
v 0.661329 1.080989 0.025411
v 0.619347 1.234835 0.025411
v 0.632594 1.234835 0.025411
v 0.559277 0.420505 0.078007
v 0.692664 0.420505 0.078007
v 0.555738 0.661897 0.078007
v 0.696203 0.661897 0.078007
v 0.565627 0.871643 0.078007
v 0.686314 0.871643 0.078007
v 0.590612 1.080989 0.078007
v 0.661329 1.080989 0.078007
v 0.619347 1.234835 0.078007
v 0.632594 1.234835 0.078007
v 0.483643 0.445326 0.007192
v 0.487813 0.649310 0.007192
v 0.601774 0.421629 0.007192
v 0.614555 0.657524 0.007192
v 0.470051 0.746342 0.007192
v 0.591311 0.783679 0.007192
v 0.439964 0.824566 0.007192
v 0.546996 0.882575 0.007192
v 0.387660 0.909831 0.007192
v 0.468875 0.982550 0.007192
v 0.329450 0.974249 0.007192
v 0.384821 1.048339 0.007193
v 0.247100 1.038468 0.007193
v 0.272550 1.097056 0.007193
v 0.110885 1.099935 0.007193
v 0.112000 1.111849 0.007193
v 0.483643 0.445326 0.059789
v 0.601774 0.421629 0.059789
v 0.487813 0.649310 0.059789
v 0.614555 0.657524 0.059789
v 0.591311 0.783679 0.059789
v 0.470051 0.746342 0.059789
v 0.439964 0.824566 0.059789
v 0.546996 0.882575 0.059789
v 0.468875 0.982550 0.059789
v 0.387660 0.909831 0.059789
v 0.329450 0.974249 0.059789
v 0.384821 1.048339 0.059789
v 0.272550 1.097056 0.059789
v 0.247100 1.038468 0.059789
v 0.110885 1.099935 0.059789
v 0.112000 1.111849 0.059789
v 0.475605 0.414073 0.062916
v 0.460426 0.524177 0.062916
v 0.596056 0.411249 0.062916
v 0.583816 0.554274 0.062916
v 0.426084 0.616650 0.062916
v 0.539018 0.674476 0.062916
v 0.382870 0.688461 0.062916
v 0.478203 0.764175 0.062916
v 0.316555 0.763348 0.062916
v 0.383909 0.849065 0.062916
v 0.248043 0.816680 0.062916
v 0.289707 0.899259 0.062916
v 0.155793 0.865623 0.062916
v 0.170683 0.927740 0.062916
v 0.010974 0.902502 0.062916
v 0.010002 0.914429 0.062916
v 0.475605 0.414073 0.115512
v 0.596056 0.411249 0.115512
v 0.460426 0.524177 0.115512
v 0.583816 0.554274 0.115512
v 0.539018 0.674476 0.115512
v 0.426084 0.616650 0.115512
v 0.382870 0.688461 0.115512
v 0.478203 0.764175 0.115512
v 0.383909 0.849065 0.115512
v 0.316555 0.763348 0.115512
v 0.248043 0.816680 0.115512
v 0.289707 0.899259 0.115512
v 0.170683 0.927740 0.115512
v 0.155793 0.865623 0.115512
v 0.010974 0.902502 0.115512
v 0.010002 0.914429 0.115512
v 0.648939 0.411249 0.062916
v 0.661180 0.554274 0.062916
v 0.769391 0.414073 0.062916
v 0.784570 0.524177 0.062916
v 0.705978 0.674476 0.062916
v 0.818912 0.616650 0.062916
v 0.766792 0.764175 0.062916
v 0.862126 0.688461 0.062916
v 0.861087 0.849065 0.062916
v 0.928441 0.763348 0.062916
v 0.955289 0.899259 0.062916
v 0.996953 0.816680 0.062916
v 1.074313 0.927740 0.062916
v 1.089202 0.865623 0.062916
v 1.234993 0.914429 0.062916
v 1.234022 0.902502 0.062916
v 0.648939 0.411249 0.115512
v 0.769391 0.414073 0.115512
v 0.661180 0.554274 0.115512
v 0.784570 0.524177 0.115512
v 0.818912 0.616650 0.115512
v 0.705978 0.674476 0.115512
v 0.766792 0.764175 0.115512
v 0.862126 0.688461 0.115512
v 0.928441 0.763348 0.115512
v 0.861087 0.849065 0.115512
v 0.955289 0.899259 0.115512
v 0.996953 0.816680 0.115512
v 1.089202 0.865623 0.115512
v 1.074313 0.927740 0.115512
v 1.234993 0.914429 0.115512
v 1.234022 0.902502 0.115512
v 0.645464 0.421629 0.007192
v 0.632682 0.657524 0.007192
v 0.763595 0.445326 0.007192
v 0.759424 0.649310 0.007192
v 0.655927 0.783679 0.007192
v 0.777187 0.746342 0.007192
v 0.700241 0.882575 0.007192
v 0.807274 0.824566 0.007192
v 0.778362 0.982550 0.007192
v 0.859577 0.909831 0.007192
v 0.862417 1.048339 0.007193
v 0.917788 0.974249 0.007192
v 0.974687 1.097056 0.007193
v 1.000137 1.038468 0.007193
v 1.135238 1.111849 0.007193
v 1.136352 1.099935 0.007193
v 0.759424 0.649310 0.059789
v 0.632682 0.657524 0.059789
v 0.763595 0.445326 0.059789
v 0.645464 0.421629 0.059789
v 1.136352 1.099935 0.059789
v 1.135238 1.111849 0.059789
v 1.000137 1.038468 0.059789
v 0.974687 1.097056 0.059789
v 0.862417 1.048339 0.059789
v 0.917788 0.974249 0.059789
v 0.859577 0.909831 0.059789
v 0.778362 0.982550 0.059789
v 0.700241 0.882575 0.059789
v 0.807274 0.824566 0.059789
v 0.777187 0.746342 0.059789
v 0.655927 0.783679 0.059789
v 0.690190 0.405223 0.110769
v 0.563548 0.405223 0.110769
v 0.426159 0.319822 0.110769
v 0.299162 0.158317 0.110769
v 0.210863 -0.071588 0.110769
v 0.192108 -0.253854 0.110769
v 0.221942 -0.391876 0.110769
v 0.295992 -0.521454 0.110769
v 0.409358 -0.617558 0.110769
v 0.550995 -0.669640 0.110769
v 0.827580 0.319822 0.110769
v 0.954576 0.158317 0.110769
v 1.042875 -0.071588 0.110769
v 1.061630 -0.253854 0.110769
v 1.031797 -0.391876 0.110769
v 0.957747 -0.521454 0.110769
v 0.844380 -0.617558 0.110769
v 0.702744 -0.669640 0.110769
v -0.728167 0.557405 0.005518
v -0.919476 0.437926 0.005518
v -0.730882 0.568285 0.016732
v -0.926363 0.446777 0.016732
v -1.076335 0.237977 0.005518
v -0.926363 0.446777 0.110769
v -0.730882 0.568285 0.110769
v -1.085720 0.244117 0.016732
v -1.180458 -0.033682 0.005518
v -0.728167 0.557405 0.121983
v -0.525571 0.557405 0.121983
v -0.919476 0.437926 0.121983
v -1.085720 0.244117 0.110769
v -1.076335 0.237977 0.121983
v -1.191270 -0.030703 0.110769
v -1.180458 -0.033682 0.121983
v -1.191270 -0.030703 0.016732
v -1.204045 -0.262909 0.005518
v -1.215236 -0.263621 0.110769
v -1.204045 -0.262909 0.121983
v -1.215236 -0.263621 0.016732
v -1.163691 -0.450099 0.005518
v -1.173950 -0.454628 0.110769
v -1.163691 -0.450099 0.121983
v -1.173950 -0.454628 0.016732
v -1.064749 -0.623783 0.005518
v -1.072854 -0.631533 0.110769
v -1.064749 -0.623783 0.121983
v -1.072854 -0.631533 0.016732
v -0.912898 -0.752833 0.005518
v -0.917965 -0.762837 0.110769
v -0.912898 -0.752833 0.121983
v -0.917965 -0.762837 0.016732
v -0.726252 -0.821620 0.005518
v -0.727966 -0.832702 0.110769
v -0.726252 -0.821620 0.121983
v -0.525773 -0.832703 0.110769
v -0.727966 -0.832702 0.016732
v -0.527487 -0.821620 0.005518
v -0.525773 -0.832703 0.016732
v -0.340841 -0.752833 0.005518
v -0.335774 -0.762837 0.016732
v -0.188990 -0.623783 0.005518
v -0.335774 -0.762837 0.110769
v -0.180885 -0.631534 0.016732
v -0.090047 -0.450100 0.005518
v -0.527487 -0.821620 0.121983
v -0.340841 -0.752833 0.121983
v -0.180885 -0.631534 0.110769
v -0.188990 -0.623783 0.121983
v -0.079788 -0.454629 0.110769
v -0.090047 -0.450100 0.121983
v -0.079788 -0.454629 0.016732
v -0.049694 -0.262909 0.005518
v -0.038502 -0.263621 0.110769
v -0.049694 -0.262909 0.121983
v -0.038502 -0.263621 0.016732
v -0.073280 -0.033682 0.005518
v -0.062469 -0.030703 0.110769
v -0.073280 -0.033682 0.121983
v -0.062469 -0.030703 0.016732
v -0.177403 0.237977 0.005518
v -0.168019 0.244117 0.110769
v -0.177403 0.237977 0.121983
v -0.168019 0.244117 0.016732
v -0.334262 0.437926 0.005518
v -0.327376 0.446777 0.110769
v -0.334262 0.437926 0.121983
v -0.327376 0.446777 0.016732
v -0.525571 0.557405 0.005518
v -0.522856 0.568285 0.110769
v -0.522856 0.568285 0.016732
v -0.419272 0.328673 0.121983
v -0.289778 0.164457 0.121983
v -0.200052 -0.068610 0.121983
v -0.180917 -0.254566 0.121983
v -0.560833 0.416103 0.121983
v -0.692905 0.416103 0.121983
v -0.834467 0.328673 0.121983
v -0.963960 0.164457 0.121983
v -1.053687 -0.068610 0.121983
v -1.072822 -0.254566 0.121983
v -1.042056 -0.396405 0.121983
v -0.965851 -0.529205 0.121983
v -0.849447 -0.627562 0.121983
v -0.704458 -0.680722 0.121983
v -0.549281 -0.680722 0.121983
v -0.404291 -0.627562 0.121983
v -0.287887 -0.529205 0.121983
v -0.211682 -0.396405 0.121983
v 0.728167 0.557405 0.005518
v 0.525571 0.557405 0.005518
v 0.730882 0.568285 0.016732
v 0.926363 0.446777 0.016732
v 0.919476 0.437926 0.005518
v 0.926363 0.446777 0.110769
v 0.730882 0.568285 0.110769
v 1.085720 0.244117 0.016732
v 1.076335 0.237977 0.005518
v 0.919476 0.437926 0.121983
v 0.728167 0.557405 0.121983
v 1.076335 0.237977 0.121983
v 1.085720 0.244117 0.110769
v 1.180458 -0.033682 0.121983
v 1.191270 -0.030703 0.110769
v 1.204045 -0.262909 0.121983
v 1.191270 -0.030703 0.016732
v 1.180458 -0.033682 0.005518
v 1.215236 -0.263621 0.110769
v 1.163691 -0.450099 0.121983
v 1.215236 -0.263621 0.016732
v 1.204045 -0.262909 0.005518
v 1.173950 -0.454628 0.110769
v 1.064749 -0.623783 0.121983
v 1.173950 -0.454628 0.016732
v 1.163691 -0.450099 0.005518
v 1.072854 -0.631533 0.110769
v 0.912898 -0.752833 0.121983
v 1.072854 -0.631533 0.016732
v 1.064749 -0.623783 0.005518
v 0.917965 -0.762837 0.110769
v 0.726252 -0.821620 0.121983
v 0.917965 -0.762837 0.016732
v 0.912898 -0.752833 0.005518
v 0.727966 -0.832702 0.110769
v 0.527487 -0.821620 0.121983
v 0.525773 -0.832703 0.110769
v 0.727966 -0.832702 0.016732
v 0.726252 -0.821620 0.005518
v 0.525773 -0.832703 0.016732
v 0.527487 -0.821620 0.005518
v 0.335774 -0.762837 0.016732
v 0.340841 -0.752833 0.005518
v 0.335774 -0.762837 0.110769
v 0.180885 -0.631534 0.016732
v 0.188990 -0.623783 0.005518
v 0.340841 -0.752833 0.121983
v 0.188990 -0.623783 0.121983
v 0.180885 -0.631534 0.110769
v 0.090047 -0.450100 0.121983
v 0.079788 -0.454629 0.110769
v 0.049694 -0.262909 0.121983
v 0.079788 -0.454629 0.016732
v 0.090047 -0.450100 0.005518
v 0.038502 -0.263621 0.110769
v 0.073280 -0.033682 0.121983
v 0.038502 -0.263621 0.016732
v 0.049694 -0.262909 0.005518
v 0.062469 -0.030703 0.110769
v 0.177403 0.237977 0.121983
v 0.062469 -0.030703 0.016732
v 0.073280 -0.033682 0.005518
v 0.168019 0.244117 0.110769
v 0.334262 0.437926 0.121983
v 0.168019 0.244117 0.016732
v 0.177403 0.237977 0.005518
v 0.327376 0.446777 0.110769
v 0.525571 0.557405 0.121983
v 0.327376 0.446777 0.016732
v 0.334262 0.437926 0.005518
v 0.522856 0.568285 0.110769
v 0.522856 0.568285 0.016732
v 0.200052 -0.068610 0.121983
v 0.180917 -0.254566 0.121983
v 0.289778 0.164457 0.121983
v 0.419272 0.328673 0.121983
v 0.560833 0.416103 0.121983
v 0.692905 0.416103 0.121983
v 0.834467 0.328673 0.121983
v 0.963960 0.164457 0.121983
v 1.053687 -0.068610 0.121983
v 1.072822 -0.254566 0.121983
v 1.042056 -0.396405 0.121983
v 0.965851 -0.529205 0.121983
v 0.849447 -0.627562 0.121983
v 0.704458 -0.680722 0.121983
v 0.549281 -0.680722 0.121983
v 0.404291 -0.627562 0.121983
v 0.287887 -0.529205 0.121983
v 0.211682 -0.396405 0.121983
vt 0.520508 0.333496
vt 0.522461 0.332520
vt 0.520508 0.334473
vt 0.522461 0.334961
vt 0.524902 0.334717
vt 0.524902 0.332275
vt 0.527832 0.334473
vt 0.527344 0.332031
vt 0.530273 0.334473
vt 0.529785 0.332031
vt 0.531738 0.332764
vt 0.531738 0.333740
vt 0.603027 0.467773
vt 0.605957 0.467529
vt 0.602539 0.471191
vt 0.604980 0.471191
vt 0.602051 0.474365
vt 0.604980 0.474365
vt 0.602051 0.477295
vt 0.604980 0.477295
vt 0.602539 0.480469
vt 0.605469 0.480469
vt 0.603516 0.483887
vt 0.606445 0.483887
vt 0.520020 0.335449
vt 0.522461 0.336182
vt 0.524902 0.336182
vt 0.527832 0.336182
vt 0.530273 0.335938
vt 0.533203 0.334229
vt 0.532715 0.331787
vt 0.529785 0.330811
vt 0.527344 0.330566
vt 0.524902 0.330566
vt 0.522461 0.331055
vt 0.519531 0.332764
vt 0.534180 0.325195
vt 0.533691 0.325439
vt 0.533691 0.325195
vt 0.533691 0.325439
vt 0.534668 0.342285
vt 0.534180 0.344238
vt 0.533691 0.342285
vt 0.533691 0.343994
vt 0.595215 0.471924
vt 0.600098 0.471924
vt 0.595215 0.473145
vt 0.600098 0.473145
vt 0.594727 0.479736
vt 0.600098 0.479736
vt 0.533203 0.342285
vt 0.533203 0.342041
vt 0.533203 0.342529
vt 0.533691 0.344238
vt 0.533691 0.328613
vt 0.533691 0.328613
vt 0.534180 0.344482
vt 0.535156 0.342773
vt 0.535156 0.342529
vt 0.535156 0.342041
vt 0.534668 0.328613
vt 0.534668 0.328857
vt 0.584473 0.495605
vt 0.584473 0.494385
vt 0.589844 0.495605
vt 0.589844 0.494385
vt 0.590820 0.456055
vt 0.585449 0.455811
vt 0.588379 0.453613
vt 0.592773 0.453613
vt 0.594238 0.451416
vt 0.591309 0.451172
vt 0.598145 0.446777
vt 0.598145 0.446533
vt 0.597168 0.446045
vt 0.596680 0.446289
vt 0.534668 0.327881
vt 0.533691 0.327881
vt 0.533691 0.327148
vt 0.534180 0.327148
vt 0.534180 0.325439
vt 0.533691 0.325684
vt 0.534668 0.327881
vt 0.534668 0.326904
vt 0.534180 0.325195
vt 0.533691 0.327637
vt 0.533691 0.326904
vt 0.533691 0.325439
vt 0.538574 0.325928
vt 0.538574 0.325928
vt 0.539062 0.325684
vt 0.538574 0.325439
vt 0.538574 0.344482
vt 0.538086 0.344482
vt 0.539062 0.342773
vt 0.537598 0.342773
vt 0.600098 0.473145
vt 0.600098 0.474365
vt 0.595215 0.473145
vt 0.595215 0.474365
vt 0.600098 0.480957
vt 0.594727 0.480957
vt 0.539062 0.342773
vt 0.539062 0.343018
vt 0.539062 0.342529
vt 0.538574 0.344727
vt 0.538574 0.328857
vt 0.539062 0.328857
vt 0.538086 0.344727
vt 0.537598 0.343018
vt 0.537598 0.342773
vt 0.537598 0.342529
vt 0.537598 0.329102
vt 0.538086 0.329102
vt 0.589844 0.496826
vt 0.584473 0.496826
vt 0.589844 0.495605
vt 0.584473 0.495605
vt 0.584961 0.457031
vt 0.590332 0.457275
vt 0.587402 0.454590
vt 0.583496 0.454834
vt 0.581543 0.452393
vt 0.584961 0.452148
vt 0.579590 0.447266
vt 0.579102 0.447021
vt 0.578125 0.447510
vt 0.578125 0.447754
vt 0.538086 0.328369
vt 0.538574 0.328125
vt 0.538574 0.327393
vt 0.538086 0.327393
vt 0.538574 0.325928
vt 0.538574 0.325928
vt 0.538086 0.328125
vt 0.538086 0.327393
vt 0.538574 0.325439
vt 0.539062 0.328125
vt 0.539062 0.327393
vt 0.539062 0.325684
vt 0.696777 0.533691
vt 0.691895 0.531738
vt 0.700684 0.536621
vt 0.704102 0.545898
vt 0.703125 0.541504
vt 0.700684 0.560059
vt 0.703613 0.552246
vt 0.675781 0.541504
vt 0.682129 0.533691
vt 0.687012 0.531738
vt 0.678223 0.536621
vt 0.682617 0.565918
vt 0.675293 0.552246
vt 0.674316 0.545898
vt 0.678223 0.560059
vt 0.691406 0.568848
vt 0.687012 0.568848
vt 0.696289 0.565918
vt 0.703613 0.552246
vt 0.700684 0.560059
vt 0.704102 0.545898
vt 0.700684 0.536621
vt 0.703125 0.541504
vt 0.691895 0.531738
vt 0.696777 0.533691
vt 0.682617 0.565918
vt 0.691406 0.568848
vt 0.696289 0.565918
vt 0.687012 0.568848
vt 0.675781 0.541504
vt 0.675293 0.552246
vt 0.678223 0.560059
vt 0.674316 0.545898
vt 0.682129 0.533691
vt 0.678223 0.536621
vt 0.687012 0.531738
vt 0.900879 0.928711
vt 0.897461 0.928711
vt 0.900879 0.935547
vt 0.897461 0.935547
vt 0.900879 0.940918
vt 0.897461 0.940918
vt 0.899902 0.946777
vt 0.898438 0.946777
vt 0.899414 0.950684
vt 0.898926 0.950684
vt 0.900879 0.928711
vt 0.900879 0.935547
vt 0.897461 0.928711
vt 0.897461 0.935547
vt 0.900879 0.940918
vt 0.897461 0.940918
vt 0.899902 0.946777
vt 0.898438 0.946777
vt 0.899414 0.950684
vt 0.898926 0.950684
vt 0.903809 0.758789
vt 0.907715 0.758789
vt 0.903809 0.764160
vt 0.907715 0.764160
vt 0.903809 0.769043
vt 0.907715 0.769043
vt 0.903809 0.773438
vt 0.907715 0.773438
vt 0.903809 0.776855
vt 0.907715 0.776855
vt 0.907715 0.776855
vt 0.903809 0.776855
vt 0.903809 0.773438
vt 0.907715 0.773438
vt 0.903809 0.769043
vt 0.907715 0.769043
vt 0.903809 0.764160
vt 0.907715 0.764160
vt 0.903809 0.758789
vt 0.907715 0.758789
vt 0.902832 0.929688
vt 0.899902 0.929199
vt 0.902832 0.935059
vt 0.899414 0.935547
vt 0.903320 0.937500
vt 0.899902 0.938965
vt 0.903809 0.939941
vt 0.901367 0.941406
vt 0.905273 0.942383
vt 0.903320 0.944336
vt 0.906738 0.943848
vt 0.905273 0.945801
vt 0.909180 0.945801
vt 0.908203 0.947266
vt 0.912598 0.947266
vt 0.912598 0.947754
vt 0.902832 0.929688
vt 0.902832 0.935059
vt 0.899902 0.929199
vt 0.899414 0.935547
vt 0.899902 0.938965
vt 0.903320 0.937500
vt 0.903809 0.939941
vt 0.901367 0.941406
vt 0.903320 0.944336
vt 0.905273 0.942383
vt 0.906738 0.943848
vt 0.905273 0.945801
vt 0.908203 0.947266
vt 0.909180 0.945801
vt 0.912598 0.947266
vt 0.912598 0.947754
vt 0.904785 0.759277
vt 0.909180 0.759277
vt 0.904785 0.763672
vt 0.909180 0.763672
vt 0.904785 0.766113
vt 0.909180 0.766113
vt 0.904785 0.767578
vt 0.909180 0.767578
vt 0.904785 0.769531
vt 0.909180 0.769531
vt 0.904785 0.770996
vt 0.909180 0.770996
vt 0.904785 0.772461
vt 0.909180 0.772461
vt 0.904785 0.773926
vt 0.909180 0.773926
vt 0.909180 0.774414
vt 0.904785 0.774414
vt 0.904785 0.773926
vt 0.909180 0.773926
vt 0.904785 0.772949
vt 0.909180 0.772949
vt 0.904785 0.771484
vt 0.909180 0.771484
vt 0.904785 0.769043
vt 0.909180 0.769043
vt 0.904785 0.767090
vt 0.909180 0.767090
vt 0.904785 0.764160
vt 0.909180 0.764160
vt 0.904785 0.758789
vt 0.909180 0.758789
vt 0.902832 0.928711
vt 0.899902 0.928711
vt 0.903320 0.931641
vt 0.900391 0.932617
vt 0.904297 0.934082
vt 0.901367 0.936035
vt 0.905273 0.936035
vt 0.902832 0.938477
vt 0.907227 0.937988
vt 0.905273 0.940430
vt 0.909180 0.939453
vt 0.907715 0.941895
vt 0.911621 0.940918
vt 0.911133 0.942871
vt 0.915039 0.941895
vt 0.915039 0.942383
vt 0.902832 0.928711
vt 0.903320 0.931641
vt 0.899902 0.928711
vt 0.900391 0.932617
vt 0.901367 0.936035
vt 0.904297 0.934082
vt 0.905273 0.936035
vt 0.902832 0.938477
vt 0.905273 0.940430
vt 0.907227 0.937988
vt 0.909180 0.939453
vt 0.907715 0.941895
vt 0.911133 0.942871
vt 0.911621 0.940918
vt 0.915039 0.941895
vt 0.915039 0.942383
vt 0.900879 0.758789
vt 0.904785 0.758789
vt 0.900879 0.761230
vt 0.904785 0.761230
vt 0.900879 0.763184
vt 0.904785 0.763184
vt 0.900879 0.764648
vt 0.904785 0.764648
vt 0.900879 0.766602
vt 0.904785 0.766602
vt 0.900879 0.767578
vt 0.904785 0.767578
vt 0.900879 0.768555
vt 0.904785 0.768555
vt 0.900879 0.769531
vt 0.904785 0.769531
vt 0.904785 0.770020
vt 0.900879 0.770020
vt 0.904785 0.770020
vt 0.900879 0.770020
vt 0.904785 0.758789
vt 0.900879 0.758789
vt 0.904785 0.761719
vt 0.900879 0.761719
vt 0.904785 0.764648
vt 0.900879 0.764648
vt 0.904785 0.766602
vt 0.900879 0.766602
vt 0.904785 0.768555
vt 0.900879 0.768555
vt 0.904785 0.769531
vt 0.900879 0.769531
vt 0.898438 0.928711
vt 0.895508 0.928711
vt 0.898438 0.932617
vt 0.895020 0.931641
vt 0.896973 0.936035
vt 0.894043 0.934082
vt 0.895508 0.938477
vt 0.893066 0.936035
vt 0.893066 0.940430
vt 0.891113 0.937988
vt 0.890625 0.941895
vt 0.889648 0.939453
vt 0.887207 0.942871
vt 0.887207 0.940918
vt 0.883301 0.942383
vt 0.883301 0.941895
vt 0.898438 0.928711
vt 0.898438 0.932617
vt 0.895508 0.928711
vt 0.895020 0.931641
vt 0.894043 0.934082
vt 0.896973 0.936035
vt 0.895508 0.938477
vt 0.893066 0.936035
vt 0.891113 0.937988
vt 0.893066 0.940430
vt 0.890625 0.941895
vt 0.889648 0.939453
vt 0.887207 0.940918
vt 0.887207 0.942871
vt 0.883301 0.942383
vt 0.883301 0.941895
vt 0.900879 0.758789
vt 0.904785 0.758789
vt 0.900879 0.761719
vt 0.904785 0.761719
vt 0.900879 0.764648
vt 0.904785 0.764648
vt 0.900879 0.766602
vt 0.904785 0.766602
vt 0.900879 0.768555
vt 0.904785 0.768555
vt 0.900879 0.769531
vt 0.904785 0.769531
vt 0.900879 0.770020
vt 0.904785 0.770020
vt 0.904785 0.770020
vt 0.900879 0.770020
vt 0.904785 0.769531
vt 0.900879 0.769531
vt 0.900879 0.768555
vt 0.904785 0.768555
vt 0.900879 0.767578
vt 0.904785 0.767578
vt 0.900879 0.766602
vt 0.904785 0.766602
vt 0.900879 0.764648
vt 0.904785 0.764648
vt 0.900879 0.763184
vt 0.904785 0.763184
vt 0.900879 0.761230
vt 0.904785 0.761230
vt 0.900879 0.758789
vt 0.904785 0.758789
vt 0.898926 0.929199
vt 0.895508 0.929688
vt 0.898926 0.935547
vt 0.895508 0.935059
vt 0.898438 0.938965
vt 0.895020 0.937500
vt 0.897461 0.941406
vt 0.894531 0.939941
vt 0.895020 0.944336
vt 0.893066 0.942383
vt 0.893066 0.945801
vt 0.891602 0.943848
vt 0.890137 0.947266
vt 0.889160 0.945801
vt 0.885742 0.947754
vt 0.885742 0.947266
vt 0.904785 0.758789
vt 0.904785 0.764160
vt 0.904785 0.759277
vt 0.904785 0.763672
vt 0.885742 0.947266
vt 0.889160 0.945801
vt 0.885742 0.947754
vt 0.890137 0.947266
vt 0.893066 0.945801
vt 0.891602 0.943848
vt 0.893066 0.942383
vt 0.895020 0.944336
vt 0.897461 0.941406
vt 0.894531 0.939941
vt 0.895020 0.937500
vt 0.898438 0.938965
vt 0.898926 0.935547
vt 0.895508 0.935059
vt 0.909180 0.758789
vt 0.909180 0.764160
vt 0.904785 0.767090
vt 0.909180 0.767090
vt 0.904785 0.769043
vt 0.909180 0.769043
vt 0.904785 0.771484
vt 0.909180 0.771484
vt 0.904785 0.772949
vt 0.909180 0.772949
vt 0.904785 0.773926
vt 0.909180 0.773926
vt 0.904785 0.774414
vt 0.909180 0.774414
vt 0.909180 0.773926
vt 0.904785 0.773926
vt 0.904785 0.772461
vt 0.909180 0.772461
vt 0.904785 0.770996
vt 0.909180 0.770996
vt 0.904785 0.769531
vt 0.909180 0.769531
vt 0.904785 0.767578
vt 0.909180 0.767578
vt 0.904785 0.766113
vt 0.909180 0.766113
vt 0.909180 0.763672
vt 0.909180 0.759277
vt 0.602051 0.465332
vt 0.602051 0.277588
vt 0.602051 0.465332
vt 0.602051 0.277588
vt 0.599609 0.465332
vt 0.599609 0.277588
vt 0.594727 0.465332
vt 0.594727 0.277588
vt 0.587402 0.465332
vt 0.587402 0.277588
vt 0.582031 0.465332
vt 0.582031 0.277588
vt 0.577637 0.465332
vt 0.577637 0.277588
vt 0.573730 0.465332
vt 0.573730 0.277588
vt 0.570801 0.465332
vt 0.570801 0.277588
vt 0.569336 0.465332
vt 0.569336 0.277588
vt 0.599609 0.277588
vt 0.599609 0.465332
vt 0.594727 0.277588
vt 0.594727 0.465332
vt 0.587402 0.277588
vt 0.587402 0.465332
vt 0.582031 0.277588
vt 0.582031 0.465332
vt 0.577637 0.277588
vt 0.577637 0.465332
vt 0.573730 0.277588
vt 0.573730 0.465332
vt 0.570801 0.277588
vt 0.570801 0.465332
vt 0.569336 0.277588
vt 0.569336 0.465332
vt 0.703613 0.552246
vt 0.700684 0.560059
vt 0.704102 0.545898
vt 0.691895 0.531738
vt 0.700684 0.536621
vt 0.703125 0.541504
vt 0.696777 0.533691
vt 0.675781 0.541504
vt 0.682129 0.533691
vt 0.687012 0.531738
vt 0.678223 0.536621
vt 0.682617 0.565918
vt 0.691406 0.568848
vt 0.696289 0.565918
vt 0.687012 0.568848
vt 0.675293 0.552246
vt 0.678223 0.560059
vt 0.674316 0.545898
vt 0.696777 0.533691
vt 0.691895 0.531738
vt 0.700684 0.536621
vt 0.700684 0.560059
vt 0.704102 0.545898
vt 0.703125 0.541504
vt 0.703613 0.552246
vt 0.682617 0.565918
vt 0.691406 0.568848
vt 0.696289 0.565918
vt 0.687012 0.568848
vt 0.675781 0.541504
vt 0.682129 0.533691
vt 0.687012 0.531738
vt 0.678223 0.536621
vt 0.675293 0.552246
vt 0.674316 0.545898
vt 0.678223 0.560059
vt 0.900879 0.928711
vt 0.900879 0.935547
vt 0.897461 0.928711
vt 0.897461 0.935547
vt 0.900879 0.940918
vt 0.897461 0.940918
vt 0.899902 0.946777
vt 0.898438 0.946777
vt 0.899414 0.950684
vt 0.898926 0.950684
vt 0.900879 0.928711
vt 0.897461 0.928711
vt 0.900879 0.935547
vt 0.897461 0.935547
vt 0.900879 0.940918
vt 0.897461 0.940918
vt 0.899902 0.946777
vt 0.898438 0.946777
vt 0.899414 0.950684
vt 0.898926 0.950684
vt 0.903809 0.758789
vt 0.903809 0.764160
vt 0.907715 0.758789
vt 0.907715 0.764160
vt 0.903809 0.769043
vt 0.907715 0.769043
vt 0.903809 0.773438
vt 0.907715 0.773438
vt 0.903809 0.776855
vt 0.907715 0.776855
vt 0.903809 0.776855
vt 0.907715 0.776855
vt 0.903809 0.773438
vt 0.907715 0.773438
vt 0.903809 0.769043
vt 0.907715 0.769043
vt 0.903809 0.764160
vt 0.907715 0.764160
vt 0.903809 0.758789
vt 0.907715 0.758789
vt 0.902832 0.929688
vt 0.902832 0.935059
vt 0.899902 0.929199
vt 0.899414 0.935547
vt 0.903320 0.937500
vt 0.899902 0.938965
vt 0.903809 0.939941
vt 0.901367 0.941406
vt 0.905273 0.942383
vt 0.903320 0.944336
vt 0.906738 0.943848
vt 0.905273 0.945801
vt 0.909180 0.945801
vt 0.908203 0.947266
vt 0.912598 0.947266
vt 0.912598 0.947754
vt 0.902832 0.929688
vt 0.899902 0.929199
vt 0.902832 0.935059
vt 0.899414 0.935547
vt 0.899902 0.938965
vt 0.903320 0.937500
vt 0.903809 0.939941
vt 0.901367 0.941406
vt 0.903320 0.944336
vt 0.905273 0.942383
vt 0.906738 0.943848
vt 0.905273 0.945801
vt 0.908203 0.947266
vt 0.909180 0.945801
vt 0.912598 0.947266
vt 0.912598 0.947754
vt 0.904785 0.759277
vt 0.904785 0.763672
vt 0.909180 0.759277
vt 0.909180 0.763672
vt 0.904785 0.766113
vt 0.909180 0.766113
vt 0.904785 0.767578
vt 0.909180 0.767578
vt 0.904785 0.769531
vt 0.909180 0.769531
vt 0.904785 0.770996
vt 0.909180 0.770996
vt 0.904785 0.772461
vt 0.909180 0.772461
vt 0.904785 0.773926
vt 0.909180 0.773926
vt 0.904785 0.774414
vt 0.909180 0.774414
vt 0.904785 0.773926
vt 0.909180 0.773926
vt 0.904785 0.772949
vt 0.909180 0.772949
vt 0.904785 0.771484
vt 0.909180 0.771484
vt 0.904785 0.769043
vt 0.909180 0.769043
vt 0.904785 0.767090
vt 0.909180 0.767090
vt 0.904785 0.764160
vt 0.909180 0.764160
vt 0.904785 0.758789
vt 0.909180 0.758789
vt 0.902832 0.928711
vt 0.903320 0.931641
vt 0.899902 0.928711
vt 0.900391 0.932617
vt 0.904297 0.934082
vt 0.901367 0.936035
vt 0.905273 0.936035
vt 0.902832 0.938477
vt 0.907227 0.937988
vt 0.905273 0.940430
vt 0.909180 0.939453
vt 0.907715 0.941895
vt 0.911621 0.940918
vt 0.911133 0.942871
vt 0.915039 0.941895
vt 0.915039 0.942383
vt 0.902832 0.928711
vt 0.899902 0.928711
vt 0.903320 0.931641
vt 0.900391 0.932617
vt 0.901367 0.936035
vt 0.904297 0.934082
vt 0.905273 0.936035
vt 0.902832 0.938477
vt 0.905273 0.940430
vt 0.907227 0.937988
vt 0.909180 0.939453
vt 0.907715 0.941895
vt 0.911133 0.942871
vt 0.911621 0.940918
vt 0.915039 0.941895
vt 0.915039 0.942383
vt 0.900879 0.758789
vt 0.900879 0.761230
vt 0.904785 0.758789
vt 0.904785 0.761230
vt 0.900879 0.763184
vt 0.904785 0.763184
vt 0.900879 0.764648
vt 0.904785 0.764648
vt 0.900879 0.766602
vt 0.904785 0.766602
vt 0.900879 0.767578
vt 0.904785 0.767578
vt 0.900879 0.768555
vt 0.904785 0.768555
vt 0.900879 0.769531
vt 0.904785 0.769531
vt 0.900879 0.770020
vt 0.904785 0.770020
vt 0.900879 0.770020
vt 0.904785 0.770020
vt 0.904785 0.758789
vt 0.904785 0.761719
vt 0.900879 0.758789
vt 0.900879 0.761719
vt 0.904785 0.764648
vt 0.900879 0.764648
vt 0.904785 0.766602
vt 0.900879 0.766602
vt 0.904785 0.768555
vt 0.900879 0.768555
vt 0.904785 0.769531
vt 0.900879 0.769531
vt 0.898438 0.928711
vt 0.898438 0.932617
vt 0.895508 0.928711
vt 0.895020 0.931641
vt 0.896973 0.936035
vt 0.894043 0.934082
vt 0.895508 0.938477
vt 0.893066 0.936035
vt 0.893066 0.940430
vt 0.891113 0.937988
vt 0.890625 0.941895
vt 0.889648 0.939453
vt 0.887207 0.942871
vt 0.887207 0.940918
vt 0.883301 0.942383
vt 0.883301 0.941895
vt 0.898438 0.928711
vt 0.895508 0.928711
vt 0.898438 0.932617
vt 0.895020 0.931641
vt 0.894043 0.934082
vt 0.896973 0.936035
vt 0.895508 0.938477
vt 0.893066 0.936035
vt 0.891113 0.937988
vt 0.893066 0.940430
vt 0.890625 0.941895
vt 0.889648 0.939453
vt 0.887207 0.940918
vt 0.887207 0.942871
vt 0.883301 0.942383
vt 0.883301 0.941895
vt 0.900879 0.758789
vt 0.900879 0.761719
vt 0.904785 0.758789
vt 0.904785 0.761719
vt 0.900879 0.764648
vt 0.904785 0.764648
vt 0.900879 0.766602
vt 0.904785 0.766602
vt 0.900879 0.768555
vt 0.904785 0.768555
vt 0.900879 0.769531
vt 0.904785 0.769531
vt 0.900879 0.770020
vt 0.904785 0.770020
vt 0.900879 0.770020
vt 0.904785 0.770020
vt 0.900879 0.769531
vt 0.904785 0.769531
vt 0.900879 0.768555
vt 0.904785 0.768555
vt 0.900879 0.767578
vt 0.904785 0.767578
vt 0.900879 0.766602
vt 0.904785 0.766602
vt 0.900879 0.764648
vt 0.904785 0.764648
vt 0.900879 0.763184
vt 0.904785 0.763184
vt 0.900879 0.761230
vt 0.904785 0.761230
vt 0.900879 0.758789
vt 0.904785 0.758789
vt 0.898926 0.929199
vt 0.898926 0.935547
vt 0.895508 0.929688
vt 0.895508 0.935059
vt 0.898438 0.938965
vt 0.895020 0.937500
vt 0.897461 0.941406
vt 0.894531 0.939941
vt 0.895020 0.944336
vt 0.893066 0.942383
vt 0.893066 0.945801
vt 0.891602 0.943848
vt 0.890137 0.947266
vt 0.889160 0.945801
vt 0.885742 0.947754
vt 0.885742 0.947266
vt 0.904785 0.763672
vt 0.904785 0.764160
vt 0.904785 0.759277
vt 0.904785 0.758789
vt 0.885742 0.947266
vt 0.885742 0.947754
vt 0.889160 0.945801
vt 0.890137 0.947266
vt 0.893066 0.945801
vt 0.891602 0.943848
vt 0.893066 0.942383
vt 0.895020 0.944336
vt 0.897461 0.941406
vt 0.894531 0.939941
vt 0.895020 0.937500
vt 0.898438 0.938965
vt 0.898926 0.935547
vt 0.895508 0.935059
vt 0.909180 0.758789
vt 0.909180 0.764160
vt 0.904785 0.767090
vt 0.909180 0.767090
vt 0.904785 0.769043
vt 0.909180 0.769043
vt 0.904785 0.771484
vt 0.909180 0.771484
vt 0.904785 0.772949
vt 0.909180 0.772949
vt 0.904785 0.773926
vt 0.909180 0.773926
vt 0.904785 0.774414
vt 0.909180 0.774414
vt 0.904785 0.773926
vt 0.909180 0.773926
vt 0.904785 0.772461
vt 0.909180 0.772461
vt 0.904785 0.770996
vt 0.909180 0.770996
vt 0.904785 0.769531
vt 0.909180 0.769531
vt 0.904785 0.767578
vt 0.909180 0.767578
vt 0.904785 0.766113
vt 0.909180 0.766113
vt 0.909180 0.763672
vt 0.909180 0.759277
vt 0.602051 0.465332
vt 0.602051 0.465332
vt 0.602051 0.277588
vt 0.602051 0.277588
vt 0.599609 0.465332
vt 0.599609 0.277588
vt 0.594727 0.465332
vt 0.594727 0.277588
vt 0.587402 0.465332
vt 0.587402 0.277588
vt 0.582031 0.465332
vt 0.582031 0.277588
vt 0.577637 0.465332
vt 0.577637 0.277588
vt 0.573730 0.465332
vt 0.573730 0.277588
vt 0.570801 0.465332
vt 0.570801 0.277588
vt 0.569336 0.465332
vt 0.569336 0.277588
vt 0.599609 0.277588
vt 0.599609 0.465332
vt 0.594727 0.277588
vt 0.594727 0.465332
vt 0.587402 0.277588
vt 0.587402 0.465332
vt 0.582031 0.277588
vt 0.582031 0.465332
vt 0.577637 0.277588
vt 0.577637 0.465332
vt 0.573730 0.277588
vt 0.573730 0.465332
vt 0.570801 0.277588
vt 0.570801 0.465332
vt 0.569336 0.277588
vt 0.569336 0.465332
vt 0.568359 0.277832
vt 0.566895 0.277832
vt 0.568359 0.295898
vt 0.566895 0.295898
vt 0.564453 0.277832
vt 0.566895 0.447510
vt 0.568359 0.447510
vt 0.564941 0.295898
vt 0.561523 0.277832
vt 0.568359 0.465576
vt 0.568359 0.465576
vt 0.566895 0.465576
vt 0.564941 0.447510
vt 0.564453 0.465576
vt 0.561523 0.447510
vt 0.561523 0.465576
vt 0.561523 0.295898
vt 0.559082 0.277832
vt 0.559082 0.447510
vt 0.559082 0.465576
vt 0.559082 0.295898
vt 0.557129 0.277832
vt 0.557129 0.447510
vt 0.557129 0.465576
vt 0.557129 0.295898
vt 0.555176 0.277832
vt 0.555176 0.447510
vt 0.555176 0.465576
vt 0.555176 0.295898
vt 0.553711 0.277832
vt 0.553711 0.447510
vt 0.553711 0.465576
vt 0.553711 0.295898
vt 0.552734 0.277832
vt 0.552734 0.447510
vt 0.552734 0.465576
vt 0.552734 0.447510
vt 0.552734 0.295898
vt 0.552734 0.277832
vt 0.552734 0.295898
vt 0.553711 0.277832
vt 0.553711 0.295898
vt 0.555176 0.277832
vt 0.553711 0.447510
vt 0.555176 0.295898
vt 0.557129 0.277832
vt 0.552734 0.465576
vt 0.553711 0.465576
vt 0.555176 0.447510
vt 0.555176 0.465576
vt 0.557129 0.447510
vt 0.557129 0.465576
vt 0.557129 0.295898
vt 0.559082 0.277832
vt 0.559082 0.447510
vt 0.559082 0.465576
vt 0.559082 0.295898
vt 0.561523 0.277832
vt 0.561523 0.447510
vt 0.561523 0.465576
vt 0.561523 0.295898
vt 0.564453 0.277832
vt 0.564941 0.447510
vt 0.564453 0.465576
vt 0.564941 0.295898
vt 0.566895 0.277832
vt 0.566895 0.447510
vt 0.566895 0.465576
vt 0.566895 0.295898
vt 0.568359 0.277832
vt 0.568359 0.447510
vt 0.568359 0.295898
vt 0.534180 0.487061
vt 0.539062 0.479736
vt 0.534668 0.487305
vt 0.539551 0.479980
vt 0.542480 0.469482
vt 0.542969 0.469727
vt 0.543457 0.461426
vt 0.543945 0.461426
vt 0.548340 0.471191
vt 0.543945 0.483398
vt 0.549316 0.460938
vt 0.538086 0.492188
vt 0.547363 0.452637
vt 0.528809 0.491211
vt 0.528809 0.490967
vt 0.530273 0.497559
vt 0.523926 0.491211
vt 0.523926 0.490967
vt 0.522461 0.497559
vt 0.518066 0.487305
vt 0.518555 0.487061
vt 0.514648 0.492188
vt 0.513184 0.479980
vt 0.508301 0.483398
vt 0.513672 0.479736
vt 0.509277 0.469727
vt 0.504395 0.471191
vt 0.510254 0.469482
vt 0.508789 0.461426
vt 0.509277 0.461426
vt 0.503418 0.460938
vt 0.509766 0.455078
vt 0.504883 0.452637
vt 0.510742 0.455078
vt 0.512695 0.448975
vt 0.508789 0.444824
vt 0.513672 0.449463
vt 0.517578 0.444824
vt 0.518066 0.445068
vt 0.515137 0.439209
vt 0.523438 0.442383
vt 0.517578 0.445068
vt 0.523438 0.442627
vt 0.522461 0.436035
vt 0.529297 0.442383
vt 0.529297 0.442627
vt 0.530273 0.436035
vt 0.535156 0.444824
vt 0.534668 0.445068
vt 0.537598 0.439209
vt 0.539551 0.448975
vt 0.543457 0.444824
vt 0.539062 0.449219
vt 0.542480 0.455078
vt 0.541992 0.455078
vt 0.568359 0.277832
vt 0.568359 0.277832
vt 0.568359 0.295898
vt 0.566895 0.295898
vt 0.566895 0.277832
vt 0.566895 0.447510
vt 0.568359 0.447510
vt 0.564941 0.295898
vt 0.564453 0.277832
vt 0.566895 0.465576
vt 0.568359 0.465576
vt 0.564453 0.465576
vt 0.564941 0.447510
vt 0.561523 0.465576
vt 0.561523 0.447510
vt 0.559082 0.465576
vt 0.561523 0.295898
vt 0.561523 0.277832
vt 0.559082 0.447510
vt 0.557129 0.465576
vt 0.559082 0.295898
vt 0.559082 0.277832
vt 0.557129 0.447510
vt 0.555176 0.465576
vt 0.557129 0.295898
vt 0.557129 0.277832
vt 0.555176 0.447510
vt 0.553711 0.465576
vt 0.555176 0.295898
vt 0.555176 0.277832
vt 0.553711 0.447510
vt 0.552734 0.465576
vt 0.553711 0.295898
vt 0.553711 0.277832
vt 0.552734 0.447510
vt 0.552734 0.465576
vt 0.552734 0.447510
vt 0.552734 0.295898
vt 0.552734 0.277832
vt 0.552734 0.295898
vt 0.552734 0.277832
vt 0.553711 0.295898
vt 0.553711 0.277832
vt 0.553711 0.447510
vt 0.555176 0.295898
vt 0.555176 0.277832
vt 0.553711 0.465576
vt 0.555176 0.465576
vt 0.555176 0.447510
vt 0.557129 0.465576
vt 0.557129 0.447510
vt 0.559082 0.465576
vt 0.557129 0.295898
vt 0.557129 0.277832
vt 0.559082 0.447510
vt 0.561523 0.465576
vt 0.559082 0.295898
vt 0.559082 0.277832
vt 0.561523 0.447510
vt 0.564453 0.465576
vt 0.561523 0.295898
vt 0.561523 0.277832
vt 0.564941 0.447510
vt 0.566895 0.465576
vt 0.564941 0.295898
vt 0.564453 0.277832
vt 0.566895 0.447510
vt 0.568359 0.465576
vt 0.566895 0.295898
vt 0.566895 0.277832
vt 0.568359 0.447510
vt 0.568359 0.295898
vt 0.542969 0.469727
vt 0.543945 0.461426
vt 0.545898 0.469727
vt 0.546875 0.461670
vt 0.539551 0.479980
vt 0.542480 0.480957
vt 0.545898 0.470703
vt 0.534668 0.487305
vt 0.536621 0.489014
vt 0.541992 0.481689
vt 0.528809 0.491211
vt 0.530762 0.493652
vt 0.536133 0.489746
vt 0.523926 0.491211
vt 0.523926 0.494141
vt 0.528809 0.494141
vt 0.518066 0.487305
vt 0.516602 0.489746
vt 0.521973 0.493652
vt 0.513184 0.479980
vt 0.510742 0.481689
vt 0.515625 0.489014
vt 0.509277 0.469727
vt 0.506836 0.470703
vt 0.510254 0.480957
vt 0.508789 0.461426
vt 0.505859 0.461670
vt 0.506836 0.469727
vt 0.509766 0.455078
vt 0.507324 0.454590
vt 0.505859 0.460693
vt 0.512695 0.448975
vt 0.510254 0.447754
vt 0.507324 0.453613
vt 0.517578 0.444824
vt 0.515625 0.442627
vt 0.511230 0.446777
vt 0.523438 0.442383
vt 0.521973 0.439697
vt 0.516602 0.441895
vt 0.529297 0.442383
vt 0.529297 0.439453
vt 0.523438 0.439453
vt 0.535156 0.444824
vt 0.536133 0.441895
vt 0.530273 0.439697
vt 0.539551 0.448975
vt 0.541504 0.446777
vt 0.537109 0.442627
vt 0.542480 0.455078
vt 0.544922 0.453613
vt 0.541992 0.447754
vt 0.546875 0.460693
vt 0.545410 0.454590
vt 0.549316 0.460938
vt 0.543457 0.461426
vt 0.548340 0.471191
vt 0.542969 0.469482
vt 0.542480 0.455322
vt 0.543945 0.483398
vt 0.547363 0.452637
vt 0.539062 0.479736
vt 0.539551 0.449463
vt 0.538086 0.492188
vt 0.543457 0.444824
vt 0.534180 0.487061
vt 0.534668 0.445068
vt 0.530273 0.497559
vt 0.537598 0.439209
vt 0.528809 0.490723
vt 0.529297 0.442871
vt 0.522461 0.497559
vt 0.530273 0.436035
vt 0.523926 0.490723
vt 0.523438 0.442871
vt 0.514648 0.492188
vt 0.522461 0.436035
vt 0.518555 0.487061
vt 0.517578 0.445068
vt 0.508301 0.483398
vt 0.515137 0.439209
vt 0.513184 0.479736
vt 0.513184 0.449463
vt 0.504395 0.471191
vt 0.508789 0.444824
vt 0.509766 0.469482
vt 0.510254 0.455322
vt 0.503418 0.460938
vt 0.504883 0.452637
vt 0.509277 0.461426
vt 0.549316 0.460938
vt 0.548340 0.471191
vt 0.543457 0.461426
vt 0.542969 0.469482
vt 0.542480 0.455322
vt 0.543945 0.483398
vt 0.547363 0.452637
vt 0.539062 0.479736
vt 0.539551 0.449463
vt 0.538086 0.492188
vt 0.543457 0.444824
vt 0.534180 0.487061
vt 0.534668 0.445068
vt 0.530273 0.497559
vt 0.537598 0.439209
vt 0.528809 0.490723
vt 0.529297 0.442871
vt 0.522461 0.497559
vt 0.530273 0.436035
vt 0.523926 0.490723
vt 0.523438 0.442871
vt 0.514648 0.492188
vt 0.522461 0.436035
vt 0.518555 0.487061
vt 0.517578 0.445068
vt 0.508301 0.483398
vt 0.515137 0.439209
vt 0.513184 0.479736
vt 0.513184 0.449463
vt 0.504395 0.471191
vt 0.508789 0.444824
vt 0.509766 0.469482
vt 0.510254 0.455322
vt 0.503418 0.460938
vt 0.504883 0.452637
vt 0.509277 0.461426
vt 0.543945 0.483398
vt 0.548340 0.471191
vt 0.549316 0.460938
vt 0.538086 0.492188
vt 0.547363 0.452637
vt 0.530273 0.497559
vt 0.543457 0.444824
vt 0.522461 0.497559
vt 0.537598 0.439209
vt 0.514648 0.492188
vt 0.530273 0.436035
vt 0.508301 0.483398
vt 0.522461 0.436035
vt 0.504395 0.471191
vt 0.515137 0.439209
vt 0.503418 0.460938
vt 0.508789 0.444824
vt 0.504883 0.452637
vn -0.6435 0.4832 -0.5937
vn -0.1683 0.6970 -0.6970
vn -0.4958 -0.6604 -0.5639
vn 0.1635 -0.6770 -0.7175
vn 0.0653 -0.6811 -0.7292
vn -0.0695 0.7241 -0.6862
vn -0.0653 -0.6811 -0.7292
vn 0.0695 0.7241 -0.6862
vn -0.1378 -0.6923 -0.7083
vn 0.1423 0.6951 -0.7047
vn 0.7380 0.3665 -0.5665
vn 0.3628 -0.7207 -0.5907
vn -0.6435 0.4831 0.5937
vn -0.4958 -0.6604 0.5639
vn -0.1683 0.6970 0.6970
vn 0.1635 -0.6770 0.7175
vn -0.0695 0.7241 0.6862
vn 0.0653 -0.6811 0.7292
vn 0.0695 0.7241 0.6862
vn -0.0653 -0.6811 0.7292
vn 0.1423 0.6951 0.7047
vn -0.1378 -0.6923 0.7083
vn 0.7380 0.3665 0.5665
vn 0.3628 -0.7207 0.5907
vn -0.6128 -0.0729 -0.7869
vn 0.6130 -0.0733 -0.7866
vn -0.6178 -0.6307 -0.4695
vn 0.6188 -0.6303 -0.4688
vn 0.3024 0.8912 -0.3381
vn 0.5773 0.5773 -0.5773
vn 0.3024 -0.8912 -0.3381
vn 0.5773 -0.5773 -0.5773
vn -0.5773 0.5773 0.5773
vn -0.5773 -0.5773 0.5773
vn 0.0000 0.7071 0.7071
vn 0.0000 -0.7071 0.7071
vn 0.5773 0.5773 0.5773
vn 0.5773 -0.5773 0.5773
vn -0.6922 -0.7205 0.0406
vn 0.7121 -0.7020 0.0064
vn -0.7345 -0.6730 0.0870
vn -0.6922 0.7205 0.0406
vn -0.6973 0.7154 -0.0457
vn 0.6658 0.7354 -0.1259
vn -0.6515 0.6637 -0.3673
vn -0.7707 -0.5902 0.2402
vn -0.7575 -0.4331 0.4884
vn -0.6534 0.3904 -0.6486
vn -0.5943 -0.7377 0.3201
vn 0.7372 0.2308 -0.6350
vn 0.6515 0.6637 -0.3673
vn 0.7707 -0.5902 0.2402
vn 0.7576 -0.4333 0.4881
vn 0.6534 0.3903 -0.6486
vn 0.7166 0.2074 -0.6659
vn 0.5956 -0.7367 0.3201
vn 0.6188 -0.6303 -0.4689
vn -0.5773 -0.5773 -0.5773
vn -0.5773 0.5773 -0.5773
vn -0.3024 -0.8915 -0.3372
vn -0.3024 0.8915 -0.3372
vn 0.6944 0.6142 0.3748
vn 0.2181 0.6479 0.7298
vn 0.6944 -0.6142 0.3748
vn 0.2181 -0.6479 0.7298
vn 0.6922 -0.7205 0.0406
vn -0.7125 -0.7017 0.0074
vn 0.7345 -0.6730 0.0870
vn 0.6922 0.7205 0.0406
vn 0.6973 0.7154 -0.0457
vn -0.6663 0.7351 -0.1250
vn 0.7166 0.2073 -0.6659
vn 0.7377 0.2307 -0.6344
vn 0.0000 0.0000 -1.0000
vn -0.7143 -0.1707 0.6786
vn -0.6416 -0.3644 0.6750
vn -0.7381 0.0407 0.6734
vn -0.5708 0.4744 0.6701
vn -0.6895 0.2643 0.6743
vn -0.1302 0.7311 0.6697
vn -0.3739 0.6414 0.6699
vn 0.4951 -0.5530 0.6701
vn -0.2085 -0.7306 0.6502
vn -0.4951 -0.5530 0.6701
vn 0.2085 -0.7306 0.6502
vn 0.6895 0.2643 0.6743
vn 0.7143 -0.1707 0.6786
vn 0.6416 -0.3644 0.6750
vn 0.7381 0.0407 0.6734
vn 0.3739 0.6414 0.6699
vn 0.5708 0.4744 0.6701
vn 0.1302 0.7311 0.6697
vn 0.7037 -0.0103 -0.7104
vn -0.7037 -0.0103 -0.7104
vn 0.7138 0.0116 -0.7002
vn -0.7138 0.0116 -0.7002
vn 0.7125 0.0592 -0.6991
vn -0.7125 0.0592 -0.6991
vn 0.7061 0.1079 -0.6998
vn -0.7061 0.1079 -0.6998
vn 0.5169 0.6224 -0.5877
vn -0.5169 0.6224 -0.5877
vn 0.7037 -0.0103 0.7104
vn 0.7138 0.0116 0.7002
vn -0.7037 -0.0103 0.7104
vn -0.7138 0.0116 0.7002
vn 0.7125 0.0592 0.6991
vn -0.7125 0.0592 0.6991
vn 0.7061 0.1079 0.6998
vn -0.7061 0.1079 0.6998
vn 0.5169 0.6224 0.5877
vn -0.5169 0.6224 0.5877
vn 0.6682 0.0136 -0.7439
vn -0.7391 -0.0400 -0.6724
vn 0.6807 -0.0548 -0.7304
vn -0.7303 0.0468 -0.6815
vn 0.6593 -0.1854 -0.7286
vn -0.6990 0.2175 -0.6812
vn 0.6144 -0.3034 -0.7283
vn -0.6273 0.3779 -0.6809
vn 0.5485 -0.4105 -0.7284
vn -0.5181 0.5177 -0.6808
vn 0.4675 -0.5027 -0.7271
vn -0.3751 0.6304 -0.6796
vn 0.3505 -0.5806 -0.7349
vn -0.1834 0.7163 -0.6732
vn 0.6936 -0.4034 -0.5967
vn 0.5214 0.6282 -0.5774
vn 0.6682 0.0136 0.7439
vn 0.6807 -0.0548 0.7304
vn -0.7391 -0.0400 0.6724
vn -0.7303 0.0468 0.6815
vn -0.6990 0.2175 0.6812
vn 0.6593 -0.1854 0.7286
vn 0.6144 -0.3034 0.7283
vn -0.6273 0.3779 0.6809
vn -0.5181 0.5177 0.6808
vn 0.5485 -0.4105 0.7284
vn 0.4675 -0.5027 0.7271
vn -0.3751 0.6304 0.6796
vn -0.1834 0.7163 0.6732
vn 0.3505 -0.5806 0.7349
vn 0.6936 -0.4034 0.5967
vn 0.5214 0.6282 0.5774
vn 0.6656 -0.0917 -0.7406
vn -0.7293 0.0624 -0.6813
vn 0.6602 -0.1660 -0.7325
vn -0.7172 0.1612 -0.6779
vn 0.6171 -0.2971 -0.7286
vn -0.6506 0.3356 -0.6812
vn 0.5524 -0.4055 -0.7283
vn -0.5521 0.4811 -0.6809
vn 0.4689 -0.4995 -0.7284
vn -0.4204 0.5998 -0.6807
vn 0.3731 -0.5762 -0.7271
vn -0.2599 0.6860 -0.6796
vn 0.2443 -0.6326 -0.7349
vn -0.0562 0.7373 -0.6732
vn 0.6130 -0.5178 -0.5968
vn 0.6226 0.5281 -0.5774
vn 0.6656 -0.0917 0.7406
vn 0.6602 -0.1660 0.7325
vn -0.7293 0.0624 0.6813
vn -0.7172 0.1612 0.6779
vn -0.6506 0.3356 0.6812
vn 0.6171 -0.2971 0.7286
vn 0.5524 -0.4055 0.7283
vn -0.5521 0.4811 0.6809
vn -0.4204 0.5998 0.6807
vn 0.4689 -0.4995 0.7284
vn 0.3731 -0.5762 0.7271
vn -0.2599 0.6860 0.6796
vn -0.0562 0.7373 0.6732
vn 0.2443 -0.6326 0.7349
vn 0.6130 -0.5178 0.5968
vn 0.6226 0.5281 0.5774
vn 0.7293 0.0624 -0.6813
vn -0.6656 -0.0917 -0.7406
vn 0.7172 0.1612 -0.6779
vn -0.6602 -0.1660 -0.7325
vn 0.6506 0.3356 -0.6812
vn -0.6171 -0.2971 -0.7286
vn 0.5521 0.4811 -0.6809
vn -0.5524 -0.4055 -0.7283
vn 0.4204 0.5998 -0.6808
vn -0.4689 -0.4995 -0.7284
vn 0.2599 0.6860 -0.6796
vn -0.3731 -0.5762 -0.7271
vn 0.0562 0.7373 -0.6732
vn -0.2443 -0.6326 -0.7349
vn -0.6226 0.5281 -0.5774
vn -0.6130 -0.5177 -0.5967
vn 0.7293 0.0624 0.6813
vn 0.7172 0.1612 0.6779
vn -0.6656 -0.0917 0.7406
vn -0.6602 -0.1660 0.7325
vn -0.6171 -0.2971 0.7286
vn 0.6506 0.3356 0.6812
vn 0.5521 0.4811 0.6809
vn -0.5524 -0.4055 0.7283
vn -0.4689 -0.4995 0.7284
vn 0.4204 0.5998 0.6808
vn 0.2599 0.6860 0.6796
vn -0.3731 -0.5762 0.7271
vn -0.2443 -0.6326 0.7349
vn 0.0562 0.7373 0.6732
vn -0.6226 0.5281 0.5774
vn -0.6130 -0.5177 0.5967
vn 0.7391 -0.0400 -0.6724
vn -0.6682 0.0136 -0.7439
vn 0.7303 0.0468 -0.6815
vn -0.6807 -0.0548 -0.7305
vn 0.6990 0.2175 -0.6812
vn -0.6593 -0.1854 -0.7286
vn 0.6273 0.3779 -0.6809
vn -0.6144 -0.3034 -0.7283
vn 0.5181 0.5177 -0.6808
vn -0.5484 -0.4105 -0.7284
vn 0.3751 0.6304 -0.6796
vn -0.4675 -0.5027 -0.7271
vn 0.1834 0.7164 -0.6732
vn -0.3505 -0.5806 -0.7349
vn -0.5215 0.6282 -0.5774
vn -0.6936 -0.4035 -0.5968
vn 0.7391 -0.0400 0.6724
vn 0.7303 0.0468 0.6815
vn -0.6682 0.0136 0.7439
vn -0.6807 -0.0548 0.7305
vn -0.6936 -0.4035 0.5968
vn -0.3505 -0.5806 0.7349
vn -0.5215 0.6282 0.5774
vn 0.1834 0.7163 0.6732
vn 0.3751 0.6304 0.6796
vn -0.4675 -0.5027 0.7271
vn -0.5484 -0.4105 0.7284
vn 0.5181 0.5177 0.6807
vn 0.6273 0.3779 0.6809
vn -0.6144 -0.3034 0.7283
vn -0.6593 -0.1854 0.7286
vn 0.6990 0.2175 0.6812
vn 0.2519 -0.8772 0.4087
vn -0.2525 -0.8772 0.4084
vn -0.6135 -0.6823 0.3975
vn -0.7994 -0.4522 0.3955
vn -0.8940 -0.2129 0.3942
vn -0.9165 0.0503 0.3969
vn -0.8578 0.3273 0.3962
vn -0.7068 0.5847 0.3980
vn -0.4634 0.7916 0.3983
vn -0.1613 0.9028 0.3987
vn 0.6136 -0.6820 0.3979
vn 0.7994 -0.4521 0.3957
vn 0.8940 -0.2128 0.3944
vn 0.9165 0.0505 0.3968
vn 0.8578 0.3276 0.3959
vn 0.7070 0.5848 0.3976
vn 0.4636 0.7916 0.3980
vn 0.1615 0.9028 0.3986
vn -0.6807 -0.0548 -0.7304
vn -0.5485 -0.4105 -0.7284
vn 0.1834 0.7163 -0.6732
vn -0.6936 -0.4034 -0.5967
vn -0.5214 0.6282 -0.5774
vn -0.6807 -0.0548 0.7304
vn 0.5181 0.5177 0.6808
vn -0.5485 -0.4105 0.7284
vn -0.6936 -0.4034 0.5967
vn -0.5214 0.6282 0.5774
vn 0.4204 0.5998 -0.6807
vn -0.6130 -0.5178 -0.5968
vn 0.4204 0.5998 0.6807
vn -0.6130 -0.5178 0.5968
vn -0.4204 0.5998 -0.6808
vn 0.6130 -0.5177 -0.5967
vn -0.4204 0.5998 0.6808
vn 0.6130 -0.5177 0.5967
vn 0.6807 -0.0548 -0.7305
vn 0.5484 -0.4105 -0.7284
vn -0.1834 0.7164 -0.6732
vn 0.5215 0.6282 -0.5774
vn 0.6936 -0.4035 -0.5968
vn 0.6807 -0.0548 0.7305
vn 0.6936 -0.4035 0.5968
vn 0.5215 0.6282 0.5774
vn 0.5484 -0.4105 0.7284
vn -0.5181 0.5177 0.6807
vn 0.8940 -0.2128 0.3943
vn -0.8939 -0.2129 0.3943
vn -0.7069 0.5847 0.3980
vn -0.1228 0.4202 -0.8991
vn -0.2813 0.3099 -0.9082
vn -0.2551 0.8970 -0.3610
vn -0.6190 0.6937 -0.3682
vn -0.3606 0.2024 -0.9105
vn -0.6192 0.6937 0.3678
vn -0.2548 0.8972 0.3608
vn -0.8071 0.4599 -0.3701
vn -0.3986 0.0943 -0.9123
vn -0.1223 0.4201 0.8992
vn 0.1228 0.4202 0.8991
vn -0.2812 0.3095 0.9084
vn -0.8072 0.4599 0.3699
vn -0.3605 0.2022 0.9106
vn -0.9028 0.2164 0.3716
vn -0.3985 0.0941 0.9123
vn -0.9027 0.2165 -0.3717
vn -0.4138 -0.0224 -0.9101
vn -0.9277 -0.0514 0.3698
vn -0.4139 -0.0226 0.9100
vn -0.9277 -0.0513 -0.3697
vn -0.3871 -0.1463 -0.9103
vn -0.8671 -0.3335 0.3699
vn -0.3872 -0.1465 0.9102
vn -0.8672 -0.3334 -0.3697
vn -0.3235 -0.2651 -0.9083
vn -0.7140 -0.5954 0.3682
vn -0.3237 -0.2653 0.9082
vn -0.7141 -0.5955 -0.3679
vn -0.2127 -0.3602 -0.9083
vn -0.4671 -0.8039 0.3682
vn -0.2129 -0.3603 0.9082
vn -0.4670 -0.8040 -0.3680
vn -0.0741 -0.4115 -0.9084
vn -0.1625 -0.9153 0.3684
vn -0.0743 -0.4116 0.9083
vn 0.1624 -0.9154 0.3683
vn -0.1624 -0.9154 -0.3683
vn 0.0743 -0.4115 -0.9083
vn 0.1625 -0.9153 -0.3684
vn 0.2129 -0.3603 -0.9082
vn 0.4671 -0.8039 -0.3682
vn 0.3237 -0.2653 -0.9082
vn 0.4670 -0.8040 0.3680
vn 0.7140 -0.5954 -0.3682
vn 0.3872 -0.1465 -0.9102
vn 0.0741 -0.4115 0.9084
vn 0.2127 -0.3602 0.9083
vn 0.7141 -0.5955 0.3679
vn 0.3235 -0.2651 0.9083
vn 0.8672 -0.3334 0.3697
vn 0.3871 -0.1463 0.9103
vn 0.8671 -0.3335 -0.3699
vn 0.4139 -0.0226 -0.9100
vn 0.9277 -0.0513 0.3697
vn 0.4138 -0.0224 0.9101
vn 0.9277 -0.0514 -0.3698
vn 0.3986 0.0942 -0.9123
vn 0.9028 0.2165 0.3717
vn 0.3986 0.0943 0.9122
vn 0.9028 0.2164 -0.3716
vn 0.3605 0.2022 -0.9105
vn 0.8071 0.4599 0.3701
vn 0.3606 0.2024 0.9105
vn 0.8072 0.4599 -0.3699
vn 0.2812 0.3095 -0.9084
vn 0.6190 0.6937 0.3682
vn 0.2813 0.3099 0.9082
vn 0.6193 0.6937 -0.3678
vn 0.1223 0.4201 -0.8992
vn 0.2551 0.8970 0.3610
vn 0.2548 0.8972 -0.3608
vn -0.2288 -0.2588 0.9384
vn -0.3043 -0.1747 0.9364
vn -0.3447 -0.0832 0.9350
vn -0.3484 0.0194 0.9371
vn -0.0873 -0.3101 0.9467
vn 0.0870 -0.3105 0.9466
vn 0.2293 -0.2590 0.9383
vn 0.3046 -0.1747 0.9363
vn 0.3448 -0.0831 0.9350
vn 0.3483 0.0195 0.9372
vn 0.3263 0.1266 0.9367
vn 0.2645 0.2224 0.9384
vn 0.1725 0.2991 0.9385
vn 0.0599 0.3397 0.9386
vn -0.0598 0.3398 0.9386
vn -0.1726 0.2994 0.9384
vn -0.2648 0.2226 0.9382
vn -0.3266 0.1265 0.9366
vn 0.6192 0.6937 -0.3678
vn 0.3605 0.2022 -0.9106
vn 0.3986 0.0943 0.9123
vn 0.9027 0.2165 0.3717
vn 0.3985 0.0941 -0.9123
vn -0.0743 -0.4115 0.9083
vn 0.0743 -0.4116 -0.9083
vn -0.3986 0.0942 0.9123
vn -0.3605 0.2022 0.9105
vn -0.9028 0.2165 -0.3717
vn -0.3986 0.0943 -0.9122
vn -0.6193 0.6937 0.3678
vn 0.3483 0.0195 0.9371
usemtl MENU_TROPICAL_1.003
s 1
f 1/1/1 2/2/2 3/3/3
f 4/4/4 3/3/3 2/2/2
f 4/4/4 2/2/2 5/5/5
f 6/6/6 5/5/5 2/2/2
f 5/5/5 6/6/6 7/7/7
f 8/8/8 7/7/7 6/6/6
f 7/7/7 8/8/8 9/9/9
f 10/10/10 9/9/9 8/8/8
f 10/10/10 11/11/11 9/9/9
f 12/12/12 9/9/9 11/11/11
f 13/13/13 14/14/14 15/15/15
f 16/16/16 15/15/15 14/14/14
f 15/15/15 16/16/16 17/17/17
f 18/18/18 17/17/17 16/16/16
f 17/17/17 18/18/18 19/19/19
f 20/20/20 19/19/19 18/18/18
f 19/19/19 20/20/20 21/21/21
f 22/22/22 21/21/21 20/20/20
f 21/21/21 22/22/22 23/23/23
f 24/24/24 23/23/23 22/22/22
f 14/25/14 3/3/3 16/26/16
f 4/4/4 16/26/16 3/3/3
f 16/26/16 4/4/4 18/27/18
f 5/5/5 18/27/18 4/4/4
f 18/27/18 5/5/5 20/28/20
f 7/7/7 20/28/20 5/5/5
f 20/28/20 7/7/7 22/29/22
f 9/9/9 22/29/22 7/7/7
f 22/29/22 9/9/9 24/30/24
f 12/12/12 24/30/24 9/9/9
f 11/11/11 23/31/23 12/12/12
f 24/30/24 12/12/12 23/31/23
f 23/31/23 11/11/11 21/32/21
f 10/10/10 21/32/21 11/11/11
f 21/32/21 10/10/10 19/33/19
f 8/8/8 19/33/19 10/10/10
f 19/33/19 8/8/8 17/34/17
f 6/6/6 17/34/17 8/8/8
f 17/34/17 6/6/6 15/35/15
f 2/2/2 15/35/15 6/6/6
f 15/35/15 2/2/2 13/36/13
f 1/1/1 13/36/13 2/2/2
f 3/3/3 14/25/14 1/1/1
f 13/36/13 1/1/1 14/25/14
f 25/37/25 26/38/26 27/39/27
f 28/40/28 27/39/27 26/38/26
f 29/41/29 30/42/30 31/43/31
f 32/44/32 31/43/31 30/42/30
f 33/45/33 34/46/34 35/47/35
f 36/48/36 35/47/35 34/46/34
f 35/47/35 36/48/36 37/49/37
f 38/50/38 37/49/37 36/48/36
f 34/51/34 39/52/39 36/53/36
f 31/43/31 36/53/36 39/52/39
f 36/53/36 31/43/31 38/54/38
f 32/44/32 38/54/38 31/43/31
f 31/43/31 39/52/39 40/55/40
f 41/56/41 40/55/40 39/52/39
f 30/42/30 37/57/37 32/44/32
f 38/54/38 32/44/32 37/57/37
f 37/57/37 30/42/30 35/58/35
f 29/41/29 35/58/35 30/42/30
f 35/58/35 29/41/29 33/59/33
f 42/60/42 33/59/33 29/41/29
f 42/60/42 29/41/29 43/61/43
f 44/62/44 43/61/43 29/41/29
f 33/63/33 42/64/42 34/65/34
f 39/66/39 34/65/34 42/64/42
f 39/66/39 42/64/42 41/67/41
f 43/68/43 41/67/41 42/64/42
f 43/68/43 45/69/45 41/67/41
f 46/70/46 41/67/41 45/69/45
f 46/70/46 45/69/45 47/71/47
f 48/72/48 47/71/47 45/69/45
f 49/73/49 47/71/47 48/72/48
f 27/74/27 49/73/49 48/72/48
f 25/75/25 27/74/27 48/72/48
f 50/76/50 25/75/25 48/72/48
f 29/41/29 31/43/31 44/62/44
f 40/55/40 44/62/44 31/43/31
f 44/62/44 40/55/40 51/77/51
f 52/78/52 51/77/51 40/55/40
f 52/78/52 53/79/53 51/77/51
f 54/80/54 51/77/51 53/79/53
f 55/81/55 54/80/54 53/79/53
f 26/38/26 55/81/55 53/79/53
f 28/40/28 26/38/26 53/79/53
f 56/82/56 28/40/28 53/79/53
f 44/62/44 51/77/51 43/61/43
f 45/83/45 43/61/43 51/77/51
f 51/77/51 54/80/54 45/83/45
f 48/84/48 45/83/45 54/80/54
f 54/80/54 55/81/55 48/84/48
f 50/85/50 48/84/48 55/81/55
f 41/56/41 46/86/46 40/55/40
f 52/78/52 40/55/40 46/86/46
f 46/86/46 47/87/47 52/78/52
f 53/79/53 52/78/52 47/87/47
f 47/87/47 49/88/49 53/79/53
f 56/82/56 53/79/53 49/88/49
f 50/85/50 55/81/55 25/37/25
f 26/38/26 25/37/25 55/81/55
f 56/82/56 49/88/49 28/40/28
f 27/39/27 28/40/28 49/88/49
f 57/89/27 58/90/25 59/91/57
f 60/92/26 59/91/57 58/90/25
f 61/93/58 62/94/59 63/95/60
f 64/96/61 63/95/60 62/94/59
f 65/97/62 66/98/63 67/99/64
f 68/100/65 67/99/64 66/98/63
f 66/98/63 69/101/33 68/100/65
f 70/102/34 68/100/65 69/101/33
f 67/103/64 68/104/65 71/105/66
f 63/95/60 71/105/66 68/104/65
f 68/104/65 70/106/34 63/95/60
f 61/93/58 63/95/60 70/106/34
f 63/95/60 72/107/67 71/105/66
f 73/108/68 71/105/66 72/107/67
f 70/106/34 69/109/33 61/93/58
f 62/94/59 61/93/58 69/109/33
f 69/109/33 66/110/63 62/94/59
f 64/96/61 62/94/59 66/110/63
f 66/110/63 65/111/62 64/96/61
f 74/112/69 64/96/61 65/111/62
f 74/112/69 75/113/70 64/96/61
f 76/114/71 64/96/61 75/113/70
f 65/115/62 67/116/64 74/117/69
f 71/118/66 74/117/69 67/116/64
f 71/118/66 73/119/68 74/117/69
f 75/120/70 74/117/69 73/119/68
f 75/120/70 73/119/68 77/121/51
f 78/122/52 77/121/51 73/119/68
f 78/122/52 79/123/53 77/121/51
f 80/124/54 77/121/51 79/123/53
f 81/125/72 80/124/54 79/123/53
f 60/126/26 81/125/72 79/123/53
f 59/127/57 60/126/26 79/123/53
f 82/128/56 59/127/57 79/123/53
f 64/96/61 76/114/71 63/95/60
f 72/107/67 63/95/60 76/114/71
f 76/114/71 83/129/45 72/107/67
f 84/130/46 72/107/67 83/129/45
f 84/130/46 83/129/45 85/131/47
f 86/132/48 85/131/47 83/129/45
f 87/133/49 85/131/47 86/132/48
f 57/89/27 87/133/49 86/132/48
f 58/90/25 57/89/27 86/132/48
f 88/134/73 58/90/25 86/132/48
f 76/114/71 75/113/70 83/129/45
f 77/135/51 83/129/45 75/113/70
f 77/135/51 80/136/54 83/129/45
f 86/132/48 83/129/45 80/136/54
f 80/136/54 81/137/72 86/132/48
f 88/134/73 86/132/48 81/137/72
f 73/108/68 72/107/67 78/138/52
f 84/130/46 78/138/52 72/107/67
f 84/130/46 85/131/47 78/138/52
f 79/139/53 78/138/52 85/131/47
f 85/131/47 87/133/49 79/139/53
f 82/140/56 79/139/53 87/133/49
f 58/90/25 88/134/73 60/92/26
f 81/137/72 60/92/26 88/134/73
f 59/91/57 82/140/56 57/89/27
f 87/133/49 57/89/27 82/140/56
f 89/141/74 90/142/74 91/143/74
f 90/142/74 92/144/74 91/143/74
f 91/143/74 92/144/74 93/145/74
f 94/146/74 92/144/74 90/142/74
f 95/147/74 92/144/74 94/146/74
f 96/148/74 94/146/74 90/142/74
f 97/149/74 96/148/74 90/142/74
f 98/150/74 97/149/74 90/142/74
f 99/151/74 96/148/74 97/149/74
f 100/152/74 94/146/74 96/148/74
f 101/153/74 100/152/74 96/148/74
f 102/154/74 101/153/74 96/148/74
f 103/155/74 100/152/74 101/153/74
f 104/156/74 94/146/74 100/152/74
f 105/157/74 104/156/74 100/152/74
f 106/158/74 94/146/74 104/156/74
f 107/159/75 108/160/76 109/161/77
f 108/160/76 110/162/78 109/161/77
f 109/161/77 110/162/78 111/163/79
f 112/164/80 110/162/78 108/160/76
f 113/165/81 110/162/78 112/164/80
f 114/166/82 112/164/80 108/160/76
f 115/167/83 114/166/82 108/160/76
f 116/168/84 115/167/83 108/160/76
f 117/169/85 114/166/82 115/167/83
f 118/170/86 112/164/80 114/166/82
f 119/171/87 118/170/86 114/166/82
f 120/172/88 119/171/87 114/166/82
f 121/173/89 118/170/86 119/171/87
f 122/174/90 112/164/80 118/170/86
f 123/175/91 122/174/90 118/170/86
f 124/176/92 112/164/80 122/174/90
f 125/177/93 126/178/94 127/179/95
f 128/180/96 127/179/95 126/178/94
f 127/179/95 128/180/96 129/181/97
f 130/182/98 129/181/97 128/180/96
f 129/181/97 130/182/98 131/183/99
f 132/184/100 131/183/99 130/182/98
f 131/183/99 132/184/100 133/185/101
f 134/186/102 133/185/101 132/184/100
f 135/187/103 136/188/104 137/189/105
f 138/190/106 137/189/105 136/188/104
f 136/188/104 139/191/107 138/190/106
f 140/192/108 138/190/106 139/191/107
f 139/191/107 141/193/109 140/192/108
f 142/194/110 140/192/108 141/193/109
f 141/193/109 143/195/111 142/194/110
f 144/196/112 142/194/110 143/195/111
f 135/197/103 125/198/93 136/199/104
f 127/200/95 136/199/104 125/198/93
f 136/199/104 127/200/95 139/201/107
f 129/202/97 139/201/107 127/200/95
f 139/201/107 129/202/97 141/203/109
f 131/204/99 141/203/109 129/202/97
f 141/203/109 131/204/99 143/205/111
f 133/206/101 143/205/111 131/204/99
f 134/207/102 144/208/112 133/206/101
f 143/205/111 133/206/101 144/208/112
f 144/208/112 134/207/102 142/209/110
f 132/210/100 142/209/110 134/207/102
f 142/209/110 132/210/100 140/211/108
f 130/212/98 140/211/108 132/210/100
f 140/211/108 130/212/98 138/213/106
f 128/214/96 138/213/106 130/212/98
f 138/213/106 128/214/96 137/215/105
f 126/216/94 137/215/105 128/214/96
f 145/217/113 146/218/114 147/219/115
f 148/220/116 147/219/115 146/218/114
f 147/219/115 148/220/116 149/221/117
f 150/222/118 149/221/117 148/220/116
f 149/221/117 150/222/118 151/223/119
f 152/224/120 151/223/119 150/222/118
f 151/223/119 152/224/120 153/225/121
f 154/226/122 153/225/121 152/224/120
f 153/225/121 154/226/122 155/227/123
f 156/228/124 155/227/123 154/226/122
f 155/227/123 156/228/124 157/229/125
f 158/230/126 157/229/125 156/228/124
f 157/229/125 158/230/126 159/231/127
f 160/232/128 159/231/127 158/230/126
f 161/233/129 162/234/130 163/235/131
f 164/236/132 163/235/131 162/234/130
f 164/236/132 162/234/130 165/237/133
f 166/238/134 165/237/133 162/234/130
f 166/238/134 167/239/135 165/237/133
f 168/240/136 165/237/133 167/239/135
f 168/240/136 167/239/135 169/241/137
f 170/242/138 169/241/137 167/239/135
f 170/242/138 171/243/139 169/241/137
f 172/244/140 169/241/137 171/243/139
f 172/244/140 171/243/139 173/245/141
f 174/246/142 173/245/141 171/243/139
f 174/246/142 175/247/143 173/245/141
f 176/248/144 173/245/141 175/247/143
f 161/249/129 145/250/113 162/251/130
f 147/252/115 162/251/130 145/250/113
f 162/251/130 147/252/115 166/253/134
f 149/254/117 166/253/134 147/252/115
f 166/253/134 149/254/117 167/255/135
f 151/256/119 167/255/135 149/254/117
f 167/255/135 151/256/119 170/257/138
f 153/258/121 170/257/138 151/256/119
f 170/257/138 153/258/121 171/259/139
f 155/260/123 171/259/139 153/258/121
f 171/259/139 155/260/123 174/261/142
f 157/262/125 174/261/142 155/260/123
f 174/261/142 157/262/125 175/263/143
f 159/264/127 175/263/143 157/262/125
f 160/265/128 176/266/144 159/264/127
f 175/263/143 159/264/127 176/266/144
f 176/266/144 160/265/128 173/267/141
f 158/268/126 173/267/141 160/265/128
f 173/267/141 158/268/126 172/269/140
f 156/270/124 172/269/140 158/268/126
f 172/269/140 156/270/124 169/271/137
f 154/272/122 169/271/137 156/270/124
f 169/271/137 154/272/122 168/273/136
f 152/274/120 168/273/136 154/272/122
f 168/273/136 152/274/120 165/275/133
f 150/276/118 165/275/133 152/274/120
f 165/275/133 150/276/118 164/277/132
f 148/278/116 164/277/132 150/276/118
f 164/277/132 148/278/116 163/279/131
f 146/280/114 163/279/131 148/278/116
f 177/281/145 178/282/146 179/283/147
f 180/284/148 179/283/147 178/282/146
f 179/283/147 180/284/148 181/285/149
f 182/286/150 181/285/149 180/284/148
f 181/285/149 182/286/150 183/287/151
f 184/288/152 183/287/151 182/286/150
f 183/287/151 184/288/152 185/289/153
f 186/290/154 185/289/153 184/288/152
f 185/289/153 186/290/154 187/291/155
f 188/292/156 187/291/155 186/290/154
f 187/291/155 188/292/156 189/293/157
f 190/294/158 189/293/157 188/292/156
f 189/293/157 190/294/158 191/295/159
f 192/296/160 191/295/159 190/294/158
f 193/297/161 194/298/162 195/299/163
f 196/300/164 195/299/163 194/298/162
f 196/300/164 194/298/162 197/301/165
f 198/302/166 197/301/165 194/298/162
f 198/302/166 199/303/167 197/301/165
f 200/304/168 197/301/165 199/303/167
f 200/304/168 199/303/167 201/305/169
f 202/306/170 201/305/169 199/303/167
f 202/306/170 203/307/171 201/305/169
f 204/308/172 201/305/169 203/307/171
f 204/308/172 203/307/171 205/309/173
f 206/310/174 205/309/173 203/307/171
f 206/310/174 207/311/175 205/309/173
f 208/312/176 205/309/173 207/311/175
f 193/313/161 177/314/145 194/315/162
f 179/316/147 194/315/162 177/314/145
f 194/315/162 179/316/147 198/317/166
f 181/318/149 198/317/166 179/316/147
f 198/317/166 181/318/149 199/319/167
f 183/320/151 199/319/167 181/318/149
f 199/319/167 183/320/151 202/321/170
f 185/322/153 202/321/170 183/320/151
f 202/321/170 185/322/153 203/323/171
f 187/324/155 203/323/171 185/322/153
f 203/323/171 187/324/155 206/325/174
f 189/326/157 206/325/174 187/324/155
f 206/325/174 189/326/157 207/327/175
f 191/328/159 207/327/175 189/326/157
f 192/329/160 208/330/176 191/328/159
f 207/327/175 191/328/159 208/330/176
f 190/331/158 205/332/173 192/329/160
f 208/330/176 192/329/160 205/332/173
f 178/333/146 195/334/163 180/335/148
f 196/336/164 180/335/148 195/334/163
f 180/335/148 196/336/164 182/337/150
f 197/338/165 182/337/150 196/336/164
f 182/337/150 197/338/165 184/339/152
f 200/340/168 184/339/152 197/338/165
f 184/339/152 200/340/168 186/341/154
f 201/342/169 186/341/154 200/340/168
f 186/341/154 201/342/169 188/343/156
f 204/344/172 188/343/156 201/342/169
f 188/343/156 204/344/172 190/331/158
f 205/332/173 190/331/158 204/344/172
f 209/345/177 210/346/178 211/347/179
f 212/348/180 211/347/179 210/346/178
f 211/347/179 212/348/180 213/349/181
f 214/350/182 213/349/181 212/348/180
f 213/349/181 214/350/182 215/351/183
f 216/352/184 215/351/183 214/350/182
f 215/351/183 216/352/184 217/353/185
f 218/354/186 217/353/185 216/352/184
f 217/353/185 218/354/186 219/355/187
f 220/356/188 219/355/187 218/354/186
f 219/355/187 220/356/188 221/357/189
f 222/358/190 221/357/189 220/356/188
f 221/357/189 222/358/190 223/359/191
f 224/360/192 223/359/191 222/358/190
f 225/361/193 226/362/194 227/363/195
f 228/364/196 227/363/195 226/362/194
f 228/364/196 226/362/194 229/365/197
f 230/366/198 229/365/197 226/362/194
f 230/366/198 231/367/199 229/365/197
f 232/368/200 229/365/197 231/367/199
f 232/368/200 231/367/199 233/369/201
f 234/370/202 233/369/201 231/367/199
f 234/370/202 235/371/203 233/369/201
f 236/372/204 233/369/201 235/371/203
f 236/372/204 235/371/203 237/373/205
f 238/374/206 237/373/205 235/371/203
f 238/374/206 239/375/207 237/373/205
f 240/376/208 237/373/205 239/375/207
f 225/377/193 209/378/177 226/379/194
f 211/380/179 226/379/194 209/378/177
f 226/379/194 211/380/179 230/381/198
f 213/382/181 230/381/198 211/380/179
f 230/381/198 213/382/181 231/383/199
f 215/384/183 231/383/199 213/382/181
f 231/383/199 215/384/183 234/385/202
f 217/386/185 234/385/202 215/384/183
f 234/385/202 217/386/185 235/387/203
f 219/388/187 235/387/203 217/386/185
f 235/387/203 219/388/187 238/389/206
f 221/390/189 238/389/206 219/388/187
f 223/391/191 239/392/207 221/390/189
f 238/389/206 221/390/189 239/392/207
f 224/393/192 240/394/208 223/391/191
f 239/392/207 223/391/191 240/394/208
f 240/394/208 224/393/192 237/395/205
f 222/396/190 237/395/205 224/393/192
f 237/395/205 222/396/190 236/397/204
f 220/398/188 236/397/204 222/396/190
f 236/397/204 220/398/188 233/399/201
f 218/400/186 233/399/201 220/398/188
f 233/399/201 218/400/186 232/401/200
f 216/402/184 232/401/200 218/400/186
f 232/401/200 216/402/184 229/403/197
f 214/404/182 229/403/197 216/402/184
f 229/403/197 214/404/182 228/405/196
f 212/406/180 228/405/196 214/404/182
f 228/405/196 212/406/180 227/407/195
f 210/408/178 227/407/195 212/406/180
f 241/409/209 242/410/210 243/411/211
f 244/412/212 243/411/211 242/410/210
f 243/411/211 244/412/212 245/413/213
f 246/414/214 245/413/213 244/412/212
f 245/413/213 246/414/214 247/415/215
f 248/416/216 247/415/215 246/414/214
f 247/415/215 248/416/216 249/417/217
f 250/418/218 249/417/217 248/416/216
f 249/417/217 250/418/218 251/419/219
f 252/420/220 251/419/219 250/418/218
f 251/419/219 252/420/220 253/421/221
f 254/422/222 253/421/221 252/420/220
f 253/421/221 254/422/222 255/423/223
f 256/424/224 255/423/223 254/422/222
f 257/425/225 258/426/226 259/427/227
f 260/428/228 259/427/227 258/426/226
f 261/429/229 262/430/230 263/431/231
f 264/432/232 263/431/231 262/430/230
f 264/432/232 262/430/230 265/433/233
f 266/434/234 265/433/233 262/430/230
f 266/434/234 267/435/235 265/433/233
f 268/436/236 265/433/233 267/435/235
f 268/436/236 267/435/235 269/437/237
f 270/438/238 269/437/237 267/435/235
f 270/438/238 271/439/239 269/437/237
f 272/440/240 269/437/237 271/439/239
f 272/440/240 271/439/239 258/441/226
f 260/442/228 258/441/226 271/439/239
f 257/425/225 241/443/209 258/426/226
f 243/444/211 258/426/226 241/443/209
f 258/426/226 243/444/211 272/445/240
f 245/446/213 272/445/240 243/444/211
f 272/445/240 245/446/213 269/447/237
f 247/448/215 269/447/237 245/446/213
f 269/447/237 247/448/215 268/449/236
f 249/450/217 268/449/236 247/448/215
f 268/449/236 249/450/217 265/451/233
f 251/452/219 265/451/233 249/450/217
f 265/451/233 251/452/219 264/453/232
f 253/454/221 264/453/232 251/452/219
f 264/453/232 253/454/221 263/455/231
f 255/456/223 263/455/231 253/454/221
f 256/457/224 261/458/229 255/456/223
f 263/455/231 255/456/223 261/458/229
f 261/458/229 256/457/224 262/459/230
f 254/460/222 262/459/230 256/457/224
f 262/459/230 254/460/222 266/461/234
f 252/462/220 266/461/234 254/460/222
f 266/461/234 252/462/220 267/463/235
f 250/464/218 267/463/235 252/462/220
f 267/463/235 250/464/218 270/465/238
f 248/466/216 270/465/238 250/464/218
f 270/465/238 248/466/216 271/467/239
f 246/468/214 271/467/239 248/466/216
f 271/467/239 246/468/214 260/428/228
f 244/469/212 260/428/228 246/468/214
f 260/428/228 244/469/212 259/427/227
f 242/470/210 259/427/227 244/469/212
f 273/471/241 117/472/85 274/473/242
f 115/474/83 274/473/242 117/472/85
f 274/473/242 115/474/83 275/475/243
f 116/476/84 275/475/243 115/474/83
f 275/475/243 116/476/84 276/477/244
f 108/478/76 276/477/244 116/476/84
f 276/477/244 108/478/76 277/479/245
f 107/480/75 277/479/245 108/478/76
f 277/479/245 107/480/75 278/481/246
f 109/482/77 278/481/246 107/480/75
f 278/481/246 109/482/77 279/483/247
f 111/484/79 279/483/247 109/482/77
f 279/483/247 111/484/79 280/485/248
f 110/486/78 280/485/248 111/484/79
f 280/485/248 110/486/78 281/487/249
f 113/488/81 281/487/249 110/486/78
f 281/487/249 113/488/81 282/489/250
f 112/490/80 282/489/250 113/488/81
f 117/472/85 273/471/241 114/491/82
f 283/492/251 114/491/82 273/471/241
f 114/491/82 283/492/251 120/493/88
f 284/494/252 120/493/88 283/492/251
f 120/493/88 284/494/252 119/495/87
f 285/496/253 119/495/87 284/494/252
f 119/495/87 285/496/253 121/497/89
f 286/498/254 121/497/89 285/496/253
f 121/497/89 286/498/254 118/499/86
f 287/500/255 118/499/86 286/498/254
f 118/499/86 287/500/255 123/501/91
f 288/502/256 123/501/91 287/500/255
f 123/501/91 288/502/256 122/503/90
f 289/504/257 122/503/90 288/502/256
f 122/503/90 289/504/257 124/505/92
f 290/506/258 124/505/92 289/504/257
f 124/505/92 290/506/258 112/490/80
f 282/489/250 112/490/80 290/506/258
f 291/507/74 292/508/74 293/509/74
f 292/508/74 294/510/74 293/509/74
f 294/510/74 295/511/74 293/509/74
f 293/509/74 295/511/74 296/512/74
f 297/513/74 295/511/74 294/510/74
f 298/514/74 294/510/74 292/508/74
f 299/515/74 294/510/74 298/514/74
f 300/516/74 294/510/74 299/515/74
f 301/517/74 299/515/74 298/514/74
f 302/518/74 298/514/74 292/508/74
f 303/519/74 302/518/74 292/508/74
f 304/520/74 303/519/74 292/508/74
f 305/521/74 302/518/74 303/519/74
f 306/522/74 298/514/74 302/518/74
f 307/523/74 306/522/74 302/518/74
f 308/524/74 298/514/74 306/522/74
f 309/525/90 310/526/92 311/527/91
f 310/526/92 312/528/88 311/527/91
f 312/528/88 313/529/89 311/527/91
f 311/527/91 313/529/89 314/530/86
f 315/531/87 313/529/89 312/528/88
f 316/532/84 312/528/88 310/526/92
f 317/533/85 312/528/88 316/532/84
f 318/534/82 312/528/88 317/533/85
f 319/535/83 317/533/85 316/532/84
f 320/536/79 316/532/84 310/526/92
f 321/537/81 320/536/79 310/526/92
f 322/538/80 321/537/81 310/526/92
f 323/539/78 320/536/79 321/537/81
f 324/540/75 316/532/84 320/536/79
f 325/541/77 324/540/75 320/536/79
f 326/542/76 316/532/84 324/540/75
f 327/543/94 328/544/96 329/545/93
f 330/546/95 329/545/93 328/544/96
f 328/544/96 331/547/98 330/546/95
f 332/548/97 330/546/95 331/547/98
f 331/547/98 333/549/100 332/548/97
f 334/550/99 332/548/97 333/549/100
f 333/549/100 335/551/102 334/550/99
f 336/552/101 334/550/99 335/551/102
f 337/553/105 338/554/103 339/555/106
f 340/556/104 339/555/106 338/554/103
f 339/555/106 340/556/104 341/557/108
f 342/558/107 341/557/108 340/556/104
f 341/557/108 342/558/107 343/559/110
f 344/560/109 343/559/110 342/558/107
f 343/559/110 344/560/109 345/561/112
f 346/562/111 345/561/112 344/560/109
f 337/563/105 339/564/106 327/565/94
f 328/566/96 327/565/94 339/564/106
f 339/564/106 341/567/108 328/566/96
f 331/568/98 328/566/96 341/567/108
f 341/567/108 343/569/110 331/568/98
f 333/570/100 331/568/98 343/569/110
f 343/569/110 345/571/112 333/570/100
f 335/572/102 333/570/100 345/571/112
f 345/571/112 346/573/111 335/572/102
f 336/574/101 335/572/102 346/573/111
f 346/573/111 344/575/109 336/574/101
f 334/576/99 336/574/101 344/575/109
f 344/575/109 342/577/107 334/576/99
f 332/578/97 334/576/99 342/577/107
f 342/577/107 340/579/104 332/578/97
f 330/580/95 332/578/97 340/579/104
f 340/579/104 338/581/103 330/580/95
f 329/582/93 330/580/95 338/581/103
f 347/583/210 348/584/259 349/585/209
f 350/586/211 349/585/209 348/584/259
f 348/584/259 351/587/214 350/586/211
f 352/588/213 350/586/211 351/587/214
f 351/587/214 353/589/216 352/588/213
f 354/590/215 352/588/213 353/589/216
f 353/589/216 355/591/260 354/590/215
f 356/592/217 354/590/215 355/591/260
f 355/591/260 357/593/220 356/592/217
f 358/594/219 356/592/217 357/593/220
f 357/593/220 359/595/222 358/594/219
f 360/596/261 358/594/219 359/595/222
f 359/595/222 361/597/262 360/596/261
f 362/598/263 360/596/261 361/597/262
f 363/599/227 364/600/225 365/601/264
f 366/602/226 365/601/264 364/600/225
f 366/602/226 367/603/240 365/601/264
f 368/604/239 365/601/264 367/603/240
f 368/604/239 367/603/240 369/605/238
f 370/606/237 369/605/238 367/603/240
f 370/606/237 371/607/265 369/605/238
f 372/608/266 369/605/238 371/607/265
f 372/608/266 371/607/265 373/609/234
f 374/610/233 373/609/234 371/607/265
f 374/610/233 375/611/232 373/609/234
f 376/612/230 373/609/234 375/611/232
f 376/612/230 375/611/232 377/613/267
f 378/614/268 377/613/267 375/611/232
f 363/615/227 365/616/264 347/617/210
f 348/618/259 347/617/210 365/616/264
f 365/616/264 368/619/239 348/618/259
f 351/620/214 348/618/259 368/619/239
f 368/619/239 369/621/238 351/620/214
f 353/622/216 351/620/214 369/621/238
f 369/621/238 372/623/266 353/622/216
f 355/624/260 353/622/216 372/623/266
f 372/623/266 373/625/234 355/624/260
f 357/626/220 355/624/260 373/625/234
f 373/625/234 376/627/230 357/626/220
f 359/628/222 357/626/220 376/627/230
f 376/627/230 377/629/267 359/628/222
f 361/630/262 359/628/222 377/629/267
f 377/629/267 378/631/268 361/630/262
f 362/632/263 361/630/262 378/631/268
f 378/631/268 375/633/232 362/632/263
f 360/634/261 362/632/263 375/633/232
f 375/633/232 374/635/233 360/634/261
f 358/636/219 360/634/261 374/635/233
f 374/635/233 371/637/265 358/636/219
f 356/638/217 358/636/219 371/637/265
f 371/637/265 370/639/237 356/638/217
f 354/640/215 356/638/217 370/639/237
f 370/639/237 367/641/240 354/640/215
f 352/642/213 354/640/215 367/641/240
f 367/641/240 366/643/226 352/642/213
f 350/644/211 352/642/213 366/643/226
f 366/643/226 364/645/225 350/644/211
f 349/646/209 350/644/211 364/645/225
f 379/647/178 380/648/180 381/649/177
f 382/650/179 381/649/177 380/648/180
f 380/648/180 383/651/182 382/650/179
f 384/652/181 382/650/179 383/651/182
f 383/651/182 385/653/184 384/652/181
f 386/654/183 384/652/181 385/653/184
f 385/653/184 387/655/186 386/654/183
f 388/656/269 386/654/183 387/655/186
f 387/655/186 389/657/188 388/656/269
f 390/658/187 388/656/269 389/657/188
f 389/657/188 391/659/190 390/658/187
f 392/660/189 390/658/187 391/659/190
f 391/659/190 393/661/270 392/660/189
f 394/662/191 392/660/189 393/661/270
f 395/663/195 396/664/193 397/665/196
f 398/666/194 397/665/196 396/664/193
f 398/666/194 399/667/198 397/665/196
f 400/668/197 397/665/196 399/667/198
f 400/668/197 399/667/198 401/669/200
f 402/670/199 401/669/200 399/667/198
f 402/670/199 403/671/271 401/669/200
f 404/672/201 401/669/200 403/671/271
f 404/672/201 403/671/271 405/673/204
f 406/674/203 405/673/204 403/671/271
f 406/674/203 407/675/206 405/673/204
f 408/676/205 405/673/204 407/675/206
f 408/676/205 407/675/206 409/677/272
f 410/678/207 409/677/272 407/675/206
f 395/679/195 397/680/196 379/681/178
f 380/682/180 379/681/178 397/680/196
f 397/680/196 400/683/197 380/682/180
f 383/684/182 380/682/180 400/683/197
f 400/683/197 401/685/200 383/684/182
f 385/686/184 383/684/182 401/685/200
f 401/685/200 404/687/201 385/686/184
f 387/688/186 385/686/184 404/687/201
f 404/687/201 405/689/204 387/688/186
f 389/690/188 387/688/186 405/689/204
f 405/689/204 408/691/205 389/690/188
f 391/692/190 389/690/188 408/691/205
f 408/691/205 409/693/272 391/692/190
f 393/694/270 391/692/190 409/693/272
f 409/693/272 410/695/207 393/694/270
f 394/696/191 393/694/270 410/695/207
f 410/695/207 407/697/206 394/696/191
f 392/698/189 394/696/191 407/697/206
f 381/699/177 382/700/179 396/701/193
f 398/702/194 396/701/193 382/700/179
f 382/700/179 384/703/181 398/702/194
f 399/704/198 398/702/194 384/703/181
f 384/703/181 386/705/183 399/704/198
f 402/706/199 399/704/198 386/705/183
f 386/705/183 388/707/269 402/706/199
f 403/708/271 402/706/199 388/707/269
f 388/707/269 390/709/187 403/708/271
f 406/710/203 403/708/271 390/709/187
f 390/709/187 392/698/189 406/710/203
f 407/697/206 406/710/203 392/698/189
f 411/711/146 412/712/148 413/713/145
f 414/714/147 413/713/145 412/712/148
f 412/712/148 415/715/150 414/714/147
f 416/716/149 414/714/147 415/715/150
f 415/715/150 417/717/152 416/716/149
f 418/718/151 416/716/149 417/717/152
f 417/717/152 419/719/273 418/718/151
f 420/720/153 418/718/151 419/719/273
f 419/719/273 421/721/156 420/720/153
f 422/722/155 420/720/153 421/721/156
f 421/721/156 423/723/158 422/722/155
f 424/724/157 422/722/155 423/723/158
f 423/723/158 425/725/160 424/724/157
f 426/726/274 424/724/157 425/725/160
f 427/727/163 428/728/161 429/729/164
f 430/730/162 429/729/164 428/728/161
f 430/730/162 431/731/166 429/729/164
f 432/732/165 429/729/164 431/731/166
f 432/732/165 431/731/166 433/733/168
f 434/734/167 433/733/168 431/731/166
f 434/734/167 435/735/170 433/733/168
f 436/736/275 433/733/168 435/735/170
f 436/736/275 435/735/170 437/737/172
f 438/738/171 437/737/172 435/735/170
f 438/738/171 439/739/174 437/737/172
f 440/740/173 437/737/172 439/739/174
f 440/740/173 439/739/174 441/741/176
f 442/742/276 441/741/176 439/739/174
f 427/743/163 429/744/164 411/745/146
f 412/746/148 411/745/146 429/744/164
f 429/744/164 432/747/165 412/746/148
f 415/748/150 412/746/148 432/747/165
f 432/747/165 433/749/168 415/748/150
f 417/750/152 415/748/150 433/749/168
f 433/749/168 436/751/275 417/750/152
f 419/752/273 417/750/152 436/751/275
f 436/751/275 437/753/172 419/752/273
f 421/754/156 419/752/273 437/753/172
f 437/753/172 440/755/173 421/754/156
f 423/756/158 421/754/156 440/755/173
f 440/755/173 441/757/176 423/756/158
f 425/758/160 423/756/158 441/757/176
f 441/757/176 442/759/276 425/758/160
f 426/760/274 425/758/160 442/759/276
f 442/759/276 439/761/174 426/760/274
f 424/762/157 426/760/274 439/761/174
f 439/761/174 438/763/171 424/762/157
f 422/764/155 424/762/157 438/763/171
f 438/763/171 435/765/170 422/764/155
f 420/766/153 422/764/155 435/765/170
f 435/765/170 434/767/167 420/766/153
f 418/768/151 420/766/153 434/767/167
f 434/767/167 431/769/166 418/768/151
f 416/770/149 418/768/151 431/769/166
f 431/769/166 430/771/162 416/770/149
f 414/772/147 416/770/149 430/771/162
f 430/771/162 428/773/161 414/772/147
f 413/774/145 414/772/147 428/773/161
f 443/775/114 444/776/116 445/777/113
f 446/778/277 445/777/113 444/776/116
f 444/776/116 447/779/118 446/778/277
f 448/780/117 446/778/277 447/779/118
f 447/779/118 449/781/120 448/780/117
f 450/782/119 448/780/117 449/781/120
f 449/781/120 451/783/122 450/782/119
f 452/784/278 450/782/119 451/783/122
f 451/783/122 453/785/124 452/784/278
f 454/786/123 452/784/278 453/785/124
f 453/785/124 455/787/279 454/786/123
f 456/788/125 454/786/123 455/787/279
f 455/787/279 457/789/280 456/788/125
f 458/790/281 456/788/125 457/789/280
f 459/791/282 460/792/132 461/793/129
f 462/794/131 461/793/129 460/792/132
f 463/795/283 464/796/284 465/797/142
f 466/798/141 465/797/142 464/796/284
f 466/798/141 467/799/140 465/797/142
f 468/800/139 465/797/142 467/799/140
f 468/800/139 467/799/140 469/801/285
f 470/802/286 469/801/285 467/799/140
f 470/802/286 471/803/136 469/801/285
f 472/804/135 469/801/285 471/803/136
f 472/804/135 471/803/136 473/805/134
f 474/806/133 473/805/134 471/803/136
f 474/806/133 460/807/132 473/805/134
f 459/808/282 473/805/134 460/807/132
f 462/794/131 460/792/132 443/809/114
f 444/810/116 443/809/114 460/792/132
f 460/792/132 474/811/133 444/810/116
f 447/812/118 444/810/116 474/811/133
f 474/811/133 471/813/136 447/812/118
f 449/814/120 447/812/118 471/813/136
f 471/813/136 470/815/286 449/814/120
f 451/816/122 449/814/120 470/815/286
f 470/815/286 467/817/140 451/816/122
f 453/818/124 451/816/122 467/817/140
f 467/817/140 466/819/141 453/818/124
f 455/820/279 453/818/124 466/819/141
f 466/819/141 464/821/284 455/820/279
f 457/822/280 455/820/279 464/821/284
f 464/821/284 463/823/283 457/822/280
f 458/824/281 457/822/280 463/823/283
f 463/823/283 465/825/142 458/824/281
f 456/826/125 458/824/281 465/825/142
f 465/825/142 468/827/139 456/826/125
f 454/828/123 456/826/125 468/827/139
f 468/827/139 469/829/285 454/828/123
f 452/830/278 454/828/123 469/829/285
f 469/829/285 472/831/135 452/830/278
f 450/832/119 452/830/278 472/831/135
f 472/831/135 473/833/134 450/832/119
f 448/834/117 450/832/119 473/833/134
f 473/833/134 459/791/282 448/834/117
f 446/835/277 448/834/117 459/791/282
f 459/791/282 461/793/129 446/835/277
f 445/836/113 446/835/277 461/793/129
f 475/837/242 476/838/241 319/839/83
f 317/840/85 319/839/83 476/838/241
f 476/838/241 477/841/251 317/840/85
f 318/842/82 317/840/85 477/841/251
f 477/841/251 478/843/252 318/842/82
f 312/844/88 318/842/82 478/843/252
f 478/843/252 479/845/287 312/844/88
f 315/846/87 312/844/88 479/845/287
f 479/845/287 480/847/254 315/846/87
f 313/848/89 315/846/87 480/847/254
f 480/847/254 481/849/255 313/848/89
f 314/850/86 313/848/89 481/849/255
f 481/849/255 482/851/256 314/850/86
f 311/852/91 314/850/86 482/851/256
f 482/851/256 483/853/257 311/852/91
f 309/854/90 311/852/91 483/853/257
f 483/853/257 484/855/258 309/854/90
f 310/856/92 309/854/90 484/855/258
f 319/839/83 316/857/84 475/837/242
f 485/858/243 475/837/242 316/857/84
f 316/857/84 326/859/76 485/858/243
f 486/860/244 485/858/243 326/859/76
f 326/859/76 324/861/75 486/860/244
f 487/862/288 486/860/244 324/861/75
f 324/861/75 325/863/77 487/862/288
f 488/864/246 487/862/288 325/863/77
f 325/863/77 320/865/79 488/864/246
f 489/866/247 488/864/246 320/865/79
f 320/865/79 323/867/78 489/866/247
f 490/868/289 489/866/247 323/867/78
f 323/867/78 321/869/81 490/868/289
f 491/870/249 490/868/289 321/869/81
f 321/869/81 322/871/80 491/870/249
f 492/872/250 491/870/249 322/871/80
f 322/871/80 310/856/92 492/872/250
f 484/855/258 492/872/250 310/856/92
f 493/873/290 494/874/291 495/875/292
f 496/876/293 495/875/292 494/874/291
f 494/874/291 497/877/294 496/876/293
f 496/876/293 498/878/295 495/875/292
f 499/879/296 495/875/292 498/878/295
f 500/880/297 496/876/293 497/877/294
f 497/877/294 501/881/298 500/880/297
f 499/879/296 498/878/295 502/882/299
f 502/882/299 503/883/300 499/879/296
f 504/884/301 502/882/299 498/878/295
f 498/878/295 496/876/293 505/885/302
f 498/878/295 505/885/302 504/884/301
f 500/880/297 505/885/302 496/876/293
f 506/886/303 504/884/301 505/885/302
f 505/885/302 507/887/304 506/886/303
f 505/885/302 500/880/297 507/887/304
f 508/888/305 506/886/303 507/887/304
f 509/889/306 500/880/297 501/881/298
f 509/889/306 507/887/304 500/880/297
f 501/881/298 510/890/307 509/889/306
f 507/887/304 511/891/308 508/888/305
f 507/887/304 509/889/306 511/891/308
f 512/892/309 508/888/305 511/891/308
f 513/893/310 509/889/306 510/890/307
f 513/893/310 511/891/308 509/889/306
f 510/890/307 514/894/311 513/893/310
f 511/891/308 515/895/312 512/892/309
f 511/891/308 513/893/310 515/895/312
f 516/896/313 512/892/309 515/895/312
f 517/897/314 513/893/310 514/894/311
f 517/897/314 515/895/312 513/893/310
f 514/894/311 518/898/315 517/897/314
f 515/895/312 519/899/316 516/896/313
f 515/895/312 517/897/314 519/899/316
f 520/900/317 516/896/313 519/899/316
f 521/901/318 517/897/314 518/898/315
f 521/901/318 519/899/316 517/897/314
f 518/898/315 522/902/319 521/901/318
f 519/899/316 523/903/320 520/900/317
f 519/899/316 521/901/318 523/903/320
f 524/904/321 520/900/317 523/903/320
f 525/905/322 521/901/318 522/902/319
f 525/905/322 523/903/320 521/901/318
f 522/902/319 526/906/323 525/905/322
f 523/903/320 527/907/324 524/904/321
f 523/903/320 525/905/322 527/907/324
f 528/908/325 524/904/321 527/907/324
f 527/907/324 529/909/326 528/908/325
f 530/910/327 525/905/322 526/906/323
f 530/910/327 527/907/324 525/905/322
f 527/907/324 530/910/327 529/909/326
f 526/906/323 531/911/328 530/910/327
f 532/912/329 529/909/326 530/910/327
f 532/912/329 530/910/327 531/911/328
f 531/911/328 533/913/330 532/912/329
f 534/914/331 532/912/329 533/913/330
f 533/913/330 535/915/332 534/914/331
f 534/914/331 536/916/333 532/912/329
f 529/909/326 532/912/329 536/916/333
f 537/917/334 534/914/331 535/915/332
f 535/915/332 538/918/335 537/917/334
f 529/909/326 536/916/333 539/919/336
f 539/919/336 528/908/325 529/909/326
f 540/920/337 539/919/336 536/916/333
f 536/916/333 534/914/331 541/921/338
f 536/916/333 541/921/338 540/920/337
f 537/917/334 541/921/338 534/914/331
f 542/922/339 540/920/337 541/921/338
f 541/921/338 543/923/340 542/922/339
f 541/921/338 537/917/334 543/923/340
f 544/924/341 542/922/339 543/923/340
f 545/925/342 537/917/334 538/918/335
f 545/925/342 543/923/340 537/917/334
f 538/918/335 546/926/343 545/925/342
f 543/923/340 547/927/344 544/924/341
f 543/923/340 545/925/342 547/927/344
f 548/928/345 544/924/341 547/927/344
f 549/929/346 545/925/342 546/926/343
f 549/929/346 547/927/344 545/925/342
f 546/926/343 550/930/347 549/929/346
f 547/927/344 551/931/348 548/928/345
f 547/927/344 549/929/346 551/931/348
f 552/932/349 548/928/345 551/931/348
f 553/933/350 549/929/346 550/930/347
f 553/933/350 551/931/348 549/929/346
f 550/930/347 554/934/351 553/933/350
f 551/931/348 555/935/352 552/932/349
f 551/931/348 553/933/350 555/935/352
f 556/936/353 552/932/349 555/935/352
f 557/937/354 553/933/350 554/934/351
f 557/937/354 555/935/352 553/933/350
f 554/934/351 558/938/355 557/937/354
f 555/935/352 559/939/356 556/936/353
f 555/935/352 557/937/354 559/939/356
f 560/940/357 556/936/353 559/939/356
f 561/941/358 557/937/354 558/938/355
f 561/941/358 559/939/356 557/937/354
f 558/938/355 562/942/359 561/941/358
f 559/939/356 563/943/360 560/940/357
f 559/939/356 561/941/358 563/943/360
f 503/883/300 560/940/357 563/943/360
f 563/943/360 499/879/296 503/883/300
f 564/944/361 561/941/358 562/942/359
f 564/944/361 563/943/360 561/941/358
f 563/943/360 564/944/361 499/879/296
f 562/942/359 493/873/290 564/944/361
f 495/875/292 499/879/296 564/944/361
f 495/875/292 564/944/361 493/873/290
f 275/945/243 276/946/244 565/947/362
f 566/948/363 565/947/362 276/946/244
f 276/946/244 277/949/245 566/948/363
f 567/950/364 566/948/363 277/949/245
f 277/949/245 278/951/246 567/950/364
f 568/952/365 567/950/364 278/951/246
f 567/950/364 552/953/349 566/948/363
f 556/954/353 566/948/363 552/953/349
f 566/948/363 556/954/353 565/947/362
f 552/953/349 567/950/364 548/955/345
f 568/952/365 548/955/345 567/950/364
f 560/956/357 565/947/362 556/954/353
f 548/955/345 568/952/365 544/957/341
f 565/947/362 560/956/357 569/958/366
f 565/947/362 569/958/366 275/945/243
f 274/959/242 275/945/243 569/958/366
f 503/960/300 569/958/366 560/956/357
f 569/958/366 503/960/300 570/961/367
f 569/958/366 570/961/367 274/959/242
f 273/962/241 274/959/242 570/961/367
f 502/963/299 570/961/367 503/960/300
f 570/961/367 502/963/299 571/964/368
f 570/961/367 571/964/368 273/962/241
f 283/965/251 273/962/241 571/964/368
f 504/966/301 571/964/368 502/963/299
f 571/964/368 504/966/301 572/967/369
f 571/964/368 572/967/369 283/965/251
f 506/968/303 572/967/369 504/966/301
f 284/969/252 283/965/251 572/967/369
f 572/967/369 506/968/303 573/970/370
f 572/967/369 573/970/370 284/969/252
f 508/971/305 573/970/370 506/968/303
f 285/972/253 284/969/252 573/970/370
f 573/970/370 508/971/305 574/973/371
f 573/970/370 574/973/371 285/972/253
f 286/974/254 285/972/253 574/973/371
f 512/975/309 574/973/371 508/971/305
f 574/973/371 512/975/309 575/976/372
f 574/973/371 575/976/372 286/974/254
f 516/977/313 575/976/372 512/975/309
f 287/978/255 286/974/254 575/976/372
f 575/976/372 516/977/313 576/979/373
f 575/976/372 576/979/373 287/978/255
f 520/980/317 576/979/373 516/977/313
f 288/981/256 287/978/255 576/979/373
f 576/979/373 520/980/317 577/982/374
f 576/979/373 577/982/374 288/981/256
f 289/983/257 288/981/256 577/982/374
f 524/984/321 577/982/374 520/980/317
f 577/982/374 524/984/321 578/985/375
f 577/982/374 578/985/375 289/986/257
f 290/987/258 289/986/257 578/985/375
f 528/988/325 578/985/375 524/984/321
f 578/985/375 528/988/325 579/989/376
f 578/985/375 579/989/376 290/987/258
f 282/990/250 290/987/258 579/989/376
f 539/991/336 579/989/376 528/988/325
f 579/989/376 539/991/336 580/992/377
f 579/989/376 580/992/377 282/990/250
f 281/993/249 282/990/250 580/992/377
f 540/994/337 580/992/377 539/991/336
f 580/992/377 540/994/337 581/995/378
f 580/992/377 581/995/378 281/993/249
f 542/996/339 581/995/378 540/994/337
f 280/997/248 281/993/249 581/995/378
f 581/995/378 542/996/339 582/998/379
f 581/995/378 582/998/379 280/997/248
f 544/957/341 582/998/379 542/996/339
f 279/999/247 280/997/248 582/998/379
f 582/998/379 544/957/341 568/952/365
f 582/998/379 568/952/365 279/999/247
f 278/951/246 279/999/247 568/952/365
f 583/1000/359 584/1001/290 585/1002/361
f 585/1002/361 586/1003/380 583/1000/359
f 587/1004/355 583/1000/359 586/1003/380
f 586/1003/380 585/1002/361 588/1005/356
f 589/1006/360 588/1005/356 585/1002/361
f 586/1003/380 590/1007/354 587/1004/355
f 591/1008/381 587/1004/355 590/1007/354
f 588/1005/356 589/1006/360 592/1009/357
f 593/1010/300 592/1009/357 589/1006/360
f 592/1009/357 594/1011/353 588/1005/356
f 588/1005/356 595/1012/352 586/1003/380
f 595/1012/352 588/1005/356 594/1011/353
f 590/1007/354 586/1003/380 595/1012/352
f 594/1011/353 596/1013/382 595/1012/352
f 597/1014/383 595/1012/352 596/1013/382
f 595/1012/352 597/1014/383 590/1007/354
f 596/1013/382 598/1015/345 597/1014/383
f 590/1007/354 599/1016/350 591/1008/381
f 599/1016/350 590/1007/354 597/1014/383
f 600/1017/384 591/1008/381 599/1016/350
f 601/1018/344 597/1014/383 598/1015/345
f 597/1014/383 601/1018/344 599/1016/350
f 598/1015/345 602/1019/341 601/1018/344
f 599/1016/350 603/1020/346 600/1017/384
f 603/1020/346 599/1016/350 601/1018/344
f 604/1021/343 600/1017/384 603/1020/346
f 605/1022/340 601/1018/344 602/1019/341
f 601/1018/344 605/1022/340 603/1020/346
f 602/1019/341 606/1023/339 605/1022/340
f 603/1020/346 607/1024/342 604/1021/343
f 607/1024/342 603/1020/346 605/1022/340
f 608/1025/335 604/1021/343 607/1024/342
f 609/1026/338 605/1022/340 606/1023/339
f 605/1022/340 609/1026/338 607/1024/342
f 606/1023/339 610/1027/337 609/1026/338
f 607/1024/342 611/1028/334 608/1025/335
f 611/1028/334 607/1024/342 609/1026/338
f 612/1029/332 608/1025/335 611/1028/334
f 613/1030/333 609/1026/338 610/1027/337
f 609/1026/338 613/1030/333 611/1028/334
f 610/1027/337 614/1031/336 613/1030/333
f 611/1028/334 615/1032/331 612/1029/332
f 615/1032/331 611/1028/334 613/1030/333
f 616/1033/330 612/1029/332 615/1032/331
f 617/1034/326 613/1030/333 614/1031/336
f 613/1030/333 617/1034/326 615/1032/331
f 614/1031/336 618/1035/385 617/1034/326
f 619/1036/324 617/1034/326 618/1035/385
f 615/1032/331 620/1037/329 616/1033/330
f 620/1037/329 615/1032/331 617/1034/326
f 617/1034/326 619/1036/324 620/1037/329
f 621/1038/386 616/1033/330 620/1037/329
f 622/1039/327 620/1037/329 619/1036/324
f 620/1037/329 622/1039/327 621/1038/386
f 623/1040/323 621/1038/386 622/1039/327
f 622/1039/327 624/1041/322 623/1040/323
f 625/1042/319 623/1040/323 624/1041/322
f 624/1041/322 622/1039/327 626/1043/320
f 619/1036/324 626/1043/320 622/1039/327
f 624/1041/322 627/1044/318 625/1042/319
f 628/1045/315 625/1042/319 627/1044/318
f 626/1043/320 619/1036/324 629/1046/321
f 618/1035/385 629/1046/321 619/1036/324
f 629/1046/321 630/1047/317 626/1043/320
f 626/1043/320 631/1048/316 624/1041/322
f 631/1048/316 626/1043/320 630/1047/317
f 627/1044/318 624/1041/322 631/1048/316
f 630/1047/317 632/1049/313 631/1048/316
f 633/1050/312 631/1048/316 632/1049/313
f 631/1048/316 633/1050/312 627/1044/318
f 632/1049/313 634/1051/309 633/1050/312
f 627/1044/318 635/1052/314 628/1045/315
f 635/1052/314 627/1044/318 633/1050/312
f 636/1053/311 628/1045/315 635/1052/314
f 637/1054/308 633/1050/312 634/1051/309
f 633/1050/312 637/1054/308 635/1052/314
f 634/1051/309 638/1055/387 637/1054/308
f 635/1052/314 639/1056/310 636/1053/311
f 639/1056/310 635/1052/314 637/1054/308
f 640/1057/307 636/1053/311 639/1056/310
f 641/1058/304 637/1054/308 638/1055/387
f 637/1054/308 641/1058/304 639/1056/310
f 638/1055/387 642/1059/388 641/1058/304
f 639/1056/310 643/1060/389 640/1057/307
f 643/1060/389 639/1056/310 641/1058/304
f 644/1061/390 640/1057/307 643/1060/389
f 645/1062/302 641/1058/304 642/1059/388
f 641/1058/304 645/1062/302 643/1060/389
f 642/1059/388 646/1063/301 645/1062/302
f 643/1060/389 647/1064/297 644/1061/390
f 647/1064/297 643/1060/389 645/1062/302
f 648/1065/294 644/1061/390 647/1064/297
f 649/1066/391 645/1062/302 646/1063/301
f 645/1062/302 649/1066/391 647/1064/297
f 646/1063/301 650/1067/299 649/1066/391
f 647/1064/297 651/1068/293 648/1065/294
f 651/1068/293 647/1064/297 649/1066/391
f 652/1069/291 648/1065/294 651/1068/293
f 653/1070/296 649/1066/391 650/1067/299
f 649/1066/391 653/1070/296 651/1068/293
f 650/1067/299 593/1010/300 653/1070/296
f 589/1006/360 653/1070/296 593/1010/300
f 651/1068/293 654/1071/292 652/1069/291
f 654/1071/292 651/1068/293 653/1070/296
f 653/1070/296 589/1006/360 654/1071/292
f 584/1001/290 652/1069/291 654/1071/292
f 585/1002/361 654/1071/292 589/1006/360
f 654/1071/292 585/1002/361 584/1001/290
f 655/1072/370 656/1073/392 479/1074/287
f 480/1075/254 479/1074/287 656/1073/392
f 657/1076/369 655/1072/370 478/1077/252
f 479/1078/287 478/1077/252 655/1072/370
f 658/1079/368 657/1076/369 477/1080/251
f 478/1081/252 477/1080/251 657/1076/369
f 659/1082/367 658/1079/368 476/1083/241
f 477/1084/251 476/1083/241 658/1079/368
f 660/1085/366 659/1082/367 475/1086/242
f 476/1087/241 475/1086/242 659/1082/367
f 661/1088/362 660/1085/366 485/1089/243
f 475/1090/242 485/1089/243 660/1085/366
f 662/1091/363 661/1088/362 486/1092/244
f 485/1093/243 486/1092/244 661/1088/362
f 663/1094/364 662/1091/363 487/1095/288
f 486/1096/244 487/1095/288 662/1091/363
f 664/1097/365 663/1094/364 488/1098/246
f 487/1099/288 488/1098/246 663/1094/364
f 665/1100/379 664/1097/365 489/1101/247
f 488/1102/246 489/1101/247 664/1097/365
f 666/1103/378 665/1100/379 490/1104/289
f 489/1105/247 490/1104/289 665/1100/379
f 667/1106/377 666/1103/378 491/1107/249
f 490/1108/289 491/1107/249 666/1103/378
f 668/1109/376 667/1106/377 492/1110/250
f 491/1111/249 492/1110/250 667/1106/377
f 669/1112/375 668/1109/376 484/1113/258
f 492/1114/250 484/1113/258 668/1109/376
f 670/1115/374 669/1112/375 483/1116/257
f 484/1117/258 483/1116/257 669/1112/375
f 671/1118/373 670/1115/374 482/1119/256
f 483/1120/257 482/1119/256 670/1115/374
f 672/1121/372 671/1118/373 481/1122/255
f 482/1123/256 481/1122/255 671/1118/373
f 656/1073/392 672/1121/372 480/1124/254
f 481/1125/255 480/1124/254 672/1121/372
f 546/1126/343 92/1127/74 550/1128/347
f 95/1129/74 550/1128/347 92/1127/74
f 92/1127/74 546/1126/343 93/1130/74
f 550/1128/347 95/1129/74 554/1131/351
f 538/1132/335 93/1130/74 546/1126/343
f 94/1133/74 554/1131/351 95/1129/74
f 93/1130/74 538/1132/335 91/1134/74
f 554/1131/351 94/1133/74 558/1135/355
f 535/1136/332 91/1134/74 538/1132/335
f 106/1137/74 558/1135/355 94/1133/74
f 91/1134/74 535/1136/332 89/1138/74
f 558/1135/355 106/1137/74 562/1139/359
f 533/1140/330 89/1138/74 535/1136/332
f 104/1141/74 562/1139/359 106/1137/74
f 89/1138/74 533/1140/330 90/1142/74
f 562/1139/359 104/1141/74 493/1143/290
f 531/1144/328 90/1142/74 533/1140/330
f 105/1145/74 493/1143/290 104/1141/74
f 90/1142/74 531/1144/328 98/1146/74
f 493/1143/290 105/1145/74 494/1147/291
f 526/1148/323 98/1146/74 531/1144/328
f 100/1149/74 494/1147/291 105/1145/74
f 98/1146/74 526/1148/323 97/1150/74
f 494/1147/291 100/1149/74 497/1151/294
f 522/1152/319 97/1150/74 526/1148/323
f 103/1153/74 497/1151/294 100/1149/74
f 97/1150/74 522/1152/319 99/1154/74
f 497/1151/294 103/1153/74 501/1155/298
f 518/1156/315 99/1154/74 522/1152/319
f 101/1157/74 501/1155/298 103/1153/74
f 99/1154/74 518/1156/315 96/1158/74
f 501/1155/298 101/1157/74 510/1159/307
f 514/1160/311 96/1158/74 518/1156/315
f 102/1161/74 510/1159/307 101/1157/74
f 96/1158/74 514/1160/311 102/1161/74
f 510/1159/307 102/1161/74 514/1160/311
f 640/1162/307 644/1163/390 293/1164/74
f 291/1165/74 293/1164/74 644/1163/390
f 293/1164/74 296/1166/74 640/1162/307
f 644/1163/390 648/1167/294 291/1165/74
f 636/1168/311 640/1162/307 296/1166/74
f 292/1169/74 291/1165/74 648/1167/294
f 296/1166/74 295/1170/74 636/1168/311
f 648/1167/294 652/1171/291 292/1169/74
f 628/1172/315 636/1168/311 295/1170/74
f 304/1173/74 292/1169/74 652/1171/291
f 295/1170/74 297/1174/74 628/1172/315
f 652/1171/291 584/1175/290 304/1173/74
f 625/1176/319 628/1172/315 297/1174/74
f 303/1177/74 304/1173/74 584/1175/290
f 297/1174/74 294/1178/74 625/1176/319
f 584/1175/290 583/1179/359 303/1177/74
f 623/1180/323 625/1176/319 294/1178/74
f 305/1181/74 303/1177/74 583/1179/359
f 294/1178/74 300/1182/74 623/1180/323
f 583/1179/359 587/1183/355 305/1181/74
f 621/1184/386 623/1180/323 300/1182/74
f 302/1185/74 305/1181/74 587/1183/355
f 300/1182/74 299/1186/74 621/1184/386
f 587/1183/355 591/1187/381 302/1185/74
f 616/1188/330 621/1184/386 299/1186/74
f 307/1189/74 302/1185/74 591/1187/381
f 299/1186/74 301/1190/74 616/1188/330
f 591/1187/381 600/1191/384 307/1189/74
f 612/1192/332 616/1188/330 301/1190/74
f 306/1193/74 307/1189/74 600/1191/384
f 301/1190/74 298/1194/74 612/1192/332
f 600/1191/384 604/1195/343 306/1193/74
f 608/1196/335 612/1192/332 298/1194/74
f 308/1197/74 306/1193/74 604/1195/343
f 298/1194/74 308/1197/74 608/1196/335
f 604/1195/343 608/1196/335 308/1197/74
f 642/1198/388 638/1199/387 657/1076/369
f 655/1072/370 657/1076/369 638/1199/387
f 657/1076/369 658/1079/368 642/1198/388
f 638/1199/387 634/1200/309 655/1072/370
f 646/1201/301 642/1198/388 658/1079/368
f 656/1073/392 655/1072/370 634/1200/309
f 658/1079/368 659/1082/367 646/1201/301
f 634/1200/309 632/1202/313 656/1073/392
f 650/1203/299 646/1201/301 659/1082/367
f 672/1121/372 656/1073/392 632/1202/313
f 659/1082/367 660/1085/366 650/1203/299
f 632/1202/313 630/1204/317 672/1121/372
f 593/1205/300 650/1203/299 660/1085/366
f 671/1118/373 672/1121/372 630/1204/317
f 660/1085/366 661/1088/362 593/1205/300
f 630/1204/317 629/1206/321 671/1118/373
f 592/1207/357 593/1205/300 661/1088/362
f 670/1115/374 671/1118/373 629/1206/321
f 661/1088/362 662/1091/363 592/1207/357
f 629/1206/321 618/1208/385 670/1115/374
f 594/1209/353 592/1207/357 662/1091/363
f 669/1112/375 670/1115/374 618/1208/385
f 662/1091/363 663/1094/364 594/1209/353
f 618/1208/385 614/1210/336 669/1112/375
f 596/1211/382 594/1209/353 663/1094/364
f 668/1109/376 669/1112/375 614/1210/336
f 663/1094/364 664/1097/365 596/1211/382
f 614/1210/336 610/1212/337 668/1109/376
f 598/1213/345 596/1211/382 664/1097/365
f 667/1106/377 668/1109/376 610/1212/337
f 664/1097/365 665/1100/379 598/1213/345
f 610/1212/337 606/1214/339 667/1106/377
f 602/1215/341 598/1213/345 665/1100/379
f 666/1103/378 667/1106/377 606/1214/339
f 665/1100/379 666/1103/378 602/1215/341
f 606/1214/339 602/1215/341 666/1103/378
