# Blender v2.83.1 OBJ File: ''
# www.blender.org
mtllib Player_1.mtl
o Backom_BODY
v 0.011792 1.053712 0.041444
v 0.021048 1.046224 0.052956
v 0.034618 1.045717 0.043779
v 0.056332 1.042796 0.015650
v 0.050555 1.039472 0.044464
v 0.065153 1.024842 0.047231
v 0.073040 1.005848 0.052470
v 0.069223 0.976570 0.063173
v 0.055866 0.976941 0.083887
v 0.065122 0.984451 0.069598
v 0.042409 0.994544 0.089456
v 0.038032 0.986333 0.092255
v 0.022225 0.997227 0.093373
v 0.027838 1.004680 0.092112
v 0.010295 1.013036 0.087740
v 0.016448 1.015860 0.087782
v 0.007875 1.025440 0.079356
v 0.008520 1.032752 0.072865
v 0.011165 1.038412 0.066576
v -0.000000 1.050587 0.039369
v 0.003220 1.043873 0.063023
v -0.000000 1.044200 -0.022621
v 0.032056 1.053489 0.021758
v 0.022708 1.042270 -0.023427
v 0.042821 1.028930 -0.025827
v 0.071399 1.008495 -0.023709
v 0.069358 1.021874 0.015872
v -0.000000 1.016105 -0.062553
v 0.038865 1.002769 -0.057178
v -0.000000 0.999155 -0.074485
v 0.062595 0.959593 -0.045094
v -0.000000 0.961713 -0.086217
v 0.070382 0.913229 -0.060316
v 0.080421 0.961870 0.009144
v 0.099302 0.896976 -0.002437
v 0.099601 0.891410 0.023788
v 0.086472 0.939388 0.053549
v 0.088776 0.839731 -0.015716
v 0.072648 0.880829 -0.075627
v 0.072204 0.834389 -0.101685
v -0.000000 0.838250 -0.144041
v -0.000000 0.889450 -0.115090
v 0.089461 0.799568 -0.044263
v 0.082624 0.847926 0.018862
v 0.108531 0.879915 0.111985
v 0.087589 0.920924 0.107604
v 0.084326 0.895740 0.168250
v 0.060371 0.935750 0.148335
v 0.037894 0.913801 0.183025
v -0.000000 0.945981 0.166518
v 0.034492 0.969078 0.114094
v -0.000000 0.974230 0.121770
v 0.029964 0.977779 0.095201
v 0.014271 0.991790 0.094808
v 0.004384 1.011817 0.087850
v 0.061817 0.952323 0.098234
v 0.084918 0.851200 0.167984
v 0.107699 0.840092 0.116518
v -0.000000 1.023582 0.081239
v 0.002851 1.024004 0.081780
v 0.061708 0.811827 0.151976
v 0.082125 0.804164 0.119104
v 0.074445 0.815174 0.024425
v 0.063259 0.785707 0.055977
v 0.077747 0.804939 -0.003279
v 0.062660 0.781449 0.018512
v 0.083781 0.769517 -0.034402
v 0.065562 0.751167 -0.010467
v 0.074010 0.699695 -0.010486
v 0.079379 0.741117 -0.174509
v 0.072025 0.775781 -0.133670
v -0.000000 0.779272 -0.180293
v 0.031287 0.768553 0.032031
v 0.033872 0.743439 0.014968
v -0.000000 0.738861 0.025737
v -0.000000 0.761895 0.041507
v 0.031027 0.776235 0.064095
v 0.051929 0.784872 0.099556
v 0.026214 0.805751 0.164969
v 0.034151 0.819200 0.174045
v -0.000000 0.808744 0.167706
v 0.039036 0.782362 0.099912
v 0.021214 0.773344 0.101119
v -0.000000 0.821513 0.177319
v 0.031380 0.827060 0.181157
v 0.052077 0.858396 0.188366
v 0.034676 0.859242 0.191504
v -0.000000 0.824551 0.175254
v 0.039924 0.859658 0.188258
v 0.024459 0.902945 0.187969
v 0.002533 1.031780 0.074972
v 0.055316 1.036154 -0.033603
v 0.059369 1.037036 -0.005873
v 0.078198 1.022704 -0.038602
v 0.062432 1.040292 -0.035162
v 0.069571 1.044056 -0.011486
v 0.070651 1.014490 -0.037325
v 0.076978 1.047434 -0.030250
v 0.082741 1.035041 -0.037334
v 0.080308 0.994311 0.026351
v 0.073555 0.956007 0.066037
v 0.053034 0.964915 0.091010
v 0.015386 0.779502 0.113840
v 0.014063 0.785199 0.114076
v 0.013139 0.791145 0.111099
v -0.000000 0.788621 0.109674
v 0.027832 0.788642 0.110045
v 0.037584 0.790528 0.107827
v 0.039226 0.789559 0.107619
v 0.039608 0.790727 0.113792
v 0.037135 0.791722 0.106843
v 0.032225 0.795373 0.128110
v 0.035297 0.798721 0.128482
v 0.019469 0.801909 0.140504
v -0.000000 0.805127 0.142137
v -0.000000 0.812402 0.142919
v 0.020039 0.798033 0.146598
v 0.046993 0.796897 0.141222
v 0.033439 0.793434 0.132472
v 0.055912 0.790865 0.116067
v 0.041257 0.789041 0.115283
v 0.029574 0.785502 0.109823
v -0.000000 0.869466 0.084046
v 0.027343 0.859251 0.077353
v 0.025758 0.831694 0.041417
v -0.000000 0.808543 0.042729
v 0.025081 0.809228 0.043751
v 0.044508 0.809563 0.045498
v 0.046917 0.830348 0.046131
v 0.045578 0.843491 0.061338
v -0.000000 0.798675 0.069878
v 0.026034 0.792474 0.070476
v -0.000000 0.784297 0.101869
v 0.015773 0.786346 0.103288
v 0.027144 0.791370 0.107185
v 0.030225 0.788645 0.100865
v 0.050825 0.793738 0.073842
v 0.042766 0.792174 0.104730
v 0.061748 0.810159 0.079988
v 0.058634 0.827344 0.092063
v 0.044709 0.799530 0.130796
v 0.029419 0.843845 0.112339
v 0.024850 0.816092 0.148768
v -0.000000 0.853420 0.126553
v -0.000000 0.823942 0.152858
v 0.019749 0.808427 0.140885
v 0.040154 0.791878 0.113068
v 0.141445 0.084382 -0.079206
v 0.154187 0.118840 -0.063383
v 0.162458 0.134402 -0.126935
v 0.144962 0.077724 -0.127999
v 0.123800 0.101849 -0.181056
v 0.120281 0.062468 -0.168624
v 0.120317 0.031410 -0.157276
v 0.125650 0.020467 -0.163494
v 0.131938 0.004064 -0.161902
v 0.154953 0.006673 -0.116782
v 0.081552 0.051468 -0.167906
v 0.086431 0.023996 -0.163297
v 0.085549 0.013775 -0.170141
v 0.069506 0.023948 -0.137105
v 0.042546 0.101777 -0.143962
v 0.075669 0.088795 -0.178270
v 0.061415 0.002232 -0.135738
v 0.069568 0.123032 -0.185080
v 0.128520 0.140579 -0.184356
v 0.064796 0.150764 -0.185798
v 0.125114 0.181344 -0.190490
v 0.171338 0.207755 -0.131345
v 0.165526 0.217178 -0.038583
v 0.162538 0.277750 -0.054455
v 0.114093 0.192592 -0.017445
v 0.161703 0.154718 -0.049903
v 0.109710 0.140524 -0.030555
v 0.131752 0.260767 -0.011747
v 0.041868 0.135962 -0.076882
v 0.107416 0.112034 -0.043001
v 0.053123 0.111985 -0.075213
v 0.108381 0.081547 -0.063843
v 0.071408 0.066241 -0.083980
v 0.032929 0.131649 -0.145254
v 0.061914 0.051417 -0.140147
v 0.078637 0.028792 -0.081129
v 0.061067 0.013177 -0.137879
v 0.152329 0.028432 -0.116715
v 0.142069 0.039030 -0.073357
v 0.129134 0.049436 -0.096051
v 0.134323 0.038961 -0.129683
v 0.114087 0.038723 -0.060800
v 0.105949 0.048307 -0.083466
v 0.080561 0.035466 -0.095190
v 0.142110 0.026699 -0.078656
v 0.155525 0.024383 -0.095140
v 0.156692 0.011007 -0.095091
v 0.090211 0.028325 -0.064971
v 0.109910 0.028556 -0.063770
v 0.090053 0.010788 -0.061610
v 0.116386 0.006569 -0.057452
v 0.111187 0.010770 -0.061625
v 0.161792 0.031759 -0.094602
v 0.163664 0.008121 -0.094670
v 0.144408 0.034417 -0.072624
v 0.144823 0.007939 -0.069924
v 0.086063 0.031464 -0.059996
v 0.113040 0.033894 -0.058443
v 0.086340 0.008066 -0.055145
v 0.115253 0.007893 -0.055275
v 0.174056 0.016275 -0.077111
v 0.175156 0.003393 -0.077529
v 0.164631 0.017259 -0.065623
v 0.093085 0.017967 -0.038291
v 0.106025 0.018552 -0.037432
v 0.096012 0.703474 -0.040038
v 0.104586 0.620599 -0.024442
v 0.088351 0.620116 -0.002184
v 0.049254 0.624600 0.024016
v 0.040403 0.698365 0.016486
v -0.000000 0.697057 0.027017
v -0.000000 0.558645 0.033976
v 0.053165 0.552185 0.016429
v 0.071038 0.437529 0.032891
v 0.124044 0.429573 -0.014357
v 0.097498 0.547236 -0.021638
v 0.008230 0.347415 0.068759
v 0.141542 0.342962 -0.006328
v 0.164284 0.349588 -0.057089
v 0.146459 0.424385 -0.062959
v 0.176971 0.344525 -0.152060
v 0.163684 0.421424 -0.148538
v 0.082430 0.327019 0.058055
v 0.074924 0.240974 0.024096
v 0.019942 0.162672 -0.064227
v -0.000000 0.229894 0.038123
v 0.031781 0.149228 -0.071975
v 0.116203 0.535240 -0.059713
v 0.130697 0.419428 -0.230145
v 0.142217 0.316810 -0.238191
v 0.068429 0.411376 -0.264970
v 0.076304 0.296993 -0.278331
v 0.069477 0.223791 -0.246172
v 0.103028 0.540207 -0.223370
v 0.045093 0.549149 -0.244515
v 0.000000 0.552403 -0.247410
v -0.000000 0.318785 -0.284142
v 0.036471 0.174918 -0.193997
v 0.057514 0.166102 -0.188299
v -0.000000 0.220520 -0.244317
v -0.000000 0.177390 -0.198527
v -0.000000 0.297347 -0.278641
v 0.020283 0.270519 -0.275824
v 0.038886 0.656709 -0.235361
v -0.000000 0.726499 -0.214286
v 0.029257 0.145799 -0.145526
v 0.122001 0.616638 -0.041186
v 0.016589 0.159891 -0.103694
v 0.016300 0.161363 -0.146789
v 0.155099 0.675061 -0.073922
v 0.118613 0.697801 -0.055515
v 0.118589 0.721117 -0.148731
v 0.157493 0.693881 -0.151557
v 0.241020 0.639109 -0.148442
v 0.212206 0.609904 -0.211694
v 0.243187 0.594452 -0.204167
v 0.322785 0.588165 -0.126321
v 0.325628 0.555822 -0.174991
v 0.230696 0.628631 -0.085978
v 0.300903 0.583065 -0.073722
v 0.248509 0.569639 -0.070088
v 0.188145 0.600121 -0.072413
v 0.218829 0.537415 -0.126222
v 0.280561 0.551754 -0.061472
v 0.225597 0.550713 -0.190664
v 0.306168 0.520845 -0.173065
v 0.280655 0.515069 -0.110499
v 0.140060 0.570812 -0.204738
v 0.154000 0.551004 -0.127575
v 0.149216 0.608887 -0.060642
v 0.134983 0.641250 -0.216625
v 0.305058 0.508451 -0.101408
v 0.332280 0.512282 -0.158413
v 0.322375 0.490878 -0.134206
v 0.344712 0.503443 -0.158843
v 0.366980 0.524886 -0.157012
v 0.351663 0.537394 -0.157124
v 0.353628 0.560820 -0.110344
v 0.375052 0.557324 -0.103630
v 0.335016 0.555078 -0.065922
v 0.351876 0.547331 -0.053898
v 0.339553 0.537402 -0.050039
v 0.312720 0.533128 -0.055982
v 0.382318 0.513663 -0.152815
v 0.307120 0.507953 -0.067137
v 0.314649 0.521035 -0.053204
v 0.320708 0.487552 -0.100110
v 0.315302 0.515066 -0.049792
v 0.317835 0.499183 -0.038452
v 0.333132 0.504827 -0.024075
v 0.333305 0.503770 -0.028072
v 0.319651 0.499504 -0.040648
v 0.353948 0.503130 -0.048995
v 0.336450 0.521593 -0.039105
v 0.347967 0.492605 -0.038652
v 0.316518 0.482974 -0.026185
v 0.325925 0.487001 -0.021000
v 0.327315 0.480033 -0.017649
v 0.318749 0.476324 -0.021595
v 0.347124 0.479227 -0.022165
v 0.348676 0.484344 -0.025140
v 0.312060 0.484795 -0.050242
v 0.350474 0.528991 -0.043524
v 0.326171 0.526914 -0.046403
v 0.365395 0.540241 -0.042685
v 0.370174 0.511132 -0.050271
v 0.359278 0.509886 -0.053247
v 0.383700 0.513588 -0.028292
v 0.378836 0.539514 -0.029654
v 0.383446 0.516477 -0.032026
v 0.380647 0.537673 -0.034423
v 0.391724 0.515529 -0.017905
v 0.400554 0.538403 -0.021963
v 0.406933 0.533866 -0.017838
v 0.397957 0.514365 -0.014933
v 0.380060 0.552460 -0.057093
v 0.392576 0.549533 -0.043489
v 0.405363 0.545472 -0.056359
v 0.401685 0.542352 -0.055842
v 0.391596 0.546493 -0.045585
v 0.413762 0.510987 -0.056016
v 0.409242 0.514195 -0.055835
v 0.414571 0.539549 -0.037274
v 0.408339 0.542296 -0.028116
v 0.420718 0.515487 -0.047771
v 0.418891 0.535314 -0.031841
v 0.423566 0.514270 -0.041120
v 0.390014 0.512567 -0.072912
v 0.393717 0.544101 -0.072737
v 0.414798 0.539065 -0.072833
v 0.413501 0.508860 -0.067275
v 0.408681 0.536738 -0.076682
v 0.435271 0.532531 -0.073697
v 0.396779 0.550989 -0.095477
v 0.418525 0.542687 -0.090991
v 0.401263 0.533902 -0.114672
v 0.422125 0.532281 -0.107772
v 0.394065 0.505955 -0.108736
v 0.415097 0.531915 -0.105835
v 0.411931 0.539296 -0.091712
v 0.440425 0.535463 -0.086613
v 0.439538 0.527294 -0.097876
v 0.445236 0.524531 -0.094667
v 0.446414 0.529947 -0.084652
v 0.438498 0.503321 -0.098622
v 0.442743 0.528129 -0.073617
v 0.458652 0.518744 -0.073433
v 0.464015 0.518547 -0.079242
v 0.456650 0.507315 -0.068524
v 0.460776 0.505565 -0.088427
v 0.461739 0.516542 -0.085370
v 0.018953 0.243130 -0.308809
v -0.000000 0.234414 -0.315996
v -0.000000 0.231941 -0.302072
v 0.013582 0.238930 -0.295653
v 0.024226 0.261471 -0.301523
v 0.010243 0.250808 -0.281289
v 0.010518 0.265722 -0.277239
v -0.000000 0.290178 -0.293146
v 0.019790 0.279301 -0.288397
v 0.017650 0.286777 -0.280216
v 0.131774 0.244526 -0.214910
v 0.143781 0.018658 -0.048753
v 0.131111 0.018876 -0.043317
v 0.142146 0.036643 -0.070703
v 0.115835 0.036959 -0.058998
v 0.136529 0.034510 -0.073800
v 0.117086 0.034943 -0.065210
v 0.136416 0.010753 -0.071786
v 0.118301 0.008025 -0.055957
v 0.142343 0.006632 -0.070334
v 0.142510 0.010897 -0.076577
v 0.165459 0.003250 -0.064626
v 0.132847 0.003170 -0.089204
v 0.147503 0.004446 -0.104811
v 0.110451 0.003428 -0.077535
v 0.118777 0.010657 -0.062963
v 0.142398 0.007933 -0.067963
v 0.144739 0.003123 -0.047859
v 0.131058 0.003133 -0.042028
v 0.091651 0.003784 -0.077105
v 0.079334 0.006959 -0.078693
v 0.108011 0.002663 -0.036014
v 0.093791 0.002766 -0.035877
v 0.104261 0.006072 -0.097102
v 0.084783 0.003781 -0.109619
v 0.074321 0.002041 -0.130353
v 0.097780 0.002611 -0.110793
v 0.094281 0.001410 -0.152836
v 0.088811 0.002408 -0.166182
v 0.122017 0.001165 -0.151418
v 0.130688 0.003327 -0.133934
v 0.119729 0.001926 -0.120663
v 0.125818 0.006151 -0.108953
v 0.356245 0.494964 -0.157412
v 0.327845 0.480246 -0.127777
v 0.341314 0.476754 -0.121829
v 0.360051 0.478065 -0.140958
v 0.339634 0.485271 -0.096580
v 0.336202 0.486800 -0.074188
v 0.309301 0.497928 -0.066350
v 0.367414 0.487331 -0.121094
v 0.371090 0.498756 -0.091599
v 0.358230 0.501095 -0.069607
v 0.380196 0.490312 -0.136696
v 0.400320 0.486529 -0.149650
v 0.405351 0.496732 -0.132730
v 0.387767 0.492997 -0.118934
v 0.399858 0.491714 -0.147796
v 0.409284 0.490777 -0.154541
v 0.416072 0.490489 -0.155775
v 0.417125 0.497962 -0.119153
v 0.412976 0.502187 -0.120718
v 0.403773 0.500352 -0.132007
v 0.425963 0.500609 -0.125561
v 0.412826 0.494024 -0.136312
v 0.421445 0.496476 -0.141899
v 0.443924 0.483288 -0.154474
v 0.431624 0.498443 -0.131288
v 0.432921 0.498525 -0.158435
v 0.410703 0.507104 -0.086728
v 0.417602 0.500383 -0.104589
v 0.392274 0.502234 -0.088325
v 0.406899 0.511474 -0.072809
v 0.408304 0.511005 -0.087930
v 0.423011 0.506324 -0.085093
v 0.425748 0.510501 -0.065067
v 0.409476 0.505471 -0.101412
v 0.431161 0.502581 -0.101980
v 0.433744 0.509714 -0.084461
v 0.433271 0.509727 -0.065908
v 0.465225 0.497775 -0.076850
v 0.379848 0.506864 -0.063735
v 0.393696 0.516436 -0.047045
v 0.391350 0.519489 -0.048849
v 0.404459 0.512763 -0.035290
v 0.410569 0.516400 -0.029318
v 0.350470 0.494548 -0.063941
v 0.350427 0.491091 -0.037221
v 0.339729 0.484514 -0.049119
v 0.333111 0.474195 -0.059020
v 0.332812 0.478150 -0.058003
v 0.308032 0.482704 -0.050380
v 0.338183 0.486918 -0.049410
v 0.327111 0.462376 -0.051066
v 0.314417 0.476117 -0.034488
v 0.315831 0.470431 -0.029797
v 0.327529 0.460025 -0.047043
v 0.339122 0.474467 -0.040965
v 0.335020 0.470027 -0.033094
v 0.338834 0.445872 -0.015606
v 0.325014 0.455423 -0.011150
v 0.332072 0.461373 -0.010648
v 0.331924 0.447519 -0.025903
v 0.432779 0.489715 -0.158720
v 0.439992 0.503710 -0.155223
v 0.442019 0.494477 -0.141797
v 0.439159 0.503401 -0.147399
v 0.428078 0.513499 -0.151031
v 0.430783 0.512092 -0.140623
v 0.423872 0.518339 -0.149675
v 0.427597 0.515410 -0.138067
v 0.411847 0.519448 -0.128455
v 0.418245 0.523853 -0.126500
v 0.389619 0.533418 -0.138613
v 0.406273 0.522830 -0.141997
v 0.400884 0.509710 -0.157297
v 0.399158 0.511679 -0.150035
v 0.403272 0.521425 -0.139178
v 0.417834 0.509933 -0.155446
v 0.421393 0.507273 -0.156146
v 0.431287 0.523163 -0.016219
v 0.433689 0.509850 -0.017363
v 0.431549 0.503186 -0.006734
v 0.430562 0.523621 -0.009050
v 0.413479 0.537499 -0.023387
v 0.422605 0.522697 -0.007688
v 0.420949 0.510075 -0.003970
v 0.172427 0.276644 -0.143380
v 0.323966 0.453519 -0.021885
v 0.341735 0.457269 -0.011784
v 0.028413 0.812846 0.193161
v -0.000000 0.809157 0.190021
v -0.000000 0.815296 0.217235
v 0.029910 0.823572 0.214556
v -0.000000 0.816508 0.178193
v 0.036073 0.820989 0.183752
v 0.029702 0.830666 0.178186
v 0.043321 0.850791 0.200692
v 0.024163 0.880182 0.210194
v 0.023302 0.903871 0.184670
v -0.000000 0.886927 0.212305
v -0.000000 0.847638 0.228299
v 0.026119 0.848456 0.224025
v -0.028413 0.812846 0.193161
v -0.029910 0.823572 0.214556
v -0.024163 0.880182 0.210194
v -0.036073 0.820989 0.183752
v -0.043321 0.850791 0.200692
v -0.026119 0.848456 0.224025
v 0.086000 0.659237 -0.223392
v 0.135388 0.517154 -0.132438
v 0.012003 0.329617 0.075549
v 0.007375 0.340421 0.072909
v 0.008437 0.335713 0.074271
v 0.000180 0.343103 0.072510
v 0.000065 0.318781 0.072505
v 0.035595 1.043113 0.065968
v 0.050329 1.036807 0.066014
v 0.022410 1.043705 0.065837
v 0.064324 1.023355 0.066320
v 0.056944 1.015268 0.075421
v 0.071745 1.005085 0.066579
v 0.064798 1.002690 0.072753
v 0.066913 0.986929 0.067190
v 0.026821 1.000101 0.044464
v 0.056796 0.986731 0.080663
v 0.045385 1.026349 0.075646
v 0.033943 1.033246 0.074602
v 0.021958 1.037168 0.072147
v 0.012952 1.035989 0.069933
v 0.010687 1.032343 0.072286
v 0.011481 1.026223 0.080141
v -0.021048 1.046224 0.052956
v -0.011165 1.038412 0.066576
v -0.032056 1.053489 0.021758
v -0.034618 1.045717 0.043779
v -0.050555 1.039472 0.044464
v -0.065153 1.024842 0.047231
v -0.073040 1.005848 0.052470
v -0.069223 0.976570 0.063173
v -0.055866 0.976941 0.083887
v -0.056796 0.986731 0.080663
v -0.065122 0.984451 0.069598
v -0.038032 0.986333 0.092255
v -0.042409 0.994544 0.089456
v -0.022225 0.997227 0.093373
v -0.016448 1.015860 0.087782
v -0.010295 1.013036 0.087740
v -0.014271 0.991790 0.094808
v -0.007875 1.025440 0.079356
v -0.002533 1.031780 0.074972
v -0.008520 1.032752 0.072865
v -0.010687 1.032343 0.072286
v -0.012952 1.035989 0.069933
v -0.011792 1.053712 0.041444
v -0.022708 1.042270 -0.023427
v -0.042821 1.028930 -0.025827
v -0.038865 1.002769 -0.057178
v -0.062595 0.959593 -0.045094
v -0.070382 0.913229 -0.060316
v -0.080421 0.961870 0.009144
v -0.099302 0.896976 -0.002437
v -0.099601 0.891410 0.023788
v -0.086472 0.939388 0.053549
v -0.088776 0.839731 -0.015716
v -0.072648 0.880829 -0.075627
v -0.000000 0.921986 -0.097999
v -0.072204 0.834389 -0.101685
v -0.089461 0.799568 -0.044263
v -0.073555 0.956007 0.066037
v -0.080308 0.994311 0.026351
v -0.069358 1.021874 0.015872
v -0.056332 1.042796 0.015650
v -0.082624 0.847926 0.018862
v -0.108531 0.879915 0.111985
v -0.061817 0.952323 0.098234
v -0.053034 0.964915 0.091010
v -0.072025 0.775781 -0.133670
v -0.083781 0.769517 -0.034402
v -0.065562 0.751167 -0.010467
v -0.062660 0.781449 0.018512
v -0.077748 0.804939 -0.003279
v -0.063259 0.785707 0.055977
v -0.074445 0.815174 0.024425
v -0.107699 0.840092 0.116518
v -0.082125 0.804164 0.119104
v -0.031287 0.768553 0.032031
v -0.033872 0.743439 0.014968
v -0.031027 0.776235 0.064095
v -0.000000 0.774298 0.073600
v -0.061708 0.811827 0.151976
v -0.084918 0.851200 0.167984
v -0.084326 0.895740 0.168250
v -0.087589 0.920924 0.107604
v -0.060371 0.935750 0.148335
v -0.037894 0.913801 0.183025
v -0.000000 0.922568 0.180072
v -0.034492 0.969078 0.114094
v -0.029964 0.977779 0.095201
v -0.000000 0.983045 0.107560
v -0.000000 0.993053 0.096922
v -0.000000 1.010928 0.087537
v -0.004384 1.011817 0.087850
v -0.002851 1.024004 0.081780
v -0.000000 0.910493 0.185966
v -0.024459 0.902945 0.187969
v -0.000000 0.911316 0.182430
v -0.023302 0.903871 0.184670
v -0.034676 0.859242 0.191504
v -0.039924 0.859658 0.188258
v -0.031380 0.827060 0.181157
v -0.052077 0.858396 0.188366
v -0.034151 0.819200 0.174045
v -0.000000 0.817541 0.174083
v -0.026214 0.805751 0.164969
v -0.055912 0.790865 0.116067
v -0.039036 0.782362 0.099912
v -0.029702 0.830666 0.178186
v -0.000000 0.770823 0.101983
v -0.000000 1.043146 0.062051
v -0.000000 1.031557 0.075312
v -0.003220 1.043873 0.063023
v -0.071399 1.008495 -0.023709
v -0.055316 1.036154 -0.033603
v -0.059369 1.037036 -0.005873
v -0.078198 1.022704 -0.038602
v -0.062432 1.040292 -0.035162
v -0.069571 1.044056 -0.011486
v -0.076978 1.047434 -0.030250
v -0.082741 1.035041 -0.037334
v -0.070651 1.014490 -0.037325
v -0.021214 0.773344 0.101119
v -0.015386 0.779502 0.113840
v -0.000000 0.777352 0.113641
v -0.014063 0.785199 0.114076
v -0.000000 0.783778 0.114205
v -0.013139 0.791145 0.111099
v -0.027832 0.788642 0.110045
v -0.027144 0.791370 0.107185
v -0.037584 0.790528 0.107827
v -0.039226 0.789559 0.107619
v -0.039608 0.790727 0.113792
v -0.032225 0.795373 0.128110
v -0.019469 0.801909 0.140504
v -0.019749 0.808427 0.140885
v -0.020039 0.798033 0.146598
v -0.000000 0.800245 0.149181
v -0.046993 0.796897 0.141222
v -0.033439 0.793434 0.132472
v -0.041257 0.789041 0.115283
v -0.051929 0.784872 0.099556
v -0.029574 0.785502 0.109823
v -0.000000 0.833644 0.040775
v -0.025758 0.831694 0.041417
v -0.027343 0.859251 0.077353
v -0.025081 0.809228 0.043751
v -0.044508 0.809563 0.045498
v -0.046917 0.830348 0.046131
v -0.045578 0.843491 0.061338
v -0.026034 0.792474 0.070476
v -0.015773 0.786346 0.103288
v -0.030225 0.788645 0.100865
v -0.050825 0.793738 0.073842
v -0.042766 0.792174 0.104730
v -0.061748 0.810159 0.079988
v -0.058634 0.827344 0.092063
v -0.044709 0.799530 0.130796
v -0.029419 0.843845 0.112339
v -0.024850 0.816092 0.148768
v -0.037135 0.791722 0.106843
v -0.035297 0.798721 0.128482
v -0.040154 0.791878 0.113068
v -0.141238 0.083890 -0.079552
v -0.144723 0.077294 -0.127894
v -0.162011 0.134719 -0.126776
v -0.153862 0.118030 -0.063875
v -0.123755 0.101197 -0.180462
v -0.119953 0.062970 -0.167108
v -0.134323 0.038961 -0.129683
v -0.120317 0.031410 -0.157276
v -0.125650 0.020467 -0.163494
v -0.152329 0.028432 -0.116715
v -0.081283 0.050296 -0.168780
v -0.086431 0.023996 -0.163297
v -0.085549 0.013775 -0.170141
v -0.061370 0.050259 -0.140663
v -0.069507 0.023948 -0.137105
v -0.061067 0.013177 -0.137879
v -0.043206 0.102395 -0.143646
v -0.076069 0.088263 -0.177702
v -0.061415 0.002232 -0.135738
v -0.071286 0.123681 -0.181530
v -0.128341 0.142111 -0.183604
v -0.064796 0.150764 -0.185798
v -0.125114 0.181344 -0.190490
v -0.171338 0.207755 -0.131345
v -0.165526 0.217178 -0.038583
v -0.162538 0.277750 -0.054455
v -0.114093 0.192592 -0.017445
v -0.161217 0.156119 -0.050391
v -0.109659 0.141895 -0.031247
v -0.041868 0.135962 -0.076882
v -0.031781 0.149228 -0.071975
v -0.107480 0.111345 -0.043685
v -0.053484 0.111964 -0.075465
v -0.108479 0.081081 -0.064331
v -0.071847 0.065917 -0.084282
v -0.032929 0.131649 -0.145254
v -0.105949 0.048307 -0.083466
v -0.029258 0.145799 -0.145526
v -0.128196 0.050939 -0.096738
v -0.142069 0.039030 -0.073357
v -0.114087 0.038723 -0.060800
v -0.078637 0.028792 -0.081129
v -0.080561 0.035466 -0.095190
v -0.142110 0.026699 -0.078656
v -0.155525 0.024383 -0.095140
v -0.156692 0.011007 -0.095091
v -0.142343 0.006632 -0.070334
v -0.090211 0.028325 -0.064971
v -0.109910 0.028556 -0.063770
v -0.116386 0.006569 -0.057452
v -0.111187 0.010770 -0.061625
v -0.161792 0.031759 -0.094602
v -0.144408 0.034417 -0.072624
v -0.086063 0.031464 -0.059996
v -0.113040 0.033894 -0.058443
v -0.115253 0.007893 -0.055275
v -0.174056 0.016275 -0.077111
v -0.164631 0.017259 -0.065623
v -0.093085 0.017967 -0.038291
v -0.106025 0.018552 -0.037432
v -0.108011 0.002663 -0.036014
v -0.074010 0.699695 -0.010486
v -0.088351 0.620116 -0.002184
v -0.104586 0.620599 -0.024442
v -0.049254 0.624600 0.024016
v -0.040403 0.698365 0.016486
v -0.000000 0.630844 0.037002
v -0.053165 0.552185 0.016429
v -0.071071 0.437528 0.031944
v 0.000019 0.440708 0.058595
v -0.124044 0.429573 -0.014357
v -0.097498 0.547236 -0.021638
v -0.008035 0.347392 0.068509
v 0.000097 0.350309 0.068337
v -0.141542 0.342962 -0.006328
v -0.164284 0.349588 -0.057089
v -0.146459 0.424385 -0.062959
v -0.176971 0.344525 -0.152060
v -0.163684 0.421424 -0.148538
v -0.082617 0.326671 0.054239
v -0.131752 0.260767 -0.011747
v -0.074924 0.240974 0.024096
v -0.019943 0.162672 -0.064227
v -0.000000 0.160881 -0.063196
v -0.116203 0.535240 -0.059713
v -0.130697 0.419428 -0.230145
v -0.142217 0.316810 -0.238191
v -0.068430 0.411376 -0.264970
v -0.076304 0.296993 -0.278331
v -0.069477 0.223791 -0.246172
v -0.103028 0.540207 -0.223370
v -0.045093 0.549149 -0.244515
v -0.000000 0.400102 -0.268234
v -0.036472 0.174918 -0.193997
v -0.057515 0.166102 -0.188299
v -0.016300 0.161363 -0.146789
v -0.000000 0.260414 -0.270428
v -0.038886 0.656709 -0.235361
v 0.000000 0.662005 -0.243101
v -0.118589 0.721117 -0.148731
v -0.135388 0.517154 -0.132438
v -0.122001 0.616638 -0.041186
v -0.118613 0.697801 -0.055515
v -0.000000 0.160696 -0.145523
v -0.016589 0.159891 -0.103694
v -0.000000 0.158893 -0.102437
v -0.155099 0.675061 -0.073922
v -0.157493 0.693881 -0.151557
v -0.241020 0.639109 -0.148442
v -0.212206 0.609904 -0.211694
v -0.243187 0.594452 -0.204167
v -0.322785 0.588165 -0.126321
v -0.325628 0.555822 -0.174991
v -0.230697 0.628631 -0.085978
v -0.300903 0.583065 -0.073722
v -0.248509 0.569639 -0.070088
v -0.188145 0.600121 -0.072413
v -0.218829 0.537416 -0.126222
v -0.280561 0.551754 -0.061472
v -0.280655 0.515069 -0.110499
v -0.225597 0.550713 -0.190664
v -0.306168 0.520845 -0.173065
v -0.140060 0.570812 -0.204738
v -0.154000 0.551004 -0.127575
v -0.149217 0.608887 -0.060642
v -0.134983 0.641250 -0.216625
v -0.332280 0.512282 -0.158413
v -0.322375 0.490878 -0.134206
v -0.344712 0.503443 -0.158843
v -0.366980 0.524886 -0.157012
v -0.351663 0.537394 -0.157124
v -0.353628 0.560820 -0.110344
v -0.375052 0.557324 -0.103630
v -0.335016 0.555078 -0.065922
v -0.351876 0.547331 -0.053898
v -0.339553 0.537402 -0.050039
v -0.312720 0.533128 -0.055982
v -0.327845 0.480246 -0.127777
v -0.305058 0.508451 -0.101408
v -0.307120 0.507953 -0.067137
v -0.314649 0.521035 -0.053204
v -0.320708 0.487552 -0.100110
v -0.315302 0.515066 -0.049792
v -0.308032 0.482704 -0.050380
v -0.317835 0.499183 -0.038452
v -0.333132 0.504827 -0.024075
v -0.333305 0.503771 -0.028072
v -0.319651 0.499504 -0.040648
v -0.353948 0.503130 -0.048995
v -0.336450 0.521593 -0.039105
v -0.347967 0.492605 -0.038652
v -0.316518 0.482974 -0.026185
v -0.325925 0.487001 -0.021000
v -0.327315 0.480033 -0.017649
v -0.318749 0.476324 -0.021595
v -0.347124 0.479228 -0.022165
v -0.348676 0.484344 -0.025140
v -0.312060 0.484795 -0.050242
v -0.350474 0.528991 -0.043524
v -0.326171 0.526914 -0.046403
v -0.365395 0.540240 -0.042685
v -0.370174 0.511132 -0.050271
v -0.378836 0.539514 -0.029654
v -0.383446 0.516477 -0.032026
v -0.380647 0.537673 -0.034423
v -0.391724 0.515529 -0.017905
v -0.400554 0.538403 -0.021963
v -0.406933 0.533866 -0.017838
v -0.380060 0.552460 -0.057093
v -0.392576 0.549533 -0.043489
v -0.405363 0.545472 -0.056359
v -0.401685 0.542352 -0.055842
v -0.391596 0.546493 -0.045585
v -0.409242 0.514195 -0.055835
v -0.414571 0.539549 -0.037274
v -0.408339 0.542296 -0.028116
v -0.420718 0.515487 -0.047771
v -0.418891 0.535314 -0.031841
v -0.390014 0.512567 -0.072912
v -0.393717 0.544101 -0.072737
v -0.414798 0.539065 -0.072833
v -0.408681 0.536738 -0.076682
v -0.435271 0.532531 -0.073697
v -0.396779 0.550989 -0.095477
v -0.418525 0.542687 -0.090991
v -0.401263 0.533902 -0.114672
v -0.422125 0.532281 -0.107772
v -0.394065 0.505955 -0.108736
v -0.415097 0.531915 -0.105835
v -0.411931 0.539296 -0.091712
v -0.440425 0.535463 -0.086613
v -0.439538 0.527294 -0.097876
v -0.445236 0.524531 -0.094667
v -0.446414 0.529947 -0.084652
v -0.438498 0.503321 -0.098622
v -0.442743 0.528129 -0.073617
v -0.433271 0.509727 -0.065908
v -0.458652 0.518744 -0.073433
v -0.464015 0.518547 -0.079242
v -0.461739 0.516542 -0.085370
v -0.018953 0.243130 -0.308809
v -0.013582 0.238930 -0.295653
v -0.000000 0.267997 -0.320171
v -0.024226 0.261471 -0.301523
v -0.010243 0.250808 -0.281289
v -0.000000 0.243361 -0.279273
v -0.010518 0.265722 -0.277239
v -0.000000 0.262578 -0.274556
v -0.020283 0.270519 -0.275824
v -0.019790 0.279301 -0.288397
v -0.017650 0.286777 -0.280216
v -0.131774 0.244526 -0.214910
v -0.143781 0.018658 -0.048753
v -0.131111 0.018876 -0.043317
v -0.142146 0.036643 -0.070703
v -0.115835 0.036959 -0.058998
v -0.136529 0.034510 -0.073800
v -0.117086 0.034943 -0.065210
v -0.136416 0.010753 -0.071786
v -0.142398 0.007933 -0.067963
v -0.154953 0.006673 -0.116782
v -0.142510 0.010897 -0.076577
v -0.163664 0.008121 -0.094670
v -0.144823 0.007939 -0.069924
v -0.175156 0.003393 -0.077529
v -0.165459 0.003250 -0.064626
v -0.132847 0.003170 -0.089204
v -0.147503 0.004446 -0.104811
v -0.110451 0.003428 -0.077535
v -0.118777 0.010657 -0.062963
v -0.118301 0.008025 -0.055957
v -0.144739 0.003123 -0.047859
v -0.131058 0.003133 -0.042028
v -0.091651 0.003784 -0.077105
v -0.079334 0.006959 -0.078693
v -0.090053 0.010788 -0.061610
v -0.086340 0.008066 -0.055145
v -0.093791 0.002766 -0.035877
v -0.104261 0.006072 -0.097102
v -0.084783 0.003781 -0.109619
v -0.074321 0.002041 -0.130353
v -0.097780 0.002611 -0.110793
v -0.094281 0.001410 -0.152836
v -0.088811 0.002408 -0.166182
v -0.122017 0.001165 -0.151418
v -0.130688 0.003327 -0.133934
v -0.119729 0.001926 -0.120663
v -0.131938 0.004064 -0.161902
v -0.125818 0.006151 -0.108953
v -0.356245 0.494964 -0.157412
v -0.360051 0.478065 -0.140958
v -0.341314 0.476754 -0.121829
v -0.339634 0.485271 -0.096580
v -0.336202 0.486800 -0.074189
v -0.309301 0.497928 -0.066350
v -0.367414 0.487331 -0.121094
v -0.371090 0.498756 -0.091599
v -0.358230 0.501095 -0.069607
v -0.380196 0.490312 -0.136696
v -0.382318 0.513663 -0.152815
v -0.400320 0.486529 -0.149650
v -0.405351 0.496732 -0.132730
v -0.387767 0.492997 -0.118934
v -0.399158 0.511679 -0.150035
v -0.399858 0.491714 -0.147796
v -0.409284 0.490777 -0.154541
v -0.416072 0.490489 -0.155775
v -0.417125 0.497962 -0.119153
v -0.403773 0.500352 -0.132007
v -0.412826 0.494024 -0.136312
v -0.421445 0.496476 -0.141899
v -0.432779 0.489715 -0.158720
v -0.410703 0.507104 -0.086728
v -0.392274 0.502234 -0.088325
v -0.417602 0.500383 -0.104589
v -0.413501 0.508860 -0.067275
v -0.406899 0.511474 -0.072809
v -0.408304 0.511005 -0.087930
v -0.423011 0.506324 -0.085093
v -0.425748 0.510501 -0.065067
v -0.409476 0.505471 -0.101412
v -0.431161 0.502581 -0.101980
v -0.433744 0.509714 -0.084461
v -0.456650 0.507316 -0.068524
v -0.465225 0.497775 -0.076850
v -0.460776 0.505565 -0.088427
v -0.379848 0.506864 -0.063735
v -0.393696 0.516436 -0.047045
v -0.383700 0.513588 -0.028292
v -0.391350 0.519489 -0.048849
v -0.404459 0.512763 -0.035290
v -0.413762 0.510987 -0.056016
v -0.410569 0.516400 -0.029318
v -0.397957 0.514365 -0.014933
v -0.431550 0.503186 -0.006734
v -0.433689 0.509850 -0.017363
v -0.423566 0.514270 -0.041120
v -0.359278 0.509886 -0.053247
v -0.350470 0.494548 -0.063941
v -0.350427 0.491091 -0.037221
v -0.339729 0.484514 -0.049119
v -0.333111 0.474195 -0.059020
v -0.332812 0.478150 -0.058004
v -0.338183 0.486918 -0.049410
v -0.327111 0.462376 -0.051066
v -0.314417 0.476117 -0.034488
v -0.315831 0.470431 -0.029797
v -0.327529 0.460026 -0.047043
v -0.339122 0.474467 -0.040965
v -0.335020 0.470027 -0.033094
v -0.341735 0.457269 -0.011784
v -0.338834 0.445873 -0.015606
v -0.325014 0.455423 -0.011150
v -0.331924 0.447519 -0.025903
v -0.432921 0.498525 -0.158435
v -0.439992 0.503710 -0.155223
v -0.443924 0.483288 -0.154474
v -0.442019 0.494477 -0.141797
v -0.439159 0.503401 -0.147399
v -0.428078 0.513499 -0.151031
v -0.430783 0.512092 -0.140623
v -0.423872 0.518339 -0.149675
v -0.427598 0.515410 -0.138067
v -0.431624 0.498443 -0.131288
v -0.425963 0.500609 -0.125561
v -0.412976 0.502187 -0.120718
v -0.411847 0.519448 -0.128455
v -0.418245 0.523853 -0.126500
v -0.389619 0.533418 -0.138613
v -0.406273 0.522830 -0.141997
v -0.400884 0.509709 -0.157297
v -0.403273 0.521425 -0.139178
v -0.417834 0.509933 -0.155446
v -0.421393 0.507273 -0.156146
v -0.431287 0.523163 -0.016219
v -0.430562 0.523621 -0.009050
v -0.413479 0.537499 -0.023387
v -0.422605 0.522697 -0.007688
v -0.420949 0.510075 -0.003970
v -0.172427 0.276644 -0.143380
v -0.323966 0.453519 -0.021885
v -0.332072 0.461373 -0.010648
v -0.086000 0.659237 -0.223392
v -0.079379 0.741117 -0.174509
v -0.096012 0.703474 -0.040038
v -0.011816 0.329586 0.067467
v -0.007013 0.340398 0.072669
v -0.008033 0.335685 0.073966
v 0.000192 0.328600 0.074607
v -0.050329 1.036807 0.066014
v -0.035595 1.043113 0.065968
v -0.045385 1.026349 0.075646
v -0.022410 1.043705 0.065837
v -0.064324 1.023355 0.066320
v -0.056944 1.015268 0.075421
v -0.071745 1.005085 0.066579
v -0.064798 1.002690 0.072753
v -0.066913 0.986929 0.067190
v -0.026821 1.000101 0.044464
v -0.033943 1.033246 0.074602
v -0.021958 1.037168 0.072147
v -0.011481 1.026223 0.080141
v -0.027838 1.004680 0.092112
v 0.024812 1.013159 0.088033
v 0.003875 1.018487 0.079675
v 0.018182 1.030835 0.074609
v 0.005387 1.000556 0.087357
v 0.021581 0.990543 0.091870
v 0.040261 0.995989 0.089815
v 0.047362 1.012793 0.082740
v 0.037536 1.028301 0.075973
v -0.008997 1.018903 0.067742
v 0.014173 1.038900 0.059537
v -0.006548 0.989863 0.080183
v 0.019677 0.973647 0.087491
v 0.049929 0.982467 0.084163
v 0.061429 1.009681 0.072705
v 0.045516 1.034795 0.061746
v -0.022891 1.009179 0.030703
v 0.010085 1.037638 0.019026
v -0.019405 0.967850 0.048408
v 0.017917 0.944773 0.058809
v 0.060972 0.957325 0.054073
v 0.077337 0.996055 0.037767
v 0.054691 1.031797 0.022169
v -0.025892 1.013150 0.087797
v -0.033944 1.030427 0.074631
v -0.014445 1.028943 0.075298
v -0.003560 1.013996 0.081698
v -0.009484 0.996842 0.089011
v -0.027758 0.990398 0.091731
v -0.044620 0.999516 0.087809
v -0.047373 1.017330 0.080198
v -0.007342 1.035841 0.060799
v -0.038920 1.038244 0.059718
v 0.010286 1.011636 0.071164
v 0.000691 0.983855 0.083007
v -0.028902 0.973419 0.087411
v -0.056210 0.988185 0.081059
v -0.060668 1.017035 0.068735
v -0.044383 1.036713 0.019379
v 0.000557 1.033293 0.020917
v 0.025645 0.998845 0.035668
v 0.011990 0.959309 0.052523
v -0.030127 0.944456 0.058790
v -0.068990 0.965472 0.049751
v -0.075334 1.006530 0.032211
v 0.002534 0.803238 0.127911
v 0.002701 0.822968 0.132998
v 0.011545 0.823957 0.132383
v 0.009927 0.802623 0.125333
v 0.001638 0.805214 0.117403
v 0.007737 0.805331 0.117265
v -0.000000 0.805911 0.125913
v 0.019670 0.823246 0.129438
v 0.019052 0.803515 0.124396
v 0.020157 0.809417 0.119930
v 0.016603 0.810658 0.112144
v 0.013837 0.805449 0.114821
v 0.022322 0.806860 0.121187
v 0.023569 0.824526 0.125675
v 0.030752 0.825775 0.122173
v 0.026786 0.807264 0.115137
v 0.016761 0.808578 0.110146
v 0.022678 0.808927 0.108574
v 0.020603 0.824826 0.123696
v 0.036612 0.825334 0.116243
v 0.034627 0.807668 0.112084
v 0.034175 0.810324 0.109678
v 0.034978 0.825734 0.113344
v 0.026227 0.809276 0.103190
v 0.041517 0.808979 0.104582
v 0.036580 0.808007 0.109857
v 0.038512 0.825532 0.113504
v 0.043808 0.827180 0.106675
v 0.027026 0.809512 0.101366
v 0.028109 0.811456 0.103777
v 0.030826 0.804661 0.098579
v 0.032880 0.802901 0.099803
v 0.043678 0.809950 0.097030
v 0.033476 0.811288 0.091976
v 0.033697 0.803097 0.098319
v 0.041984 0.811604 0.095077
v 0.046552 0.827141 0.098011
v 0.034301 0.812140 0.091937
v 0.032436 0.805143 0.095683
v 0.034514 0.803292 0.096834
v 0.038305 0.828684 0.070163
v 0.036139 0.811453 0.070512
v 0.047524 0.810115 0.070468
v 0.049977 0.827307 0.070284
v 0.045178 0.805768 0.072239
v 0.037383 0.806679 0.072269
v 0.049543 0.815469 0.083663
v 0.045583 0.807455 0.083119
v 0.052817 0.828218 0.084282
v 0.047426 0.827224 0.094361
v 0.044363 0.810032 0.094390
v 0.046229 0.826875 0.095971
v 0.033594 0.811371 0.091334
v 0.034802 0.805617 0.088157
v 0.042138 0.804700 0.090239
v 0.038464 0.808369 0.081500
v -0.002534 0.803238 0.127911
v -0.009927 0.802623 0.125333
v -0.011545 0.823957 0.132383
v -0.002701 0.822968 0.132998
v -0.001638 0.805214 0.117403
v -0.007737 0.805331 0.117265
v -0.000000 0.807355 0.116905
v 0.000000 0.823323 0.130022
v -0.019670 0.823246 0.129438
v -0.019052 0.803515 0.124396
v -0.013837 0.805449 0.114821
v -0.022322 0.806860 0.121187
v -0.026786 0.807264 0.115137
v -0.030752 0.825775 0.122173
v -0.023569 0.824526 0.125675
v -0.016761 0.808578 0.110146
v -0.022678 0.808927 0.108574
v -0.020157 0.809417 0.119930
v -0.016603 0.810658 0.112144
v -0.020603 0.824826 0.123696
v -0.036612 0.825334 0.116243
v -0.034627 0.807668 0.112084
v -0.026227 0.809276 0.103191
v -0.001599 1.047539 0.009372
v -0.000797 1.047576 0.007043
v 0.001193 1.060180 0.004563
v -0.002810 1.072855 0.012330
v -0.005331 1.076629 0.008596
v 0.007113 1.079447 0.020474
v 0.005044 1.081713 0.021261
v -0.006337 1.074794 0.011630
v 0.003435 1.079622 0.023043
v 0.013081 1.082132 0.034489
v 0.013090 1.081995 0.034511
v 0.001484 1.048061 0.007837
v 0.009526 1.061127 0.007451
v 0.006836 1.060032 0.015849
v 0.000681 1.048024 0.010166
v -0.001497 1.059085 0.012962
v -0.001804 1.074690 0.009295
v 0.005504 1.077356 0.022256
v 0.031457 1.066967 -0.001130
v 0.031453 1.067101 -0.000965
v 0.018254 1.067039 0.003263
v 0.018481 1.065114 0.000852
v 0.002807 1.064898 0.003972
v -0.000232 1.058116 0.002043
v 0.002061 1.047992 0.004086
v 0.031493 1.066941 -0.000833
v 0.031498 1.066805 -0.000997
v 0.019120 1.062782 0.002773
v 0.018893 1.064707 0.005184
v 0.008682 1.058151 0.002286
v 0.006180 1.061135 0.007398
v 0.005308 1.061914 -0.001140
v 0.006024 1.056200 0.001038
v 0.003347 1.056982 0.004790
v 0.002445 1.057334 -0.001709
v 0.002928 1.047918 0.002925
v 0.001793 1.048181 0.002060
v 0.000925 1.048255 0.003221
v 0.001962 0.803681 0.110577
v 0.006747 0.804825 0.109726
v 0.007051 0.796245 0.106596
v 0.002031 0.796435 0.107391
v 0.001397 0.806473 0.105053
v 0.005744 0.806601 0.105346
v -0.000000 0.806014 0.103415
v -0.000000 0.796936 0.105489
v 0.002379 0.793965 0.105335
v 0.011250 0.797064 0.105219
v 0.012975 0.804269 0.105122
v 0.011853 0.804849 0.109057
v 0.009776 0.807352 0.104555
v 0.012293 0.797529 0.101971
v 0.013835 0.797292 0.102936
v 0.014227 0.804762 0.106564
v 0.019689 0.797439 0.100228
v 0.018617 0.806503 0.103517
v 0.011919 0.807682 0.101013
v 0.016615 0.808068 0.099645
v 0.011488 0.806150 0.101116
v 0.014033 0.794916 0.101364
v 0.025308 0.798841 0.096629
v 0.019517 0.793314 0.097850
v 0.024261 0.799368 0.094818
v 0.026012 0.807441 0.100399
v 0.021829 0.808716 0.094156
v 0.020636 0.809961 0.095171
v 0.032784 0.809487 0.094008
v 0.033006 0.800710 0.088169
v 0.027334 0.799431 0.094520
v 0.028132 0.808087 0.098540
v 0.025960 0.807183 0.097647
v 0.021647 0.810581 0.093488
v 0.026355 0.813998 0.093015
v 0.028099 0.814173 0.094589
v 0.028996 0.814728 0.093215
v 0.027228 0.814498 0.091625
v 0.029852 0.815267 0.091848
v 0.035518 0.811850 0.088051
v 0.027972 0.813789 0.084477
v 0.028052 0.814978 0.090265
v 0.034551 0.812091 0.085669
v 0.036323 0.803882 0.081950
v 0.036275 0.804981 0.080590
v 0.028446 0.813348 0.084019
v 0.032746 0.794917 0.084645
v 0.027328 0.796886 0.092937
v 0.024405 0.797289 0.093650
v 0.037441 0.805667 0.079937
v 0.037777 0.803268 0.078236
v 0.042343 0.812262 0.070879
v 0.041614 0.816002 0.073877
v 0.036428 0.813157 0.086042
v 0.028122 0.814104 0.083946
v 0.030685 0.818392 0.083757
v 0.036373 0.817797 0.085212
v 0.039557 0.819691 0.075879
v 0.026143 0.820311 0.075857
v 0.039574 0.824304 0.066172
v 0.040344 0.822299 0.063540
v 0.027135 0.822293 0.061608
v 0.026782 0.816296 0.058810
v 0.040394 0.817399 0.060562
v 0.040990 0.815426 0.059035
v 0.027223 0.813945 0.057923
v 0.028780 0.824652 0.064244
v -0.000000 0.789945 0.104540
v -0.000000 0.795061 0.107226
v 0.001418 0.794772 0.107315
v 0.001951 0.789401 0.104798
v 0.006490 0.793105 0.105668
v 0.006997 0.788726 0.104081
v 0.011591 0.795380 0.104846
v 0.011048 0.789530 0.103127
v 0.012598 0.789857 0.101408
v 0.012624 0.796160 0.103467
v 0.013546 0.795892 0.102979
v 0.014037 0.790085 0.100844
v 0.019953 0.794536 0.099558
v 0.020083 0.789758 0.097474
v 0.026338 0.797495 0.096033
v 0.025628 0.790744 0.093695
v 0.027189 0.791129 0.092251
v 0.026098 0.798249 0.095230
v 0.027647 0.797761 0.095017
v 0.028606 0.791432 0.091326
v 0.033762 0.796363 0.086313
v 0.034713 0.793640 0.085803
v 0.037590 0.802590 0.081488
v 0.037625 0.795362 0.079185
v 0.038570 0.796551 0.077426
v 0.037587 0.803929 0.080629
v 0.038471 0.803967 0.079666
v 0.039485 0.798145 0.075241
v 0.042182 0.803356 0.067196
v 0.042250 0.808722 0.069304
v 0.040534 0.809206 0.050734
v 0.041753 0.817356 0.059111
v 0.025996 0.815289 0.058343
v 0.025297 0.808306 0.056408
v 0.026146 0.804906 0.054598
v 0.039978 0.805868 0.051312
v 0.041040 0.800304 0.065427
v 0.038325 0.795398 0.072611
v 0.036447 0.793758 0.075758
v 0.036293 0.792383 0.077274
v 0.033677 0.790711 0.083061
v 0.027947 0.789282 0.089077
v 0.026873 0.789322 0.090846
v 0.024627 0.788299 0.092139
v 0.020110 0.787427 0.096155
v 0.014165 0.786704 0.098606
v 0.012151 0.786306 0.099374
v 0.010940 0.785703 0.100631
v 0.007259 0.785558 0.101774
v 0.002088 0.785291 0.102226
v -0.000000 0.785497 0.101675
v -0.002088 0.785291 0.102226
v -0.001951 0.789401 0.104798
v -0.001418 0.794772 0.107315
v -0.006490 0.793105 0.105668
v -0.006997 0.788726 0.104081
v -0.011591 0.795380 0.104846
v -0.011048 0.789530 0.103127
v -0.012599 0.789857 0.101408
v -0.012624 0.796160 0.103467
v -0.013546 0.795892 0.102979
v -0.014037 0.790085 0.100844
v -0.019954 0.794536 0.099558
v -0.020084 0.789758 0.097474
v -0.026338 0.797495 0.096033
v -0.025628 0.790744 0.093695
v -0.027189 0.791129 0.092251
v -0.026098 0.798250 0.095230
v -0.027647 0.797762 0.095017
v -0.028606 0.791432 0.091326
v -0.033763 0.796363 0.086313
v -0.034713 0.793640 0.085803
v -0.037590 0.802590 0.081488
v -0.037625 0.795362 0.079185
v -0.038570 0.796551 0.077426
v -0.037587 0.803929 0.080629
v -0.038471 0.803967 0.079666
v -0.039485 0.798145 0.075241
v -0.042183 0.803356 0.067196
v -0.042250 0.808722 0.069304
v -0.040534 0.809206 0.050734
v -0.041753 0.817356 0.059111
v -0.025996 0.815289 0.058343
v -0.025297 0.808306 0.056408
v -0.026146 0.804906 0.054598
v -0.039978 0.805868 0.051312
v -0.041040 0.800304 0.065427
v -0.038325 0.795398 0.072611
v -0.036447 0.793758 0.075758
v -0.036293 0.792383 0.077274
v -0.040238 0.806875 0.068057
v -0.040990 0.815426 0.059035
v -0.027223 0.813945 0.057923
v -0.033677 0.790711 0.083061
v -0.027947 0.789282 0.089077
v -0.026873 0.789322 0.090846
v -0.024627 0.788299 0.092139
v -0.020110 0.787427 0.096155
v -0.014165 0.786704 0.098606
v -0.012151 0.786306 0.099374
v -0.010941 0.785703 0.100631
v -0.007259 0.785558 0.101774
v 0.006472 0.791921 0.103865
v 0.010968 0.794372 0.103471
v 0.012298 0.795590 0.100882
v 0.024471 0.796141 0.095545
v 0.036137 0.801058 0.080707
v 0.036162 0.802863 0.079404
v 0.040238 0.806875 0.068057
v -0.001962 0.803681 0.110577
v -0.002031 0.796435 0.107391
v -0.007051 0.796245 0.106596
v -0.006747 0.804825 0.109726
v -0.001397 0.806473 0.105053
v -0.005744 0.806601 0.105346
v -0.000000 0.803514 0.108686
v -0.000000 0.794803 0.104073
v -0.011250 0.797064 0.105219
v -0.011853 0.804849 0.109057
v -0.011488 0.806150 0.101116
v -0.009776 0.807352 0.104555
v -0.013835 0.797292 0.102936
v -0.012293 0.797529 0.101972
v -0.012975 0.804269 0.105122
v -0.014227 0.804762 0.106564
v -0.019689 0.797439 0.100228
v -0.018617 0.806503 0.103517
v -0.011919 0.807682 0.101013
v -0.016615 0.808068 0.099645
v -0.025308 0.798841 0.096629
v -0.026012 0.807441 0.100399
v -0.021829 0.808716 0.094156
v -0.020637 0.809961 0.095171
v -0.032784 0.809487 0.094008
v -0.028132 0.808087 0.098540
v -0.027334 0.799431 0.094520
v -0.033006 0.800710 0.088169
v -0.025960 0.807183 0.097647
v -0.021647 0.810581 0.093488
v -0.024261 0.799368 0.094818
v -0.026355 0.813998 0.093015
v -0.025504 0.811786 0.089152
v -0.027228 0.814498 0.091625
v -0.028996 0.814728 0.093215
v -0.028099 0.814173 0.094589
v -0.029852 0.815267 0.091848
v -0.035518 0.811850 0.088051
v -0.027972 0.813789 0.084477
v -0.028052 0.814978 0.090265
v -0.034552 0.812091 0.085669
v -0.036323 0.803882 0.081950
v -0.032746 0.794917 0.084645
v -0.036137 0.801058 0.080707
v -0.036163 0.802863 0.079404
v -0.027329 0.796886 0.092937
v -0.024405 0.797289 0.093650
v -0.026782 0.816296 0.058810
v -0.027135 0.822293 0.061608
v -0.040344 0.822299 0.063540
v -0.040394 0.817399 0.060562
v -0.039574 0.824304 0.066172
v -0.028781 0.824652 0.064244
v -0.041614 0.816002 0.073877
v -0.039557 0.819691 0.075879
v -0.042343 0.812263 0.070879
v -0.037441 0.805668 0.079937
v -0.037777 0.803268 0.078236
v -0.036428 0.813157 0.086042
v -0.036275 0.804981 0.080590
v -0.028446 0.813348 0.084019
v -0.028122 0.814104 0.083946
v -0.030685 0.818392 0.083757
v -0.036373 0.817797 0.085212
v -0.026143 0.820311 0.075857
v -0.002379 0.793965 0.105335
v -0.006472 0.791921 0.103865
v -0.010968 0.794372 0.103471
v -0.012298 0.795590 0.100882
v -0.014033 0.794916 0.101364
v -0.019518 0.793314 0.097850
v -0.024472 0.796141 0.095545
vt 0.160623 0.890277
vt 0.145344 0.890576
vt 0.157741 0.907663
vt 0.167398 0.904377
vt 0.143372 0.868466
vt 0.161068 0.876519
vt 0.152140 0.849914
vt 0.170043 0.864712
vt 0.161864 0.834149
vt 0.181579 0.851088
vt 0.180381 0.817024
vt 0.194358 0.838106
vt 0.216208 0.822807
vt 0.225579 0.806082
vt 0.245649 0.827850
vt 0.234595 0.833082
vt 0.218644 0.831876
vt 0.227728 0.838475
vt 0.233408 0.852054
vt 0.241371 0.850392
vt 0.251539 0.851296
vt 0.242139 0.866697
vt 0.234232 0.866492
vt 0.235714 0.882949
vt 0.231040 0.879697
vt 0.239218 0.886507
vt 0.249798 0.869480
vt 0.224299 0.888963
vt 0.226088 0.891547
vt 0.230277 0.893968
vt 0.218733 0.895481
vt 0.223010 0.898862
vt 0.210429 0.905936
vt 0.211436 0.897303
vt 0.217682 0.894010
vt 0.213597 0.894212
vt 0.137612 0.897235
vt 0.154974 0.909623
vt 0.097310 0.859523
vt 0.110498 0.846247
vt 0.121047 0.830144
vt 0.138552 0.810707
vt 0.073879 0.820973
vt 0.104158 0.801397
vt 0.068976 0.800603
vt 0.131401 0.767876
vt 0.067593 0.765552
vt 0.134239 0.726743
vt 0.177565 0.786218
vt 0.189937 0.729353
vt 0.210491 0.732855
vt 0.219920 0.784219
vt 0.192985 0.677792
vt 0.131763 0.696786
vt 0.066102 0.731014
vt 0.121876 0.652829
vt 0.050669 0.655873
vt 0.061292 0.701969
vt 0.178963 0.637807
vt 0.218927 0.693057
vt 0.278983 0.750583
vt 0.266739 0.783051
vt 0.318750 0.779591
vt 0.299199 0.812663
vt 0.342119 0.811930
vt 0.351336 0.842637
vt 0.327988 0.858198
vt 0.267838 0.843946
vt 0.281030 0.871933
vt 0.266825 0.875262
vt 0.255918 0.879992
vt 0.241695 0.889264
vt 0.253749 0.815668
vt 0.330639 0.749185
vt 0.293749 0.725094
vt 0.231659 0.895995
vt 0.343081 0.712826
vt 0.313518 0.697296
vt 0.235521 0.666421
vt 0.274954 0.654290
vt 0.215369 0.650694
vt 0.243866 0.635779
vt 0.193882 0.614583
vt 0.223849 0.603629
vt 0.222911 0.559032
vt 0.198968 0.557270
vt 0.086315 0.556846
vt 0.107313 0.597626
vt 0.033455 0.602987
vt 0.013165 0.556034
vt 0.270118 0.618217
vt 0.258501 0.595398
vt 0.287543 0.586457
vt 0.253913 0.556954
vt 0.287168 0.553043
vt 0.293712 0.603378
vt 0.292822 0.635275
vt 0.310496 0.617153
vt 0.318004 0.665280
vt 0.329429 0.677832
vt 0.349433 0.694031
vt 0.372148 0.711916
vt 0.369852 0.728306
vt 0.394277 0.712259
vt 0.397085 0.721471
vt 0.320292 0.655967
vt 0.321996 0.641124
vt 0.323158 0.631655
vt 0.397978 0.726315
vt 0.373722 0.739345
vt 0.356510 0.764739
vt 0.368951 0.770251
vt 0.376292 0.742789
vt 0.398935 0.729410
vt 0.373126 0.771349
vt 0.360137 0.811039
vt 0.357473 0.810529
vt 0.365187 0.831987
vt 0.362259 0.833331
vt 0.211804 0.908463
vt 0.224426 0.900471
vt 0.005186 0.698564
vt 0.046826 0.719409
vt 0.059983 0.708049
vt 0.028191 0.740453
vt 0.008074 0.749127
vt 0.023078 0.764272
vt 0.059582 0.731930
vt 0.038708 0.745244
vt 0.029641 0.766288
vt 0.008871 0.795302
vt 0.011231 0.801695
vt 0.031873 0.803832
vt 0.048169 0.766464
vt 0.046380 0.790914
vt 0.061086 0.749569
vt 0.329057 0.642137
vt 0.327969 0.634088
vt 0.332559 0.641066
vt 0.330484 0.634204
vt 0.335797 0.637615
vt 0.331387 0.633918
vt 0.335865 0.650080
vt 0.338773 0.647352
vt 0.340636 0.658493
vt 0.335317 0.660799
vt 0.345940 0.664709
vt 0.344123 0.655347
vt 0.349131 0.661781
vt 0.358864 0.676476
vt 0.362176 0.673299
vt 0.374552 0.686783
vt 0.380258 0.683747
vt 0.390517 0.693896
vt 0.394923 0.693356
vt 0.372624 0.693235
vt 0.389679 0.696990
vt 0.357050 0.681458
vt 0.341745 0.668509
vt 0.332478 0.651500
vt 0.413359 0.613291
vt 0.434919 0.609441
vt 0.391898 0.570610
vt 0.386128 0.587247
vt 0.360135 0.573429
vt 0.367326 0.590228
vt 0.372545 0.601585
vt 0.384371 0.599795
vt 0.393423 0.607828
vt 0.337054 0.596039
vt 0.351388 0.611607
vt 0.333539 0.625055
vt 0.340424 0.630125
vt 0.343571 0.643240
vt 0.362781 0.624767
vt 0.350701 0.652662
vt 0.371802 0.629846
vt 0.382069 0.633389
vt 0.366218 0.668081
vt 0.407675 0.645398
vt 0.389113 0.678364
vt 0.431885 0.657319
vt 0.407782 0.687696
vt 0.579217 0.359244
vt 0.639469 0.353746
vt 0.638035 0.315095
vt 0.589977 0.301322
vt 0.529603 0.314803
vt 0.547129 0.278076
vt 0.593836 0.263549
vt 0.562411 0.249798
vt 0.567439 0.237627
vt 0.614571 0.255646
vt 0.576627 0.223495
vt 0.621043 0.236593
vt 0.515492 0.254081
vt 0.529314 0.231734
vt 0.534231 0.222059
vt 0.539150 0.211820
vt 0.487404 0.235951
vt 0.502128 0.216230
vt 0.502508 0.203854
vt 0.446957 0.271234
vt 0.494117 0.286321
vt 0.505429 0.193822
vt 0.469371 0.310096
vt 0.515724 0.350894
vt 0.459266 0.335097
vt 0.501371 0.386137
vt 0.567397 0.426020
vt 0.649269 0.443279
vt 0.646670 0.497278
vt 0.555281 0.489274
vt 0.699627 0.415338
vt 0.643791 0.389685
vt 0.691942 0.369114
vt 0.703560 0.478851
vt 0.765220 0.340447
vt 0.754153 0.329127
vt 0.686602 0.339954
vt 0.735656 0.312846
vt 0.675065 0.306268
vt 0.706297 0.274808
vt 0.797446 0.282076
vt 0.777577 0.260344
vt 0.736692 0.226172
vt 0.689880 0.247547
vt 0.715309 0.212778
vt 0.676105 0.248940
vt 0.709815 0.202280
vt 0.661496 0.234538
vt 0.702116 0.195682
vt 0.632406 0.276831
vt 0.664760 0.270890
vt 0.809006 0.289184
vt 0.675402 0.119342
vt 0.679633 0.090576
vt 0.710447 0.126696
vt 0.701019 0.140623
vt 0.641786 0.091983
vt 0.648470 0.122723
vt 0.609425 0.131943
vt 0.625064 0.153772
vt 0.691849 0.086589
vt 0.709863 0.106253
vt 0.734043 0.127250
vt 0.732388 0.105408
vt 0.696457 0.063890
vt 0.694055 0.057955
vt 0.607712 0.108658
vt 0.627497 0.086846
vt 0.589304 0.110822
vt 0.586260 0.133788
vt 0.625410 0.060272
vt 0.623616 0.065707
vt 0.630732 0.061261
vt 0.713176 0.103556
vt 0.737872 0.098522
vt 0.696301 0.084544
vt 0.704445 0.058530
vt 0.605255 0.103630
vt 0.622559 0.085404
vt 0.581639 0.105140
vt 0.615544 0.059774
vt 0.729859 0.080538
vt 0.744357 0.073379
vt 0.730971 0.057069
vt 0.722342 0.071452
vt 0.586311 0.082990
vt 0.596255 0.072217
vt 0.573523 0.079280
vt 0.587754 0.060343
vt 0.290563 0.454940
vt 0.270070 0.453213
vt 0.261062 0.516299
vt 0.288092 0.515526
vt 0.324621 0.463853
vt 0.319368 0.519157
vt 0.350017 0.524206
vt 0.360939 0.475613
vt 0.370108 0.423480
vt 0.329718 0.409609
vt 0.345010 0.323190
vt 0.399356 0.338331
vt 0.294293 0.307438
vt 0.286022 0.398011
vt 0.412980 0.267544
vt 0.417821 0.272125
vt 0.300892 0.241097
vt 0.261423 0.239990
vt 0.256196 0.298095
vt 0.192363 0.232355
vt 0.192661 0.290194
vt 0.361985 0.241802
vt 0.312488 0.179550
vt 0.366448 0.176905
vt 0.386823 0.083596
vt 0.402635 0.080579
vt 0.424568 0.170778
vt 0.374779 0.077432
vt 0.254590 0.384827
vt 0.128052 0.290038
vt 0.128815 0.215488
vt 0.074230 0.288839
vt 0.072234 0.204143
vt 0.131336 0.157638
vt 0.078215 0.144403
vt 0.124860 0.382023
vt 0.078908 0.394245
vt 0.021852 0.287847
vt 0.045678 0.402067
vt 0.013390 0.221620
vt 0.071687 0.084957
vt 0.087278 0.082287
vt 0.029116 0.127270
vt 0.045318 0.082060
vt 0.058371 0.042822
vt 0.069552 0.046057
vt 0.027333 0.192568
vt 0.013110 0.202306
vt 0.019029 0.162669
vt 0.031907 0.176453
vt 0.087408 0.474719
vt 0.058597 0.482658
vt 0.069649 0.534002
vt 0.136181 0.542268
vt 0.123114 0.471936
vt 0.171116 0.530545
vt 0.083756 0.042780
vt 0.199877 0.363837
vt 0.253169 0.448787
vt 0.241332 0.509372
vt 0.387523 0.052582
vt 0.399988 0.052175
vt 0.399295 0.020194
vt 0.387664 0.021088
vt 0.373036 0.024152
vt 0.557831 0.880776
vt 0.636476 0.889922
vt 0.634239 0.849096
vt 0.565860 0.841221
vt 0.588449 0.759363
vt 0.534360 0.770045
vt 0.543968 0.743981
vt 0.616258 0.678455
vt 0.574340 0.671007
vt 0.644502 0.769884
vt 0.660957 0.694754
vt 0.688609 0.735631
vt 0.685383 0.796283
vt 0.746554 0.753909
vt 0.692362 0.700863
vt 0.743121 0.705181
vt 0.507101 0.724340
vt 0.544059 0.659889
vt 0.464960 0.687841
vt 0.491687 0.637755
vt 0.463541 0.789489
vt 0.428425 0.726256
vt 0.760252 0.803274
vt 0.690699 0.833475
vt 0.510311 0.835148
vt 0.500686 0.618218
vt 0.553827 0.636179
vt 0.533940 0.611737
vt 0.559453 0.626269
vt 0.584307 0.635558
vt 0.583353 0.645289
vt 0.630229 0.640256
vt 0.634796 0.616260
vt 0.672546 0.654195
vt 0.680520 0.633754
vt 0.692337 0.642656
vt 0.701642 0.667356
vt 0.534169 0.600138
vt 0.566411 0.616811
vt 0.586444 0.627718
vt 0.508931 0.597587
vt 0.742198 0.691927
vt 0.727580 0.669430
vt 0.712299 0.661265
vt 0.760697 0.680802
vt 0.734238 0.667643
vt 0.717914 0.657745
vt 0.747506 0.659613
vt 0.732483 0.648619
vt 0.728164 0.633713
vt 0.730249 0.632282
vt 0.734821 0.647677
vt 0.726136 0.613863
vt 0.715715 0.620292
vt 0.709223 0.639470
vt 0.727919 0.614379
vt 0.751282 0.638601
vt 0.746320 0.630624
vt 0.751960 0.627244
vt 0.756511 0.634419
vt 0.745121 0.611384
vt 0.739858 0.612255
vt 0.747088 0.657813
vt 0.756417 0.645984
vt 0.761741 0.641622
vt 0.698533 0.632101
vt 0.705291 0.650400
vt 0.689879 0.619637
vt 0.713229 0.617843
vt 0.713761 0.620804
vt 0.718275 0.604778
vt 0.697071 0.606154
vt 0.718380 0.603642
vt 0.698758 0.603286
vt 0.725457 0.595894
vt 0.707498 0.586523
vt 0.712714 0.581947
vt 0.729080 0.589826
vt 0.672579 0.607006
vt 0.683802 0.596756
vt 0.675322 0.586458
vt 0.679105 0.584181
vt 0.686130 0.594527
vt 0.681732 0.559728
vt 0.683060 0.559681
vt 0.696872 0.576708
vt 0.702398 0.581732
vt 0.691658 0.555410
vt 0.701803 0.572057
vt 0.697521 0.552915
vt 0.669655 0.560947
vt 0.658064 0.588510
vt 0.647548 0.571436
vt 0.662986 0.551916
vt 0.662949 0.551432
vt 0.645655 0.564429
vt 0.640439 0.541965
vt 0.660120 0.536218
vt 0.635061 0.594383
vt 0.633206 0.573812
vt 0.609711 0.588161
vt 0.618106 0.570623
vt 0.591774 0.567124
vt 0.596473 0.555714
vt 0.618977 0.564226
vt 0.632849 0.566683
vt 0.630997 0.542121
vt 0.621710 0.542264
vt 0.600773 0.537849
vt 0.597703 0.553898
vt 0.621929 0.536697
vt 0.630704 0.536168
vt 0.603954 0.531046
vt 0.639787 0.535280
vt 0.657157 0.529143
vt 0.635412 0.520653
vt 0.630463 0.519168
vt 0.641969 0.512630
vt 0.629593 0.502512
vt 0.619311 0.513952
vt 0.626313 0.520116
vt 0.362866 0.845454
vt 0.352175 0.861906
vt 0.372051 0.864733
vt 0.376214 0.853084
vt 0.369389 0.895626
vt 0.386956 0.872514
vt 0.393847 0.848848
vt 0.390065 0.837480
vt 0.407573 0.856958
vt 0.408919 0.844912
vt 0.412789 0.843130
vt 0.413072 0.865427
vt 0.405983 0.901515
vt 0.405975 0.877972
vt 0.415350 0.880526
vt 0.422338 0.900474
vt 0.420468 0.305451
vt 0.448821 0.346845
vt 0.427010 0.292839
vt 0.484294 0.448813
vt 0.649526 0.035343
vt 0.670039 0.035102
vt 0.666370 0.051503
vt 0.653629 0.051384
vt 0.674570 0.081163
vt 0.646538 0.081336
vt 0.674600 0.084787
vt 0.646508 0.085045
vt 0.688804 0.059457
vt 0.632947 0.053589
vt 0.686098 0.051959
vt 0.631437 0.224361
vt 0.645435 0.210783
vt 0.648696 0.206646
vt 0.613243 0.226706
vt 0.632764 0.230651
vt 0.651757 0.212528
vt 0.648527 0.239038
vt 0.658465 0.229719
vt 0.631104 0.202734
vt 0.621442 0.217954
vt 0.635778 0.182038
vt 0.653586 0.182448
vt 0.654315 0.203634
vt 0.657510 0.187298
vt 0.659365 0.207725
vt 0.663591 0.185399
vt 0.676752 0.205119
vt 0.678378 0.192673
vt 0.632026 0.166724
vt 0.628118 0.156827
vt 0.651028 0.177545
vt 0.644373 0.161225
vt 0.657916 0.178464
vt 0.648534 0.155935
vt 0.671084 0.166227
vt 0.666486 0.155140
vt 0.618393 0.181131
vt 0.603830 0.167908
vt 0.584601 0.163781
vt 0.605537 0.178736
vt 0.570463 0.184853
vt 0.577483 0.154379
vt 0.558390 0.183259
vt 0.577649 0.207116
vt 0.593822 0.210529
vt 0.602118 0.198693
vt 0.571209 0.217672
vt 0.613375 0.201257
vt 0.487667 0.020393
vt 0.487776 0.007141
vt 0.449940 0.017120
vt 0.466800 0.028442
vt 0.512267 0.011737
vt 0.509956 0.028895
vt 0.531930 0.031970
vt 0.541378 0.005452
vt 0.478235 0.043523
vt 0.503088 0.059691
vt 0.526788 0.056758
vt 0.458417 0.048293
vt 0.432667 0.039314
vt 0.425821 0.052630
vt 0.442316 0.064571
vt 0.456458 0.074049
vt 0.472496 0.061323
vt 0.422697 0.057173
vt 0.439407 0.067271
vt 0.413935 0.071337
vt 0.432008 0.074915
vt 0.428654 0.080099
vt 0.413619 0.075157
vt 0.464620 0.087893
vt 0.460252 0.087967
vt 0.454304 0.076619
vt 0.452448 0.097605
vt 0.446114 0.082737
vt 0.481207 0.073723
vt 0.439439 0.089132
vt 0.420419 0.092807
vt 0.418434 0.104228
vt 0.433361 0.106679
vt 0.445643 0.100698
vt 0.413847 0.088330
vt 0.474457 0.092799
vt 0.492570 0.096952
vt 0.498100 0.079670
vt 0.513335 0.084843
vt 0.508833 0.104961
vt 0.502730 0.107655
vt 0.490728 0.101931
vt 0.486442 0.115803
vt 0.501972 0.125836
vt 0.478226 0.099313
vt 0.469339 0.116543
vt 0.483445 0.125326
vt 0.498447 0.131721
vt 0.488058 0.150061
vt 0.475862 0.155052
vt 0.468625 0.145469
vt 0.469595 0.123885
vt 0.523805 0.077993
vt 0.534229 0.096272
vt 0.538284 0.075836
vt 0.553684 0.093061
vt 0.551763 0.096390
vt 0.535749 0.098078
vt 0.561730 0.107847
vt 0.543113 0.113696
vt 0.524085 0.110383
vt 0.519420 0.110603
vt 0.527274 0.123199
vt 0.546367 0.120680
vt 0.562276 0.114254
vt 0.565404 0.137282
vt 0.560152 0.147228
vt 0.549377 0.144525
vt 0.532411 0.127965
vt 0.539960 0.067408
vt 0.544699 0.062497
vt 0.535234 0.049870
vt 0.558475 0.059469
vt 0.553308 0.044768
vt 0.551559 0.031675
vt 0.555607 0.031628
vt 0.557408 0.008191
vt 0.557839 0.010116
vt 0.555840 0.044828
vt 0.570179 0.027392
vt 0.572591 0.006567
vt 0.580570 0.007680
vt 0.572532 0.027102
vt 0.569127 0.043765
vt 0.577558 0.042803
vt 0.560279 0.058194
vt 0.582756 0.058514
vt 0.575617 0.061234
vt 0.603528 0.041827
vt 0.600946 0.034472
vt 0.608905 0.023688
vt 0.612877 0.033320
vt 0.593713 0.029039
vt 0.596494 0.020180
vt 0.530315 0.584324
vt 0.533262 0.596241
vt 0.541532 0.598418
vt 0.545391 0.592276
vt 0.544747 0.578864
vt 0.548704 0.587245
vt 0.556913 0.597331
vt 0.560119 0.588522
vt 0.561458 0.598310
vt 0.564030 0.589214
vt 0.557890 0.574598
vt 0.565277 0.573279
vt 0.576218 0.573040
vt 0.580440 0.589021
vt 0.587416 0.587989
vt 0.575952 0.570722
vt 0.599369 0.606739
vt 0.584254 0.601282
vt 0.574981 0.616054
vt 0.575190 0.612098
vt 0.580645 0.600723
vt 0.559119 0.607332
vt 0.553830 0.605871
vt 0.735024 0.552477
vt 0.721431 0.550410
vt 0.718234 0.561135
vt 0.722343 0.562814
vt 0.707224 0.577502
vt 0.724246 0.567763
vt 0.735241 0.566478
vt 0.197144 0.181483
vt 0.268435 0.186614
vt 0.776112 0.631470
vt 0.773230 0.622517
vt 0.766646 0.617845
vt 0.766373 0.608744
vt 0.182612 0.416234
vt 0.182627 0.396695
vt 0.205725 0.405185
vt 0.202902 0.421716
vt 0.182634 0.389470
vt 0.214276 0.404831
vt 0.182637 0.384957
vt 0.217845 0.401713
vt 0.221599 0.437469
vt 0.230445 0.441384
vt 0.205755 0.468617
vt 0.217098 0.494651
vt 0.182568 0.476862
vt 0.182543 0.509215
vt 0.182593 0.442617
vt 0.201252 0.441698
vt 0.159515 0.405149
vt 0.162314 0.421685
vt 0.148011 0.494600
vt 0.159393 0.468583
vt 0.150966 0.404781
vt 0.147402 0.401658
vt 0.143594 0.437409
vt 0.134743 0.441311
vt 0.163936 0.441670
vt 0.497193 0.877424
vt 0.425429 0.813130
vt 0.400071 0.737459
vt 0.526822 0.912694
vt 0.647229 0.912268
vt 0.692131 0.862292
vt 0.792342 0.813927
vt 0.412732 0.252489
vt 0.417519 0.261975
vt 0.418195 0.258541
vt 0.421726 0.265814
vt 0.424516 0.254274
vt 0.423559 0.244964
vt 0.185544 0.873340
vt 0.177662 0.884753
vt 0.187487 0.889704
vt 0.196685 0.878722
vt 0.177938 0.898590
vt 0.171509 0.894337
vt 0.194808 0.859372
vt 0.205496 0.864158
vt 0.204034 0.845230
vt 0.210869 0.849362
vt 0.171885 0.904982
vt 0.215112 0.833425
vt 0.409902 0.470449
vt 0.387606 0.488871
vt 0.437966 0.527532
vt 0.380423 0.502289
vt 0.376480 0.534515
vt 0.388950 0.561470
vt 0.413192 0.580306
vt 0.439649 0.586672
vt 0.465920 0.581605
vt 0.483271 0.567700
vt 0.491496 0.553885
vt 0.498822 0.532169
vt 0.494676 0.504238
vt 0.475837 0.478452
vt 0.444428 0.465806
vt 0.157741 0.907663
vt 0.145344 0.890576
vt 0.160623 0.890277
vt 0.167398 0.904377
vt 0.143372 0.868466
vt 0.161068 0.876519
vt 0.152140 0.849914
vt 0.170043 0.864712
vt 0.161864 0.834149
vt 0.181579 0.851088
vt 0.194358 0.838106
vt 0.180381 0.817024
vt 0.225579 0.806082
vt 0.216208 0.822807
vt 0.245649 0.827850
vt 0.234595 0.833082
vt 0.227728 0.838475
vt 0.218644 0.831876
vt 0.241371 0.850392
vt 0.233408 0.852054
vt 0.251539 0.851296
vt 0.234232 0.866492
vt 0.242139 0.866697
vt 0.231040 0.879697
vt 0.235714 0.882949
vt 0.239218 0.886507
vt 0.249798 0.869480
vt 0.226088 0.891547
vt 0.224299 0.888963
vt 0.230277 0.893968
vt 0.223010 0.898862
vt 0.218733 0.895481
vt 0.210429 0.905936
vt 0.211436 0.897303
vt 0.217682 0.894010
vt 0.213597 0.894212
vt 0.110498 0.846247
vt 0.121047 0.830144
vt 0.104158 0.801397
vt 0.131401 0.767876
vt 0.067526 0.765583
vt 0.134239 0.726743
vt 0.177565 0.786218
vt 0.189937 0.729353
vt 0.210491 0.732855
vt 0.219920 0.784219
vt 0.192985 0.677792
vt 0.131763 0.696786
vt 0.121876 0.652829
vt 0.178963 0.637807
vt 0.138552 0.810707
vt 0.218927 0.693057
vt 0.278983 0.750583
vt 0.253749 0.815668
vt 0.107313 0.597626
vt 0.086315 0.556846
vt 0.193882 0.614583
vt 0.198968 0.557270
vt 0.222911 0.559032
vt 0.223849 0.603629
vt 0.243866 0.635779
vt 0.215369 0.650694
vt 0.274954 0.654290
vt 0.235521 0.666421
vt 0.293749 0.725094
vt 0.313518 0.697296
vt 0.270118 0.618217
vt 0.258501 0.595398
vt 0.253913 0.556954
vt 0.292822 0.635275
vt 0.343081 0.712826
vt 0.330639 0.749185
vt 0.318750 0.779591
vt 0.266739 0.783051
vt 0.299199 0.812663
vt 0.342119 0.811930
vt 0.267838 0.843946
vt 0.357473 0.810529
vt 0.360137 0.811039
vt 0.368951 0.770251
vt 0.373126 0.771349
vt 0.373722 0.739345
vt 0.356510 0.764739
vt 0.369852 0.728306
vt 0.372148 0.711916
vt 0.349433 0.694031
vt 0.329429 0.677832
vt 0.318004 0.665280
vt 0.320292 0.655967
vt 0.321996 0.641124
vt 0.376292 0.742789
vt 0.046826 0.719409
vt 0.005186 0.698564
vt 0.059983 0.708049
vt 0.028191 0.740453
vt 0.008074 0.749127
vt 0.023078 0.764272
vt 0.059582 0.731930
vt 0.038708 0.745244
vt 0.029641 0.766288
vt 0.048169 0.766464
vt 0.046380 0.790914
vt 0.031873 0.803832
vt 0.061086 0.749569
vt 0.011231 0.801695
vt 0.008871 0.795302
vt 0.329057 0.642137
vt 0.332559 0.641066
vt 0.335797 0.637615
vt 0.335865 0.650080
vt 0.338773 0.647352
vt 0.340636 0.658493
vt 0.335317 0.660799
vt 0.345940 0.664709
vt 0.344123 0.655347
vt 0.349131 0.661781
vt 0.358864 0.676476
vt 0.362176 0.673299
vt 0.374552 0.686783
vt 0.380258 0.683747
vt 0.372624 0.693235
vt 0.357050 0.681458
vt 0.341745 0.668509
vt 0.332478 0.651500
vt 0.413359 0.613291
vt 0.386128 0.587247
vt 0.367326 0.590228
vt 0.372545 0.601585
vt 0.384371 0.599795
vt 0.393423 0.607828
vt 0.351388 0.611607
vt 0.340424 0.630125
vt 0.343571 0.643240
vt 0.362781 0.624767
vt 0.350701 0.652662
vt 0.371802 0.629846
vt 0.382069 0.633389
vt 0.366218 0.668081
vt 0.407675 0.645398
vt 0.389113 0.678364
vt 0.579217 0.359244
vt 0.589977 0.301322
vt 0.638035 0.315095
vt 0.639469 0.353746
vt 0.529603 0.314803
vt 0.547129 0.278076
vt 0.593836 0.263549
vt 0.562411 0.249798
vt 0.567439 0.237627
vt 0.614571 0.255646
vt 0.576627 0.223495
vt 0.621043 0.236593
vt 0.515492 0.254081
vt 0.529314 0.231734
vt 0.534231 0.222059
vt 0.539150 0.211820
vt 0.487404 0.235951
vt 0.502128 0.216230
vt 0.502508 0.203854
vt 0.446957 0.271234
vt 0.494080 0.286194
vt 0.505429 0.193822
vt 0.469371 0.310096
vt 0.515724 0.350894
vt 0.459266 0.335097
vt 0.501371 0.386137
vt 0.567397 0.426020
vt 0.649269 0.443279
vt 0.646670 0.497278
vt 0.555281 0.489274
vt 0.699627 0.415338
vt 0.643791 0.389685
vt 0.691942 0.369114
vt 0.703560 0.478851
vt 0.754153 0.329127
vt 0.765220 0.340447
vt 0.686602 0.339954
vt 0.735656 0.312846
vt 0.675065 0.306268
vt 0.706297 0.274808
vt 0.797446 0.282076
vt 0.777577 0.260344
vt 0.736692 0.226172
vt 0.689880 0.247547
vt 0.715309 0.212778
vt 0.676105 0.248940
vt 0.709815 0.202280
vt 0.661496 0.234538
vt 0.702116 0.195682
vt 0.632406 0.276831
vt 0.664760 0.270890
vt 0.809006 0.289184
vt 0.648470 0.122723
vt 0.625064 0.153772
vt 0.609425 0.131943
vt 0.641786 0.091983
vt 0.679633 0.090576
vt 0.675402 0.119342
vt 0.710447 0.126696
vt 0.701019 0.140623
vt 0.627497 0.086846
vt 0.607712 0.108658
vt 0.586260 0.133788
vt 0.589304 0.110822
vt 0.623616 0.065707
vt 0.625410 0.060272
vt 0.709863 0.106253
vt 0.691849 0.086589
vt 0.732388 0.105408
vt 0.734043 0.127250
vt 0.694055 0.057955
vt 0.696457 0.063890
vt 0.688804 0.059457
vt 0.605255 0.103630
vt 0.581639 0.105140
vt 0.622559 0.085404
vt 0.615544 0.059774
vt 0.713176 0.103556
vt 0.696301 0.084544
vt 0.737872 0.098522
vt 0.704445 0.058530
vt 0.586311 0.082990
vt 0.573523 0.079280
vt 0.587754 0.060343
vt 0.596255 0.072217
vt 0.729859 0.080538
vt 0.722342 0.071452
vt 0.744357 0.073379
vt 0.730971 0.057069
vt 0.290563 0.454940
vt 0.288092 0.515526
vt 0.261062 0.516299
vt 0.270070 0.453213
vt 0.324621 0.463853
vt 0.319368 0.519157
vt 0.329718 0.409609
vt 0.345010 0.323190
vt 0.294293 0.307438
vt 0.286022 0.398011
vt 0.412980 0.267544
vt 0.300892 0.241097
vt 0.261423 0.239990
vt 0.256196 0.298095
vt 0.192363 0.232355
vt 0.192661 0.290194
vt 0.361985 0.241802
vt 0.312488 0.179550
vt 0.366448 0.176905
vt 0.386823 0.083596
vt 0.374779 0.077432
vt 0.254590 0.384827
vt 0.128052 0.290038
vt 0.128815 0.215488
vt 0.074230 0.288839
vt 0.072234 0.204143
vt 0.131336 0.157638
vt 0.078215 0.144403
vt 0.124860 0.382023
vt 0.078908 0.394245
vt 0.071687 0.084957
vt 0.087278 0.082287
vt 0.069552 0.046057
vt 0.027333 0.192568
vt 0.031907 0.176453
vt 0.087408 0.474719
vt 0.136181 0.542268
vt 0.123114 0.471936
vt 0.171116 0.530545
vt 0.083756 0.042780
vt 0.199877 0.363837
vt 0.253169 0.448787
vt 0.241332 0.509372
vt 0.387523 0.052582
vt 0.387664 0.021088
vt 0.373036 0.024152
vt 0.557831 0.880776
vt 0.565860 0.841221
vt 0.634239 0.849096
vt 0.636476 0.889922
vt 0.588449 0.759363
vt 0.534360 0.770045
vt 0.543968 0.743981
vt 0.616258 0.678455
vt 0.574340 0.671007
vt 0.644502 0.769884
vt 0.660957 0.694754
vt 0.688609 0.735631
vt 0.685383 0.796283
vt 0.746554 0.753909
vt 0.692362 0.700863
vt 0.743121 0.705181
vt 0.507101 0.724340
vt 0.544059 0.659889
vt 0.464960 0.687841
vt 0.491687 0.637755
vt 0.463541 0.789489
vt 0.428425 0.726256
vt 0.760252 0.803274
vt 0.690699 0.833475
vt 0.510311 0.835148
vt 0.500686 0.618218
vt 0.553827 0.636179
vt 0.533940 0.611737
vt 0.559453 0.626269
vt 0.584307 0.635558
vt 0.583353 0.645289
vt 0.630229 0.640256
vt 0.634796 0.616260
vt 0.672546 0.654195
vt 0.680520 0.633754
vt 0.692337 0.642656
vt 0.701642 0.667356
vt 0.534169 0.600138
vt 0.566411 0.616811
vt 0.586444 0.627718
vt 0.508931 0.597587
vt 0.742198 0.691927
vt 0.727580 0.669430
vt 0.712299 0.661265
vt 0.760697 0.680802
vt 0.734238 0.667643
vt 0.717914 0.657745
vt 0.747506 0.659613
vt 0.732483 0.648619
vt 0.728164 0.633713
vt 0.730249 0.632282
vt 0.734821 0.647677
vt 0.726136 0.613863
vt 0.715715 0.620292
vt 0.709223 0.639470
vt 0.727919 0.614379
vt 0.751282 0.638601
vt 0.746320 0.630624
vt 0.751960 0.627244
vt 0.756511 0.634419
vt 0.745121 0.611384
vt 0.739858 0.612255
vt 0.747088 0.657813
vt 0.756417 0.645984
vt 0.761741 0.641622
vt 0.698533 0.632101
vt 0.705291 0.650400
vt 0.689879 0.619637
vt 0.713229 0.617843
vt 0.713761 0.620804
vt 0.718275 0.604778
vt 0.697071 0.606154
vt 0.718380 0.603642
vt 0.698758 0.603286
vt 0.725457 0.595894
vt 0.707498 0.586523
vt 0.712714 0.581947
vt 0.729080 0.589826
vt 0.672579 0.607006
vt 0.683802 0.596756
vt 0.675322 0.586458
vt 0.679105 0.584181
vt 0.686130 0.594527
vt 0.681732 0.559728
vt 0.683060 0.559681
vt 0.696872 0.576708
vt 0.702398 0.581732
vt 0.691658 0.555410
vt 0.701803 0.572057
vt 0.697521 0.552915
vt 0.669655 0.560947
vt 0.658064 0.588510
vt 0.647548 0.571436
vt 0.662986 0.551916
vt 0.662949 0.551432
vt 0.645655 0.564429
vt 0.640439 0.541965
vt 0.660120 0.536218
vt 0.635061 0.594383
vt 0.633206 0.573812
vt 0.609711 0.588161
vt 0.618106 0.570623
vt 0.591774 0.567124
vt 0.596473 0.555714
vt 0.618977 0.564226
vt 0.632849 0.566683
vt 0.630997 0.542121
vt 0.621710 0.542264
vt 0.600773 0.537849
vt 0.597703 0.553898
vt 0.621929 0.536697
vt 0.630704 0.536168
vt 0.603954 0.531046
vt 0.639787 0.535280
vt 0.657157 0.529143
vt 0.635412 0.520653
vt 0.630463 0.519168
vt 0.641969 0.512630
vt 0.629593 0.502512
vt 0.619311 0.513952
vt 0.626313 0.520116
vt 0.376214 0.853084
vt 0.372051 0.864733
vt 0.386956 0.872514
vt 0.393847 0.848848
vt 0.407573 0.856958
vt 0.413072 0.865427
vt 0.405975 0.877972
vt 0.415350 0.880526
vt 0.420468 0.305451
vt 0.427010 0.292839
vt 0.448821 0.346845
vt 0.484294 0.448813
vt 0.670039 0.035102
vt 0.666370 0.051503
vt 0.653629 0.051384
vt 0.649526 0.035343
vt 0.646538 0.081336
vt 0.674570 0.081163
vt 0.646508 0.085045
vt 0.674600 0.084787
vt 0.630732 0.061261
vt 0.686098 0.051959
vt 0.632947 0.053589
vt 0.631437 0.224361
vt 0.613243 0.226706
vt 0.648696 0.206646
vt 0.645435 0.210783
vt 0.632764 0.230651
vt 0.651757 0.212528
vt 0.648527 0.239038
vt 0.658465 0.229719
vt 0.631104 0.202734
vt 0.621442 0.217954
vt 0.635778 0.182038
vt 0.653586 0.182448
vt 0.654315 0.203634
vt 0.657510 0.187298
vt 0.659365 0.207725
vt 0.663591 0.185399
vt 0.676752 0.205119
vt 0.678378 0.192673
vt 0.632026 0.166724
vt 0.628118 0.156827
vt 0.651028 0.177545
vt 0.644373 0.161225
vt 0.657916 0.178464
vt 0.648534 0.155935
vt 0.671084 0.166227
vt 0.666486 0.155140
vt 0.618393 0.181131
vt 0.603837 0.167884
vt 0.584601 0.163781
vt 0.605537 0.178736
vt 0.570463 0.184853
vt 0.577483 0.154379
vt 0.558390 0.183259
vt 0.577649 0.207116
vt 0.593822 0.210529
vt 0.602118 0.198693
vt 0.571209 0.217672
vt 0.613375 0.201257
vt 0.487667 0.020393
vt 0.466800 0.028442
vt 0.449940 0.017120
vt 0.487776 0.007141
vt 0.512267 0.011737
vt 0.509956 0.028895
vt 0.531930 0.031970
vt 0.541378 0.005452
vt 0.478235 0.043523
vt 0.503088 0.059691
vt 0.526788 0.056758
vt 0.458417 0.048293
vt 0.432667 0.039314
vt 0.425821 0.052630
vt 0.442316 0.064571
vt 0.456458 0.074049
vt 0.472496 0.061323
vt 0.422697 0.057173
vt 0.439407 0.067271
vt 0.413935 0.071337
vt 0.432008 0.074915
vt 0.428654 0.080099
vt 0.413619 0.075157
vt 0.464620 0.087893
vt 0.460252 0.087967
vt 0.454304 0.076619
vt 0.452448 0.097605
vt 0.446114 0.082737
vt 0.481207 0.073723
vt 0.439439 0.089132
vt 0.420419 0.092807
vt 0.418434 0.104228
vt 0.433361 0.106679
vt 0.445643 0.100698
vt 0.413847 0.088330
vt 0.498027 0.079702
vt 0.492538 0.096988
vt 0.474457 0.092799
vt 0.513335 0.084843
vt 0.508824 0.104943
vt 0.502730 0.107655
vt 0.490728 0.101931
vt 0.486442 0.115803
vt 0.501972 0.125836
vt 0.478226 0.099313
vt 0.469339 0.116543
vt 0.483445 0.125326
vt 0.498447 0.131721
vt 0.488058 0.150061
vt 0.475862 0.155052
vt 0.468625 0.145469
vt 0.469595 0.123885
vt 0.523805 0.077993
vt 0.534229 0.096272
vt 0.538284 0.075836
vt 0.553684 0.093061
vt 0.551763 0.096390
vt 0.535749 0.098078
vt 0.561730 0.107847
vt 0.543113 0.113696
vt 0.524085 0.110383
vt 0.519420 0.110603
vt 0.527274 0.123199
vt 0.546367 0.120680
vt 0.562276 0.114254
vt 0.565404 0.137282
vt 0.560152 0.147228
vt 0.549377 0.144525
vt 0.532411 0.127965
vt 0.539960 0.067408
vt 0.544699 0.062497
vt 0.535234 0.049870
vt 0.558475 0.059469
vt 0.553308 0.044768
vt 0.551559 0.031675
vt 0.555607 0.031628
vt 0.557408 0.008191
vt 0.557839 0.010116
vt 0.555840 0.044828
vt 0.570179 0.027392
vt 0.572591 0.006567
vt 0.580570 0.007680
vt 0.572532 0.027102
vt 0.569127 0.043765
vt 0.577558 0.042803
vt 0.560279 0.058194
vt 0.582756 0.058514
vt 0.575617 0.061234
vt 0.603528 0.041827
vt 0.600946 0.034472
vt 0.608905 0.023688
vt 0.612877 0.033320
vt 0.593713 0.029039
vt 0.596494 0.020180
vt 0.530315 0.584324
vt 0.545391 0.592276
vt 0.541532 0.598418
vt 0.533262 0.596241
vt 0.544747 0.578864
vt 0.548704 0.587245
vt 0.556913 0.597331
vt 0.560119 0.588522
vt 0.561458 0.598310
vt 0.564030 0.589214
vt 0.557890 0.574598
vt 0.565277 0.573279
vt 0.576218 0.573040
vt 0.580440 0.589021
vt 0.587416 0.587989
vt 0.575952 0.570722
vt 0.599369 0.606739
vt 0.584254 0.601282
vt 0.574981 0.616054
vt 0.575190 0.612098
vt 0.580645 0.600723
vt 0.559119 0.607332
vt 0.553830 0.605871
vt 0.735024 0.552477
vt 0.722343 0.562814
vt 0.718234 0.561135
vt 0.721431 0.550410
vt 0.707224 0.577502
vt 0.724246 0.567763
vt 0.735241 0.566478
vt 0.197144 0.181483
vt 0.268435 0.186614
vt 0.773230 0.622517
vt 0.776112 0.631470
vt 0.766646 0.617845
vt 0.766373 0.608744
vt 0.497193 0.877424
vt 0.425429 0.813130
vt 0.400071 0.737459
vt 0.526822 0.912694
vt 0.647229 0.912268
vt 0.692131 0.862292
vt 0.792342 0.813927
vt 0.412732 0.252489
vt 0.417519 0.261975
vt 0.418195 0.258541
vt 0.187487 0.889704
vt 0.177662 0.884753
vt 0.185544 0.873340
vt 0.196685 0.878722
vt 0.177938 0.898590
vt 0.171509 0.894337
vt 0.194808 0.859372
vt 0.205496 0.864158
vt 0.204034 0.845230
vt 0.210869 0.849362
vt 0.171885 0.904982
vt 0.215112 0.833425
vt 0.409902 0.470449
vt 0.437816 0.527574
vt 0.387606 0.488871
vt 0.380423 0.502289
vt 0.376480 0.534515
vt 0.388950 0.561470
vt 0.413192 0.580306
vt 0.439649 0.586672
vt 0.465920 0.581605
vt 0.483271 0.567700
vt 0.491496 0.553885
vt 0.498822 0.532169
vt 0.494676 0.504238
vt 0.475837 0.478452
vt 0.444428 0.465806
vt 0.153725 0.086897
vt 0.145764 0.076424
vt 0.160618 0.073395
vt 0.148988 0.063670
vt 0.160970 0.058239
vt 0.172687 0.064220
vt 0.175316 0.077110
vt 0.166877 0.087202
vt 0.136562 0.078301
vt 0.149455 0.095261
vt 0.141784 0.057646
vt 0.161188 0.048850
vt 0.180163 0.058537
vt 0.184421 0.079412
vt 0.170754 0.095756
vt 0.126383 0.080377
vt 0.144732 0.104515
vt 0.133814 0.050982
vt 0.161429 0.038464
vt 0.188434 0.052249
vt 0.194493 0.081958
vt 0.175044 0.105218
vt 0.145764 0.076424
vt 0.153725 0.086897
vt 0.160618 0.073395
vt 0.148988 0.063670
vt 0.160970 0.058239
vt 0.172687 0.064220
vt 0.175316 0.077110
vt 0.166877 0.087202
vt 0.136562 0.078301
vt 0.149455 0.095261
vt 0.141784 0.057646
vt 0.161188 0.048850
vt 0.180163 0.058537
vt 0.184421 0.079412
vt 0.170754 0.095756
vt 0.144732 0.104515
vt 0.126383 0.080377
vt 0.133814 0.050982
vt 0.161429 0.038464
vt 0.188434 0.052249
vt 0.194493 0.081958
vt 0.175044 0.105218
vt 0.883933 0.694456
vt 0.880630 0.713179
vt 0.837546 0.711486
vt 0.835265 0.696194
vt 0.815389 0.710452
vt 0.816344 0.694827
vt 0.836930 0.718605
vt 0.814188 0.717038
vt 0.879293 0.721591
vt 0.880368 0.676274
vt 0.839048 0.679081
vt 0.840882 0.665379
vt 0.879506 0.663474
vt 0.818930 0.661370
vt 0.818040 0.676894
vt 0.880577 0.639192
vt 0.879370 0.656080
vt 0.841441 0.659145
vt 0.836788 0.643477
vt 0.816008 0.656177
vt 0.819247 0.643388
vt 0.875892 0.622401
vt 0.838312 0.625344
vt 0.837074 0.619079
vt 0.874331 0.615860
vt 0.816629 0.624227
vt 0.813691 0.630311
vt 0.873920 0.608704
vt 0.835787 0.612276
vt 0.835837 0.596659
vt 0.874418 0.589998
vt 0.810345 0.621272
vt 0.808018 0.606956
vt 0.812000 0.601872
vt 0.832691 0.579796
vt 0.811257 0.593093
vt 0.809319 0.573402
vt 0.807083 0.588280
vt 0.811342 0.597397
vt 0.831087 0.573000
vt 0.869349 0.571098
vt 0.867619 0.567187
vt 0.811020 0.572996
vt 0.801826 0.603123
vt 0.805748 0.597876
vt 0.829809 0.516008
vt 0.816302 0.497564
vt 0.856067 0.484126
vt 0.864292 0.508588
vt 0.822510 0.518797
vt 0.808313 0.513210
vt 0.844199 0.541456
vt 0.824687 0.541168
vt 0.871562 0.538596
vt 0.868852 0.563076
vt 0.831392 0.566853
vt 0.807749 0.572670
vt 0.804680 0.557549
vt 0.820190 0.556989
vt 0.808513 0.538124
vt 0.880193 0.749128
vt 0.832262 0.740555
vt 0.836595 0.725731
vt 0.879489 0.730113
vt 0.814501 0.723720
vt 0.813335 0.739299
vt 0.874146 0.766665
vt 0.833668 0.758020
vt 0.833586 0.771861
vt 0.871489 0.779270
vt 0.811321 0.772568
vt 0.812572 0.757225
vt 0.869117 0.803776
vt 0.826313 0.793091
vt 0.833290 0.778209
vt 0.870281 0.786663
vt 0.807773 0.776999
vt 0.809016 0.789739
vt 0.862766 0.820386
vt 0.824495 0.811443
vt 0.800471 0.800511
vt 0.284666 0.847350
vt 0.280683 0.842385
vt 0.279076 0.837724
vt 0.279280 0.830537
vt 0.269592 0.833203
vt 0.295962 0.824757
vt 0.276652 0.831803
vt 0.301347 0.841570
vt 0.278666 0.837877
vt 0.271607 0.839278
vt 0.296516 0.815499
vt 0.292374 0.813925
vt 0.289154 0.810358
vt 0.308464 0.787443
vt 0.308352 0.787348
vt 0.308591 0.787494
vt 0.285248 0.840796
vt 0.283642 0.836135
vt 0.293295 0.811933
vt 0.308481 0.787399
vt 0.318820 0.849953
vt 0.345241 0.858417
vt 0.345250 0.858748
vt 0.319274 0.854779
vt 0.320098 0.846108
vt 0.345321 0.858153
vt 0.287896 0.848534
vt 0.292904 0.858767
vt 0.294649 0.841675
vt 0.281812 0.852395
vt 0.287173 0.859906
vt 0.288977 0.846897
vt 0.286403 0.848306
vt 0.284130 0.850038
vt 0.345331 0.858482
vt 0.320552 0.850935
vt 0.299657 0.851909
vt 0.294338 0.854408
vt 0.288139 0.850630
vt 0.285867 0.852362
vt 0.907050 0.241206
vt 0.927920 0.242578
vt 0.925917 0.253117
vt 0.908456 0.252644
vt 0.939539 0.253918
vt 0.938994 0.242669
vt 0.926640 0.258625
vt 0.941781 0.258489
vt 0.907717 0.258816
vt 0.901480 0.258868
vt 0.901165 0.252061
vt 0.908322 0.230989
vt 0.895371 0.241708
vt 0.901038 0.230395
vt 0.907019 0.223295
vt 0.926489 0.223835
vt 0.926858 0.232185
vt 0.938915 0.221234
vt 0.938067 0.231099
vt 0.901692 0.222840
vt 0.907685 0.219373
vt 0.925918 0.220214
vt 0.905815 0.204793
vt 0.927984 0.207528
vt 0.940316 0.218149
vt 0.938716 0.206925
vt 0.901202 0.218392
vt 0.906670 0.189317
vt 0.894925 0.203855
vt 0.899905 0.189872
vt 0.900638 0.184269
vt 0.906172 0.184852
vt 0.927826 0.184615
vt 0.926936 0.189411
vt 0.942412 0.187937
vt 0.943565 0.192702
vt 0.906615 0.178043
vt 0.905384 0.158129
vt 0.927766 0.164966
vt 0.927994 0.179677
vt 0.946211 0.185310
vt 0.945812 0.171414
vt 0.941115 0.169650
vt 0.941983 0.166246
vt 0.947362 0.166360
vt 0.942080 0.162841
vt 0.930364 0.149678
vt 0.949626 0.147742
vt 0.946992 0.161254
vt 0.932127 0.144402
vt 0.909281 0.140514
vt 0.910943 0.136661
vt 0.948501 0.147005
vt 0.905118 0.135654
vt 0.902110 0.139885
vt 0.890322 0.154827
vt 0.899794 0.176771
vt 0.905072 0.130572
vt 0.911516 0.133061
vt 0.904507 0.102849
vt 0.917995 0.105587
vt 0.926792 0.110343
vt 0.932189 0.140585
vt 0.951024 0.146683
vt 0.951504 0.134760
vt 0.938980 0.133639
vt 0.936447 0.112620
vt 0.966822 0.116540
vt 0.938498 0.089729
vt 0.934622 0.085504
vt 0.961922 0.074067
vt 0.952956 0.059918
vt 0.926123 0.079011
vt 0.921730 0.076247
vt 0.948135 0.056016
vt 0.962319 0.084897
vt 0.863524 0.241585
vt 0.863916 0.244220
vt 0.850800 0.244324
vt 0.850175 0.239385
vt 0.860182 0.228744
vt 0.848853 0.227459
vt 0.863050 0.215731
vt 0.849537 0.217552
vt 0.848771 0.211905
vt 0.863941 0.212072
vt 0.863462 0.210041
vt 0.849168 0.207961
vt 0.859320 0.193096
vt 0.847109 0.191826
vt 0.863180 0.175167
vt 0.846825 0.175871
vt 0.846675 0.170599
vt 0.864271 0.173928
vt 0.863055 0.171243
vt 0.846977 0.166349
vt 0.855763 0.146916
vt 0.848924 0.146697
vt 0.862737 0.127027
vt 0.845469 0.129874
vt 0.846039 0.124425
vt 0.864303 0.124211
vt 0.863909 0.121815
vt 0.847227 0.117845
vt 0.850444 0.095268
vt 0.864043 0.094159
vt 0.845563 0.056622
vt 0.870429 0.064519
vt 0.873542 0.028800
vt 0.858063 0.022789
vt 0.848685 0.023061
vt 0.839542 0.056890
vt 0.841747 0.094595
vt 0.838277 0.115842
vt 0.837244 0.125340
vt 0.836767 0.130260
vt 0.839386 0.145325
vt 0.839831 0.164996
vt 0.841417 0.169872
vt 0.839851 0.176525
vt 0.840968 0.190908
vt 0.839963 0.206219
vt 0.839285 0.211841
vt 0.839159 0.216786
vt 0.839759 0.226240
vt 0.839061 0.238754
vt 0.838680 0.244443
vt 0.839191 0.250114
vt 0.850292 0.249272
vt 0.863603 0.246862
vt 0.860533 0.259774
vt 0.849222 0.261209
vt 0.863606 0.272789
vt 0.850074 0.271073
vt 0.849377 0.276684
vt 0.864546 0.276499
vt 0.864106 0.278591
vt 0.849805 0.280585
vt 0.859930 0.295591
vt 0.847695 0.296647
vt 0.863240 0.313915
vt 0.847039 0.312488
vt 0.846718 0.317612
vt 0.864659 0.315571
vt 0.863426 0.318824
vt 0.846696 0.321720
vt 0.852890 0.341295
vt 0.846473 0.341274
vt 0.860994 0.360034
vt 0.843628 0.358009
vt 0.844401 0.363309
vt 0.863016 0.363126
vt 0.862185 0.366065
vt 0.845520 0.369802
vt 0.848043 0.392418
vt 0.861563 0.393967
vt 0.841556 0.430810
vt 0.866720 0.423885
vt 0.868376 0.459710
vt 0.852670 0.465114
vt 0.843308 0.464473
vt 0.835550 0.430314
vt 0.839337 0.392815
vt 0.836516 0.371665
vt 0.835537 0.362395
vt 0.834895 0.357655
vt 0.867836 0.363940
vt 0.865721 0.368027
vt 0.868542 0.393198
vt 0.870352 0.423267
vt 0.871955 0.456783
vt 0.837090 0.342314
vt 0.839415 0.322601
vt 0.841383 0.318067
vt 0.840090 0.311594
vt 0.841544 0.297456
vt 0.840596 0.282308
vt 0.839891 0.276808
vt 0.839706 0.271963
vt 0.840148 0.262575
vt 0.866882 0.237903
vt 0.871005 0.244120
vt 0.865039 0.227969
vt 0.866455 0.217091
vt 0.869543 0.209953
vt 0.866162 0.206535
vt 0.864053 0.192407
vt 0.866319 0.179265
vt 0.869933 0.174596
vt 0.866228 0.167692
vt 0.860524 0.146645
vt 0.866091 0.130744
vt 0.868647 0.125629
vt 0.867777 0.120450
vt 0.871009 0.095166
vt 0.874035 0.065266
vt 0.877005 0.031861
vt 0.907334 0.276452
vt 0.908545 0.264977
vt 0.925994 0.264138
vt 0.928169 0.274622
vt 0.939602 0.263091
vt 0.939242 0.274320
vt 0.901265 0.265688
vt 0.908796 0.286668
vt 0.895649 0.276169
vt 0.901525 0.287416
vt 0.907658 0.294431
vt 0.927110 0.293335
vt 0.927298 0.285007
vt 0.939595 0.295620
vt 0.938530 0.285856
vt 0.902340 0.295015
vt 0.908418 0.298376
vt 0.901964 0.299551
vt 0.926626 0.296927
vt 0.907019 0.313062
vt 0.929103 0.309481
vt 0.941088 0.298566
vt 0.939883 0.309743
vt 0.908396 0.328586
vt 0.896167 0.314369
vt 0.901586 0.328285
vt 0.902477 0.334035
vt 0.907983 0.333181
vt 0.929768 0.331996
vt 0.928713 0.327450
vt 0.944546 0.328819
vt 0.945323 0.323838
vt 0.908675 0.340056
vt 0.929751 0.336251
vt 0.930204 0.351131
vt 0.909308 0.360171
vt 0.949223 0.331914
vt 0.946356 0.344627
vt 0.956194 0.346634
vt 0.947683 0.347986
vt 0.943227 0.348482
vt 0.942236 0.345965
vt 0.943596 0.351065
vt 0.935500 0.365950
vt 0.955486 0.362207
vt 0.948065 0.351466
vt 0.938230 0.370159
vt 0.915617 0.377217
vt 0.894836 0.365172
vt 0.908652 0.378884
vt 0.918111 0.380769
vt 0.953784 0.363877
vt 0.912545 0.382781
vt 0.901995 0.341900
vt 0.950537 0.427344
vt 0.979394 0.433954
vt 0.972961 0.449412
vt 0.943255 0.435175
vt 0.939392 0.438641
vt 0.968874 0.454073
vt 0.953655 0.422526
vt 0.977958 0.423228
vt 0.938602 0.404215
vt 0.947770 0.400328
vt 0.930702 0.410350
vt 0.919493 0.384326
vt 0.917876 0.415342
vt 0.913541 0.387900
vt 0.938840 0.373648
vt 0.956207 0.364025
vt 0.958851 0.375858
vt 0.946732 0.379196
vt 0.977040 0.391272
vt 0.867050 0.250464
vt 0.865414 0.260476
vt 0.866991 0.271387
vt 0.870175 0.278547
vt 0.866825 0.282097
vt 0.864696 0.296381
vt 0.865954 0.309510
vt 0.869926 0.312826
vn 0.1119 0.9428 0.3140
vn -0.0185 0.9809 0.1935
vn -0.0838 0.8317 0.5489
vn -0.0250 0.7680 0.6399
vn 0.2201 0.9754 -0.0087
vn 0.2935 0.9352 0.1979
vn 0.6322 0.7727 -0.0579
vn 0.5531 0.8235 0.1262
vn 0.8986 0.4384 -0.0197
vn 0.8161 0.5734 0.0721
vn 0.9742 0.2194 -0.0519
vn 0.9670 0.2000 0.1577
vn 0.8802 0.1334 0.4554
vn 0.8343 0.3504 0.4256
vn 0.6650 0.5317 0.5245
vn 0.7121 0.1766 0.6795
vn 0.6666 0.4429 0.5995
vn 0.6697 0.5833 0.4596
vn 0.5409 0.5919 0.5975
vn 0.2996 0.1570 0.9410
vn 0.3342 0.5551 0.7617
vn 0.0514 0.1926 0.9799
vn 0.4233 0.5853 0.6915
vn -0.0954 0.3828 0.9189
vn 0.3652 0.6365 0.6793
vn -0.1050 0.3621 0.9262
vn 0.1709 0.4030 0.8991
vn 0.3601 0.7044 0.6117
vn -0.0148 0.6389 0.7691
vn -0.0424 0.5665 0.8230
vn 0.2246 0.6569 0.7197
vn 0.0818 0.6662 0.7413
vn 0.5861 0.4713 0.6591
vn -0.0817 0.3460 0.9347
vn 0.0000 0.9962 0.0874
vn -0.0077 0.8723 0.4888
vn 0.0000 0.9207 -0.3902
vn 0.2442 0.8493 -0.4679
vn -0.0013 0.9038 -0.4279
vn 0.9689 0.1303 -0.2103
vn 0.0000 0.6812 -0.7320
vn 0.4270 0.3126 -0.8484
vn 0.0000 0.3641 -0.9314
vn 0.7707 0.2073 -0.6024
vn 0.0000 0.3134 -0.9496
vn 0.7672 0.2790 -0.5775
vn 0.9701 0.1658 -0.1770
vn 0.9751 0.0883 -0.2034
vn 0.9999 -0.0087 -0.0096
vn 0.9388 0.3120 0.1458
vn 0.9944 -0.1060 0.0011
vn 0.8052 0.2927 -0.5157
vn 0.0000 0.3810 -0.9246
vn 0.7898 0.2977 -0.5362
vn 0.0000 0.4981 -0.8671
vn 0.0000 0.4789 -0.8778
vn 0.9987 -0.0487 -0.0113
vn 0.9546 -0.2968 0.0270
vn 0.9807 0.1717 0.0930
vn 0.8285 0.5342 0.1677
vn 0.7120 0.3125 0.6287
vn 0.5289 0.6997 0.4802
vn 0.2447 0.5011 0.8300
vn 0.0000 0.5504 0.8349
vn 0.0000 0.6771 0.7359
vn 0.4002 0.8283 0.3921
vn 0.0000 0.8634 0.5044
vn 0.0000 0.7665 0.6422
vn 0.0000 0.6066 0.7950
vn 0.0020 0.3863 0.9224
vn 0.6891 0.6653 0.2873
vn 0.7073 -0.2704 0.6531
vn 0.9445 -0.3016 0.1303
vn 0.0042 0.5432 0.8396
vn 0.4987 -0.6471 0.5766
vn 0.6793 -0.6928 0.2418
vn 0.9609 -0.2751 0.0298
vn 0.6550 -0.7541 0.0461
vn 0.9395 -0.2148 0.2670
vn 0.7515 -0.5802 0.3140
vn 0.9725 -0.0472 0.2280
vn 0.7447 -0.1203 0.6565
vn 0.6979 0.1470 0.7009
vn 0.8034 0.3367 0.4911
vn 0.5672 0.6138 -0.5492
vn 0.7996 0.4213 -0.4279
vn 0.0000 0.5923 -0.8057
vn 0.0000 0.4861 -0.8739
vn 0.4190 -0.7637 0.4911
vn 0.5053 -0.1867 0.8425
vn 0.0000 -0.2513 0.9679
vn 0.4498 0.1152 0.8856
vn 0.0026 0.0892 0.9960
vn 0.0000 -0.8197 0.5728
vn 0.2509 -0.9566 0.1480
vn 0.0000 -0.9950 0.0994
vn 0.3401 -0.9152 0.2160
vn 0.3027 -0.9166 0.2611
vn 0.2432 -0.8770 0.4143
vn 0.1105 -0.7735 0.6240
vn 0.2643 -0.5987 0.7561
vn 0.0000 -0.7550 0.6557
vn 0.0000 -0.6089 0.7932
vn 0.3192 -0.8635 0.3904
vn 0.2843 -0.9233 0.2582
vn 0.0000 -0.9809 0.1943
vn 0.0000 -0.1188 0.9929
vn -0.0100 -0.2846 0.9586
vn 0.3406 -0.1418 0.9294
vn -0.8461 -0.1457 0.5126
vn 0.0280 0.8710 -0.4904
vn 0.0000 0.8252 -0.5648
vn 0.5801 0.3015 -0.7567
vn -0.3907 -0.3404 0.8552
vn -0.3497 -0.0812 0.9333
vn 0.0000 -0.5448 0.8386
vn 0.0000 -0.5232 0.8522
vn -0.0091 0.6599 0.7512
vn 0.7731 -0.3017 -0.5579
vn -0.4095 0.7319 -0.5446
vn -0.1876 0.2311 0.9546
vn 0.6982 -0.4834 -0.5280
vn -0.3815 0.6356 -0.6711
vn 0.3146 0.5932 0.7411
vn 0.4455 0.8802 -0.1636
vn 0.8695 0.0801 -0.4874
vn 0.2159 -0.4819 0.8492
vn 0.0000 -0.5682 0.8229
vn 0.0928 0.2123 0.9728
vn 0.0000 0.2608 0.9654
vn -0.0517 0.9523 0.3007
vn 0.0000 0.9924 0.1227
vn 0.1786 0.4149 0.8921
vn -0.0423 0.9955 0.0849
vn -0.4569 -0.0134 0.8894
vn -0.1075 -0.8546 0.5079
vn -0.9472 -0.3172 -0.0468
vn -0.2374 0.9606 0.1443
vn -0.6737 0.7315 -0.1050
vn -0.8356 -0.1593 -0.5258
vn -0.2391 0.7499 -0.6167
vn -0.4703 -0.4128 -0.7800
vn -0.1362 0.4791 -0.8671
vn 0.0000 -0.3897 -0.9209
vn 0.0000 0.4437 -0.8961
vn -0.1767 -0.9836 0.0370
vn 0.0000 -0.9986 -0.0529
vn -0.2810 -0.9560 0.0840
vn -0.3004 -0.9416 0.1518
vn 0.3609 -0.3565 0.8618
vn -0.4516 -0.8821 0.1337
vn 0.0000 -0.9968 0.0793
vn 0.0000 -0.4163 0.9092
vn -0.1187 -0.3887 0.9137
vn 0.0000 0.6091 0.7930
vn -0.0346 0.5501 0.8343
vn -0.4762 0.4346 0.7644
vn -0.6175 -0.3371 0.7107
vn -0.6178 -0.7201 0.3159
vn 0.0000 0.9024 0.4309
vn 0.0204 0.9232 0.3837
vn 0.0000 0.9939 -0.1105
vn -0.1372 0.9609 -0.2404
vn -0.1678 0.9729 -0.1588
vn -0.5526 0.8004 0.2322
vn -0.5877 0.7983 -0.1315
vn -0.9843 0.1762 0.0093
vn -0.8993 -0.3666 -0.2382
vn -0.6529 0.4366 -0.6190
vn -0.5834 -0.6930 -0.4234
vn -0.4256 0.0428 -0.9039
vn 0.0000 -0.8350 -0.5502
vn 0.0000 -0.1221 -0.9925
vn 0.9548 -0.1936 -0.2255
vn 0.7747 -0.4133 0.4784
vn 0.7406 -0.4755 0.4747
vn 0.9448 -0.2864 -0.1590
vn 0.4860 -0.2264 -0.8441
vn 0.5203 -0.2934 -0.8019
vn 0.9032 0.2810 -0.3243
vn 0.5249 0.2326 -0.8187
vn 0.4534 0.3405 -0.8237
vn 0.8498 0.4711 -0.2360
vn 0.5613 -0.5103 -0.6515
vn 0.7866 -0.5860 -0.1947
vn -0.3915 -0.2969 -0.8709
vn -0.4085 0.2344 -0.8821
vn -0.3826 0.0796 -0.9205
vn -0.2086 -0.7432 -0.6357
vn -0.9306 -0.3296 -0.1589
vn -0.9506 0.2513 -0.1820
vn -0.9494 0.2322 -0.2114
vn -0.9161 -0.3335 -0.2224
vn -0.3915 -0.2831 -0.8755
vn -0.7657 -0.6380 -0.0811
vn -0.3937 -0.1658 -0.9041
vn 0.5260 -0.0983 -0.8447
vn -0.3692 -0.2354 -0.8990
vn 0.5123 -0.2362 -0.8256
vn 0.9645 -0.0862 -0.2495
vn 0.7743 0.0565 0.6303
vn 0.9373 -0.0264 0.3474
vn 0.9816 -0.1007 -0.1621
vn -0.0752 -0.0858 0.9934
vn 0.8129 -0.2411 0.5301
vn -0.0692 -0.3096 0.9483
vn 0.6868 -0.3163 0.6543
vn -0.5553 -0.6434 0.5269
vn -0.7285 -0.4724 0.4960
vn -0.0444 -0.4722 0.8804
vn -0.7364 -0.3692 0.5669
vn 0.0352 -0.5171 0.8552
vn -0.6499 -0.4175 0.6351
vn -0.9232 -0.2754 -0.2680
vn -0.8852 0.1981 0.4210
vn -0.8132 0.4304 0.3916
vn -0.6798 -0.6373 0.3629
vn 0.8611 0.3133 0.4003
vn -0.1111 0.2676 0.9571
vn -0.8109 -0.5084 -0.2896
vn 0.6487 0.4535 0.6111
vn 0.0879 0.4775 0.8742
vn 0.6420 0.7643 0.0604
vn 0.3115 0.6821 -0.6615
vn 0.4863 -0.7345 -0.4732
vn 0.5966 -0.1876 0.7803
vn 0.5757 -0.4490 0.6833
vn -0.7308 0.6825 -0.0056
vn 0.0539 0.5989 0.7989
vn -0.6069 -0.7873 -0.1088
vn 0.1071 -0.4359 0.8936
vn -0.2851 -0.6130 0.7368
vn 0.1862 -0.1531 0.9705
vn 0.3051 0.7432 -0.5954
vn 0.3023 -0.5872 -0.7508
vn -0.4462 0.8013 0.3985
vn -0.6233 -0.5840 0.5199
vn -0.7235 0.6785 -0.1268
vn 0.6102 0.7882 -0.0797
vn -0.7796 -0.6061 -0.1576
vn 0.8008 -0.5725 -0.1758
vn 0.9203 0.3764 0.1058
vn 0.7642 -0.6440 -0.0348
vn 0.2040 -0.6518 0.7304
vn 0.3359 0.3889 0.8578
vn -0.5456 0.4005 0.7361
vn 0.4105 0.4461 0.7953
vn -0.4595 -0.6501 0.6051
vn 0.4884 -0.6411 0.5919
vn 0.6934 0.0544 0.7185
vn 0.7638 0.0412 0.6441
vn 0.4240 0.0501 0.9043
vn 0.0024 0.0577 0.9983
vn -0.0009 0.0553 0.9984
vn 0.4890 0.0527 0.8707
vn 0.5080 0.2017 0.8374
vn -0.0059 0.1704 0.9854
vn 0.7956 0.2213 0.5639
vn 0.7970 0.0542 0.6015
vn 0.1861 0.3186 0.9294
vn -0.0157 0.2677 0.9633
vn 0.8166 0.0671 0.5733
vn 0.9568 0.1137 0.2674
vn 0.9325 0.2348 0.2744
vn 0.9898 0.0586 -0.1295
vn 0.9716 0.2182 -0.0913
vn 0.4707 -0.0477 0.8810
vn 0.4111 -0.6018 0.6847
vn -0.0374 -0.8557 0.5161
vn 0.0117 -0.9427 0.3335
vn -0.0014 -0.6196 0.7849
vn 0.9369 0.0623 0.3439
vn 0.7341 0.1742 -0.6563
vn 0.7517 -0.0648 -0.6562
vn 0.2541 0.1444 -0.9563
vn 0.3255 -0.1355 -0.9358
vn 0.6895 -0.3775 -0.6181
vn 0.3045 -0.6261 -0.7178
vn 0.6065 0.0278 -0.7945
vn 0.2009 0.1194 -0.9723
vn 0.0000 0.1461 -0.9893
vn 0.0000 0.1056 -0.9944
vn 0.0000 0.0486 -0.9988
vn -0.0148 -0.7865 -0.6174
vn -0.2063 -0.4751 -0.8553
vn 0.0000 -0.6481 -0.7615
vn 0.0000 -0.8524 -0.5229
vn 0.0000 -0.9881 -0.1538
vn -0.3547 -0.9068 -0.2278
vn 0.4023 0.1999 -0.8934
vn 0.0000 0.2072 -0.9783
vn 0.0000 -0.7021 -0.7120
vn 0.3195 -0.5285 -0.7865
vn 0.2294 0.2559 -0.9391
vn 0.0000 0.2373 -0.9714
vn 0.2996 0.3415 -0.8908
vn 0.5175 0.8399 -0.1636
vn 0.9993 -0.0348 0.0154
vn 0.6694 -0.0991 0.7363
vn 0.5709 0.6245 0.5329
vn -0.2814 -0.9581 0.0526
vn 0.0000 -0.9999 0.0118
vn 0.5705 0.5659 0.5952
vn 0.5251 0.8145 -0.2467
vn 0.5475 0.8153 -0.1884
vn 0.2490 0.2234 -0.9424
vn 0.3803 0.2115 -0.9004
vn 0.6050 0.7911 -0.0904
vn 0.5315 0.2694 -0.8030
vn 0.3911 0.6326 0.6684
vn 0.3093 0.6505 0.6936
vn -0.2620 -0.2136 0.9411
vn 0.0661 -0.3419 0.9374
vn -0.3171 -0.9248 0.2100
vn -0.2879 -0.2042 0.9356
vn -0.3489 -0.9194 0.1813
vn -0.0753 -0.7109 -0.6992
vn 0.0253 -0.6945 -0.7190
vn 0.3666 -0.4305 -0.8248
vn 0.4048 -0.8563 0.3205
vn 0.3393 -0.3680 0.8657
vn 0.2305 0.2780 -0.9325
vn -0.6829 -0.7256 0.0839
vn -0.1366 -0.5178 -0.8445
vn -0.7483 -0.4447 -0.4921
vn -0.1884 -0.3141 -0.9305
vn 0.2951 0.3530 -0.8878
vn 0.5401 0.3689 -0.7564
vn 0.4678 0.8781 -0.1003
vn 0.2784 0.9459 -0.1666
vn 0.1564 0.7640 0.6260
vn -0.1317 0.7904 0.5983
vn -0.1967 0.5757 0.7936
vn -0.5157 0.1039 0.8504
vn -0.4712 -0.8369 -0.2784
vn 0.0594 -0.4952 -0.8667
vn 0.1655 0.0020 -0.9862
vn -0.5553 -0.8278 0.0804
vn -0.9795 -0.0874 0.1816
vn -0.7694 0.1331 0.6247
vn -0.9210 -0.3721 -0.1148
vn -0.7938 0.2651 0.5473
vn -0.6907 -0.6570 0.3022
vn -0.4346 -0.4390 0.7863
vn -0.0408 -0.0950 0.9946
vn -0.1737 -0.7285 0.6627
vn -0.2844 -0.5556 0.7812
vn 0.5084 -0.5661 0.6488
vn 0.8777 -0.1794 0.4444
vn 0.0120 0.4612 0.8872
vn -0.0727 -0.7482 0.6594
vn -0.8300 0.2627 0.4919
vn -0.2051 0.4822 0.8517
vn -0.1594 0.3639 0.9177
vn -0.7615 0.1021 0.6400
vn 0.8701 -0.0418 0.4910
vn 0.8746 0.2821 0.3944
vn -0.2957 -0.6709 0.6800
vn -0.9756 -0.2167 0.0354
vn -0.9461 -0.3104 0.0921
vn 0.0419 0.1553 0.9870
vn -0.3993 0.4114 0.8193
vn -0.3921 0.4532 0.8005
vn -0.1166 -0.8002 0.5883
vn 0.3735 -0.6090 0.6997
vn 0.2443 -0.4881 0.8379
vn 0.0604 0.3535 0.9335
vn 0.7953 -0.0791 0.6010
vn 0.5433 0.2098 0.8129
vn -0.5416 -0.5437 0.6411
vn -0.2446 0.6671 0.7037
vn -0.1269 0.5639 0.8160
vn -0.4232 -0.6415 0.6397
vn 0.0377 0.9851 0.1676
vn 0.5451 0.5338 0.6464
vn 0.8853 0.4388 0.1538
vn 0.7213 0.1778 0.6693
vn 0.6823 0.1869 0.7068
vn 0.8433 -0.5116 0.1645
vn 0.6233 0.0434 0.7808
vn 0.6607 0.7117 -0.2384
vn 0.2316 0.9243 0.3034
vn 0.6891 -0.3801 -0.6169
vn 0.7702 0.6273 -0.1153
vn 0.7242 -0.5875 -0.3608
vn 0.3684 -0.8702 0.3270
vn 0.5636 0.8121 0.1511
vn 0.8249 0.1676 0.5398
vn 0.6948 -0.4901 0.5263
vn 0.9942 0.1067 -0.0125
vn 0.9881 -0.1479 0.0411
vn 0.1530 0.7087 0.6887
vn -0.1464 -0.4299 0.8909
vn 0.3352 0.9342 -0.1217
vn 0.9703 0.2368 0.0480
vn 0.6216 0.6688 -0.4077
vn 0.9680 0.1293 -0.2147
vn 0.4511 -0.8394 0.3032
vn 0.7236 -0.6827 -0.1019
vn 0.9311 -0.1278 0.3417
vn 0.9704 -0.0194 0.2405
vn 0.4429 0.8907 -0.1027
vn 0.4620 0.4107 -0.7860
vn 0.1626 -0.7870 -0.5950
vn 0.9478 0.0454 0.3156
vn 0.5830 0.3728 -0.7218
vn 0.6305 0.7737 -0.0614
vn 0.3093 -0.8230 -0.4764
vn 0.3648 0.6187 0.6958
vn 0.0333 -0.5876 0.8084
vn 0.5059 0.5133 0.6932
vn 0.8687 0.4854 0.0981
vn 0.2190 -0.3314 0.9177
vn 0.5823 -0.7938 0.1751
vn 0.5338 -0.4605 -0.7092
vn 0.7577 0.3287 -0.5637
vn 0.0000 -0.9916 0.1292
vn 0.0000 -0.7017 -0.7125
vn 0.7942 -0.4331 -0.4261
vn 0.5710 -0.7241 0.3868
vn 0.0000 0.4115 -0.9114
vn 0.9738 0.1253 -0.1896
vn 0.6273 -0.3892 0.6745
vn 0.0000 -0.6891 0.7246
vn 0.6713 -0.6795 0.2959
vn 0.0000 -0.9378 0.3471
vn 0.0000 0.8151 -0.5792
vn 0.8992 0.3363 -0.2799
vn -0.1946 -0.6622 0.7236
vn 0.6755 -0.6502 0.3477
vn 0.7712 0.3495 0.5321
vn -0.0948 0.3616 0.9275
vn 0.6528 0.6992 -0.2915
vn -0.6463 0.7038 0.2948
vn 0.4813 0.4233 0.7675
vn 0.2961 0.3455 0.8905
vn 0.6419 -0.1945 0.7417
vn -0.7713 -0.6211 0.1392
vn 0.5989 -0.6211 -0.5054
vn 0.0667 -0.9977 0.0058
vn 0.7914 -0.3022 0.5313
vn -0.0227 -0.9994 0.0266
vn -0.1733 -0.9527 -0.2496
vn -0.0109 -0.9991 0.0399
vn -0.0333 -0.9914 0.1268
vn -0.0310 -0.9979 0.0569
vn -0.0052 -0.9863 0.1646
vn -0.0142 -0.9996 -0.0241
vn 0.0951 -0.9950 -0.0305
vn 0.1229 -0.9924 -0.0025
vn 0.0754 -0.9899 0.1198
vn 0.0282 -0.9959 0.0854
vn 0.0053 -0.9996 0.0268
vn 0.1199 -0.9231 -0.3652
vn 0.1337 -0.9638 0.2307
vn 0.1534 -0.9688 -0.1947
vn 0.3340 -0.9079 0.2533
vn 0.3045 -0.9131 0.2712
vn 0.4191 -0.8783 0.2299
vn 0.2663 -0.9164 -0.2987
vn 0.5580 -0.0288 -0.8293
vn 0.3713 -0.7678 -0.5220
vn 0.8299 -0.4318 -0.3533
vn 0.2877 -0.9094 0.3004
vn 0.8662 -0.2002 -0.4577
vn 0.9429 -0.1952 -0.2699
vn -0.1343 0.3760 -0.9168
vn -0.3631 -0.7142 -0.5984
vn -0.1350 -0.8213 -0.5542
vn 0.0150 0.2723 -0.9621
vn 0.8867 -0.4277 0.1757
vn 0.7256 -0.2648 -0.6350
vn 0.7507 -0.6383 -0.1705
vn 0.4471 -0.2951 0.8444
vn -0.0681 -0.9353 0.3471
vn 0.0903 -0.9608 0.2618
vn -0.1175 -0.5998 -0.7914
vn 0.5621 -0.7918 -0.2388
vn 0.7461 -0.2498 0.6172
vn 0.5592 -0.4669 0.6850
vn 0.1127 0.1686 -0.9792
vn 0.8942 -0.4161 0.1649
vn 0.1757 -0.9583 0.2251
vn 0.7483 -0.6520 0.1220
vn -0.0423 -0.9862 0.1602
vn 0.0285 -0.9786 0.2035
vn 0.3321 -0.9155 0.2270
vn 0.6774 -0.2562 0.6896
vn 0.5181 -0.5057 0.6897
vn -0.0531 -0.9961 0.0704
vn 0.0017 -0.9974 0.0723
vn -0.2528 -0.4213 0.8709
vn 0.4386 -0.7808 0.4450
vn 0.8388 -0.4706 -0.2737
vn 0.7020 -0.7099 -0.0575
vn 0.0075 -0.7928 0.6094
vn 0.0740 -0.9929 0.0929
vn 0.0376 -0.7364 0.6754
vn 0.3034 -0.8962 0.3238
vn -0.0336 -0.7241 -0.6889
vn 0.0199 -0.8918 -0.4520
vn 0.8090 -0.4983 -0.3116
vn 0.8230 -0.5124 -0.2451
vn 0.7905 -0.1315 0.5981
vn 0.4844 -0.8424 0.2359
vn -0.5872 -0.3377 0.7356
vn -0.0099 0.2012 0.9795
vn 0.0478 -0.9043 -0.4242
vn -0.7931 -0.6062 -0.0586
vn 0.6880 0.4968 -0.5289
vn 0.8104 0.5447 0.2158
vn 0.5112 0.6687 -0.5399
vn 0.7872 0.5761 0.2202
vn 0.2799 0.8533 -0.4398
vn 0.5923 0.7265 0.3484
vn 0.9290 -0.0070 -0.3700
vn 0.9640 0.2614 -0.0473
vn 0.3050 0.7839 -0.5408
vn 0.8293 0.0906 -0.5514
vn 0.8379 -0.1654 -0.5201
vn 0.8942 0.4408 -0.0782
vn 0.6446 0.4845 0.5914
vn 0.3695 0.8252 0.4272
vn -0.0427 0.4434 0.8953
vn 0.0000 -0.7358 0.6771
vn 0.0000 -0.9826 -0.1858
vn 0.4605 -0.8869 -0.0353
vn 0.5902 -0.5166 0.6203
vn 0.0000 -0.6267 -0.7793
vn 0.7395 -0.4692 -0.4826
vn 0.9844 0.0699 0.1613
vn 0.5550 0.5029 0.6626
vn 0.0000 0.5995 0.8003
vn 0.0000 0.0301 0.9995
vn 0.4741 0.0625 0.8782
vn -0.4605 -0.8869 -0.0353
vn -0.5902 -0.5166 0.6203
vn 0.3908 -0.3404 0.8552
vn -0.5550 0.5029 0.6626
vn -0.7395 -0.4692 -0.4826
vn -0.0280 0.8710 -0.4904
vn -0.9844 0.0699 0.1613
vn -0.5801 0.3015 -0.7567
vn -0.4741 0.0625 0.8782
vn 0.1518 -0.0374 0.9877
vn 0.2631 0.3893 0.8827
vn 0.0593 0.2398 0.9690
vn -0.0145 0.3819 0.9240
vn -0.2228 -0.1070 0.9689
vn -0.0970 -0.2745 0.9567
vn 0.4950 0.7444 0.4481
vn 0.2089 0.8665 0.4532
vn -0.1074 0.0706 0.9917
vn -0.0168 0.0244 0.9995
vn -0.2011 0.1409 0.9694
vn -0.1501 0.8772 0.4561
vn 0.7421 0.5110 0.4338
vn 0.0721 -0.0601 0.9956
vn 0.9042 0.0705 0.4211
vn 0.1540 -0.2005 0.9675
vn 0.5664 0.1060 0.8173
vn 0.3127 0.3181 0.8950
vn 0.0939 0.8241 0.5586
vn 0.0186 0.9809 0.1935
vn -0.1335 0.9362 0.3251
vn 0.0250 0.7680 0.6399
vn -0.2305 0.9727 -0.0272
vn -0.2935 0.9334 0.2063
vn -0.6159 0.7841 -0.0758
vn -0.5498 0.8250 0.1305
vn -0.8984 0.4387 -0.0204
vn -0.8142 0.5763 0.0702
vn -0.9621 0.2214 0.1593
vn -0.9821 0.1793 -0.0564
vn -0.8695 0.3413 0.3569
vn -0.7214 0.1628 0.6731
vn -0.6650 0.5317 0.5245
vn -0.7094 0.1965 0.6768
vn -0.6682 0.5692 0.4791
vn -0.6577 0.3995 0.6385
vn -0.3229 0.1443 0.9353
vn -0.5820 0.5644 0.5854
vn -0.3342 0.5551 0.7617
vn -0.4096 0.6068 0.6811
vn -0.0322 0.1906 0.9811
vn -0.3619 0.6398 0.6780
vn 0.1185 0.4033 0.9073
vn 0.0876 0.3832 0.9195
vn -0.1709 0.4030 0.8991
vn 0.0235 0.6205 0.7838
vn -0.3576 0.6991 0.6191
vn -0.0009 0.5488 0.8359
vn -0.0688 0.6799 0.7301
vn -0.2239 0.6563 0.7205
vn -0.5861 0.4713 0.6590
vn 0.0817 0.3460 0.9347
vn -0.2677 0.8509 -0.4519
vn 0.0110 0.9149 -0.4034
vn -0.4270 0.3126 -0.8484
vn -0.7707 0.2073 -0.6024
vn -0.7672 0.2790 -0.5775
vn -0.9767 0.1786 -0.1191
vn -0.9751 0.0883 -0.2034
vn -0.9999 -0.0087 -0.0096
vn -0.9121 0.3927 0.1177
vn -0.9944 -0.1060 0.0011
vn -0.8052 0.2927 -0.5157
vn -0.7898 0.2977 -0.5362
vn -0.9987 -0.0487 -0.0113
vn -0.9689 0.1303 -0.2103
vn -0.9546 -0.2968 0.0270
vn -0.9807 0.1717 0.0930
vn -0.6891 0.6653 0.2873
vn -0.7996 0.4213 -0.4279
vn -0.5672 0.6138 -0.5492
vn -0.9725 -0.0472 0.2280
vn -0.8034 0.3367 0.4911
vn -0.6979 0.1470 0.7009
vn -0.7447 -0.1203 0.6565
vn -0.7515 -0.5802 0.3140
vn -0.9395 -0.2148 0.2670
vn -0.6390 -0.7682 0.0385
vn -0.9615 -0.2738 0.0221
vn -0.9461 -0.2942 0.1353
vn -0.6697 -0.6957 0.2597
vn -0.4190 -0.7637 0.4911
vn -0.5053 -0.1867 0.8425
vn -0.4518 0.1180 0.8842
vn -0.2509 -0.9566 0.1480
vn -0.4987 -0.6471 0.5766
vn -0.7073 -0.2704 0.6531
vn -0.7120 0.3125 0.6287
vn -0.8285 0.5342 0.1677
vn -0.5289 0.6997 0.4802
vn -0.2447 0.5011 0.8300
vn -0.4002 0.8283 0.3921
vn 0.3497 -0.0812 0.9333
vn 0.8461 -0.1457 0.5126
vn 0.0100 -0.2846 0.9586
vn -0.3406 -0.1418 0.9294
vn -0.2643 -0.5987 0.7561
vn -0.1105 -0.7735 0.6240
vn -0.2432 -0.8770 0.4143
vn -0.2765 -0.9297 0.2430
vn -0.3297 -0.9119 0.2443
vn -0.3192 -0.8635 0.3904
vn -0.2843 -0.9233 0.2582
vn -0.7731 -0.3016 -0.5579
vn 0.4095 0.7319 -0.5446
vn 0.1876 0.2311 0.9546
vn -0.6982 -0.4834 -0.5280
vn 0.3815 0.6356 -0.6711
vn -0.3146 0.5932 0.7411
vn -0.4455 0.8802 -0.1636
vn -0.8695 0.0801 -0.4874
vn -0.2159 -0.4819 0.8492
vn -0.0928 0.2123 0.9728
vn 0.0517 0.9523 0.3007
vn -0.1786 0.4149 0.8921
vn 0.0423 0.9955 0.0849
vn 0.4569 -0.0134 0.8894
vn -0.0011 -0.8441 0.5362
vn 0.9472 -0.3173 -0.0468
vn 0.2374 0.9606 0.1442
vn 0.6737 0.7315 -0.1050
vn 0.8356 -0.1593 -0.5257
vn 0.2391 0.7500 -0.6167
vn 0.4703 -0.4128 -0.7800
vn 0.1362 0.4791 -0.8671
vn 0.1767 -0.9836 0.0370
vn 0.2810 -0.9560 0.0840
vn 0.2328 -0.9709 0.0569
vn -0.3609 -0.3565 0.8618
vn 0.4516 -0.8821 0.1337
vn 0.1187 -0.3887 0.9137
vn 0.0346 0.5501 0.8343
vn 0.4762 0.4346 0.7644
vn 0.6175 -0.3371 0.7107
vn 0.6178 -0.7201 0.3159
vn -0.0204 0.9232 0.3837
vn 0.1372 0.9609 -0.2404
vn 0.1678 0.9729 -0.1588
vn 0.5526 0.8004 0.2322
vn 0.5877 0.7983 -0.1315
vn 0.9843 0.1762 0.0093
vn 0.8993 -0.3666 -0.2382
vn 0.6529 0.4366 -0.6190
vn 0.5834 -0.6930 -0.4234
vn 0.4256 0.0428 -0.9039
vn -0.9549 -0.1932 -0.2256
vn -0.9436 -0.2916 -0.1567
vn -0.7355 -0.4888 0.4690
vn -0.7778 -0.4028 0.4824
vn -0.4743 -0.2221 -0.8519
vn -0.5359 -0.2784 -0.7971
vn -0.8983 0.2928 -0.3274
vn -0.5270 0.2452 -0.8137
vn -0.4534 0.3405 -0.8237
vn -0.8521 0.4664 -0.2374
vn -0.5613 -0.5103 -0.6515
vn -0.7866 -0.5860 -0.1947
vn 0.3722 -0.2852 -0.8832
vn 0.4078 0.2143 -0.8875
vn 0.3826 0.0796 -0.9205
vn 0.2086 -0.7432 -0.6357
vn 0.9324 -0.3254 -0.1574
vn 0.9552 0.2363 -0.1783
vn 0.9494 0.2322 -0.2114
vn 0.9154 -0.3240 -0.2388
vn 0.3904 -0.2289 -0.8917
vn 0.7657 -0.6380 -0.0811
vn 0.3814 -0.1934 -0.9039
vn -0.5197 -0.1131 -0.8468
vn 0.3536 -0.2907 -0.8890
vn -0.5122 -0.2441 -0.8234
vn -0.9644 -0.0893 -0.2489
vn -0.7744 0.0513 0.6306
vn -0.9373 -0.0264 0.3474
vn -0.9816 -0.1007 -0.1621
vn 0.1306 -0.0635 0.9894
vn -0.8134 -0.2410 0.5293
vn 0.0669 -0.3086 0.9488
vn -0.6817 -0.3177 0.6590
vn 0.7231 -0.4410 0.5316
vn 0.4892 -0.6630 0.5666
vn 0.0448 -0.4607 0.8864
vn 0.7334 -0.3753 0.5668
vn -0.0397 -0.5210 0.8526
vn 0.6507 -0.4094 0.6394
vn 0.9119 -0.2976 -0.2825
vn 0.8832 0.1991 0.4246
vn 0.8132 0.4304 0.3916
vn 0.6798 -0.6373 0.3629
vn -0.8699 0.2662 0.4152
vn 0.1088 0.2889 0.9511
vn 0.8109 -0.5084 -0.2896
vn -0.6541 0.4414 0.6142
vn -0.0835 0.4720 0.8776
vn -0.6420 0.7643 0.0604
vn -0.3115 0.6821 -0.6615
vn -0.4863 -0.7345 -0.4732
vn -0.5966 -0.1876 0.7803
vn -0.5757 -0.4490 0.6833
vn 0.7308 0.6825 -0.0056
vn -0.0539 0.5989 0.7989
vn 0.6069 -0.7873 -0.1088
vn -0.1071 -0.4359 0.8936
vn 0.2851 -0.6130 0.7368
vn -0.1862 -0.1531 0.9705
vn -0.3051 0.7432 -0.5954
vn -0.3023 -0.5872 -0.7508
vn 0.4462 0.8013 0.3985
vn 0.6233 -0.5840 0.5199
vn 0.7235 0.6785 -0.1268
vn -0.6102 0.7882 -0.0797
vn 0.7796 -0.6061 -0.1576
vn -0.8008 -0.5725 -0.1758
vn -0.9203 0.3764 0.1058
vn -0.7642 -0.6440 -0.0348
vn -0.2040 -0.6518 0.7304
vn -0.3359 0.3889 0.8578
vn 0.5456 0.4005 0.7361
vn -0.4105 0.4461 0.7953
vn 0.4595 -0.6501 0.6051
vn -0.4884 -0.6411 0.5919
vn -0.6934 0.0544 0.7185
vn -0.7638 0.0412 0.6441
vn -0.4254 0.0483 0.9037
vn -0.4879 0.0501 0.8715
vn -0.5085 0.1941 0.8389
vn -0.7934 0.2204 0.5674
vn -0.7970 0.0542 0.6015
vn -0.2625 0.2282 0.9375
vn -0.8098 0.0651 0.5830
vn -0.9568 0.1137 0.2674
vn -0.9325 0.2348 0.2744
vn -0.9898 0.0586 -0.1295
vn -0.9716 0.2182 -0.0913
vn -0.4714 -0.0489 0.8806
vn -0.4135 -0.5864 0.6966
vn 0.0246 -0.8685 0.4950
vn -0.9369 0.0623 0.3439
vn -0.7341 0.1742 -0.6563
vn -0.7517 -0.0648 -0.6562
vn -0.2541 0.1444 -0.9563
vn -0.3255 -0.1355 -0.9358
vn -0.6895 -0.3775 -0.6181
vn -0.3045 -0.6261 -0.7178
vn -0.6065 0.0278 -0.7945
vn -0.2009 0.1194 -0.9723
vn 0.0148 -0.7865 -0.6174
vn 0.2063 -0.4751 -0.8553
vn 0.3547 -0.9068 -0.2278
vn -0.4023 0.1999 -0.8934
vn -0.3195 -0.5285 -0.7865
vn -0.2294 0.2559 -0.9391
vn -0.2996 0.3415 -0.8908
vn -0.5175 0.8399 -0.1636
vn -0.9993 -0.0348 0.0154
vn -0.6694 -0.0991 0.7363
vn -0.5709 0.6245 0.5329
vn 0.2814 -0.9581 0.0526
vn -0.5251 0.8145 -0.2467
vn -0.5705 0.5659 0.5952
vn -0.5475 0.8153 -0.1884
vn -0.2490 0.2234 -0.9424
vn -0.3803 0.2115 -0.9004
vn -0.6050 0.7911 -0.0904
vn -0.5315 0.2694 -0.8030
vn -0.3911 0.6326 0.6684
vn -0.3093 0.6505 0.6936
vn 0.2620 -0.2136 0.9411
vn -0.0661 -0.3419 0.9374
vn 0.3171 -0.9248 0.2100
vn 0.2879 -0.2042 0.9356
vn 0.3489 -0.9194 0.1813
vn 0.0753 -0.7109 -0.6992
vn -0.0253 -0.6945 -0.7190
vn -0.3666 -0.4305 -0.8248
vn -0.4048 -0.8563 0.3205
vn -0.3393 -0.3680 0.8657
vn -0.2305 0.2780 -0.9325
vn 0.6829 -0.7256 0.0839
vn 0.1366 -0.5178 -0.8445
vn 0.7483 -0.4447 -0.4921
vn 0.1884 -0.3141 -0.9305
vn -0.2951 0.3530 -0.8878
vn -0.5401 0.3689 -0.7564
vn -0.4678 0.8781 -0.1003
vn -0.2784 0.9459 -0.1666
vn -0.1564 0.7640 0.6260
vn 0.1317 0.7904 0.5983
vn 0.1967 0.5757 0.7936
vn 0.5157 0.1039 0.8504
vn 0.4712 -0.8369 -0.2784
vn -0.0594 -0.4952 -0.8667
vn -0.1655 0.0020 -0.9862
vn 0.5553 -0.8278 0.0804
vn 0.9795 -0.0874 0.1816
vn 0.7694 0.1331 0.6247
vn 0.9210 -0.3721 -0.1148
vn 0.7938 0.2651 0.5473
vn 0.6907 -0.6570 0.3022
vn 0.4346 -0.4390 0.7863
vn 0.0408 -0.0950 0.9946
vn 0.1737 -0.7285 0.6626
vn 0.2844 -0.5556 0.7812
vn -0.5084 -0.5661 0.6488
vn -0.8777 -0.1794 0.4444
vn -0.0120 0.4612 0.8872
vn 0.0727 -0.7482 0.6594
vn 0.8300 0.2627 0.4919
vn 0.2051 0.4822 0.8517
vn 0.1594 0.3639 0.9177
vn 0.7615 0.1021 0.6400
vn -0.8701 -0.0418 0.4910
vn -0.8746 0.2821 0.3944
vn 0.2957 -0.6709 0.6800
vn 0.9756 -0.2167 0.0354
vn 0.9461 -0.3104 0.0921
vn -0.0419 0.1553 0.9870
vn 0.3993 0.4114 0.8193
vn 0.3921 0.4532 0.8005
vn 0.1166 -0.8002 0.5883
vn -0.3735 -0.6090 0.6997
vn -0.2443 -0.4881 0.8379
vn -0.0604 0.3535 0.9335
vn -0.7953 -0.0791 0.6010
vn -0.5433 0.2098 0.8129
vn 0.5416 -0.5437 0.6411
vn 0.2446 0.6671 0.7037
vn 0.1269 0.5639 0.8160
vn 0.4232 -0.6415 0.6397
vn -0.0377 0.9851 0.1676
vn -0.5451 0.5338 0.6464
vn -0.8853 0.4388 0.1538
vn -0.7213 0.1778 0.6693
vn -0.6823 0.1869 0.7068
vn -0.8433 -0.5116 0.1645
vn -0.6233 0.0434 0.7808
vn -0.6607 0.7117 -0.2384
vn -0.2316 0.9243 0.3034
vn -0.6891 -0.3801 -0.6169
vn -0.7702 0.6273 -0.1153
vn -0.7242 -0.5875 -0.3608
vn -0.3684 -0.8702 0.3270
vn -0.5636 0.8121 0.1511
vn -0.8249 0.1676 0.5398
vn -0.6948 -0.4901 0.5263
vn -0.9942 0.1067 -0.0125
vn -0.9881 -0.1479 0.0411
vn -0.1530 0.7087 0.6887
vn 0.1464 -0.4299 0.8909
vn -0.3352 0.9342 -0.1217
vn -0.9703 0.2368 0.0480
vn -0.6216 0.6688 -0.4077
vn -0.9680 0.1293 -0.2147
vn -0.4511 -0.8394 0.3032
vn -0.7236 -0.6827 -0.1019
vn -0.9311 -0.1278 0.3416
vn -0.9704 -0.0194 0.2405
vn -0.4429 0.8907 -0.1027
vn -0.4620 0.4107 -0.7860
vn -0.1626 -0.7870 -0.5950
vn -0.9478 0.0454 0.3156
vn -0.5830 0.3728 -0.7218
vn -0.6305 0.7737 -0.0614
vn -0.3093 -0.8230 -0.4764
vn -0.3648 0.6187 0.6958
vn -0.0333 -0.5876 0.8084
vn -0.5059 0.5133 0.6932
vn -0.8687 0.4854 0.0981
vn -0.2190 -0.3314 0.9177
vn -0.5823 -0.7938 0.1751
vn -0.5338 -0.4605 -0.7092
vn -0.7577 0.3287 -0.5637
vn -0.5710 -0.7241 0.3868
vn -0.7942 -0.4331 -0.4261
vn -0.9738 0.1253 -0.1896
vn -0.6273 -0.3892 0.6745
vn -0.6713 -0.6795 0.2959
vn -0.8992 0.3363 -0.2799
vn 0.1946 -0.6622 0.7236
vn 0.0948 0.3616 0.9275
vn -0.7712 0.3495 0.5321
vn -0.6755 -0.6502 0.3477
vn -0.6528 0.6992 -0.2915
vn 0.6463 0.7038 0.2948
vn -0.4813 0.4233 0.7675
vn -0.2961 0.3455 0.8905
vn -0.6419 -0.1945 0.7417
vn 0.7713 -0.6211 0.1392
vn -0.5989 -0.6211 -0.5054
vn -0.0667 -0.9977 0.0058
vn -0.7914 -0.3022 0.5313
vn 0.0227 -0.9994 0.0266
vn 0.1733 -0.9527 -0.2496
vn 0.0109 -0.9991 0.0399
vn 0.0333 -0.9914 0.1268
vn 0.0310 -0.9979 0.0569
vn 0.0052 -0.9863 0.1646
vn 0.0142 -0.9996 -0.0241
vn -0.0951 -0.9950 -0.0305
vn -0.1229 -0.9924 -0.0025
vn -0.0754 -0.9899 0.1198
vn -0.0282 -0.9959 0.0854
vn -0.0053 -0.9996 0.0268
vn -0.1199 -0.9231 -0.3652
vn -0.1337 -0.9638 0.2307
vn -0.1534 -0.9688 -0.1947
vn -0.3340 -0.9079 0.2533
vn -0.3045 -0.9131 0.2712
vn -0.4191 -0.8783 0.2299
vn -0.2663 -0.9164 -0.2987
vn -0.5580 -0.0288 -0.8293
vn -0.3713 -0.7679 -0.5220
vn -0.8299 -0.4318 -0.3533
vn -0.2877 -0.9094 0.3004
vn -0.8662 -0.2002 -0.4577
vn -0.9429 -0.1952 -0.2699
vn 0.1343 0.3760 -0.9168
vn 0.3631 -0.7142 -0.5984
vn 0.1350 -0.8213 -0.5542
vn -0.0150 0.2723 -0.9621
vn -0.8867 -0.4277 0.1757
vn -0.7256 -0.2648 -0.6350
vn -0.7507 -0.6383 -0.1705
vn -0.4471 -0.2951 0.8444
vn 0.0681 -0.9353 0.3471
vn -0.0903 -0.9608 0.2618
vn 0.1175 -0.5998 -0.7914
vn -0.5621 -0.7918 -0.2388
vn -0.7461 -0.2498 0.6172
vn -0.5592 -0.4669 0.6850
vn -0.1127 0.1686 -0.9792
vn -0.1757 -0.9583 0.2251
vn -0.8942 -0.4161 0.1649
vn -0.7483 -0.6520 0.1220
vn 0.0423 -0.9862 0.1602
vn -0.0285 -0.9786 0.2035
vn -0.3321 -0.9155 0.2270
vn -0.6774 -0.2562 0.6895
vn -0.5182 -0.5057 0.6897
vn 0.0531 -0.9961 0.0704
vn -0.0017 -0.9974 0.0723
vn 0.2528 -0.4213 0.8709
vn -0.4386 -0.7808 0.4450
vn -0.8388 -0.4706 -0.2737
vn -0.7020 -0.7099 -0.0575
vn -0.0075 -0.7928 0.6094
vn -0.0740 -0.9929 0.0929
vn -0.0376 -0.7364 0.6754
vn -0.3034 -0.8962 0.3238
vn 0.0336 -0.7241 -0.6888
vn -0.0199 -0.8918 -0.4520
vn -0.8090 -0.4983 -0.3116
vn -0.8230 -0.5124 -0.2451
vn -0.7905 -0.1315 0.5981
vn -0.4844 -0.8424 0.2359
vn 0.5872 -0.3376 0.7356
vn 0.0099 0.2012 0.9795
vn -0.0478 -0.9043 -0.4242
vn 0.7931 -0.6062 -0.0586
vn -0.6880 0.4968 -0.5289
vn -0.8104 0.5447 0.2158
vn -0.5112 0.6687 -0.5399
vn -0.7872 0.5761 0.2202
vn -0.2799 0.8533 -0.4398
vn -0.5923 0.7265 0.3484
vn -0.9290 -0.0070 -0.3700
vn -0.9640 0.2614 -0.0473
vn -0.3050 0.7839 -0.5408
vn -0.8293 0.0906 -0.5514
vn -0.8379 -0.1654 -0.5201
vn -0.6446 0.4845 0.5914
vn -0.8942 0.4408 -0.0782
vn -0.3695 0.8252 0.4272
vn 0.0427 0.4434 0.8953
vn -0.3690 0.0249 0.9291
vn -0.5135 0.3231 0.7949
vn -0.5766 0.0513 0.8154
vn 0.1074 0.0706 0.9917
vn -0.2050 0.8731 0.4424
vn -0.4926 0.7479 0.4449
vn 0.0168 0.0244 0.9995
vn 0.2011 0.1409 0.9694
vn 0.1387 0.8852 0.4440
vn -0.7382 0.5138 0.4370
vn -0.0721 -0.0601 0.9956
vn -0.9029 0.0655 0.4247
vn -0.1540 -0.2005 0.9675
vn -0.5664 0.1060 0.8173
vn -0.3127 0.3181 0.8950
vn -0.1523 0.7605 0.6312
vn -0.4523 0.5016 0.7374
vn -0.0133 0.3928 0.9195
vn -0.4206 0.1256 0.8985
vn -0.0810 -0.0844 0.9931
vn 0.3107 0.0298 0.9500
vn 0.4596 0.3822 0.8017
vn 0.2535 0.7074 0.6598
vn -0.7695 0.4950 0.4034
vn -0.2507 0.9428 0.2197
vn -0.7147 -0.1552 0.6820
vn -0.1274 -0.5183 0.8456
vn 0.5499 -0.3208 0.7711
vn 0.8074 0.2885 0.5145
vn 0.4511 0.8509 0.2691
vn -0.8672 0.4533 0.2063
vn -0.2800 0.9600 -0.0016
vn -0.8051 -0.2825 0.5215
vn -0.1406 -0.6934 0.7067
vn 0.6259 -0.4699 0.6223
vn 0.9173 0.2196 0.3320
vn 0.5141 0.8560 0.0543
vn 0.2384 0.7208 0.6507
vn -0.1704 0.7520 0.6367
vn -0.0016 0.3926 0.9197
vn 0.4667 0.4075 0.7849
vn 0.3424 0.0477 0.9383
vn -0.0407 -0.0874 0.9953
vn -0.3943 0.1038 0.9131
vn -0.4520 0.4774 0.7535
vn 0.4139 0.8744 0.2534
vn -0.2932 0.9282 0.2292
vn 0.8086 0.3323 0.4855
vn 0.5937 -0.2897 0.7507
vn -0.0689 -0.5234 0.8493
vn -0.6803 -0.1927 0.7071
vn -0.7802 0.4533 0.4311
vn -0.3313 0.9434 0.0091
vn 0.4688 0.8826 0.0364
vn 0.9154 0.2692 0.2991
vn 0.6723 -0.4347 0.5992
vn -0.0775 -0.6991 0.7108
vn -0.7695 -0.3249 0.5498
vn -0.8824 0.4060 0.2375
vn 0.2221 -0.2952 0.9293
vn -0.3285 -0.2298 0.9161
vn -0.3232 -0.7537 0.5722
vn 0.1187 -0.9000 0.4193
vn -0.4961 -0.8498 -0.1781
vn -0.0423 -0.9506 -0.3075
vn 0.0000 -0.8323 0.5543
vn 0.0000 -0.9874 -0.1584
vn 0.0000 -0.2297 0.9732
vn 0.7268 -0.2249 0.6489
vn 0.6161 -0.7097 0.3416
vn 0.2136 -0.8055 0.5527
vn 0.3515 -0.2318 0.9070
vn -0.5264 -0.8477 0.0664
vn 0.3663 -0.8359 -0.4087
vn 0.5966 -0.3384 0.7277
vn -0.0216 -0.2516 0.9676
vn -0.0529 -0.7577 0.6505
vn 0.3092 -0.9076 0.2839
vn -0.4674 -0.8828 0.0470
vn -0.0780 -0.9769 -0.1987
vn 0.9425 -0.2241 0.2477
vn 0.6954 -0.7006 0.1596
vn 0.4170 -0.8214 0.3891
vn 0.8751 -0.1547 0.4586
vn -0.1383 -0.9903 0.0135
vn 0.2863 -0.8410 -0.4589
vn 0.4233 -0.2259 0.8773
vn 0.1225 -0.6270 0.7693
vn 0.7695 -0.5295 0.3571
vn 0.8852 -0.1694 0.4333
vn -0.5895 -0.6045 0.5357
vn -0.6196 -0.7727 0.1380
vn -0.2430 -0.9495 0.1983
vn 0.8201 -0.4775 -0.3154
vn 0.1576 -0.8894 -0.4290
vn 0.3048 -0.4417 -0.8438
vn -0.1954 -0.6727 -0.7136
vn 0.5044 -0.8473 0.1659
vn 0.4627 -0.8859 0.0321
vn 0.9744 -0.2126 0.0728
vn 0.9357 -0.2172 0.2778
vn 0.0166 -0.9991 0.0380
vn 0.6296 -0.3538 -0.6917
vn -0.0236 -0.1694 -0.9852
vn 0.0034 -0.0147 -0.9999
vn 0.6538 -0.1013 -0.7498
vn 0.3591 -0.8401 -0.4065
vn -0.1080 -0.8058 -0.5822
vn 0.9374 -0.3095 0.1594
vn 0.5874 -0.8078 0.0495
vn 0.9613 -0.2239 0.1605
vn 0.8601 -0.1806 0.4770
vn 0.4718 -0.4923 0.7315
vn -0.2945 -0.4694 0.8324
vn -0.2218 -0.9065 0.3592
vn 0.2329 -0.9085 0.3470
vn -0.1051 -0.9897 -0.0963
vn -0.2221 -0.2952 0.9293
vn -0.1187 -0.9000 0.4193
vn 0.3232 -0.7537 0.5722
vn 0.3285 -0.2298 0.9161
vn 0.4961 -0.8498 -0.1781
vn 0.0423 -0.9506 -0.3075
vn -0.7268 -0.2249 0.6489
vn -0.6161 -0.7097 0.3416
vn -0.2136 -0.8055 0.5527
vn -0.3515 -0.2318 0.9070
vn 0.5264 -0.8477 0.0664
vn -0.3663 -0.8359 -0.4086
vn -0.5966 -0.3384 0.7277
vn -0.3092 -0.9076 0.2839
vn 0.0529 -0.7577 0.6505
vn 0.0216 -0.2516 0.9676
vn 0.4674 -0.8828 0.0469
vn 0.0780 -0.9769 -0.1987
vn -0.5815 -0.3608 0.7291
vn -0.2724 -0.7520 0.6002
vn 0.0753 -0.9839 -0.1622
vn -0.3112 -0.0149 -0.9502
vn -0.5788 -0.0745 -0.8121
vn -0.9561 -0.0908 0.2787
vn -0.8280 -0.1815 0.5305
vn -0.9674 0.0490 0.2482
vn 0.5473 -0.0306 0.8364
vn 0.2927 -0.1972 0.9356
vn 0.9193 0.1135 -0.3768
vn 0.7041 0.3854 -0.5964
vn -0.4988 0.5773 -0.6464
vn 0.8571 0.0094 -0.5150
vn -0.0378 0.9840 -0.1740
vn -0.7735 0.0949 0.6266
vn 0.4650 0.6400 0.6117
vn 0.5304 -0.2917 0.7960
vn 0.7193 -0.4772 -0.5048
vn 0.2564 -0.5103 0.8209
vn 0.1754 -0.9473 0.2679
vn -0.0438 0.9886 0.1437
vn 0.4996 0.8645 -0.0547
vn 0.4537 0.1580 -0.8770
vn -0.0385 0.1449 -0.9887
vn 0.2953 -0.0260 0.9550
vn 0.7735 0.0428 0.6323
vn -0.6185 0.7616 0.1931
vn -0.0875 0.3270 -0.9409
vn -0.0862 -0.1072 0.9905
vn -0.9840 0.1697 0.0547
vn -0.2456 -0.0415 -0.9685
vn -0.0576 -0.2719 0.9606
vn 0.1453 -0.0974 0.9846
vn -0.9651 -0.0932 0.2445
vn 0.7141 -0.6647 -0.2196
vn 0.3513 -0.9344 -0.0591
vn 0.4952 -0.8621 -0.1078
vn 0.7935 -0.5293 -0.3004
vn 0.9338 -0.3566 -0.0290
vn -0.1817 -0.3678 -0.9119
vn 0.2399 -0.4582 0.8558
vn 0.1026 0.4120 0.9054
vn -0.2816 0.2446 0.9278
vn -0.2922 -0.4951 0.8182
vn -0.4165 0.8185 0.3956
vn -0.0720 0.9185 0.3888
vn 0.0000 0.4250 0.9052
vn 0.0000 0.9035 0.4285
vn 0.0000 -0.5031 0.8642
vn 0.0000 0.3031 0.9529
vn 0.2138 0.6166 0.7577
vn 0.6866 -0.3797 0.6199
vn 0.0785 0.7830 0.6171
vn -0.0418 0.8043 0.5927
vn 0.3342 -0.4663 0.8191
vn 0.0649 0.3794 0.9229
vn 0.5854 0.2886 0.7576
vn -0.4954 0.7007 0.5133
vn 0.3927 0.8796 0.2683
vn 0.2509 0.3520 0.9017
vn -0.0917 -0.4667 0.8796
vn -0.1192 0.2116 0.9700
vn 0.4972 -0.3726 0.7835
vn 0.3527 0.4890 0.7978
vn -0.4270 0.7445 0.5132
vn 0.0067 0.9283 0.3718
vn 0.3194 0.8051 0.4998
vn 0.9463 -0.2249 0.2322
vn 0.1950 0.8079 0.5561
vn 0.0883 0.7556 0.6491
vn 0.5932 0.4404 0.6739
vn 0.9125 -0.2159 0.3475
vn 0.3218 0.4304 0.8433
vn 0.7275 0.4065 0.5527
vn -0.0725 0.8390 0.5392
vn 0.3294 0.9390 0.0990
vn 0.4206 -0.4288 0.7995
vn 0.8301 -0.3009 0.4694
vn 0.7906 0.0938 0.6050
vn 0.1710 0.0803 0.9820
vn -0.4533 0.4412 0.7745
vn -0.4164 0.7518 0.5113
vn -0.0504 0.7372 0.6737
vn 0.1923 0.8648 0.4639
vn -0.2831 0.9441 0.1687
vn 0.2895 0.9279 0.2347
vn 0.8697 0.4783 0.1212
vn 0.2962 0.8989 -0.3228
vn -0.1017 0.9926 -0.0656
vn 0.4674 0.4522 0.7596
vn 0.9828 -0.0654 0.1728
vn 0.8818 -0.2175 0.4185
vn 0.0493 0.8471 0.5290
vn 0.5618 0.4545 0.6913
vn 0.1320 0.5131 0.8481
vn 0.2136 0.8389 0.5006
vn 0.5043 0.7863 0.3569
vn 0.1739 0.8873 0.4270
vn 0.8148 -0.3038 0.4937
vn 0.3675 0.6859 0.6280
vn 0.9874 -0.1347 0.0829
vn 0.9597 0.1373 0.2452
vn 0.4463 -0.1013 0.8891
vn -0.2344 0.0870 0.9682
vn -0.0938 0.7360 0.6704
vn 0.3799 0.5610 0.7355
vn 0.5949 0.7224 0.3525
vn 0.0436 0.9543 0.2957
vn 0.4934 0.8695 -0.0238
vn 0.6670 0.5484 -0.5042
vn 0.1347 0.5381 -0.8320
vn 0.0750 0.4161 -0.9062
vn 0.6406 0.5009 -0.5820
vn -0.1800 0.7956 0.5784
vn -0.0513 -0.2494 0.9670
vn 0.1042 0.9532 -0.2839
vn 0.2460 0.5246 0.8150
vn 0.0000 0.6371 0.7707
vn 0.0000 -0.4882 0.8727
vn -0.0678 -0.4734 0.8782
vn 0.2006 0.6738 0.7111
vn 0.1712 -0.4557 0.8735
vn 0.1341 0.6586 0.7404
vn 0.5153 -0.3796 0.7683
vn 0.5798 -0.3747 0.7235
vn 0.0956 0.8350 0.5419
vn 0.5651 0.6265 0.5368
vn 0.3991 -0.3923 0.8287
vn 0.3282 0.7214 0.6098
vn 0.5127 -0.3927 0.7635
vn 0.5298 0.4764 0.7016
vn 0.6070 -0.4521 0.6535
vn 0.6254 -0.4620 0.6288
vn 0.0537 0.9397 0.3377
vn 0.4794 0.5490 0.6847
vn 0.6391 -0.4767 0.6035
vn 0.1691 0.7902 0.5891
vn 0.7895 -0.2783 0.5470
vn 0.3596 0.4886 0.7949
vn 0.9061 -0.3531 0.2332
vn 0.9086 -0.3529 0.2235
vn 0.0782 0.8249 0.5598
vn 0.5000 0.7420 0.4465
vn 0.9496 -0.2503 0.1885
vn 0.9846 -0.1710 0.0363
vn 0.4788 0.7266 0.4926
vn 0.5058 0.1921 -0.8409
vn 0.4729 0.8602 0.1905
vn -0.5188 0.5761 -0.6315
vn -0.3469 0.3238 -0.8802
vn -0.3337 0.3195 -0.8869
vn 0.5896 -0.2373 -0.7720
vn 0.9432 -0.3270 -0.0573
vn 0.8670 -0.4934 0.0699
vn 0.8538 -0.5203 -0.0175
vn 0.9055 -0.4232 0.0309
vn 0.7544 -0.5713 0.3232
vn 0.6279 -0.6283 0.4593
vn 0.6843 -0.5274 0.5035
vn 0.5704 -0.5684 0.5929
vn 0.5491 -0.4147 0.7256
vn 0.3858 -0.4978 0.7768
vn 0.5858 -0.4490 0.6746
vn 0.5521 -0.4711 0.6879
vn 0.1771 -0.5575 0.8110
vn -0.0819 -0.5323 0.8426
vn 0.0000 -0.5413 0.8408
vn 0.0819 -0.5323 0.8426
vn 0.0678 -0.4734 0.8782
vn -0.2460 0.5246 0.8150
vn -0.2006 0.6738 0.7111
vn -0.1712 -0.4557 0.8735
vn -0.1341 0.6586 0.7404
vn -0.5153 -0.3796 0.7683
vn -0.5798 -0.3747 0.7235
vn -0.0956 0.8350 0.5419
vn -0.5651 0.6265 0.5368
vn -0.3991 -0.3923 0.8287
vn -0.3282 0.7214 0.6097
vn -0.5127 -0.3927 0.7635
vn -0.5298 0.4764 0.7016
vn -0.6070 -0.4521 0.6535
vn -0.6254 -0.4620 0.6287
vn 0.0167 0.4206 0.9071
vn -0.3168 -0.3620 0.8766
vn -0.6391 -0.4767 0.6035
vn -0.7074 0.0432 0.7055
vn -0.7895 -0.2783 0.5470
vn -0.9657 0.0171 0.2589
vn -0.9061 -0.3531 0.2332
vn -0.9086 -0.3529 0.2235
vn -0.6871 0.6897 0.2281
vn -0.5000 0.7420 0.4465
vn -0.9496 -0.2503 0.1885
vn -0.9846 -0.1710 0.0363
vn -0.4788 0.7266 0.4926
vn -0.5058 0.1921 -0.8409
vn -0.4729 0.8602 0.1905
vn 0.5188 0.5761 -0.6316
vn 0.3469 0.3238 -0.8802
vn 0.3337 0.3195 -0.8869
vn -0.5896 -0.2373 -0.7720
vn -0.9432 -0.3270 -0.0573
vn -0.8670 -0.4934 0.0699
vn -0.8538 -0.5202 -0.0175
vn -0.9055 -0.4232 0.0309
vn -0.9548 0.1431 0.2605
vn -0.1740 0.8873 0.4270
vn -0.3675 0.6859 0.6280
vn 0.1800 0.7956 0.5784
vn 0.0513 -0.2494 0.9670
vn -0.7544 -0.5713 0.3232
vn -0.6279 -0.6283 0.4593
vn -0.6843 -0.5274 0.5035
vn -0.5704 -0.5684 0.5929
vn -0.5491 -0.4147 0.7256
vn -0.3858 -0.4978 0.7768
vn -0.5858 -0.4490 0.6746
vn -0.5521 -0.4711 0.6879
vn -0.1771 -0.5575 0.8110
vn -0.2400 -0.4582 0.8558
vn 0.2922 -0.4951 0.8182
vn 0.2816 0.2446 0.9278
vn -0.1026 0.4120 0.9054
vn 0.4165 0.8185 0.3956
vn 0.0720 0.9185 0.3888
vn -0.2138 0.6165 0.7577
vn -0.6866 -0.3797 0.6199
vn -0.0785 0.7830 0.6171
vn 0.0419 0.8043 0.5926
vn -0.3342 -0.4663 0.8191
vn -0.0649 0.3795 0.9229
vn -0.5854 0.2886 0.7576
vn 0.4954 0.7007 0.5134
vn -0.3927 0.8796 0.2682
vn -0.2509 0.3519 0.9017
vn 0.0917 -0.4667 0.8796
vn -0.3193 0.8050 0.4998
vn 0.1192 0.2116 0.9700
vn -0.4972 -0.3726 0.7835
vn -0.3527 0.4890 0.7978
vn 0.4270 0.7445 0.5132
vn -0.0067 0.9283 0.3718
vn -0.9463 -0.2249 0.2322
vn -0.1950 0.8079 0.5561
vn -0.0883 0.7555 0.6491
vn -0.4941 -0.1393 0.8581
vn -0.9125 -0.2159 0.3475
vn -0.3219 0.4304 0.8433
vn -0.7275 0.4065 0.5527
vn 0.0725 0.8390 0.5392
vn -0.3294 0.9390 0.0990
vn -0.4206 -0.4288 0.7995
vn -0.1710 0.0803 0.9820
vn -0.7906 0.0938 0.6050
vn -0.8301 -0.3010 0.4694
vn 0.5639 0.6090 0.5578
vn 0.5506 0.8014 0.2335
vn 0.6890 0.6929 -0.2124
vn 0.5318 0.8466 -0.0229
vn -0.1923 0.8648 0.4638
vn 0.0504 0.7373 0.6737
vn -0.2895 0.9279 0.2347
vn -0.8697 0.4783 0.1212
vn -0.0463 0.9493 -0.3108
vn 0.3807 0.9176 -0.1140
vn -0.4674 0.4522 0.7596
vn -0.9828 -0.0654 0.1728
vn -0.8309 -0.3115 0.4610
vn -0.9492 -0.1769 0.2604
vn -0.8818 -0.2175 0.4185
vn -0.0493 0.8472 0.5289
vn -0.5351 -0.4507 0.7145
vn -0.6670 0.5484 -0.5042
vn -0.1347 0.5381 -0.8320
vn -0.0750 0.4161 -0.9062
vn -0.6406 0.5009 -0.5820
vn -0.4934 0.8695 -0.0238
vn -0.1042 0.9532 -0.2839
vn -0.9597 0.1373 0.2452
vn -0.5949 0.7224 0.3525
vn -0.9874 -0.1347 0.0829
vn -0.8148 -0.3038 0.4937
vn -0.4463 -0.1013 0.8891
vn 0.2344 0.0870 0.9682
vn 0.0938 0.7360 0.6704
vn -0.3799 0.5610 0.7355
vn -0.0436 0.9543 0.2957
usemtl Backom_BODY_d_j
s 1
f 2/1/1 1/2/2 21/3/3
f 19/4/4 2/1/1 21/3/3
f 23/5/5 1/2/2 2/1/1
f 3/6/6 23/5/5 2/1/1
f 4/7/7 23/5/5 3/6/6
f 5/8/8 4/7/7 3/6/6
f 27/9/9 4/7/7 5/8/8
f 6/10/10 27/9/9 5/8/8
f 100/11/11 27/9/9 6/10/10
f 7/12/12 100/11/11 6/10/10
f 7/12/12 8/13/13 100/11/11
f 8/13/13 101/14/14 100/11/11
f 101/14/14 8/13/13 102/15/15
f 8/13/13 9/16/16 102/15/15
f 8/13/13 10/17/17 9/16/16
f 10/17/17 524/18/18 9/16/16
f 9/16/16 524/18/18 11/19/19
f 12/20/20 9/16/16 11/19/19
f 102/15/15 9/16/16 12/20/20
f 53/21/21 102/15/15 12/20/20
f 13/22/22 12/20/20 11/19/19
f 53/21/21 12/20/20 13/22/22
f 14/23/23 13/22/22 11/19/19
f 15/24/24 13/22/22 14/23/23
f 16/25/25 15/24/24 14/23/23
f 13/22/22 15/24/24 55/26/26
f 54/27/27 13/22/22 55/26/26
f 54/27/27 53/21/21 13/22/22
f 15/24/24 16/25/25 530/28/28
f 17/29/29 15/24/24 530/28/28
f 15/24/24 17/29/29 60/30/30
f 55/26/26 15/24/24 60/30/30
f 17/29/29 18/31/31 60/30/30
f 18/31/31 91/32/32 60/30/30
f 91/32/32 18/31/31 21/33/3
f 18/31/31 19/34/4 21/33/3
f 19/34/4 18/31/31 529/35/33
f 17/29/29 530/28/28 529/35/33
f 18/31/31 17/29/29 529/35/33
f 528/36/34 19/34/4 529/35/33
f 21/3/3 1/2/2 20/37/35
f 618/38/36 21/3/3 20/37/35
f 22/39/37 20/37/35 1/2/2
f 23/5/5 22/39/37 1/2/2
f 24/40/38 22/39/37 23/5/5
f 24/40/38 23/5/5 4/7/7
f 25/41/39 24/40/38 4/7/7
f 26/42/40 25/41/39 4/7/7
f 27/9/9 26/42/40 4/7/7
f 28/43/41 24/40/38 25/41/39
f 22/39/37 24/40/38 28/43/41
f 28/43/41 25/41/39 29/44/42
f 30/45/43 28/43/41 29/44/42
f 30/45/43 29/44/42 31/46/44
f 26/42/40 31/46/44 29/44/42
f 32/47/45 30/45/43 31/46/44
f 32/47/45 31/46/44 33/48/46
f 33/48/46 31/46/44 34/49/47
f 34/49/47 26/42/40 27/9/9
f 34/49/47 31/46/44 26/42/40
f 35/50/48 33/48/46 34/49/47
f 35/50/48 34/49/47 36/51/49
f 34/49/47 37/52/50 36/51/49
f 33/48/46 35/50/48 38/53/51
f 38/53/51 35/50/48 36/51/49
f 39/54/52 33/48/46 38/53/51
f 565/55/53 32/47/45 33/48/46
f 40/56/54 39/54/52 38/53/51
f 39/54/52 40/56/54 41/57/55
f 42/58/56 39/54/52 41/57/55
f 33/48/46 39/54/52 42/58/56
f 565/55/53 33/48/46 42/58/56
f 43/59/57 40/56/54 38/53/51
f 44/60/58 38/53/51 36/51/49
f 45/61/59 44/60/58 36/51/49
f 46/62/60 45/61/59 36/51/49
f 46/62/60 36/51/49 37/52/50
f 47/63/61 45/61/59 46/62/60
f 48/64/62 47/63/61 46/62/60
f 49/65/63 47/63/61 48/64/62
f 48/64/62 595/66/64 49/65/63
f 48/64/62 50/67/65 595/66/64
f 48/64/62 51/68/66 50/67/65
f 51/68/66 52/69/67 50/67/65
f 51/68/66 53/21/21 52/69/67
f 53/21/21 598/70/68 52/69/67
f 53/21/21 54/27/27 598/70/68
f 54/27/27 599/71/69 598/70/68
f 600/72/70 599/71/69 54/27/27
f 55/26/26 600/72/70 54/27/27
f 48/64/62 46/62/60 56/73/71
f 51/68/66 48/64/62 56/73/71
f 45/61/59 47/63/61 57/74/72
f 58/75/73 45/61/59 57/74/72
f 600/72/70 55/26/26 59/76/74
f 55/26/26 60/30/30 59/76/74
f 58/75/73 57/74/72 61/77/75
f 62/78/76 58/75/73 61/77/75
f 63/79/77 58/75/73 62/78/76
f 64/80/78 63/79/77 62/78/76
f 65/81/79 63/79/77 64/80/78
f 66/82/80 65/81/79 64/80/78
f 67/83/81 65/81/79 66/82/80
f 68/84/82 67/83/81 66/82/80
f 68/84/82 69/85/83 67/83/81
f 69/85/83 213/86/84 67/83/81
f 213/86/84 70/87/85 67/83/81
f 70/87/85 71/88/86 67/83/81
f 72/89/87 71/88/86 70/87/85
f 252/90/88 72/89/87 70/87/85
f 72/89/87 41/57/55 71/88/86
f 41/57/55 40/56/54 71/88/86
f 66/82/80 73/91/89 68/84/82
f 66/82/80 64/80/78 73/91/89
f 73/91/89 74/92/90 68/84/82
f 68/84/82 74/92/90 69/85/83
f 74/92/90 73/91/89 75/93/91
f 217/94/92 74/92/90 75/93/91
f 74/92/90 217/94/92 69/85/83
f 218/95/93 217/94/92 75/93/91
f 73/91/89 76/96/94 75/93/91
f 73/91/89 77/97/95 76/96/94
f 77/97/95 588/98/96 76/96/94
f 64/80/78 77/97/95 73/91/89
f 64/80/78 78/99/97 77/97/95
f 120/100/98 78/99/97 64/80/78
f 62/78/76 120/100/98 64/80/78
f 118/101/99 120/100/98 62/78/76
f 61/77/75 118/101/99 62/78/76
f 118/101/99 61/77/75 79/102/100
f 61/77/75 80/103/101 79/102/100
f 81/104/102 79/102/100 80/103/101
f 612/105/103 81/104/102 80/103/101
f 78/99/97 82/106/104 77/97/95
f 82/106/104 83/107/105 77/97/95
f 77/97/95 83/107/105 588/98/96
f 83/107/105 617/108/106 588/98/96
f 84/109/107 612/105/103 80/103/101
f 85/110/108 84/109/107 80/103/101
f 85/110/108 80/103/101 86/111/109
f 87/112/110 85/110/108 86/111/109
f 85/110/108 495/113/111 84/109/107
f 495/113/111 88/114/112 84/109/107
f 89/115/113 495/113/111 85/110/108
f 87/112/110 89/115/113 85/110/108
f 498/116/114 89/115/113 87/112/110
f 90/117/115 498/116/114 87/112/110
f 605/118/116 498/116/114 90/117/115
f 603/119/117 605/118/116 90/117/115
f 603/119/117 90/117/115 49/65/63
f 49/65/63 90/117/115 87/112/110
f 86/111/109 49/65/63 87/112/110
f 47/63/61 49/65/63 86/111/109
f 57/74/72 47/63/61 86/111/109
f 595/66/64 603/119/117 49/65/63
f 86/111/109 80/103/101 57/74/72
f 80/103/101 61/77/75 57/74/72
f 21/33/3 618/120/36 619/121/118
f 91/32/32 21/33/3 619/121/118
f 91/32/32 619/121/118 59/76/74
f 60/30/30 91/32/32 59/76/74
f 29/122/42 97/123/119 26/124/40
f 92/125/120 97/123/119 29/122/42
f 25/126/39 92/125/120 29/122/42
f 93/127/121 92/125/120 25/126/39
f 94/128/122 97/123/119 92/125/120
f 95/129/123 94/128/122 92/125/120
f 95/129/123 92/125/120 93/127/121
f 96/130/124 95/129/123 93/127/121
f 93/127/121 25/126/39 26/131/40
f 97/132/119 93/127/121 26/131/40
f 96/130/124 93/127/121 97/132/119
f 94/133/122 96/130/124 97/132/119
f 98/134/125 95/129/123 96/130/124
f 99/135/126 98/134/125 96/130/124
f 94/133/122 99/135/126 96/130/124
f 99/136/126 94/128/122 95/129/123
f 98/134/125 99/136/126 95/129/123
f 27/9/9 100/11/11 34/49/47
f 34/49/47 100/11/11 37/52/50
f 100/11/11 101/14/14 37/52/50
f 56/73/71 37/52/50 101/14/14
f 102/15/15 56/73/71 101/14/14
f 51/68/66 56/73/71 102/15/15
f 53/21/21 51/68/66 102/15/15
f 56/73/71 46/62/60 37/52/50
f 103/137/127 632/138/128 617/108/106
f 83/107/105 103/137/127 617/108/106
f 632/138/128 103/137/127 104/139/129
f 634/140/130 632/138/128 104/139/129
f 104/139/129 105/141/131 634/140/130
f 105/141/131 106/142/132 634/140/130
f 105/141/131 104/139/129 107/143/133
f 135/144/134 105/141/131 107/143/133
f 135/144/134 107/143/133 108/145/135
f 109/146/136 108/145/135 107/143/133
f 108/145/135 109/146/136 110/147/137
f 111/148/138 108/145/135 110/147/137
f 111/148/138 135/144/134 108/145/135
f 147/149/139 111/148/138 110/147/137
f 147/149/139 110/147/137 112/150/140
f 113/151/141 147/149/139 112/150/140
f 113/151/141 112/150/140 114/152/142
f 146/153/143 113/151/141 114/152/142
f 146/153/143 114/152/142 115/154/144
f 116/155/145 146/153/143 115/154/144
f 114/152/142 117/156/146 115/154/144
f 117/156/146 645/157/147 115/154/144
f 117/156/146 79/102/100 645/157/147
f 118/101/99 79/102/100 117/156/146
f 119/158/148 118/101/99 117/156/146
f 119/158/148 117/156/146 114/152/142
f 112/150/140 119/158/148 114/152/142
f 120/100/98 118/101/99 119/158/148
f 121/159/149 120/100/98 119/158/148
f 121/159/149 119/158/148 112/150/140
f 110/147/137 121/159/149 112/150/140
f 120/100/98 121/159/149 78/99/97
f 121/159/149 109/146/136 78/99/97
f 79/102/100 81/104/102 645/157/147
f 82/106/104 78/99/97 109/146/136
f 122/160/150 82/106/104 109/146/136
f 109/146/136 121/159/149 110/147/137
f 122/160/150 109/146/136 107/143/133
f 122/160/150 107/143/133 104/139/129
f 103/137/127 122/160/150 104/139/129
f 83/107/105 82/106/104 122/160/150
f 103/137/127 83/107/105 122/160/150
f 124/161/151 123/162/152 651/163/153
f 125/164/154 124/161/151 651/163/153
f 125/164/154 651/163/153 126/165/155
f 127/166/156 125/164/154 126/165/155
f 125/164/154 127/166/156 128/167/157
f 129/168/158 125/164/154 128/167/157
f 125/164/154 129/168/158 130/169/159
f 124/161/151 125/164/154 130/169/159
f 127/166/156 126/165/155 131/170/160
f 132/171/161 127/166/156 131/170/160
f 128/167/157 127/166/156 132/171/161
f 132/171/161 131/170/160 133/172/162
f 134/173/163 132/171/161 133/172/162
f 134/173/163 133/172/162 105/141/131
f 133/172/162 106/142/132 105/141/131
f 134/173/163 105/141/131 135/144/134
f 136/174/164 134/173/163 135/144/134
f 134/173/163 136/174/164 137/175/165
f 132/171/161 134/173/163 137/175/165
f 137/175/165 128/167/157 132/171/161
f 136/174/164 138/176/166 137/175/165
f 138/176/166 139/177/167 137/175/165
f 139/177/167 129/168/158 128/167/157
f 137/175/165 139/177/167 128/167/157
f 130/169/159 129/168/158 139/177/167
f 139/177/167 138/176/166 140/178/168
f 140/178/168 130/169/159 139/177/167
f 138/176/166 141/179/169 140/178/168
f 142/180/170 140/178/168 141/179/169
f 140/178/168 142/180/170 130/169/159
f 143/181/171 142/180/170 141/179/169
f 142/180/170 143/181/171 144/182/172
f 143/181/171 145/183/173 144/182/172
f 145/183/173 143/181/171 116/155/145
f 143/181/171 146/153/143 116/155/145
f 136/174/164 135/144/134 111/148/138
f 138/176/166 136/174/164 111/148/138
f 143/181/171 141/179/169 113/151/141
f 146/153/143 143/181/171 113/151/141
f 141/179/169 138/176/166 147/149/139
f 113/151/141 141/179/169 147/149/139
f 138/176/166 111/148/138 147/149/139
f 144/182/172 123/162/152 142/180/170
f 123/162/152 124/161/151 142/180/170
f 142/180/170 124/161/151 130/169/159
f 150/184/174 149/185/175 148/186/176
f 151/187/177 150/184/174 148/186/176
f 152/188/178 150/184/174 151/187/177
f 153/189/179 152/188/178 151/187/177
f 151/187/177 188/190/180 153/189/179
f 188/190/180 154/191/181 153/189/179
f 154/191/181 188/190/180 155/192/182
f 188/190/180 185/193/183 155/192/182
f 155/192/182 185/193/183 156/194/184
f 185/193/183 157/195/185 156/194/184
f 153/189/179 154/191/181 158/196/186
f 154/191/181 159/197/187 158/196/186
f 159/197/187 154/191/181 155/192/182
f 160/198/188 159/197/187 155/192/182
f 160/198/188 155/192/182 156/194/184
f 397/199/189 160/198/188 156/194/184
f 182/200/190 158/196/186 159/197/187
f 161/201/191 182/200/190 159/197/187
f 159/197/187 160/198/188 184/202/192
f 161/201/191 159/197/187 184/202/192
f 182/200/190 162/203/193 158/196/186
f 162/203/193 163/204/194 158/196/186
f 158/196/186 163/204/194 153/189/179
f 160/198/188 397/199/189 164/205/195
f 184/202/192 160/198/188 164/205/195
f 165/206/196 163/204/194 162/203/193
f 163/204/194 165/206/196 152/188/178
f 165/206/196 166/207/197 152/188/178
f 165/206/196 167/208/198 166/207/197
f 167/208/198 168/209/199 166/207/197
f 150/184/174 166/207/197 168/209/199
f 150/184/174 152/188/178 166/207/197
f 169/210/200 150/184/174 168/209/199
f 169/210/200 170/211/201 150/184/174
f 170/211/201 169/210/200 171/212/202
f 169/210/200 486/213/203 171/212/202
f 486/213/203 169/210/200 168/209/199
f 172/214/204 170/211/201 171/212/202
f 173/215/205 170/211/201 172/214/204
f 170/211/201 173/215/205 150/184/174
f 174/216/206 173/215/205 172/214/204
f 175/217/207 172/214/204 171/212/202
f 175/217/207 234/218/208 172/214/204
f 234/218/208 176/219/209 172/214/204
f 174/216/206 172/214/204 176/219/209
f 149/185/175 173/215/205 174/216/206
f 149/185/175 150/184/174 173/215/205
f 177/220/210 149/185/175 174/216/206
f 178/221/211 174/216/206 176/219/209
f 174/216/206 178/221/211 177/220/210
f 177/220/210 178/221/211 179/222/212
f 178/221/211 180/223/213 179/222/212
f 178/221/211 176/219/209 181/224/214
f 162/225/193 178/221/211 181/224/214
f 180/223/213 178/221/211 162/225/193
f 148/186/176 149/185/175 177/220/210
f 179/222/212 148/186/176 177/220/210
f 182/226/190 180/223/213 162/225/193
f 191/227/215 180/223/213 182/226/190
f 161/228/191 191/227/215 182/226/190
f 191/227/215 161/228/191 183/229/216
f 161/228/191 184/230/192 183/229/216
f 183/229/216 184/230/192 389/231/217
f 184/230/192 164/232/195 389/231/217
f 148/186/176 179/222/212 187/233/218
f 148/186/176 187/233/218 151/187/177
f 187/233/218 188/190/180 151/187/177
f 179/222/212 190/234/219 187/233/218
f 180/223/213 191/227/215 190/234/219
f 179/222/212 180/223/213 190/234/219
f 181/224/214 176/219/209 253/235/220
f 176/219/209 234/218/208 253/235/220
f 187/236/218 186/237/221 185/238/183
f 188/239/180 187/236/218 185/238/183
f 189/240/222 186/237/221 187/236/218
f 190/241/219 189/240/222 187/236/218
f 183/242/216 189/240/222 190/241/219
f 191/243/215 183/242/216 190/241/219
f 186/237/221 192/244/223 185/238/183
f 192/244/223 193/245/224 185/238/183
f 185/238/183 193/245/224 157/246/185
f 193/245/224 194/247/225 157/246/185
f 379/248/226 192/244/223 186/237/221
f 378/249/227 379/248/226 186/237/221
f 183/242/216 195/250/228 189/240/222
f 195/250/228 196/251/229 189/240/222
f 197/252/230 195/250/228 183/242/216
f 389/253/217 197/252/230 183/242/216
f 189/240/222 196/251/229 198/254/231
f 196/251/229 199/255/232 198/254/231
f 198/254/231 384/256/233 189/240/222
f 193/245/224 200/257/234 194/247/225
f 200/257/234 201/258/235 194/247/225
f 202/259/236 200/257/234 193/245/224
f 192/244/223 202/259/236 193/245/224
f 203/260/237 202/259/236 192/244/223
f 379/248/226 203/260/237 192/244/223
f 195/250/228 204/261/238 196/251/229
f 204/261/238 205/262/239 196/251/229
f 196/251/229 205/262/239 199/255/232
f 206/263/240 204/261/238 195/250/228
f 197/252/230 206/263/240 195/250/228
f 205/262/239 207/264/241 199/255/232
f 200/257/234 208/265/242 201/258/235
f 208/265/242 209/266/243 201/258/235
f 380/267/244 209/266/243 208/265/242
f 203/260/237 380/267/244 202/259/236
f 210/268/245 380/267/244 208/265/242
f 210/268/245 208/265/242 200/257/234
f 202/259/236 210/268/245 200/257/234
f 380/267/244 210/268/245 202/259/236
f 204/261/238 211/269/246 205/262/239
f 211/269/246 212/270/247 205/262/239
f 205/262/239 212/270/247 207/264/241
f 212/270/247 211/269/246 391/271/248
f 391/271/248 211/269/246 204/261/238
f 206/263/240 391/271/248 204/261/238
f 390/272/249 212/270/247 391/271/248
f 212/270/247 390/272/249 207/264/241
f 215/273/250 214/274/251 213/275/84
f 69/276/83 215/273/250 213/275/84
f 215/273/250 69/276/83 216/277/252
f 69/276/83 217/278/92 216/277/252
f 216/277/252 217/278/92 218/279/93
f 737/280/253 216/277/252 218/279/93
f 216/277/252 737/280/253 219/281/254
f 220/282/255 216/277/252 219/281/254
f 215/273/250 216/277/252 220/282/255
f 220/282/255 219/281/254 221/283/256
f 219/281/254 740/284/257 221/283/256
f 221/283/256 222/285/258 220/282/255
f 222/285/258 223/286/259 220/282/255
f 223/286/259 215/273/250 220/282/255
f 214/274/251 215/273/250 223/286/259
f 224/287/260 221/283/256 740/284/257
f 744/288/261 224/287/260 740/284/257
f 225/289/262 222/285/258 221/283/256
f 225/289/262 226/290/263 222/285/258
f 226/290/263 227/291/264 222/285/258
f 226/290/263 228/292/265 227/291/264
f 228/292/265 229/293/266 227/291/264
f 230/294/267 225/289/262 221/283/256
f 221/283/256 224/287/260 230/294/267
f 175/295/207 225/289/262 230/294/267
f 231/296/268 175/295/207 230/294/267
f 175/295/207 231/296/268 232/297/269
f 232/297/269 231/296/268 754/298/270
f 231/296/268 233/299/271 754/298/270
f 230/294/267 233/299/271 231/296/268
f 234/300/208 175/295/207 232/297/269
f 235/301/272 223/286/259 222/285/258
f 227/291/264 235/301/272 222/285/258
f 236/302/273 229/293/266 228/292/265
f 237/303/274 236/302/273 228/292/265
f 236/302/273 237/303/274 238/304/275
f 237/303/274 239/305/276 238/304/275
f 237/303/274 369/306/277 239/305/276
f 369/306/277 240/307/278 239/305/276
f 241/308/279 236/302/273 238/304/275
f 242/309/280 241/308/279 238/304/275
f 242/309/280 238/304/275 763/310/281
f 763/310/281 238/304/275 239/305/276
f 243/311/282 242/309/280 763/310/281
f 244/312/283 763/310/281 239/305/276
f 240/307/278 369/306/277 245/313/284
f 369/306/277 246/314/285 245/313/284
f 247/315/286 240/307/278 245/313/284
f 248/316/287 247/315/286 245/313/284
f 248/316/287 245/313/284 774/317/288
f 245/313/284 256/318/289 774/317/288
f 239/305/276 368/319/290 244/312/283
f 368/319/290 249/320/291 244/312/283
f 247/315/286 767/321/292 240/307/278
f 767/321/292 250/322/293 240/307/278
f 242/309/280 243/311/282 251/323/294
f 243/311/282 769/324/295 251/323/294
f 251/323/294 769/324/295 252/325/88
f 70/326/85 251/323/294 252/325/88
f 251/323/294 70/326/85 508/327/296
f 70/326/85 259/328/297 508/327/296
f 253/329/220 256/318/289 245/313/284
f 246/314/285 253/329/220 245/313/284
f 368/319/290 239/305/276 250/322/293
f 239/305/276 240/307/278 250/322/293
f 251/323/294 508/327/296 242/309/280
f 508/327/296 241/308/279 242/309/280
f 229/293/266 236/302/273 241/308/279
f 509/330/298 229/293/266 241/308/279
f 227/291/264 229/293/266 509/330/298
f 235/301/272 227/291/264 509/330/298
f 509/330/298 254/331/299 235/301/272
f 254/331/299 214/274/251 235/301/272
f 235/301/272 214/274/251 223/286/259
f 254/331/299 258/332/300 214/274/251
f 258/332/300 213/275/84 214/274/251
f 255/333/301 776/334/302 774/335/288
f 256/336/289 255/333/301 774/335/288
f 255/333/301 232/297/269 776/334/302
f 232/297/269 754/298/270 776/334/302
f 255/333/301 253/337/220 232/297/269
f 253/337/220 255/333/301 256/336/289
f 253/337/220 234/300/208 232/297/269
f 259/338/297 258/339/300 257/340/303
f 260/341/304 259/338/297 257/340/303
f 261/342/305 260/341/304 257/340/303
f 261/342/305 262/343/306 260/341/304
f 263/344/307 262/343/306 261/342/305
f 263/344/307 261/342/305 264/345/308
f 265/346/309 263/344/307 264/345/308
f 264/345/308 261/342/305 266/347/310
f 266/347/310 261/342/305 257/340/303
f 267/348/311 264/345/308 266/347/310
f 267/348/311 266/347/310 268/349/312
f 269/350/313 268/349/312 266/347/310
f 270/351/314 268/349/312 269/350/313
f 271/352/315 268/349/312 270/351/314
f 271/352/315 267/348/311 268/349/312
f 274/353/316 271/352/315 270/351/314
f 272/354/317 262/343/306 263/344/307
f 263/344/307 265/346/309 272/354/317
f 265/346/309 273/355/318 272/354/317
f 272/354/317 273/355/318 270/356/314
f 273/355/318 274/357/316 270/356/314
f 272/354/317 270/356/314 275/358/319
f 270/356/314 276/359/320 275/358/319
f 270/351/314 269/350/313 276/360/320
f 269/350/313 277/361/321 276/360/320
f 269/350/313 266/347/310 277/361/321
f 266/347/310 257/340/303 277/361/321
f 272/354/317 275/358/319 278/362/322
f 262/343/306 272/354/317 278/362/322
f 262/343/306 278/362/322 260/341/304
f 279/363/323 274/357/316 273/355/318
f 280/364/324 279/363/323 273/355/318
f 281/365/325 279/363/323 280/364/324
f 282/366/326 281/365/325 280/364/324
f 282/366/326 280/364/324 283/367/327
f 280/364/324 284/368/328 283/367/327
f 283/367/327 284/368/328 285/369/329
f 286/370/330 283/367/327 285/369/329
f 286/370/330 285/369/329 287/371/331
f 288/372/332 286/370/330 287/371/331
f 289/373/333 288/372/332 287/371/331
f 290/374/334 289/373/333 287/371/331
f 403/375/335 281/365/325 282/366/326
f 279/363/323 281/365/325 403/375/335
f 402/376/336 403/375/335 282/366/326
f 402/376/336 282/366/326 283/367/327
f 291/377/337 402/376/336 283/367/327
f 294/378/338 279/363/323 403/375/335
f 284/368/328 280/364/324 265/346/309
f 280/364/324 273/355/318 265/346/309
f 284/368/328 265/346/309 264/345/308
f 285/369/329 284/368/328 264/345/308
f 285/369/329 264/345/308 267/348/311
f 287/371/331 285/369/329 267/348/311
f 287/371/331 267/348/311 290/374/334
f 267/348/311 271/352/315 290/374/334
f 290/374/334 271/352/315 279/379/323
f 290/374/334 279/379/323 292/380/339
f 293/381/340 290/374/334 292/380/339
f 292/380/339 279/379/323 294/382/338
f 408/383/341 292/380/339 294/382/338
f 271/352/315 274/353/316 279/379/323
f 295/384/342 293/381/340 292/380/339
f 408/383/341 295/384/342 292/380/339
f 295/384/342 408/383/341 450/385/343
f 296/386/344 295/384/342 450/385/343
f 295/384/342 296/386/344 297/387/345
f 298/388/346 297/387/345 296/386/344
f 299/389/347 298/388/346 296/386/344
f 297/387/345 298/388/346 446/390/348
f 446/390/348 300/391/349 297/387/345
f 300/391/349 301/392/350 297/387/345
f 301/392/350 295/384/342 297/387/345
f 298/388/346 302/393/351 446/390/348
f 299/389/347 303/394/352 298/388/346
f 303/394/352 304/395/353 298/388/346
f 298/388/346 304/395/353 302/393/351
f 305/396/354 304/395/353 303/394/352
f 306/397/355 305/396/354 303/394/352
f 305/396/354 307/398/356 304/395/353
f 307/398/356 308/399/357 304/395/353
f 304/395/353 308/399/357 302/393/351
f 309/400/358 299/389/347 296/386/344
f 450/385/343 309/400/358 296/386/344
f 303/394/352 299/389/347 309/400/358
f 306/397/355 303/394/352 453/401/359
f 453/401/359 303/394/352 309/400/358
f 454/402/360 306/397/355 453/401/359
f 301/392/350 300/391/349 310/403/361
f 310/403/361 289/373/333 301/392/350
f 289/373/333 311/404/362 301/392/350
f 301/392/350 311/404/362 295/384/342
f 311/404/362 293/381/340 295/384/342
f 290/374/334 293/381/340 311/404/362
f 289/373/333 290/374/334 311/404/362
f 288/372/332 289/373/333 310/403/361
f 312/405/363 288/372/332 310/403/361
f 312/405/363 310/403/361 313/406/364
f 310/403/361 314/407/365 313/406/364
f 313/406/364 315/408/366 312/405/363
f 315/408/366 316/409/367 312/405/363
f 315/408/366 317/410/368 316/409/367
f 317/410/368 318/411/369 316/409/367
f 317/410/368 319/412/370 318/411/369
f 319/412/370 320/413/371 318/411/369
f 321/414/372 320/413/371 319/412/370
f 322/415/373 321/414/372 319/412/370
f 323/416/374 312/405/363 316/409/367
f 312/405/363 323/416/374 288/372/332
f 324/417/375 323/416/374 316/409/367
f 316/409/367 318/411/369 324/417/375
f 323/416/374 324/417/375 325/418/376
f 326/419/377 325/418/376 324/417/375
f 327/420/378 326/419/377 324/417/375
f 318/411/369 327/420/378 324/417/375
f 318/411/369 320/413/371 327/420/378
f 325/418/376 326/419/377 328/421/379
f 326/419/377 329/422/380 328/421/379
f 330/423/381 326/419/377 327/420/378
f 326/419/377 330/423/381 329/422/380
f 331/424/382 330/423/381 327/420/378
f 320/413/371 331/424/382 327/420/378
f 330/423/381 332/425/383 329/422/380
f 330/423/381 333/426/384 332/425/383
f 330/423/381 331/424/382 333/426/384
f 333/426/384 334/427/385 332/425/383
f 328/421/379 335/428/386 325/418/376
f 335/428/386 336/429/387 325/418/376
f 336/429/387 323/416/374 325/418/376
f 337/430/388 336/429/387 335/428/386
f 338/431/389 337/430/388 335/428/386
f 338/431/389 431/432/390 337/430/388
f 431/432/390 339/433/391 337/430/388
f 340/434/392 339/433/391 431/432/390
f 434/435/393 340/434/392 431/432/390
f 336/429/387 337/430/388 341/436/394
f 337/430/388 342/437/395 341/436/394
f 337/430/388 339/433/391 342/437/395
f 341/436/394 342/437/395 343/438/396
f 342/437/395 344/439/397 343/438/396
f 345/440/398 343/438/396 344/439/397
f 429/441/399 345/440/398 344/439/397
f 346/442/400 344/439/397 342/437/395
f 344/439/397 346/442/400 429/441/399
f 347/443/401 346/442/400 342/437/395
f 339/433/391 347/443/401 342/437/395
f 339/433/391 340/434/392 347/443/401
f 347/443/401 348/444/402 346/442/400
f 340/434/392 348/444/402 347/443/401
f 348/444/402 349/445/403 346/442/400
f 349/445/403 436/446/404 346/442/400
f 436/446/404 435/447/405 346/442/400
f 346/442/400 435/447/405 429/441/399
f 350/448/406 349/445/403 348/444/402
f 351/449/407 350/448/406 348/444/402
f 352/450/408 436/446/404 349/445/403
f 350/448/406 352/450/408 349/445/403
f 351/449/407 348/444/402 353/451/409
f 348/444/402 340/434/392 353/451/409
f 353/451/409 340/434/392 438/452/410
f 340/434/392 434/435/393 438/452/410
f 351/449/407 353/451/409 354/453/411
f 355/454/412 351/449/407 354/453/411
f 354/453/411 356/455/413 355/454/412
f 353/451/409 438/452/410 356/455/413
f 354/453/411 353/451/409 356/455/413
f 356/455/413 439/456/414 355/454/412
f 439/456/414 357/457/415 355/454/412
f 357/457/415 352/450/408 350/448/406
f 357/457/415 358/458/416 355/454/412
f 358/458/416 350/448/406 351/449/407
f 355/454/412 358/458/416 351/449/407
f 358/458/416 357/457/415 350/448/406
f 361/459/417 360/460/418 359/461/419
f 362/462/420 361/459/417 359/461/419
f 359/461/419 360/460/418 873/463/421
f 363/464/422 359/461/419 873/463/421
f 359/461/419 363/464/422 362/462/420
f 361/459/417 362/462/420 364/465/423
f 363/464/422 364/465/423 362/462/420
f 876/466/424 361/459/417 364/465/423
f 364/465/423 365/467/425 876/466/424
f 364/465/423 363/464/422 365/467/425
f 365/467/425 878/468/426 876/466/424
f 767/469/292 878/468/426 365/467/425
f 250/470/293 767/469/292 365/467/425
f 873/463/421 366/471/427 363/464/422
f 366/471/427 367/472/428 363/464/422
f 363/464/422 367/472/428 365/467/425
f 250/470/293 365/467/425 367/472/428
f 368/473/290 367/472/428 366/471/427
f 368/473/290 250/470/293 367/472/428
f 249/474/291 368/473/290 366/471/427
f 253/475/220 246/476/285 167/208/198
f 181/477/214 253/475/220 167/208/198
f 167/208/198 165/206/196 181/477/214
f 165/206/196 162/203/193 181/477/214
f 246/476/285 369/478/277 167/208/198
f 369/478/277 168/209/199 167/208/198
f 369/478/277 486/213/203 168/209/199
f 44/60/58 45/61/59 58/75/73
f 63/79/77 44/60/58 58/75/73
f 44/60/58 63/79/77 65/81/79
f 38/53/51 44/60/58 65/81/79
f 38/53/51 65/81/79 43/59/57
f 65/81/79 67/83/81 43/59/57
f 43/59/57 67/83/81 71/88/86
f 40/56/54 43/59/57 71/88/86
f 387/479/429 386/480/430 370/481/431
f 371/482/432 387/479/429 370/481/431
f 371/482/432 370/481/431 372/483/433
f 373/484/434 371/482/432 372/483/433
f 387/479/429 371/482/432 373/484/434
f 373/484/434 372/483/433 374/485/435
f 375/486/436 373/484/434 374/485/435
f 375/486/436 374/485/435 186/237/221
f 189/240/222 375/486/436 186/237/221
f 384/256/233 375/486/436 189/240/222
f 186/237/221 374/485/435 378/249/227
f 374/485/435 376/487/437 378/249/227
f 374/485/435 372/483/433 376/487/437
f 377/488/438 373/484/434 375/486/436
f 384/256/233 377/488/438 375/486/436
f 377/488/438 387/479/429 373/484/434
f 372/483/433 385/489/439 376/487/437
f 370/481/431 386/480/430 385/489/439
f 372/483/433 370/481/431 385/489/439
f 194/490/225 379/491/226 378/492/227
f 157/493/185 194/490/225 378/492/227
f 194/490/225 201/494/235 379/491/226
f 201/494/235 203/495/237 379/491/226
f 201/494/235 209/496/243 203/495/237
f 209/496/243 380/497/244 203/495/237
f 378/492/227 381/498/440 157/493/185
f 381/498/440 382/499/441 157/493/185
f 383/500/442 381/498/440 378/492/227
f 198/501/231 383/500/442 378/492/227
f 378/492/227 376/502/437 198/501/231
f 376/502/437 384/503/233 198/501/231
f 376/502/437 385/504/439 384/503/233
f 385/504/439 377/505/438 384/503/233
f 385/504/439 386/506/430 377/505/438
f 386/506/430 387/507/429 377/505/438
f 388/508/443 383/500/442 198/501/231
f 389/509/217 388/508/443 198/501/231
f 383/500/442 388/508/443 389/509/217
f 198/501/231 199/510/232 389/509/217
f 199/510/232 197/511/230 389/509/217
f 199/510/232 207/512/241 197/511/230
f 207/512/241 206/513/240 197/511/230
f 207/512/241 390/514/249 206/513/240
f 390/514/249 391/515/248 206/513/240
f 392/516/444 383/500/442 389/509/217
f 389/509/217 393/517/445 392/516/444
f 394/518/446 393/517/445 389/509/217
f 395/519/447 393/517/445 394/518/446
f 393/517/445 395/519/447 392/516/444
f 396/520/448 395/519/447 394/518/446
f 164/521/195 394/518/446 389/509/217
f 396/520/448 394/518/446 164/521/195
f 397/522/189 396/520/448 164/521/195
f 398/523/449 396/520/448 397/522/189
f 398/523/449 399/524/450 396/520/448
f 399/524/450 400/525/451 396/520/448
f 400/525/451 395/519/447 396/520/448
f 156/526/184 398/523/449 397/522/189
f 399/524/450 398/523/449 156/526/184
f 157/493/185 399/524/450 156/526/184
f 400/525/451 399/524/450 157/493/185
f 401/527/452 400/525/451 157/493/185
f 395/519/447 400/525/451 401/527/452
f 392/516/444 395/519/447 401/527/452
f 401/527/452 381/498/440 392/516/444
f 381/498/440 383/500/442 392/516/444
f 382/499/441 381/498/440 401/527/452
f 157/493/185 382/499/441 401/527/452
f 404/528/453 403/529/335 402/530/336
f 405/531/454 404/528/453 402/530/336
f 403/529/335 404/528/453 294/532/338
f 404/528/453 406/533/455 294/532/338
f 406/533/455 407/534/456 294/532/338
f 407/534/456 408/535/341 294/532/338
f 406/533/455 404/528/453 409/536/457
f 404/528/453 405/531/454 409/536/457
f 410/537/458 406/533/455 409/536/457
f 411/538/459 407/534/456 406/533/455
f 410/537/458 411/538/459 406/533/455
f 405/531/454 412/539/460 409/536/457
f 412/539/460 405/531/454 402/530/336
f 291/540/337 412/539/460 402/530/336
f 412/539/460 291/540/337 474/541/461
f 413/542/462 412/539/460 474/541/461
f 412/539/460 413/542/462 414/543/463
f 415/544/464 412/539/460 414/543/463
f 409/536/457 415/544/464 410/537/458
f 412/539/460 415/544/464 409/536/457
f 474/541/461 475/545/465 413/542/462
f 475/545/465 416/546/466 413/542/462
f 413/542/462 416/546/466 414/543/463
f 475/545/465 477/547/467 416/546/466
f 477/547/467 417/548/468 416/546/466
f 418/549/469 417/548/468 477/547/467
f 478/550/470 418/549/469 477/547/467
f 415/544/464 414/543/463 419/551/471
f 420/552/472 419/551/471 414/543/463
f 421/553/473 420/552/472 414/543/463
f 416/546/466 421/553/473 414/543/463
f 416/546/466 417/548/468 421/553/473
f 422/554/474 420/552/472 421/553/473
f 423/555/475 422/554/474 421/553/473
f 417/548/468 423/555/475 421/553/473
f 345/556/398 415/544/464 419/551/471
f 423/555/475 424/557/476 422/554/474
f 417/548/468 418/549/469 424/557/476
f 423/555/475 417/548/468 424/557/476
f 424/557/476 418/549/469 462/558/477
f 425/559/478 424/557/476 462/558/477
f 424/557/476 425/559/478 464/560/479
f 426/561/480 424/557/476 464/560/479
f 424/557/476 426/561/480 422/554/474
f 418/549/469 478/550/470 427/562/481
f 462/558/477 418/549/469 427/562/481
f 345/556/398 429/563/399 428/564/482
f 430/565/483 345/556/398 428/564/482
f 335/566/386 430/565/483 428/564/482
f 338/567/389 335/566/386 428/564/482
f 431/568/390 338/567/389 428/564/482
f 432/569/484 431/568/390 428/564/482
f 432/569/484 433/570/485 431/568/390
f 433/570/485 434/571/393 431/568/390
f 435/572/405 432/569/484 428/564/482
f 429/563/399 435/572/405 428/564/482
f 436/573/404 433/570/485 432/569/484
f 435/572/405 436/573/404 432/569/484
f 433/570/485 437/574/486 434/571/393
f 433/570/485 436/573/404 437/574/486
f 437/574/486 438/575/410 434/571/393
f 356/576/413 438/575/410 437/574/486
f 439/577/414 356/576/413 437/574/486
f 439/577/414 437/574/486 357/578/415
f 437/574/486 352/579/408 357/578/415
f 436/573/404 352/579/408 437/574/486
f 335/566/386 410/537/458 430/565/483
f 440/580/487 410/537/458 335/566/386
f 441/581/488 440/580/487 335/566/386
f 313/582/364 440/580/487 441/581/488
f 315/583/366 313/582/364 441/581/488
f 317/584/368 315/583/366 441/581/488
f 442/585/489 317/584/368 441/581/488
f 319/586/370 317/584/368 442/585/489
f 443/587/490 319/586/370 442/585/489
f 329/588/380 442/585/489 441/581/488
f 443/587/490 442/585/489 329/588/380
f 328/589/379 329/588/380 441/581/488
f 328/589/379 441/581/488 335/566/386
f 332/590/383 443/587/490 329/588/380
f 443/587/490 444/591/491 319/586/370
f 444/591/491 322/592/373 319/586/370
f 485/593/492 322/592/373 444/591/491
f 481/594/493 485/593/492 444/591/491
f 481/594/493 444/591/491 480/595/494
f 444/591/491 334/596/385 480/595/494
f 334/596/385 444/591/491 443/587/490
f 332/590/383 334/596/385 443/587/490
f 313/582/364 411/538/459 440/580/487
f 411/538/459 410/537/458 440/580/487
f 313/582/364 314/597/365 411/538/459
f 411/538/459 314/597/365 300/598/349
f 445/599/495 411/538/459 300/598/349
f 445/599/495 300/598/349 446/600/348
f 447/601/496 445/599/495 446/600/348
f 445/599/495 447/601/496 448/602/497
f 449/603/498 448/602/497 447/601/496
f 448/602/497 449/603/498 450/604/343
f 448/602/497 450/604/343 408/535/341
f 407/534/456 448/602/497 408/535/341
f 407/534/456 445/599/495 448/602/497
f 407/534/456 411/538/459 445/599/495
f 449/603/498 309/605/358 450/604/343
f 451/606/499 449/603/498 447/601/496
f 449/603/498 452/607/500 309/605/358
f 452/607/500 449/603/498 451/606/499
f 452/607/500 453/608/359 309/605/358
f 454/609/360 453/608/359 452/607/500
f 455/610/501 454/609/360 452/607/500
f 455/610/501 452/607/500 456/611/502
f 456/611/502 452/607/500 451/606/499
f 457/612/503 455/610/501 456/611/502
f 302/613/351 451/606/499 447/601/496
f 446/600/348 302/613/351 447/601/496
f 456/611/502 451/606/499 302/613/351
f 307/614/356 457/612/503 456/611/502
f 308/615/357 307/614/356 456/611/502
f 308/615/357 456/611/502 302/613/351
f 457/612/503 307/614/356 488/616/504
f 458/617/505 457/612/503 488/616/504
f 458/617/505 488/616/504 459/618/506
f 488/616/504 460/619/507 459/618/506
f 461/620/508 458/617/505 459/618/506
f 461/620/508 455/610/501 457/612/503
f 458/617/505 461/620/508 457/612/503
f 454/609/360 455/610/501 461/620/508
f 487/621/509 461/620/508 459/618/506
f 487/621/509 454/609/360 461/620/508
f 425/622/478 462/623/477 427/624/481
f 463/625/510 425/622/478 427/624/481
f 464/626/479 425/622/478 463/625/510
f 465/627/511 464/626/479 463/625/510
f 463/625/510 466/628/512 465/627/511
f 463/625/510 427/624/481 466/628/512
f 466/628/512 467/629/513 465/627/511
f 466/628/512 468/630/514 467/629/513
f 468/630/514 469/631/515 467/629/513
f 467/629/513 469/631/515 426/632/480
f 465/627/511 467/629/513 426/632/480
f 464/626/479 465/627/511 426/632/480
f 469/631/515 422/633/474 426/632/480
f 422/633/474 469/631/515 420/634/472
f 469/631/515 470/635/516 420/634/472
f 420/634/472 470/635/516 471/636/517
f 419/637/471 420/634/472 471/636/517
f 419/637/471 471/636/517 345/440/398
f 471/636/517 343/438/396 345/440/398
f 343/438/396 471/636/517 472/638/518
f 471/636/517 473/639/519 472/638/518
f 471/636/517 470/635/516 473/639/519
f 473/639/519 474/640/461 472/638/518
f 474/640/461 291/377/337 472/638/518
f 475/641/465 474/640/461 473/639/519
f 476/642/520 475/641/465 473/639/519
f 470/635/516 476/642/520 473/639/519
f 469/631/515 468/630/514 476/642/520
f 470/635/516 469/631/515 476/642/520
f 477/643/467 475/641/465 476/642/520
f 468/630/514 477/643/467 476/642/520
f 468/630/514 466/628/512 477/643/467
f 466/628/512 478/644/470 477/643/467
f 427/624/481 478/644/470 466/628/512
f 343/438/396 472/638/518 286/370/330
f 472/638/518 283/367/327 286/370/330
f 291/377/337 283/367/327 472/638/518
f 343/438/396 286/370/330 341/436/394
f 336/429/387 341/436/394 286/370/330
f 336/429/387 286/370/330 323/416/374
f 323/416/374 286/370/330 288/372/332
f 481/645/493 480/646/494 479/647/521
f 482/648/522 481/645/493 479/647/521
f 482/648/522 479/647/521 483/649/523
f 479/647/521 333/426/384 483/649/523
f 482/648/522 483/649/523 484/650/524
f 481/645/493 482/648/522 484/650/524
f 483/649/523 321/414/372 484/650/524
f 485/651/492 481/645/493 484/650/524
f 331/424/382 483/649/523 333/426/384
f 320/413/371 321/414/372 483/649/523
f 331/424/382 320/413/371 483/649/523
f 334/427/385 333/426/384 479/647/521
f 480/646/494 334/427/385 479/647/521
f 484/650/524 321/414/372 322/415/373
f 485/651/492 484/650/524 322/415/373
f 486/652/203 369/306/277 237/303/274
f 228/292/265 486/652/203 237/303/274
f 228/292/265 226/290/263 486/652/203
f 226/290/263 171/653/202 486/652/203
f 226/290/263 225/289/262 171/653/202
f 225/289/262 175/295/207 171/653/202
f 163/204/194 152/188/178 153/189/179
f 300/391/349 314/407/365 310/403/361
f 306/397/355 454/402/360 487/654/509
f 459/655/506 306/397/355 487/654/509
f 459/655/506 460/656/507 306/397/355
f 460/656/507 305/396/354 306/397/355
f 460/656/507 488/657/504 305/396/354
f 488/657/504 307/398/356 305/396/354
f 491/658/525 490/659/526 489/660/527
f 492/661/528 491/658/525 489/660/527
f 489/660/527 490/659/526 493/662/529
f 494/663/530 489/660/527 493/662/529
f 492/661/528 489/660/527 494/663/530
f 494/663/530 493/662/529 88/664/112
f 495/665/111 494/663/530 88/664/112
f 496/666/531 494/663/530 495/665/111
f 496/666/531 492/661/528 494/663/530
f 89/667/113 496/666/531 495/665/111
f 497/668/532 496/666/531 89/667/113
f 498/669/114 497/668/532 89/667/113
f 499/670/533 497/668/532 498/669/114
f 605/671/116 499/670/533 498/669/114
f 499/670/533 500/672/534 497/668/532
f 500/672/534 501/673/535 497/668/532
f 501/673/535 492/661/528 496/666/531
f 497/668/532 501/673/535 496/666/531
f 491/658/525 492/661/528 501/673/535
f 500/672/534 491/658/525 501/673/535
f 490/659/526 491/658/525 502/674/536
f 490/659/526 502/674/536 493/662/529
f 491/658/525 503/675/537 502/674/536
f 499/670/533 605/671/116 606/676/538
f 504/677/539 499/670/533 606/676/538
f 500/672/534 499/670/533 504/677/539
f 493/662/529 505/678/540 88/664/112
f 502/674/536 505/678/540 493/662/529
f 502/674/536 503/675/537 505/678/540
f 505/678/540 616/679/541 88/664/112
f 505/678/540 506/680/542 616/679/541
f 503/675/537 506/680/542 505/678/540
f 506/680/542 608/681/543 616/679/541
f 504/677/539 606/676/538 608/681/543
f 506/680/542 504/677/539 608/681/543
f 507/682/544 500/672/534 504/677/539
f 507/682/544 504/677/539 506/680/542
f 503/675/537 507/682/544 506/680/542
f 491/658/525 500/672/534 507/682/544
f 503/675/537 491/658/525 507/682/544
f 508/683/296 278/362/322 275/358/319
f 241/684/279 508/683/296 275/358/319
f 241/684/279 275/358/319 509/685/298
f 275/358/319 276/359/320 509/685/298
f 508/683/296 259/338/297 278/362/322
f 259/338/297 260/341/304 278/362/322
f 259/338/297 70/686/85 258/339/300
f 70/686/85 213/687/84 258/339/300
f 257/340/303 258/339/300 254/688/299
f 277/361/321 257/340/303 254/688/299
f 276/360/320 277/361/321 254/688/299
f 509/689/298 276/360/320 254/688/299
f 224/287/260 510/690/545 230/294/267
f 510/690/545 224/287/260 511/691/546
f 512/692/547 510/690/545 511/691/546
f 513/693/548 512/692/547 511/691/546
f 511/691/546 224/287/260 513/693/548
f 510/690/545 512/692/547 1019/694/549
f 1019/694/549 512/692/547 513/693/548
f 514/695/550 510/690/545 1019/694/549
f 510/690/545 514/695/550 230/294/267
f 224/287/260 744/288/261 513/693/548
f 514/695/550 233/299/271 230/294/267
f 516/696/551 515/697/552 526/698/553
f 525/699/554 516/696/551 526/698/553
f 526/698/553 515/697/552 527/700/555
f 515/697/552 517/701/556 527/700/555
f 518/702/557 516/696/551 525/699/554
f 519/703/558 518/702/557 525/699/554
f 520/704/559 518/702/557 519/703/558
f 521/705/560 520/704/559 519/703/558
f 516/696/551 5/8/8 515/697/552
f 5/8/8 3/6/6 515/697/552
f 2/1/1 517/701/556 515/697/552
f 3/6/6 2/1/1 515/697/552
f 2/1/1 19/4/4 517/701/556
f 517/701/556 19/4/4 528/706/34
f 527/700/555 517/701/556 528/706/34
f 520/704/559 521/705/560 522/707/561
f 7/12/12 520/704/559 522/707/561
f 8/13/13 7/12/12 522/707/561
f 6/10/10 518/702/557 520/704/559
f 7/12/12 6/10/10 520/704/559
f 6/10/10 5/8/8 516/696/551
f 518/702/557 6/10/10 516/696/551
f 10/17/17 8/13/13 522/707/561
f 524/708/18 10/709/17 523/710/562
f 10/709/17 522/711/561 523/710/562
f 522/711/561 521/712/560 523/710/562
f 521/712/560 519/713/558 523/710/562
f 519/713/558 525/714/554 523/710/562
f 525/714/554 526/715/553 523/710/562
f 526/715/553 527/716/555 523/710/562
f 527/716/555 528/717/34 523/710/562
f 528/717/34 529/718/33 523/710/562
f 529/718/33 530/719/28 523/710/562
f 530/719/28 16/720/25 523/710/562
f 16/720/25 14/721/23 523/710/562
f 14/721/23 11/722/19 523/710/562
f 11/722/19 524/708/18 523/710/562
f 620/723/563 553/724/564 531/725/565
f 532/726/566 620/723/563 531/725/565
f 531/725/565 553/724/564 533/727/567
f 534/728/568 531/725/565 533/727/567
f 533/727/567 571/729/569 534/728/568
f 571/729/569 535/730/570 534/728/568
f 571/729/569 570/731/571 535/730/570
f 570/731/571 536/732/572 535/730/570
f 537/733/573 536/732/572 570/731/571
f 569/734/574 537/733/573 570/731/571
f 537/733/573 569/734/574 568/735/575
f 538/736/576 537/733/573 568/735/575
f 568/735/575 575/737/577 538/736/576
f 575/737/577 539/738/578 538/736/576
f 538/736/576 539/738/578 540/739/579
f 541/740/580 538/736/576 540/739/579
f 540/739/579 539/738/578 542/741/581
f 542/741/581 539/738/578 575/737/577
f 543/742/582 540/739/579 542/741/581
f 597/743/583 542/741/581 575/737/577
f 1033/744/584 543/742/582 542/741/581
f 544/745/585 1033/744/584 542/741/581
f 544/745/585 542/741/581 597/743/583
f 545/746/586 1033/744/584 544/745/585
f 546/747/587 545/746/586 544/745/585
f 601/748/588 546/747/587 544/745/585
f 547/749/589 601/748/588 544/745/585
f 547/749/589 544/745/585 597/743/583
f 545/746/586 546/747/587 548/750/590
f 546/747/587 601/748/588 548/750/590
f 1032/751/591 545/746/586 548/750/590
f 601/748/588 602/752/592 548/750/590
f 548/750/590 602/752/592 549/753/593
f 550/754/594 548/750/590 549/753/593
f 549/753/593 620/755/563 550/754/594
f 620/755/563 532/756/566 550/754/594
f 550/754/594 532/756/566 551/757/595
f 548/750/590 550/754/594 551/757/595
f 1032/751/591 548/750/590 551/757/595
f 532/756/566 552/758/596 551/757/595
f 618/38/36 20/37/35 553/724/564
f 620/723/563 618/38/36 553/724/564
f 22/39/37 553/724/564 20/37/35
f 533/727/567 553/724/564 22/39/37
f 554/759/597 533/727/567 22/39/37
f 554/759/597 555/760/598 533/727/567
f 554/759/597 28/43/41 555/760/598
f 22/39/37 28/43/41 554/759/597
f 555/760/598 28/43/41 556/761/599
f 28/43/41 30/45/43 556/761/599
f 556/761/599 30/45/43 557/762/600
f 30/45/43 32/763/45 557/762/600
f 557/762/600 32/763/45 558/764/601
f 557/762/600 558/764/601 559/765/602
f 558/764/601 560/766/603 559/765/602
f 560/766/603 561/767/604 559/765/602
f 561/767/604 562/768/605 559/765/602
f 560/766/603 558/764/601 563/769/606
f 560/766/603 563/769/606 561/767/604
f 558/764/601 564/770/607 563/769/606
f 32/763/45 565/55/53 558/764/601
f 564/770/607 566/771/608 563/769/606
f 566/771/608 564/770/607 41/57/55
f 564/770/607 42/58/56 41/57/55
f 558/764/601 565/55/53 42/58/56
f 564/770/607 558/764/601 42/58/56
f 566/771/608 567/772/609 563/769/606
f 562/768/605 568/735/575 559/765/602
f 568/735/575 569/734/574 559/765/602
f 559/765/602 569/734/574 570/731/571
f 570/731/571 621/773/610 559/765/602
f 621/773/610 570/731/571 571/729/569
f 555/760/598 621/773/610 571/729/569
f 563/769/606 572/774/611 561/767/604
f 572/774/611 573/775/612 561/767/604
f 562/768/605 574/776/613 568/735/575
f 574/776/613 575/737/577 568/735/575
f 566/771/608 41/57/55 576/777/614
f 567/772/609 566/771/608 576/777/614
f 41/57/55 72/89/87 576/777/614
f 576/777/614 72/89/87 1014/778/615
f 576/777/614 1014/778/615 577/779/616
f 577/779/616 567/772/609 576/777/614
f 1014/778/615 1015/780/617 577/779/616
f 1015/780/617 732/781/618 577/779/616
f 732/781/618 578/782/619 577/779/616
f 72/89/87 252/90/88 1014/778/615
f 577/779/616 578/782/619 579/783/620
f 580/784/621 577/779/616 579/783/620
f 580/784/621 579/783/620 581/785/622
f 582/786/623 580/784/621 581/785/622
f 583/787/624 582/786/623 581/785/622
f 584/788/625 583/787/624 581/785/622
f 585/789/626 579/783/620 578/782/619
f 581/785/622 579/783/620 585/789/626
f 586/790/627 585/789/626 578/782/619
f 586/790/627 578/782/619 732/781/618
f 586/790/627 75/93/91 585/789/626
f 586/790/627 736/791/628 75/93/91
f 736/791/628 586/790/627 732/781/618
f 736/791/628 218/95/93 75/93/91
f 75/93/91 76/96/94 585/789/626
f 587/792/629 585/789/626 76/96/94
f 587/792/629 581/785/622 585/789/626
f 588/98/96 587/792/629 76/96/94
f 583/787/624 584/788/625 589/793/630
f 590/794/631 583/787/624 589/793/630
f 573/775/612 583/787/624 590/794/631
f 591/795/632 573/775/612 590/794/631
f 573/775/612 591/795/632 592/796/633
f 573/775/612 592/796/633 561/767/604
f 591/795/632 593/797/634 592/796/633
f 593/797/634 591/795/632 594/798/635
f 594/798/635 595/66/64 593/797/634
f 595/66/64 50/67/65 593/797/634
f 593/797/634 50/67/65 596/799/636
f 50/67/65 52/69/67 596/799/636
f 597/743/583 596/799/636 52/69/67
f 598/70/68 597/743/583 52/69/67
f 547/749/589 597/743/583 598/70/68
f 599/71/69 547/749/589 598/70/68
f 547/749/589 599/71/69 600/72/70
f 601/748/588 547/749/589 600/72/70
f 593/797/634 596/799/636 574/776/613
f 592/796/633 593/797/634 574/776/613
f 601/748/588 600/72/70 602/752/592
f 600/72/70 59/76/74 602/752/592
f 596/799/636 597/743/583 575/737/577
f 574/776/613 596/799/636 575/737/577
f 603/119/117 595/66/64 594/798/635
f 604/800/637 603/119/117 594/798/635
f 605/118/116 603/119/117 604/800/637
f 606/801/538 605/118/116 604/800/637
f 606/801/538 604/800/637 607/802/638
f 608/803/543 606/801/538 607/802/638
f 608/803/543 607/802/638 609/804/639
f 609/804/639 607/802/638 610/805/640
f 611/806/641 609/804/639 610/805/640
f 84/109/107 609/804/639 611/806/641
f 612/105/103 84/109/107 611/806/641
f 612/105/103 611/806/641 81/104/102
f 611/806/641 613/807/642 81/104/102
f 611/806/641 589/793/630 613/807/642
f 589/793/630 646/808/643 613/807/642
f 589/793/630 584/788/625 646/808/643
f 584/788/625 614/809/644 646/808/643
f 584/788/625 581/785/622 614/809/644
f 581/785/622 649/810/645 614/809/644
f 581/785/622 587/792/629 649/810/645
f 587/792/629 615/811/646 649/810/645
f 615/811/646 587/792/629 630/812/647
f 616/813/541 609/804/639 84/109/107
f 88/114/112 616/813/541 84/109/107
f 589/793/630 611/806/641 590/794/631
f 611/806/641 610/805/640 590/794/631
f 591/795/632 590/794/631 610/805/640
f 594/798/635 591/795/632 610/805/640
f 594/798/635 610/805/640 607/802/638
f 604/800/637 594/798/635 607/802/638
f 587/792/629 588/98/96 630/812/647
f 630/812/647 588/98/96 617/108/106
f 616/813/541 608/803/543 609/804/639
f 549/753/593 619/121/118 618/120/36
f 620/755/563 549/753/593 618/120/36
f 619/121/118 549/753/593 59/76/74
f 549/753/593 602/752/592 59/76/74
f 629/814/648 556/815/599 621/816/610
f 629/814/648 622/817/649 556/815/599
f 622/817/649 555/818/598 556/815/599
f 622/817/649 623/819/650 555/818/598
f 629/814/648 624/820/651 622/817/649
f 624/820/651 625/821/652 622/817/649
f 622/817/649 625/821/652 623/819/650
f 625/821/652 626/822/653 623/819/650
f 625/821/652 627/823/654 626/822/653
f 626/822/653 627/823/654 628/824/655
f 624/825/651 626/822/653 628/824/655
f 628/826/655 627/823/654 625/821/652
f 624/820/651 628/826/655 625/821/652
f 626/822/653 624/825/651 629/827/648
f 623/819/650 626/822/653 629/827/648
f 623/819/650 629/827/648 621/828/610
f 555/818/598 623/819/650 621/828/610
f 621/773/610 557/762/600 559/765/602
f 557/762/600 621/773/610 556/761/599
f 631/829/656 630/812/647 617/108/106
f 632/138/128 631/829/656 617/108/106
f 631/829/656 632/138/128 633/830/657
f 632/138/128 634/140/130 633/830/657
f 635/831/658 633/830/657 634/140/130
f 106/142/132 635/831/658 634/140/130
f 633/830/657 635/831/658 636/832/659
f 635/831/658 637/833/660 636/832/659
f 636/832/659 637/833/660 638/834/661
f 638/834/661 639/835/662 636/832/659
f 639/835/662 638/834/661 640/836/663
f 640/836/663 638/834/661 668/837/664
f 637/833/660 668/837/664 638/834/661
f 670/838/665 640/836/663 668/837/664
f 640/836/663 670/838/665 641/839/666
f 670/838/665 669/840/667 641/839/666
f 641/839/666 669/840/667 642/841/668
f 669/840/667 643/842/669 642/841/668
f 642/841/668 643/842/669 115/154/144
f 643/842/669 116/155/145 115/154/144
f 644/843/670 642/841/668 115/154/144
f 645/157/147 644/843/670 115/154/144
f 613/807/642 644/843/670 645/157/147
f 613/807/642 646/808/643 644/843/670
f 646/808/643 647/844/671 644/843/670
f 647/844/671 641/839/666 642/841/668
f 644/843/670 647/844/671 642/841/668
f 646/808/643 614/809/644 647/844/671
f 639/835/662 648/845/672 614/809/644
f 614/809/644 648/845/672 647/844/671
f 647/844/671 648/845/672 641/839/666
f 649/810/645 639/835/662 614/809/644
f 81/104/102 613/807/642 645/157/147
f 649/810/645 615/811/646 639/835/662
f 615/811/646 650/846/673 639/835/662
f 648/845/672 639/835/662 640/836/663
f 648/845/672 640/836/663 641/839/666
f 639/835/662 650/846/673 636/832/659
f 636/832/659 650/846/673 633/830/657
f 650/846/673 631/829/656 633/830/657
f 630/812/647 631/829/656 650/846/673
f 615/811/646 630/812/647 650/846/673
f 653/847/674 652/848/675 651/163/153
f 123/162/152 653/847/674 651/163/153
f 651/163/153 652/848/675 126/165/155
f 652/848/675 654/849/676 126/165/155
f 654/849/676 652/848/675 655/850/677
f 652/848/675 656/851/678 655/850/677
f 652/848/675 653/847/674 657/852/679
f 656/851/678 652/848/675 657/852/679
f 126/165/155 654/849/676 131/170/160
f 654/849/676 658/853/680 131/170/160
f 654/849/676 655/850/677 658/853/680
f 131/170/160 658/853/680 133/172/162
f 658/853/680 659/854/681 133/172/162
f 133/172/162 659/854/681 635/831/658
f 106/142/132 133/172/162 635/831/658
f 635/831/658 659/854/681 637/833/660
f 659/854/681 660/855/682 637/833/660
f 659/854/681 658/853/680 661/856/683
f 660/855/682 659/854/681 661/856/683
f 655/850/677 661/856/683 658/853/680
f 662/857/684 660/855/682 661/856/683
f 663/858/685 662/857/684 661/856/683
f 663/858/685 661/856/683 655/850/677
f 656/851/678 663/858/685 655/850/677
f 656/851/678 657/852/679 663/858/685
f 662/857/684 663/858/685 664/859/686
f 657/852/679 664/859/686 663/858/685
f 665/860/687 662/857/684 664/859/686
f 664/859/686 666/861/688 665/860/687
f 666/861/688 664/859/686 657/852/679
f 666/861/688 667/862/689 665/860/687
f 667/862/689 666/861/688 144/182/172
f 145/183/173 667/862/689 144/182/172
f 667/862/689 145/183/173 116/155/145
f 643/842/669 667/862/689 116/155/145
f 660/855/682 662/857/684 668/837/664
f 637/833/660 660/855/682 668/837/664
f 667/862/689 643/842/669 669/840/667
f 665/860/687 667/862/689 669/840/667
f 665/860/687 669/840/667 670/838/665
f 662/857/684 665/860/687 670/838/665
f 662/857/684 670/838/665 668/837/664
f 123/162/152 144/182/172 666/861/688
f 653/847/674 123/162/152 666/861/688
f 653/847/674 666/861/688 657/852/679
f 673/863/690 672/864/691 671/865/692
f 674/866/693 673/863/690 671/865/692
f 673/863/690 675/867/694 672/864/691
f 675/867/694 676/868/695 672/864/691
f 677/869/696 672/864/691 676/868/695
f 678/870/697 677/869/696 676/868/695
f 677/869/696 678/870/697 679/871/698
f 680/872/699 677/869/696 679/871/698
f 680/872/699 679/871/698 918/873/700
f 891/874/701 680/872/699 918/873/700
f 678/870/697 676/868/695 681/875/702
f 682/876/703 678/870/697 681/875/702
f 678/870/697 682/876/703 679/871/698
f 682/876/703 683/877/704 679/871/698
f 679/871/698 683/877/704 918/873/700
f 683/877/704 914/878/705 918/873/700
f 681/875/702 684/879/706 682/876/703
f 684/879/706 685/880/707 682/876/703
f 682/876/703 685/880/707 686/881/708
f 683/877/704 682/876/703 686/881/708
f 687/882/709 684/879/706 681/875/702
f 688/883/710 687/882/709 681/875/702
f 688/883/710 681/875/702 676/868/695
f 683/877/704 686/881/708 689/884/711
f 914/878/705 683/877/704 689/884/711
f 688/883/710 690/885/712 687/882/709
f 690/885/712 688/883/710 675/867/694
f 691/886/713 690/885/712 675/867/694
f 692/887/714 690/885/712 691/886/713
f 693/888/715 692/887/714 691/886/713
f 691/886/713 673/863/690 693/888/715
f 675/867/694 673/863/690 691/886/713
f 673/863/690 694/889/716 693/888/715
f 695/890/717 694/889/716 673/863/690
f 694/889/716 695/890/717 696/891/718
f 1010/892/719 694/889/716 696/891/718
f 694/889/716 1010/892/719 693/888/715
f 695/890/717 697/893/720 696/891/718
f 695/890/717 698/894/721 697/893/720
f 698/894/721 695/890/717 673/863/690
f 698/894/721 699/895/722 697/893/720
f 697/893/720 751/896/723 696/891/718
f 751/896/723 697/893/720 700/897/724
f 697/893/720 699/895/722 700/897/724
f 701/898/725 751/896/723 700/897/724
f 698/894/721 674/866/693 699/895/722
f 674/866/693 698/894/721 673/863/690
f 674/866/693 702/899/726 699/895/722
f 699/895/722 703/900/727 700/897/724
f 703/900/727 699/895/722 702/899/726
f 703/900/727 702/899/726 704/901/728
f 705/902/729 703/900/727 704/901/728
f 700/897/724 703/900/727 706/903/730
f 703/900/727 687/904/709 706/903/730
f 703/900/727 705/902/729 687/904/709
f 671/865/692 704/901/728 702/899/726
f 674/866/693 671/865/692 702/899/726
f 705/902/729 684/905/706 687/904/709
f 705/902/729 713/906/731 684/905/706
f 713/906/731 685/907/707 684/905/706
f 685/907/707 713/906/731 712/908/732
f 686/909/708 685/907/707 712/908/732
f 686/909/708 712/908/732 905/910/733
f 689/911/711 686/909/708 905/910/733
f 704/901/728 671/865/692 709/912/734
f 709/912/734 671/865/692 672/864/691
f 677/869/696 709/912/734 672/864/691
f 707/913/735 704/901/728 709/912/734
f 705/902/729 704/901/728 707/913/735
f 713/906/731 705/902/729 707/913/735
f 700/897/724 706/903/730 708/914/736
f 701/898/725 700/897/724 708/914/736
f 709/915/734 677/916/696 680/917/699
f 710/918/737 709/915/734 680/917/699
f 710/918/737 711/919/738 709/915/734
f 711/919/738 707/920/735 709/915/734
f 711/919/738 712/921/732 707/920/735
f 712/921/732 713/922/731 707/920/735
f 714/923/739 710/918/737 680/917/699
f 715/924/740 714/923/739 680/917/699
f 715/924/740 680/917/699 891/925/701
f 716/926/741 715/924/740 891/925/701
f 714/923/739 892/927/742 710/918/737
f 892/927/742 717/928/743 710/918/737
f 718/929/744 712/921/732 711/919/738
f 719/930/745 718/929/744 711/919/738
f 718/929/744 906/931/746 712/921/732
f 906/931/746 905/932/733 712/921/732
f 719/930/745 711/919/738 720/933/747
f 721/934/748 719/930/745 720/933/747
f 900/935/749 720/933/747 711/919/738
f 722/936/750 715/924/740 716/926/741
f 893/937/751 722/936/750 716/926/741
f 723/938/752 714/923/739 715/924/740
f 722/936/750 723/938/752 715/924/740
f 894/939/753 892/927/742 714/923/739
f 723/938/752 894/939/753 714/923/739
f 724/940/754 718/929/744 719/930/745
f 725/941/755 724/940/754 719/930/745
f 725/941/755 719/930/745 721/934/748
f 907/942/756 906/931/746 718/929/744
f 724/940/754 907/942/756 718/929/744
f 726/943/757 725/941/755 721/934/748
f 727/944/758 722/936/750 893/937/751
f 895/945/759 727/944/758 893/937/751
f 895/945/759 896/946/760 727/944/758
f 896/946/760 894/939/753 723/938/752
f 896/946/760 728/947/761 727/944/758
f 728/947/761 723/938/752 722/936/750
f 727/944/758 728/947/761 722/936/750
f 728/947/761 896/946/760 723/938/752
f 729/948/762 724/940/754 725/941/755
f 730/949/763 729/948/762 725/941/755
f 730/949/763 725/941/755 726/943/757
f 729/948/762 730/949/763 908/950/764
f 908/950/764 907/942/756 724/940/754
f 729/948/762 908/950/764 724/940/754
f 730/949/763 731/951/765 908/950/764
f 731/951/765 730/949/763 726/943/757
f 733/952/766 732/953/618 1015/954/617
f 734/955/767 733/952/766 1015/954/617
f 732/953/618 733/952/766 735/956/768
f 736/957/628 732/953/618 735/956/768
f 735/956/768 737/280/253 736/957/628
f 737/280/253 218/279/93 736/957/628
f 219/281/254 737/280/253 735/956/768
f 738/958/769 219/281/254 735/956/768
f 735/956/768 733/952/766 738/958/769
f 738/958/769 739/959/770 219/281/254
f 739/959/770 740/284/257 219/281/254
f 741/960/771 739/959/770 738/958/769
f 742/961/772 741/960/771 738/958/769
f 733/952/766 742/961/772 738/958/769
f 733/952/766 734/955/767 742/961/772
f 740/284/257 739/959/770 743/962/773
f 744/288/261 740/284/257 743/962/773
f 741/960/771 745/963/774 739/959/770
f 746/964/775 745/963/774 741/960/771
f 747/965/776 746/964/775 741/960/771
f 748/966/777 746/964/775 747/965/776
f 749/967/778 748/966/777 747/965/776
f 745/963/774 750/968/779 739/959/770
f 739/959/770 750/968/779 743/962/773
f 745/963/774 751/969/723 750/968/779
f 751/969/723 752/970/780 750/968/779
f 752/970/780 751/969/723 753/971/781
f 752/970/780 753/971/781 233/299/271
f 233/299/271 750/968/779 752/970/780
f 753/971/781 754/298/270 233/299/271
f 751/969/723 701/972/725 753/971/781
f 755/973/782 747/965/776 741/960/771
f 742/961/772 755/973/782 741/960/771
f 749/967/778 756/974/783 748/966/777
f 756/974/783 757/975/784 748/966/777
f 757/975/784 756/974/783 758/976/785
f 759/977/786 757/975/784 758/976/785
f 882/978/787 757/975/784 759/977/786
f 760/979/788 882/978/787 759/977/786
f 756/974/783 761/980/789 758/976/785
f 761/980/789 762/981/790 758/976/785
f 758/976/785 762/981/790 763/310/281
f 758/976/785 763/310/281 759/977/786
f 762/981/790 243/311/282 763/310/281
f 763/310/281 244/312/283 759/977/786
f 882/978/787 760/979/788 764/982/791
f 765/983/792 882/978/787 764/982/791
f 760/979/788 247/315/286 764/982/791
f 247/315/286 248/316/287 764/982/791
f 764/982/791 248/316/287 774/317/288
f 766/984/793 764/982/791 774/317/288
f 881/985/794 759/977/786 244/312/283
f 249/320/291 881/985/794 244/312/283
f 767/321/292 247/315/286 760/979/788
f 879/986/795 767/321/292 760/979/788
f 243/311/282 762/981/790 768/987/796
f 769/324/295 243/311/282 768/987/796
f 769/324/295 768/987/796 252/325/88
f 768/987/796 1014/988/615 252/325/88
f 1014/988/615 768/987/796 1013/989/797
f 770/990/798 1014/988/615 1013/989/797
f 708/991/736 765/983/792 764/982/791
f 766/984/793 708/991/736 764/982/791
f 759/977/786 881/985/794 879/986/795
f 760/979/788 759/977/786 879/986/795
f 1013/989/797 768/987/796 762/981/790
f 761/980/789 1013/989/797 762/981/790
f 749/967/778 771/992/799 761/980/789
f 756/974/783 749/967/778 761/980/789
f 749/967/778 747/965/776 771/992/799
f 747/965/776 755/973/782 771/992/799
f 772/993/800 771/992/799 755/973/782
f 734/955/767 772/993/800 755/973/782
f 734/955/767 755/973/782 742/961/772
f 773/994/801 772/993/800 734/955/767
f 1015/954/617 773/994/801 734/955/767
f 775/995/802 766/996/793 774/335/288
f 776/334/302 775/995/802 774/335/288
f 753/971/781 775/995/802 776/334/302
f 754/298/270 753/971/781 776/334/302
f 708/997/736 775/995/802 753/971/781
f 775/995/802 708/997/736 766/996/793
f 701/972/725 708/997/736 753/971/781
f 770/998/798 778/999/803 777/1000/804
f 773/1001/801 770/998/798 777/1000/804
f 778/999/803 779/1002/805 777/1000/804
f 780/1003/806 779/1002/805 778/999/803
f 780/1003/806 781/1004/807 779/1002/805
f 779/1002/805 781/1004/807 782/1005/808
f 781/1004/807 783/1006/809 782/1005/808
f 779/1002/805 782/1005/808 784/1007/810
f 779/1002/805 784/1007/810 777/1000/804
f 782/1005/808 785/1008/811 784/1007/810
f 784/1007/810 785/1008/811 786/1009/812
f 786/1009/812 787/1010/813 784/1007/810
f 788/1011/814 787/1010/813 786/1009/812
f 786/1009/812 789/1012/815 788/1011/814
f 785/1008/811 789/1012/815 786/1009/812
f 789/1012/815 790/1013/816 788/1011/814
f 791/1014/817 781/1004/807 780/1003/806
f 783/1006/809 781/1004/807 791/1014/817
f 792/1015/818 783/1006/809 791/1014/817
f 792/1015/818 791/1014/817 788/1016/814
f 790/1017/816 792/1015/818 788/1016/814
f 788/1016/814 791/1014/817 793/1018/819
f 794/1019/820 788/1016/814 793/1018/819
f 787/1010/813 788/1011/814 794/1020/820
f 795/1021/821 787/1010/813 794/1020/820
f 784/1007/810 787/1010/813 795/1021/821
f 777/1000/804 784/1007/810 795/1021/821
f 793/1018/819 791/1014/817 796/1022/822
f 791/1014/817 780/1003/806 796/1022/822
f 796/1022/822 780/1003/806 778/999/803
f 790/1017/816 809/1023/823 792/1015/818
f 809/1023/823 797/1024/824 792/1015/818
f 809/1023/823 798/1025/825 797/1024/824
f 798/1025/825 799/1026/826 797/1024/824
f 797/1024/824 799/1026/826 800/1027/827
f 801/1028/828 797/1024/824 800/1027/827
f 801/1028/828 800/1027/827 802/1029/829
f 800/1027/827 803/1030/830 802/1029/829
f 802/1029/829 803/1030/830 804/1031/831
f 803/1030/830 805/1032/832 804/1031/831
f 805/1032/832 806/1033/833 804/1031/831
f 806/1033/833 807/1034/834 804/1031/831
f 798/1025/825 808/1035/835 799/1026/826
f 798/1025/825 809/1023/823 808/1035/835
f 808/1035/835 920/1036/836 799/1026/826
f 799/1026/826 920/1036/836 800/1027/827
f 920/1036/836 930/1037/837 800/1027/827
f 809/1023/823 812/1038/838 808/1035/835
f 797/1024/824 801/1028/828 783/1006/809
f 792/1015/818 797/1024/824 783/1006/809
f 801/1028/828 802/1029/829 782/1005/808
f 783/1006/809 801/1028/828 782/1005/808
f 802/1029/829 804/1031/831 785/1008/811
f 782/1005/808 802/1029/829 785/1008/811
f 785/1008/811 804/1031/831 807/1034/834
f 789/1012/815 785/1008/811 807/1034/834
f 789/1012/815 807/1034/834 809/1039/823
f 809/1039/823 807/1034/834 810/1040/839
f 807/1034/834 811/1041/840 810/1040/839
f 809/1039/823 810/1040/839 812/1042/838
f 810/1040/839 925/1043/841 812/1042/838
f 790/1013/816 789/1012/815 809/1039/823
f 813/1044/842 925/1043/841 810/1040/839
f 811/1041/840 813/1044/842 810/1040/839
f 925/1043/841 813/1044/842 814/1045/843
f 813/1044/842 815/1046/844 814/1045/843
f 815/1046/844 813/1044/842 816/1047/845
f 816/1047/845 817/1048/846 815/1046/844
f 817/1048/846 818/1049/847 815/1046/844
f 817/1048/846 816/1047/845 970/1050/848
f 819/1051/849 970/1050/848 816/1047/845
f 820/1052/850 819/1051/849 816/1047/845
f 813/1044/842 820/1052/850 816/1047/845
f 821/1053/851 817/1048/846 970/1050/848
f 822/1054/852 818/1049/847 817/1048/846
f 823/1055/853 822/1054/852 817/1048/846
f 823/1055/853 817/1048/846 821/1053/851
f 823/1055/853 824/1056/854 822/1054/852
f 824/1056/854 825/1057/855 822/1054/852
f 826/1058/856 824/1056/854 823/1055/853
f 827/1059/857 826/1058/856 823/1055/853
f 827/1059/857 823/1055/853 821/1053/851
f 828/1060/858 814/1045/843 815/1046/844
f 818/1049/847 828/1060/858 815/1046/844
f 818/1049/847 822/1054/852 828/1060/858
f 822/1054/852 825/1057/855 976/1061/859
f 822/1054/852 976/1061/859 828/1060/858
f 825/1057/855 977/1062/860 976/1061/859
f 819/1051/849 820/1052/850 829/1063/861
f 806/1033/833 829/1063/861 820/1052/850
f 830/1064/862 806/1033/833 820/1052/850
f 830/1064/862 820/1052/850 813/1044/842
f 811/1041/840 830/1064/862 813/1044/842
f 807/1034/834 806/1033/833 830/1064/862
f 811/1041/840 807/1034/834 830/1064/862
f 806/1033/833 805/1032/832 829/1063/861
f 805/1032/832 831/1065/863 829/1063/861
f 829/1063/861 831/1065/863 832/1066/864
f 968/1067/865 829/1063/861 832/1066/864
f 959/1068/866 832/1066/864 831/1065/863
f 833/1069/867 959/1068/866 831/1065/863
f 834/1070/868 959/1068/866 833/1069/867
f 835/1071/869 834/1070/868 833/1069/867
f 836/1072/870 834/1070/868 835/1071/869
f 837/1073/871 836/1072/870 835/1071/869
f 837/1073/871 838/1074/872 836/1072/870
f 838/1074/872 964/1075/873 836/1072/870
f 831/1065/863 839/1076/874 833/1069/867
f 839/1076/874 831/1065/863 805/1032/832
f 839/1076/874 840/1077/875 833/1069/867
f 835/1071/869 833/1069/867 840/1077/875
f 840/1077/875 839/1076/874 841/1078/876
f 841/1078/876 842/1079/877 840/1077/875
f 842/1079/877 843/1080/878 840/1077/875
f 843/1080/878 835/1071/869 840/1077/875
f 837/1073/871 835/1071/869 843/1080/878
f 842/1079/877 841/1078/876 962/1081/879
f 844/1082/880 842/1079/877 962/1081/879
f 842/1079/877 845/1083/881 843/1080/878
f 845/1083/881 842/1079/877 844/1082/880
f 845/1083/881 846/1084/882 843/1080/878
f 846/1084/882 837/1073/871 843/1080/878
f 847/1085/883 845/1083/881 844/1082/880
f 848/1086/884 845/1083/881 847/1085/883
f 846/1084/882 845/1083/881 848/1086/884
f 967/1087/885 848/1086/884 847/1085/883
f 849/1088/886 962/1081/879 841/1078/876
f 850/1089/887 849/1088/886 841/1078/876
f 839/1076/874 850/1089/887 841/1078/876
f 850/1089/887 851/1090/888 849/1088/886
f 851/1090/888 946/1091/889 849/1088/886
f 947/1092/890 946/1091/889 851/1090/888
f 852/1093/891 947/1092/890 851/1090/888
f 852/1093/891 853/1094/892 947/1092/890
f 853/1094/892 950/1095/893 947/1092/890
f 851/1090/888 850/1089/887 854/1096/894
f 855/1097/895 851/1090/888 854/1096/894
f 852/1093/891 851/1090/888 855/1097/895
f 855/1097/895 854/1096/894 856/1098/896
f 857/1099/897 855/1097/895 856/1098/896
f 856/1098/896 858/1100/898 857/1099/897
f 858/1100/898 945/1101/899 857/1099/897
f 857/1099/897 859/1102/900 855/1097/895
f 859/1102/900 857/1099/897 945/1101/899
f 859/1102/900 860/1103/901 855/1097/895
f 860/1103/901 852/1093/891 855/1097/895
f 853/1094/892 852/1093/891 860/1103/901
f 861/1104/902 860/1103/901 859/1102/900
f 861/1104/902 853/1094/892 860/1103/901
f 862/1105/903 861/1104/902 859/1102/900
f 952/1106/904 862/1105/903 859/1102/900
f 951/1107/905 952/1106/904 859/1102/900
f 951/1107/905 859/1102/900 945/1101/899
f 862/1105/903 863/1108/906 861/1104/902
f 863/1108/906 864/1109/907 861/1104/902
f 865/1110/908 863/1108/906 862/1105/903
f 952/1106/904 865/1110/908 862/1105/903
f 861/1104/902 864/1109/907 866/1111/909
f 853/1094/892 861/1104/902 866/1111/909
f 853/1094/892 866/1111/909 867/1112/910
f 950/1095/893 853/1094/892 867/1112/910
f 866/1111/909 864/1109/907 868/1113/911
f 864/1109/907 869/1114/912 868/1113/911
f 954/1115/913 868/1113/911 869/1114/912
f 866/1111/909 868/1113/911 954/1115/913
f 867/1112/910 866/1111/909 954/1115/913
f 955/1116/914 954/1115/913 869/1114/912
f 956/1117/915 955/1116/914 869/1114/912
f 865/1110/908 956/1117/915 863/1108/906
f 870/1118/916 956/1117/915 869/1114/912
f 870/1118/916 869/1114/912 864/1109/907
f 863/1108/906 870/1118/916 864/1109/907
f 956/1117/915 870/1118/916 863/1108/906
f 361/459/417 872/1119/917 871/1120/918
f 360/460/418 361/459/417 871/1120/918
f 360/460/418 871/1120/918 873/463/421
f 871/1120/918 874/1121/919 873/463/421
f 874/1121/919 871/1120/918 872/1119/917
f 872/1119/917 361/459/417 875/1122/920
f 875/1122/920 874/1121/919 872/1119/917
f 361/459/417 876/466/424 875/1122/920
f 877/1123/921 875/1122/920 876/466/424
f 874/1121/919 875/1122/920 877/1123/921
f 878/468/426 877/1123/921 876/466/424
f 878/468/426 767/469/292 877/1123/921
f 767/469/292 879/1124/795 877/1123/921
f 366/471/427 873/463/421 874/1121/919
f 880/1125/922 366/471/427 874/1121/919
f 880/1125/922 874/1121/919 877/1123/921
f 877/1123/921 879/1124/795 880/1125/922
f 880/1125/922 881/1126/794 366/471/427
f 879/1124/795 881/1126/794 880/1125/922
f 881/1126/794 249/474/291 366/471/427
f 708/1127/736 706/1128/730 692/887/714
f 765/1129/792 708/1127/736 692/887/714
f 690/885/712 692/887/714 706/1128/730
f 687/882/709 690/885/712 706/1128/730
f 882/1130/787 765/1129/792 692/887/714
f 693/888/715 882/1130/787 692/887/714
f 1010/892/719 882/1130/787 693/888/715
f 555/760/598 571/729/569 533/727/567
f 583/787/624 573/775/612 572/774/611
f 582/786/623 583/787/624 572/774/611
f 582/786/623 572/774/611 580/784/621
f 572/774/611 563/769/606 580/784/621
f 580/784/621 563/769/606 567/772/609
f 577/779/616 580/784/621 567/772/609
f 903/1131/923 884/1132/924 883/1133/925
f 902/1134/926 903/1131/923 883/1133/925
f 883/1133/925 884/1132/924 885/1135/927
f 884/1132/924 886/1136/928 885/1135/927
f 884/1132/924 903/1131/923 886/1136/928
f 885/1135/927 886/1136/928 887/1137/929
f 886/1136/928 888/1138/930 887/1137/929
f 887/1137/929 888/1138/930 710/918/737
f 888/1138/930 711/919/738 710/918/737
f 888/1138/930 900/935/749 711/919/738
f 887/1137/929 710/918/737 717/928/743
f 889/1139/931 887/1137/929 717/928/743
f 885/1135/927 887/1137/929 889/1139/931
f 901/1140/932 900/935/749 888/1138/930
f 886/1136/928 901/1140/932 888/1138/930
f 903/1131/923 901/1140/932 886/1136/928
f 890/1141/933 885/1135/927 889/1139/931
f 883/1133/925 885/1135/927 890/1141/933
f 902/1134/926 883/1133/925 890/1141/933
f 716/1142/741 891/1143/701 717/1144/743
f 892/1145/742 716/1142/741 717/1144/743
f 893/1146/751 716/1142/741 892/1145/742
f 894/1147/753 893/1146/751 892/1145/742
f 895/1148/759 893/1146/751 894/1147/753
f 896/1149/760 895/1148/759 894/1147/753
f 897/1150/934 717/1144/743 891/1143/701
f 898/1151/935 897/1150/934 891/1143/701
f 897/1150/934 899/1152/936 717/1144/743
f 899/1152/936 720/1153/747 717/1144/743
f 889/1154/931 717/1144/743 720/1153/747
f 900/1155/749 889/1154/931 720/1153/747
f 890/1156/933 889/1154/931 900/1155/749
f 901/1157/932 890/1156/933 900/1155/749
f 902/1158/926 890/1156/933 901/1157/932
f 903/1159/923 902/1158/926 901/1157/932
f 899/1152/936 904/1160/937 720/1153/747
f 904/1160/937 905/1161/733 720/1153/747
f 904/1160/937 899/1152/936 905/1161/733
f 721/1162/748 720/1153/747 905/1161/733
f 906/1163/746 721/1162/748 905/1161/733
f 726/1164/757 721/1162/748 906/1163/746
f 907/1165/756 726/1164/757 906/1163/746
f 731/1166/765 726/1164/757 907/1165/756
f 908/1167/764 731/1166/765 907/1165/756
f 899/1152/936 909/1168/938 905/1161/733
f 910/1169/939 905/1161/733 909/1168/938
f 910/1169/939 911/1170/940 905/1161/733
f 910/1169/939 912/1171/941 911/1170/940
f 912/1171/941 910/1169/939 909/1168/938
f 912/1171/941 913/1172/942 911/1170/940
f 911/1170/940 689/1173/711 905/1161/733
f 911/1170/940 913/1172/942 689/1173/711
f 913/1172/942 914/1174/705 689/1173/711
f 913/1172/942 915/1175/943 914/1174/705
f 916/1176/944 915/1175/943 913/1172/942
f 917/1177/945 916/1176/944 913/1172/942
f 912/1171/941 917/1177/945 913/1172/942
f 915/1175/943 918/1178/700 914/1174/705
f 915/1175/943 916/1176/944 918/1178/700
f 916/1176/944 891/1143/701 918/1178/700
f 916/1176/944 917/1177/945 891/1143/701
f 917/1177/945 919/1179/946 891/1143/701
f 912/1171/941 909/1168/938 919/1179/946
f 917/1177/945 912/1171/941 919/1179/946
f 897/1150/934 919/1179/946 909/1168/938
f 899/1152/936 897/1150/934 909/1168/938
f 898/1151/935 891/1143/701 919/1179/946
f 897/1150/934 898/1151/935 919/1179/946
f 922/1180/947 921/1181/948 920/1182/836
f 808/1183/835 922/1180/947 920/1182/836
f 922/1180/947 808/1183/835 812/1184/838
f 923/1185/949 922/1180/947 812/1184/838
f 924/1186/950 923/1185/949 812/1184/838
f 925/1187/841 924/1186/950 812/1184/838
f 922/1180/947 923/1185/949 926/1188/951
f 921/1181/948 922/1180/947 926/1188/951
f 923/1185/949 927/1189/952 926/1188/951
f 928/1190/953 927/1189/952 923/1185/949
f 924/1186/950 928/1190/953 923/1185/949
f 929/1191/954 921/1181/948 926/1188/951
f 921/1181/948 929/1191/954 920/1182/836
f 929/1191/954 930/1192/837 920/1182/836
f 930/1192/837 929/1191/954 1001/1193/955
f 929/1191/954 931/1194/956 1001/1193/955
f 931/1194/956 929/1191/954 932/1195/957
f 929/1191/954 933/1196/958 932/1195/957
f 933/1196/958 926/1188/951 927/1189/952
f 933/1196/958 929/1191/954 926/1188/951
f 934/1197/959 1001/1193/955 931/1194/956
f 935/1198/960 934/1197/959 931/1194/956
f 935/1198/960 931/1194/956 932/1195/957
f 1003/1199/961 934/1197/959 935/1198/960
f 936/1200/962 1003/1199/961 935/1198/960
f 936/1200/962 937/1201/963 1003/1199/961
f 937/1201/963 1004/1202/964 1003/1199/961
f 932/1195/957 933/1196/958 938/1203/965
f 938/1203/965 996/1204/966 932/1195/957
f 996/1204/966 939/1205/967 932/1195/957
f 939/1205/967 935/1198/960 932/1195/957
f 936/1200/962 935/1198/960 939/1205/967
f 996/1204/966 995/1206/968 939/1205/967
f 995/1206/968 940/1207/969 939/1205/967
f 940/1207/969 936/1200/962 939/1205/967
f 933/1196/958 858/1208/898 938/1203/965
f 941/1209/970 940/1207/969 995/1206/968
f 936/1200/962 940/1207/969 941/1209/970
f 937/1201/963 936/1200/962 941/1209/970
f 937/1201/963 941/1209/970 942/1210/971
f 941/1209/970 987/1211/972 942/1210/971
f 987/1211/972 941/1209/970 988/1212/973
f 941/1209/970 994/1213/974 988/1212/973
f 994/1213/974 941/1209/970 995/1206/968
f 937/1201/963 942/1210/971 985/1214/975
f 1004/1202/964 937/1201/963 985/1214/975
f 858/1208/898 944/1215/976 943/1216/977
f 945/1217/899 858/1208/898 943/1216/977
f 944/1215/976 849/1218/886 943/1216/977
f 849/1218/886 946/1219/889 943/1216/977
f 946/1219/889 947/1220/890 943/1216/977
f 947/1220/890 948/1221/978 943/1216/977
f 949/1222/979 948/1221/978 947/1220/890
f 950/1223/893 949/1222/979 947/1220/890
f 951/1224/905 945/1217/899 943/1216/977
f 948/1221/978 951/1224/905 943/1216/977
f 952/1225/904 951/1224/905 948/1221/978
f 949/1222/979 952/1225/904 948/1221/978
f 953/1226/980 949/1222/979 950/1223/893
f 952/1225/904 949/1222/979 953/1226/980
f 867/1227/910 953/1226/980 950/1223/893
f 867/1227/910 954/1228/913 953/1226/980
f 954/1228/913 955/1229/914 953/1226/980
f 953/1226/980 955/1229/914 956/1230/915
f 865/1231/908 953/1226/980 956/1230/915
f 865/1231/908 952/1225/904 953/1226/980
f 927/1189/952 849/1218/886 944/1215/976
f 927/1189/952 957/1232/981 849/1218/886
f 957/1232/981 958/1233/982 849/1218/886
f 957/1232/981 832/1234/864 958/1233/982
f 832/1234/864 959/1235/866 958/1233/982
f 959/1235/866 834/1236/868 958/1233/982
f 834/1236/868 960/1237/983 958/1233/982
f 834/1236/868 836/1238/870 960/1237/983
f 836/1238/870 961/1239/984 960/1237/983
f 960/1237/983 844/1240/880 958/1233/982
f 960/1237/983 961/1239/984 844/1240/880
f 844/1240/880 962/1241/879 958/1233/982
f 958/1233/982 962/1241/879 849/1218/886
f 961/1239/984 847/1242/883 844/1240/880
f 963/1243/985 961/1239/984 836/1238/870
f 964/1244/873 963/1243/985 836/1238/870
f 964/1244/873 1009/1245/986 963/1243/985
f 1009/1245/986 965/1246/987 963/1243/985
f 963/1243/985 965/1246/987 966/1247/988
f 967/1248/885 963/1243/985 966/1247/988
f 967/1248/885 847/1242/883 961/1239/984
f 963/1243/985 967/1248/885 961/1239/984
f 928/1190/953 832/1234/864 957/1232/981
f 927/1189/952 928/1190/953 957/1232/981
f 968/1249/865 832/1234/864 928/1190/953
f 968/1249/865 928/1190/953 819/1250/849
f 928/1190/953 969/1251/989 819/1250/849
f 819/1250/849 969/1251/989 970/1252/848
f 969/1251/989 971/1253/990 970/1252/848
f 971/1253/990 969/1251/989 972/1254/991
f 972/1254/991 973/1255/992 971/1253/990
f 973/1255/992 972/1254/991 814/1256/843
f 814/1256/843 972/1254/991 925/1187/841
f 972/1254/991 924/1186/950 925/1187/841
f 969/1251/989 924/1186/950 972/1254/991
f 928/1190/953 924/1186/950 969/1251/989
f 828/1257/858 973/1255/992 814/1256/843
f 973/1255/992 974/1258/993 971/1253/990
f 975/1259/994 973/1255/992 828/1257/858
f 973/1255/992 975/1259/994 974/1258/993
f 976/1260/859 975/1259/994 828/1257/858
f 976/1260/859 977/1261/860 975/1259/994
f 977/1261/860 978/1262/995 975/1259/994
f 975/1259/994 978/1262/995 979/1263/996
f 975/1259/994 979/1263/996 974/1258/993
f 978/1262/995 980/1264/997 979/1263/996
f 821/1265/851 970/1252/848 971/1253/990
f 974/1258/993 821/1265/851 971/1253/990
f 974/1258/993 979/1263/996 821/1265/851
f 980/1264/997 826/1266/856 979/1263/996
f 826/1266/856 827/1267/857 979/1263/996
f 979/1263/996 827/1267/857 821/1265/851
f 826/1266/856 980/1264/997 981/1268/998
f 980/1264/997 982/1269/999 981/1268/998
f 981/1268/998 982/1269/999 983/1270/1000
f 1012/1271/1001 981/1268/998 983/1270/1000
f 982/1269/999 984/1272/1002 983/1270/1000
f 984/1272/1002 982/1269/999 980/1264/997
f 978/1262/995 984/1272/1002 980/1264/997
f 978/1262/995 977/1261/860 984/1272/1002
f 984/1272/1002 1011/1273/1003 983/1270/1000
f 977/1261/860 1011/1273/1003 984/1272/1002
f 987/1274/972 986/1275/1004 985/1276/975
f 942/1277/971 987/1274/972 985/1276/975
f 987/1274/972 988/1278/973 986/1275/1004
f 988/1278/973 989/1279/1005 986/1275/1004
f 990/1280/1006 986/1275/1004 989/1279/1005
f 985/1276/975 986/1275/1004 990/1280/1006
f 991/1281/1007 990/1280/1006 989/1279/1005
f 992/1282/1008 990/1280/1006 991/1281/1007
f 993/1283/1009 992/1282/1008 991/1281/1007
f 993/1283/1009 991/1281/1007 994/1284/974
f 989/1279/1005 988/1278/973 994/1284/974
f 991/1281/1007 989/1279/1005 994/1284/974
f 995/1285/968 993/1283/1009 994/1284/974
f 993/1283/1009 995/1285/968 996/1286/966
f 997/1287/1010 993/1283/1009 996/1286/966
f 997/1287/1010 996/1286/966 998/1288/1011
f 996/1286/966 938/1289/965 998/1288/1011
f 998/1288/1011 938/1289/965 858/1100/898
f 856/1098/896 998/1288/1011 858/1100/898
f 998/1288/1011 856/1098/896 999/1290/1012
f 1000/1291/1013 998/1288/1011 999/1290/1012
f 997/1287/1010 998/1288/1011 1000/1291/1013
f 1001/1292/955 1000/1291/1013 999/1290/1012
f 930/1037/837 1001/1292/955 999/1290/1012
f 1001/1292/955 934/1293/959 1000/1291/1013
f 934/1293/959 1002/1294/1014 1000/1291/1013
f 1002/1294/1014 997/1287/1010 1000/1291/1013
f 993/1283/1009 997/1287/1010 1002/1294/1014
f 992/1282/1008 993/1283/1009 1002/1294/1014
f 1003/1295/961 992/1282/1008 1002/1294/1014
f 934/1293/959 1003/1295/961 1002/1294/1014
f 999/1290/1012 856/1098/896 803/1030/830
f 800/1027/827 999/1290/1012 803/1030/830
f 800/1027/827 930/1037/837 999/1290/1012
f 803/1030/830 856/1098/896 854/1096/894
f 854/1096/894 850/1089/887 803/1030/830
f 803/1030/830 850/1089/887 839/1076/874
f 803/1030/830 839/1076/874 805/1032/832
f 990/1280/1006 992/1282/1008 1003/1295/961
f 1004/1296/964 990/1280/1006 1003/1295/961
f 1004/1296/964 985/1276/975 990/1280/1006
f 965/1297/987 1006/1298/1015 1005/1299/1016
f 966/1300/988 965/1297/987 1005/1299/1016
f 1005/1299/1016 1006/1298/1015 1007/1301/1017
f 848/1086/884 1005/1299/1016 1007/1301/1017
f 1007/1301/1017 1006/1298/1015 1008/1302/1018
f 1006/1298/1015 965/1297/987 1008/1302/1018
f 838/1074/872 1007/1301/1017 1008/1302/1018
f 965/1297/987 1009/1303/986 1008/1302/1018
f 1007/1301/1017 846/1084/882 848/1086/884
f 837/1073/871 846/1084/882 1007/1301/1017
f 838/1074/872 837/1073/871 1007/1301/1017
f 967/1087/885 966/1300/988 1005/1299/1016
f 848/1086/884 967/1087/885 1005/1299/1016
f 1008/1302/1018 1009/1303/986 964/1075/873
f 838/1074/872 1008/1302/1018 964/1075/873
f 1010/1304/719 748/966/777 757/975/784
f 882/978/787 1010/1304/719 757/975/784
f 746/964/775 748/966/777 1010/1304/719
f 696/1305/718 746/964/775 1010/1304/719
f 745/963/774 746/964/775 696/1305/718
f 751/969/723 745/963/774 696/1305/718
f 675/867/694 688/883/710 676/868/695
f 968/1067/865 819/1051/849 829/1063/861
f 825/1057/855 983/1306/1000 1011/1307/1003
f 977/1062/860 825/1057/855 1011/1307/1003
f 1012/1308/1001 983/1306/1000 825/1057/855
f 824/1056/854 1012/1308/1001 825/1057/855
f 981/1309/998 1012/1308/1001 824/1056/854
f 826/1058/856 981/1309/998 824/1056/854
f 1013/1310/797 761/1311/789 793/1018/819
f 796/1022/822 1013/1310/797 793/1018/819
f 793/1018/819 761/1311/789 771/1312/799
f 794/1019/820 793/1018/819 771/1312/799
f 770/998/798 1013/1310/797 796/1022/822
f 778/999/803 770/998/798 796/1022/822
f 1014/1313/615 770/998/798 773/1001/801
f 1015/1314/617 1014/1313/615 773/1001/801
f 773/1001/801 777/1000/804 772/1315/800
f 777/1000/804 795/1021/821 772/1315/800
f 795/1021/821 794/1020/820 772/1315/800
f 794/1020/820 771/1316/799 772/1315/800
f 750/968/779 1016/1317/1019 743/962/773
f 743/962/773 1016/1317/1019 1017/1318/1020
f 1016/1317/1019 1018/1319/1021 1017/1318/1020
f 1018/1319/1021 513/693/548 1017/1318/1020
f 743/962/773 1017/1318/1020 513/693/548
f 1019/694/549 1018/1319/1021 1016/1317/1019
f 1019/694/549 513/693/548 1018/1319/1021
f 514/695/550 1019/694/549 1016/1317/1019
f 1016/1317/1019 750/968/779 514/695/550
f 744/288/261 743/962/773 513/693/548
f 750/968/779 233/299/271 514/695/550
f 1030/1320/1022 1021/1321/1023 1020/1322/1024
f 1022/1323/1025 1030/1320/1022 1020/1322/1024
f 1030/1320/1022 1031/1324/1026 1021/1321/1023
f 1031/1324/1026 1023/1325/1027 1021/1321/1023
f 1022/1323/1025 1020/1322/1024 1024/1326/1028
f 1025/1327/1029 1022/1323/1025 1024/1326/1028
f 1025/1327/1029 1024/1326/1028 1026/1328/1030
f 1027/1329/1031 1025/1327/1029 1026/1328/1030
f 1020/1322/1024 1021/1321/1023 534/728/568
f 534/728/568 1021/1321/1023 1023/1325/1027
f 535/730/570 1020/1322/1024 534/728/568
f 531/725/565 534/728/568 1023/1325/1027
f 531/725/565 1023/1325/1027 532/726/566
f 1023/1325/1027 1031/1324/1026 552/1330/596
f 532/726/566 1023/1325/1027 552/1330/596
f 537/733/573 1026/1328/1030 1024/1326/1028
f 536/732/572 537/733/573 1024/1326/1028
f 536/732/572 1024/1326/1028 1020/1322/1024
f 535/730/570 536/732/572 1020/1322/1024
f 1027/1329/1031 1026/1328/1030 1028/1331/1032
f 1026/1328/1030 537/733/573 1028/1331/1032
f 537/733/573 538/736/576 1028/1331/1032
f 538/736/576 541/740/580 1028/1331/1032
f 540/1332/579 1029/1333/1033 541/1334/580
f 541/1334/580 1029/1333/1033 1028/1335/1032
f 1028/1335/1032 1029/1333/1033 1027/1336/1031
f 1027/1336/1031 1029/1333/1033 1025/1337/1029
f 1025/1337/1029 1029/1333/1033 1022/1338/1025
f 1022/1338/1025 1029/1333/1033 1030/1339/1022
f 1030/1339/1022 1029/1333/1033 1031/1340/1026
f 1031/1340/1026 1029/1333/1033 552/1341/596
f 552/1341/596 1029/1333/1033 551/1342/595
f 551/1342/595 1029/1333/1033 1032/1343/591
f 1032/1343/591 1029/1333/1033 545/1344/586
f 545/1344/586 1029/1333/1033 1033/1345/584
f 1033/1345/584 1029/1333/1033 543/1346/582
f 543/1346/582 1029/1333/1033 540/1332/579
f 410/537/458 415/544/464 345/556/398
f 430/565/483 410/537/458 345/556/398
f 933/1196/958 927/1189/952 858/1208/898
f 927/1189/952 944/1215/976 858/1208/898
f 574/776/613 562/768/605 592/796/633
f 592/796/633 562/768/605 561/767/604
f 1036/1347/1034 1035/1348/1035 1034/1349/1036
f 1035/1348/1035 1037/1350/1037 1034/1349/1036
f 1037/1350/1037 1038/1351/1038 1034/1349/1036
f 1038/1351/1038 1039/1352/1039 1034/1349/1036
f 1039/1352/1039 1040/1353/1040 1034/1349/1036
f 1040/1353/1040 1041/1354/1041 1034/1349/1036
f 1041/1354/1041 1036/1347/1034 1034/1349/1036
f 1042/1355/1042 1035/1348/1035 1036/1347/1034
f 1043/1356/1043 1042/1355/1042 1036/1347/1034
f 1043/1356/1043 1036/1347/1034 1041/1354/1041
f 1044/1357/1044 1037/1350/1037 1035/1348/1035
f 1042/1355/1042 1044/1357/1044 1035/1348/1035
f 1045/1358/1045 1038/1351/1038 1037/1350/1037
f 1044/1357/1044 1045/1358/1045 1037/1350/1037
f 1046/1359/1046 1039/1352/1039 1038/1351/1038
f 1045/1358/1045 1046/1359/1046 1038/1351/1038
f 1047/1360/1047 1040/1353/1040 1039/1352/1039
f 1046/1359/1046 1047/1360/1047 1039/1352/1039
f 1048/1361/1048 1041/1354/1041 1040/1353/1040
f 1047/1360/1047 1048/1361/1048 1040/1353/1040
f 1048/1361/1048 1043/1356/1043 1041/1354/1041
f 1049/1362/1049 1042/1355/1042 1043/1356/1043
f 1050/1363/1050 1049/1362/1049 1043/1356/1043
f 1050/1363/1050 1043/1356/1043 1048/1361/1048
f 1051/1364/1051 1044/1357/1044 1042/1355/1042
f 1049/1362/1049 1051/1364/1051 1042/1355/1042
f 1052/1365/1052 1045/1358/1045 1044/1357/1044
f 1051/1364/1051 1052/1365/1052 1044/1357/1044
f 1053/1366/1053 1046/1359/1046 1045/1358/1045
f 1052/1365/1052 1053/1366/1053 1045/1358/1045
f 1054/1367/1054 1047/1360/1047 1046/1359/1046
f 1053/1366/1053 1054/1367/1054 1046/1359/1046
f 1055/1368/1055 1048/1361/1048 1047/1360/1047
f 1054/1367/1054 1055/1368/1055 1047/1360/1047
f 1055/1368/1055 1050/1363/1050 1048/1361/1048
f 1058/1369/1056 1057/1370/1057 1056/1371/1058
f 1059/1372/1059 1058/1369/1056 1056/1371/1058
f 1060/1373/1060 1059/1372/1059 1056/1371/1058
f 1061/1374/1061 1060/1373/1060 1056/1371/1058
f 1062/1375/1062 1061/1374/1061 1056/1371/1058
f 1063/1376/1063 1062/1375/1062 1056/1371/1058
f 1057/1370/1057 1063/1376/1063 1056/1371/1058
f 1058/1369/1056 1064/1377/1064 1057/1370/1057
f 1064/1377/1064 1065/1378/1065 1057/1370/1057
f 1057/1370/1057 1065/1378/1065 1063/1376/1063
f 1066/1379/1066 1064/1377/1064 1058/1369/1056
f 1059/1372/1059 1066/1379/1066 1058/1369/1056
f 1067/1380/1067 1066/1379/1066 1059/1372/1059
f 1060/1373/1060 1067/1380/1067 1059/1372/1059
f 1068/1381/1068 1067/1380/1067 1060/1373/1060
f 1061/1374/1061 1068/1381/1068 1060/1373/1060
f 1069/1382/1069 1068/1381/1068 1061/1374/1061
f 1062/1375/1062 1069/1382/1069 1061/1374/1061
f 1070/1383/1070 1069/1382/1069 1062/1375/1062
f 1063/1376/1063 1070/1383/1070 1062/1375/1062
f 1065/1378/1065 1070/1383/1070 1063/1376/1063
f 1071/1384/1071 1065/1378/1065 1064/1377/1064
f 1065/1378/1065 1071/1384/1071 1070/1383/1070
f 1072/1385/1072 1071/1384/1071 1064/1377/1064
f 1073/1386/1073 1072/1385/1072 1064/1377/1064
f 1066/1379/1066 1073/1386/1073 1064/1377/1064
f 1074/1387/1074 1073/1386/1073 1066/1379/1066
f 1067/1380/1067 1074/1387/1074 1066/1379/1066
f 1075/1388/1075 1074/1387/1074 1067/1380/1067
f 1068/1381/1068 1075/1388/1075 1067/1380/1067
f 1076/1389/1076 1075/1388/1075 1068/1381/1068
f 1069/1382/1069 1076/1389/1076 1068/1381/1068
f 1077/1390/1077 1076/1389/1076 1069/1382/1069
f 1070/1383/1070 1077/1390/1077 1069/1382/1069
f 1071/1384/1071 1077/1390/1077 1070/1383/1070
f 1080/1391/1078 1079/1392/1079 1078/1393/1080
f 1081/1394/1081 1080/1391/1078 1078/1393/1080
f 1081/1394/1081 1078/1393/1080 1082/1395/1082
f 1083/1396/1083 1081/1394/1081 1082/1395/1082
f 1078/1393/1080 1084/1397/1084 1082/1395/1082
f 1078/1393/1080 1079/1392/1079 1084/1397/1084
f 1084/1397/1084 1140/1398/1085 1082/1395/1082
f 1079/1392/1079 1141/1399/1086 1084/1397/1084
f 1085/1400/1087 1080/1391/1078 1081/1394/1081
f 1086/1401/1088 1085/1400/1087 1081/1394/1081
f 1085/1400/1087 1086/1401/1088 1087/1402/1089
f 1096/1403/1090 1085/1400/1087 1087/1402/1089
f 1088/1404/1091 1087/1402/1089 1086/1401/1088
f 1089/1405/1092 1088/1404/1091 1086/1401/1088
f 1081/1394/1081 1083/1396/1083 1089/1405/1092
f 1086/1401/1088 1081/1394/1081 1089/1405/1092
f 1092/1406/1093 1091/1407/1094 1090/1408/1095
f 1093/1409/1096 1092/1406/1093 1090/1408/1095
f 1093/1409/1096 1090/1408/1095 1094/1410/1097
f 1095/1411/1098 1093/1409/1096 1094/1410/1097
f 1090/1408/1095 1087/1402/1089 1094/1410/1097
f 1090/1408/1095 1091/1407/1094 1087/1402/1089
f 1087/1402/1089 1088/1404/1091 1094/1410/1097
f 1091/1407/1094 1096/1403/1090 1087/1402/1089
f 1097/1412/1099 1092/1406/1093 1093/1409/1096
f 1098/1413/1100 1097/1412/1099 1093/1409/1096
f 1097/1412/1099 1098/1413/1100 1099/1414/1101
f 1100/1415/1102 1097/1412/1099 1099/1414/1101
f 1107/1416/1103 1099/1414/1101 1098/1413/1100
f 1101/1417/1104 1107/1416/1103 1098/1413/1100
f 1093/1409/1096 1095/1411/1098 1101/1417/1104
f 1098/1413/1100 1093/1409/1096 1101/1417/1104
f 1104/1418/1105 1103/1419/1106 1102/1420/1107
f 1105/1421/1108 1104/1418/1105 1102/1420/1107
f 1103/1419/1106 1104/1418/1105 1099/1414/1101
f 1103/1419/1106 1099/1414/1101 1106/1422/1109
f 1099/1414/1101 1107/1416/1103 1106/1422/1109
f 1104/1418/1105 1100/1415/1102 1099/1414/1101
f 1106/1422/1109 1108/1423/1110 1103/1419/1106
f 1108/1423/1110 1109/1424/1111 1103/1419/1106
f 1103/1419/1106 1109/1424/1111 1102/1420/1107
f 1105/1421/1108 1102/1420/1107 1110/1425/1112
f 1117/1426/1113 1110/1425/1112 1102/1420/1107
f 1110/1425/1112 1117/1426/1113 1111/1427/1114
f 1117/1426/1113 1116/1428/1115 1111/1427/1114
f 1112/1429/1116 1117/1426/1113 1102/1420/1107
f 1109/1424/1111 1112/1429/1116 1102/1420/1107
f 1113/1430/1117 1110/1425/1112 1111/1427/1114
f 1110/1425/1112 1113/1430/1117 1114/1431/1118
f 1114/1431/1118 1105/1421/1108 1110/1425/1112
f 1113/1430/1117 1129/1432/1119 1114/1431/1118
f 1115/1433/1120 1113/1430/1117 1111/1427/1114
f 1108/1423/1110 1116/1434/1115 1109/1424/1111
f 1116/1434/1115 1117/1435/1113 1109/1424/1111
f 1120/1436/1121 1119/1437/1122 1118/1438/1123
f 1121/1439/1124 1120/1436/1121 1118/1438/1123
f 1120/1436/1121 1122/1440/1125 1119/1437/1122
f 1122/1440/1125 1123/1441/1126 1119/1437/1122
f 1122/1440/1125 1120/1436/1121 1124/1442/1127
f 1125/1443/1128 1122/1440/1125 1124/1442/1127
f 1122/1440/1125 1125/1443/1128 1123/1441/1126
f 1126/1444/1129 1124/1442/1127 1120/1436/1121
f 1121/1439/1124 1126/1444/1129 1120/1436/1121
f 1126/1444/1129 1127/1445/1130 1124/1442/1127
f 1127/1445/1130 1128/1446/1131 1124/1442/1127
f 1127/1445/1130 1129/1432/1119 1128/1446/1131
f 1129/1432/1119 1113/1430/1117 1128/1446/1131
f 1128/1446/1131 1113/1430/1117 1115/1433/1120
f 1130/1447/1132 1128/1446/1131 1115/1433/1120
f 1130/1447/1132 1131/1448/1133 1128/1446/1131
f 1125/1443/1128 1132/1449/1134 1131/1448/1133
f 1131/1448/1133 1132/1449/1134 1128/1446/1131
f 1132/1449/1134 1125/1443/1128 1124/1442/1127
f 1128/1446/1131 1132/1449/1134 1124/1442/1127
f 1133/1450/1135 1125/1443/1128 1131/1448/1133
f 1125/1443/1128 1133/1450/1135 1123/1441/1126
f 1136/1451/1136 1135/1452/1137 1134/1453/1138
f 1137/1454/1139 1136/1451/1136 1134/1453/1138
f 1134/1453/1138 1135/1452/1137 1138/1455/1140
f 1135/1452/1137 1139/1456/1141 1138/1455/1140
f 1084/1397/1084 1134/1453/1138 1138/1455/1140
f 1137/1454/1139 1134/1453/1138 1084/1397/1084
f 1140/1398/1085 1084/1397/1084 1138/1455/1140
f 1141/1399/1086 1137/1454/1139 1084/1397/1084
f 1136/1451/1136 1142/1457/1142 1135/1452/1137
f 1142/1457/1142 1143/1458/1143 1135/1452/1137
f 1143/1458/1143 1142/1457/1142 1151/1459/1144
f 1142/1457/1142 1153/1460/1145 1151/1459/1144
f 1151/1459/1144 1152/1461/1146 1143/1458/1143
f 1152/1461/1146 1144/1462/1147 1143/1458/1143
f 1135/1452/1137 1143/1458/1143 1144/1462/1147
f 1139/1456/1141 1135/1452/1137 1144/1462/1147
f 1147/1463/1148 1146/1464/1149 1145/1465/1150
f 1148/1466/1151 1147/1463/1148 1145/1465/1150
f 1145/1465/1150 1146/1464/1149 1149/1467/1152
f 1146/1464/1149 1150/1468/1153 1149/1467/1152
f 1151/1459/1144 1145/1465/1150 1149/1467/1152
f 1148/1466/1151 1145/1465/1150 1151/1459/1144
f 1152/1461/1146 1151/1459/1144 1149/1467/1152
f 1153/1460/1145 1148/1466/1151 1151/1459/1144
f 1147/1463/1148 1154/1469/1154 1146/1464/1149
f 1154/1469/1154 1155/1470/1155 1146/1464/1149
f 1146/1464/1149 1155/1470/1155 1156/1471/1156
f 1150/1468/1153 1146/1464/1149 1156/1471/1156
f 1159/1472/1157 1158/1473/1158 1157/1474/1159
f 1172/1475/1160 1159/1472/1157 1157/1474/1159
f 1164/1476/1161 1172/1475/1160 1170/1477/1162
f 1160/1478/1163 1164/1476/1161 1170/1477/1162
f 1160/1478/1163 1170/1477/1162 1169/1479/1164
f 1173/1480/1165 1160/1478/1163 1169/1479/1164
f 1173/1480/1165 1169/1479/1164 1159/1472/1157
f 1161/1481/1166 1173/1480/1165 1159/1472/1157
f 1162/1482/1167 1173/1480/1165 1161/1481/1166
f 1163/1483/1168 1162/1482/1167 1161/1481/1166
f 1163/1483/1168 1161/1481/1166 1164/1476/1161
f 1165/1484/1169 1163/1483/1168 1164/1476/1161
f 1163/1483/1168 1165/1484/1169 1166/1485/1170
f 1165/1484/1169 1167/1486/1171 1166/1485/1170
f 1163/1483/1168 1166/1485/1170 1167/1487/1171
f 1162/1482/1167 1163/1483/1168 1167/1487/1171
f 1169/1479/1164 1168/1488/1172 1158/1473/1158
f 1159/1472/1157 1169/1479/1164 1158/1473/1158
f 1169/1479/1164 1170/1477/1162 1168/1488/1172
f 1170/1477/1162 1171/1489/1173 1168/1488/1172
f 1170/1477/1162 1172/1475/1160 1171/1489/1173
f 1172/1475/1160 1157/1474/1159 1171/1489/1173
f 1161/1481/1166 1159/1472/1157 1172/1475/1160
f 1164/1476/1161 1161/1481/1166 1172/1475/1160
f 1174/1490/1174 1160/1478/1163 1173/1480/1165
f 1162/1482/1167 1174/1490/1174 1173/1480/1165
f 1174/1490/1174 1165/1484/1169 1160/1478/1163
f 1165/1484/1169 1164/1476/1161 1160/1478/1163
f 1174/1490/1174 1162/1482/1167 1167/1491/1171
f 1165/1484/1169 1174/1490/1174 1167/1486/1171
f 1177/1492/1175 1176/1493/1176 1175/1494/1177
f 1178/1495/1178 1177/1492/1175 1175/1494/1177
f 1177/1492/1175 1185/1496/1179 1176/1493/1176
f 1185/1496/1179 1182/1497/1180 1176/1493/1176
f 1176/1493/1176 1182/1497/1180 1175/1494/1177
f 1179/1498/1181 1177/1492/1175 1178/1495/1178
f 1188/1499/1182 1179/1498/1181 1178/1495/1178
f 1187/1500/1183 1185/1496/1179 1177/1492/1175
f 1179/1498/1181 1187/1500/1183 1177/1492/1175
f 1180/1501/1184 1179/1498/1181 1188/1499/1182
f 1191/1502/1185 1180/1501/1184 1188/1499/1182
f 1190/1503/1186 1187/1500/1183 1179/1498/1181
f 1180/1501/1184 1190/1503/1186 1179/1498/1181
f 1181/1504/1187 1190/1503/1186 1180/1501/1184
f 1194/1505/1188 1181/1504/1187 1180/1501/1184
f 1182/1497/1180 1183/1506/1189 1175/1494/1177
f 1184/1507/1190 1183/1506/1189 1182/1497/1180
f 1185/1496/1179 1184/1507/1190 1182/1497/1180
f 1184/1507/1190 1178/1495/1178 1183/1506/1189
f 1178/1495/1178 1175/1494/1177 1183/1506/1189
f 1186/1508/1191 1184/1507/1190 1185/1496/1179
f 1187/1500/1183 1186/1508/1191 1185/1496/1179
f 1188/1499/1182 1178/1495/1178 1184/1507/1190
f 1186/1508/1191 1188/1499/1182 1184/1507/1190
f 1189/1509/1192 1186/1508/1191 1187/1500/1183
f 1190/1503/1186 1189/1509/1192 1187/1500/1183
f 1191/1502/1185 1188/1499/1182 1186/1508/1191
f 1189/1509/1192 1191/1502/1185 1186/1508/1191
f 1192/1510/1193 1189/1509/1192 1190/1503/1186
f 1181/1504/1187 1192/1510/1193 1190/1503/1186
f 1193/1511/1194 1191/1502/1185 1189/1509/1192
f 1192/1510/1193 1193/1511/1194 1189/1509/1192
f 1193/1511/1194 1194/1505/1188 1191/1502/1185
f 1194/1505/1188 1180/1501/1184 1191/1502/1185
f 1197/1512/1195 1196/1513/1196 1195/1514/1197
f 1198/1515/1198 1197/1512/1195 1195/1514/1197
f 1195/1514/1197 1196/1513/1196 1199/1516/1199
f 1196/1513/1196 1200/1517/1200 1199/1516/1199
f 1377/1518/1201 1195/1514/1197 1199/1516/1199
f 1198/1515/1198 1195/1514/1197 1377/1518/1201
f 1201/1519/1202 1377/1518/1201 1199/1516/1199
f 1202/1520/1203 1198/1515/1198 1377/1518/1201
f 1198/1515/1198 1202/1520/1203 1378/1521/1204
f 1203/1522/1205 1198/1515/1198 1378/1521/1204
f 1197/1512/1195 1198/1515/1198 1203/1522/1205
f 1197/1512/1195 1204/1523/1206 1196/1513/1196
f 1197/1512/1195 1364/1524/1207 1204/1523/1206
f 1364/1524/1207 1197/1512/1195 1203/1522/1205
f 1364/1524/1207 1365/1525/1208 1204/1523/1206
f 1204/1523/1206 1365/1525/1208 1208/1526/1209
f 1204/1523/1206 1208/1526/1209 1205/1527/1210
f 1206/1528/1211 1204/1523/1206 1205/1527/1210
f 1204/1523/1206 1206/1528/1211 1196/1513/1196
f 1205/1527/1210 1215/1529/1212 1206/1528/1211
f 1215/1529/1212 1207/1530/1213 1206/1528/1211
f 1365/1525/1208 1366/1531/1214 1208/1526/1209
f 1196/1513/1196 1206/1528/1211 1207/1530/1213
f 1200/1517/1200 1196/1513/1196 1207/1530/1213
f 1209/1532/1215 1208/1526/1209 1366/1531/1214
f 1208/1526/1209 1209/1532/1215 1205/1527/1210
f 1209/1532/1215 1210/1533/1216 1205/1527/1210
f 1209/1532/1215 1211/1534/1217 1210/1533/1216
f 1211/1534/1217 1212/1535/1218 1210/1533/1216
f 1210/1533/1216 1212/1535/1218 1213/1536/1219
f 1205/1527/1210 1210/1533/1216 1213/1536/1219
f 1212/1535/1218 1214/1537/1220 1213/1536/1219
f 1215/1529/1212 1205/1527/1210 1213/1536/1219
f 1216/1538/1221 1209/1532/1215 1366/1531/1214
f 1211/1534/1217 1209/1532/1215 1216/1538/1221
f 1211/1534/1217 1217/1539/1222 1212/1535/1218
f 1211/1534/1217 1218/1540/1223 1217/1539/1222
f 1218/1540/1223 1211/1534/1217 1216/1538/1221
f 1218/1540/1223 1367/1541/1224 1217/1539/1222
f 1217/1539/1222 1367/1541/1224 1243/1542/1225
f 1219/1543/1226 1217/1539/1222 1243/1542/1225
f 1217/1539/1222 1219/1543/1226 1227/1544/1227
f 1220/1545/1228 1217/1539/1222 1227/1544/1227
f 1217/1539/1222 1220/1545/1228 1212/1535/1218
f 1227/1544/1227 1221/1546/1229 1220/1545/1228
f 1221/1546/1229 1222/1547/1230 1220/1545/1228
f 1212/1535/1218 1220/1545/1228 1222/1547/1230
f 1214/1537/1220 1212/1535/1218 1222/1547/1230
f 1225/1548/1231 1224/1549/1232 1223/1550/1233
f 1226/1551/1234 1225/1548/1231 1223/1550/1233
f 1225/1548/1231 1226/1551/1234 1227/1544/1227
f 1227/1544/1227 1226/1551/1234 1228/1552/1235
f 1221/1546/1229 1227/1544/1227 1228/1552/1235
f 1219/1543/1226 1225/1548/1231 1227/1544/1227
f 1229/1553/1236 1228/1552/1235 1226/1551/1234
f 1230/1554/1237 1229/1553/1236 1226/1551/1234
f 1230/1554/1237 1226/1551/1234 1223/1550/1233
f 1230/1554/1237 1231/1555/1238 1229/1553/1236
f 1231/1555/1238 1230/1554/1237 1223/1550/1233
f 1231/1555/1238 1232/1556/1239 1229/1553/1236
f 1233/1557/1240 1231/1555/1238 1223/1550/1233
f 1231/1555/1238 1233/1557/1240 1232/1556/1239
f 1234/1558/1241 1233/1557/1240 1223/1550/1233
f 1223/1550/1233 1224/1549/1232 1234/1558/1241
f 1233/1557/1240 1234/1558/1241 1235/1559/1242
f 1236/1560/1243 1233/1557/1240 1235/1559/1242
f 1233/1557/1240 1236/1560/1243 1232/1556/1239
f 1234/1558/1241 1237/1561/1244 1235/1559/1242
f 1237/1561/1244 1234/1558/1241 1238/1562/1245
f 1239/1563/1246 1237/1561/1244 1238/1562/1245
f 1237/1561/1244 1240/1564/1247 1235/1559/1242
f 1369/1565/1248 1239/1563/1246 1238/1562/1245
f 1368/1566/1249 1369/1565/1248 1238/1562/1245
f 1241/1567/1250 1368/1566/1249 1238/1562/1245
f 1224/1549/1232 1241/1567/1250 1238/1562/1245
f 1224/1549/1232 1238/1562/1245 1234/1558/1241
f 1241/1567/1250 1224/1549/1232 1242/1568/1251
f 1224/1549/1232 1225/1548/1231 1242/1568/1251
f 1242/1568/1251 1225/1548/1231 1243/1542/1225
f 1225/1548/1231 1219/1543/1226 1243/1542/1225
f 1369/1565/1248 1245/1569/1252 1244/1570/1253
f 1245/1569/1252 1370/1571/1254 1244/1570/1253
f 1370/1571/1254 1246/1572/1255 1244/1570/1253
f 1244/1570/1253 1246/1572/1255 1247/1573/1256
f 1248/1574/1257 1244/1570/1253 1247/1573/1256
f 1239/1563/1246 1369/1565/1248 1244/1570/1253
f 1239/1563/1246 1244/1570/1253 1248/1574/1257
f 1237/1561/1244 1239/1563/1246 1248/1574/1257
f 1237/1561/1244 1248/1574/1257 1240/1564/1247
f 1248/1574/1257 1249/1575/1258 1240/1564/1247
f 1250/1576/1259 1249/1575/1258 1248/1574/1257
f 1251/1577/1260 1250/1576/1259 1248/1574/1257
f 1251/1577/1260 1248/1574/1257 1247/1573/1256
f 1251/1577/1260 1252/1578/1261 1250/1576/1259
f 1252/1578/1261 1251/1577/1260 1247/1573/1256
f 1252/1578/1261 1253/1579/1262 1250/1576/1259
f 1254/1580/1263 1252/1578/1261 1247/1573/1256
f 1255/1581/1264 1254/1580/1263 1247/1573/1256
f 1247/1573/1256 1246/1572/1255 1255/1581/1264
f 1254/1580/1263 1255/1581/1264 1256/1582/1265
f 1256/1582/1265 1255/1581/1264 1257/1583/1266
f 1255/1581/1264 1258/1584/1267 1257/1583/1266
f 1246/1572/1255 1258/1584/1267 1255/1581/1264
f 1258/1584/1267 1259/1585/1268 1257/1583/1266
f 1259/1585/1268 1260/1586/1269 1257/1583/1266
f 1261/1587/1270 1254/1580/1263 1256/1582/1265
f 1252/1578/1261 1254/1580/1263 1261/1587/1270
f 1253/1579/1262 1252/1578/1261 1261/1587/1270
f 1259/1585/1268 1258/1584/1267 1246/1572/1255
f 1370/1571/1254 1259/1585/1268 1246/1572/1255
f 1264/1588/1271 1263/1589/1272 1262/1590/1273
f 1265/1591/1274 1264/1588/1271 1262/1590/1273
f 1266/1592/1275 1264/1588/1271 1265/1591/1274
f 1267/1593/1276 1266/1592/1275 1265/1591/1274
f 1266/1592/1275 1267/1593/1276 1268/1594/1277
f 1267/1593/1276 1269/1595/1278 1268/1594/1277
f 1268/1594/1277 1269/1595/1278 1270/1596/1279
f 1271/1597/1280 1268/1594/1277 1270/1596/1279
f 1272/1598/1281 1271/1597/1280 1270/1596/1279
f 1273/1599/1282 1272/1598/1281 1270/1596/1279
f 1274/1600/1283 1272/1598/1281 1273/1599/1282
f 1275/1601/1284 1274/1600/1283 1273/1599/1282
f 1274/1600/1283 1275/1601/1284 1276/1602/1285
f 1275/1601/1284 1277/1603/1286 1276/1602/1285
f 1276/1602/1285 1277/1603/1286 1278/1604/1287
f 1279/1605/1288 1276/1602/1285 1278/1604/1287
f 1280/1606/1289 1279/1605/1288 1278/1604/1287
f 1281/1607/1290 1280/1606/1289 1278/1604/1287
f 1282/1608/1291 1280/1606/1289 1281/1607/1290
f 1283/1609/1292 1282/1608/1291 1281/1607/1290
f 1282/1608/1291 1283/1609/1292 1284/1610/1293
f 1283/1609/1292 1285/1611/1294 1284/1610/1293
f 1285/1611/1294 1286/1612/1295 1284/1610/1293
f 1286/1612/1295 1287/1613/1296 1284/1610/1293
f 1287/1613/1296 1286/1612/1295 1288/1614/1297
f 1286/1612/1295 1289/1615/1298 1288/1614/1297
f 1288/1614/1297 1289/1615/1298 1290/1616/1299
f 1291/1617/1300 1288/1614/1297 1290/1616/1299
f 1291/1617/1300 1290/1616/1299 1292/1618/1301
f 1293/1619/1302 1291/1617/1300 1292/1618/1301
f 1293/1619/1302 1292/1618/1301 1294/1620/1303
f 1292/1618/1301 1295/1621/1304 1294/1620/1303
f 1295/1621/1304 1292/1618/1301 1296/1622/1305
f 1292/1618/1301 1297/1623/1306 1296/1622/1305
f 1292/1618/1301 1290/1616/1299 1297/1623/1306
f 1290/1616/1299 1298/1624/1307 1297/1623/1306
f 1290/1616/1299 1289/1615/1298 1298/1624/1307
f 1289/1615/1298 1299/1625/1308 1298/1624/1307
f 1289/1615/1298 1286/1612/1295 1299/1625/1308
f 1286/1612/1295 1300/1626/1309 1299/1625/1308
f 1286/1612/1295 1285/1611/1294 1300/1626/1309
f 1285/1611/1294 1301/1627/1310 1300/1626/1309
f 1285/1611/1294 1283/1609/1292 1301/1627/1310
f 1283/1609/1292 1302/1628/1311 1301/1627/1310
f 1283/1609/1292 1281/1607/1290 1302/1628/1311
f 1281/1607/1290 1303/1629/1312 1302/1628/1311
f 1281/1607/1290 1278/1604/1287 1303/1629/1312
f 1278/1604/1287 1304/1630/1313 1303/1629/1312
f 1278/1604/1287 1277/1603/1286 1304/1630/1313
f 1277/1603/1286 1305/1631/1314 1304/1630/1313
f 1277/1603/1286 1275/1601/1284 1305/1631/1314
f 1275/1601/1284 1306/1632/1315 1305/1631/1314
f 1275/1601/1284 1273/1599/1282 1306/1632/1315
f 1273/1599/1282 1307/1633/1316 1306/1632/1315
f 1273/1599/1282 1270/1596/1279 1307/1633/1316
f 1270/1596/1279 1308/1634/1317 1307/1633/1316
f 1270/1596/1279 1269/1595/1278 1308/1634/1317
f 1269/1595/1278 1309/1635/1318 1308/1634/1317
f 1269/1595/1278 1267/1593/1276 1309/1635/1318
f 1267/1593/1276 1310/1636/1319 1309/1635/1318
f 1267/1593/1276 1265/1591/1274 1310/1636/1319
f 1265/1591/1274 1311/1637/1320 1310/1636/1319
f 1265/1591/1274 1262/1590/1273 1311/1637/1320
f 1262/1590/1273 1312/1638/1321 1311/1637/1320
f 1312/1638/1321 1262/1590/1273 1313/1639/1322
f 1262/1590/1273 1314/1640/1323 1313/1639/1322
f 1315/1641/1324 1314/1640/1323 1262/1590/1273
f 1263/1589/1272 1315/1641/1324 1262/1590/1273
f 1315/1641/1324 1316/1642/1325 1314/1640/1323
f 1316/1642/1325 1317/1643/1326 1314/1640/1323
f 1317/1643/1326 1316/1642/1325 1318/1644/1327
f 1319/1645/1328 1317/1643/1326 1318/1644/1327
f 1319/1645/1328 1318/1644/1327 1320/1646/1329
f 1318/1644/1327 1321/1647/1330 1320/1646/1329
f 1321/1647/1330 1322/1648/1331 1320/1646/1329
f 1322/1648/1331 1323/1649/1332 1320/1646/1329
f 1322/1648/1331 1324/1650/1333 1323/1649/1332
f 1324/1650/1333 1325/1651/1334 1323/1649/1332
f 1325/1651/1334 1324/1650/1333 1326/1652/1335
f 1327/1653/1336 1325/1651/1334 1326/1652/1335
f 1327/1653/1336 1326/1652/1335 1328/1654/1337
f 1326/1652/1335 1329/1655/1338 1328/1654/1337
f 1329/1655/1338 1330/1656/1339 1328/1654/1337
f 1330/1656/1339 1331/1657/1340 1328/1654/1337
f 1330/1656/1339 1332/1658/1341 1331/1657/1340
f 1332/1658/1341 1333/1659/1342 1331/1657/1340
f 1333/1659/1342 1332/1658/1341 1334/1660/1343
f 1335/1661/1344 1333/1659/1342 1334/1660/1343
f 1336/1662/1345 1335/1661/1344 1334/1660/1343
f 1337/1663/1346 1336/1662/1345 1334/1660/1343
f 1336/1662/1345 1337/1663/1346 1338/1664/1347
f 1339/1665/1348 1336/1662/1345 1338/1664/1347
f 1339/1665/1348 1338/1664/1347 1340/1666/1349
f 1338/1664/1347 1341/1667/1350 1340/1666/1349
f 1340/1666/1349 1341/1667/1350 1342/1668/1351
f 1341/1667/1350 1343/1669/1352 1342/1668/1351
f 1342/1668/1351 1343/1669/1352 1344/1670/1353
f 1345/1671/1354 1342/1668/1351 1344/1670/1353
f 1342/1668/1351 1345/1671/1354 1346/1672/1355
f 1347/1673/1356 1342/1668/1351 1346/1672/1355
f 1340/1666/1349 1342/1668/1351 1347/1673/1356
f 1348/1674/1357 1340/1666/1349 1347/1673/1356
f 1339/1665/1348 1340/1666/1349 1348/1674/1357
f 1349/1675/1358 1339/1665/1348 1348/1674/1357
f 1336/1662/1345 1339/1665/1348 1349/1675/1358
f 1350/1676/1359 1336/1662/1345 1349/1675/1358
f 1335/1661/1344 1336/1662/1345 1350/1676/1359
f 1351/1677/1360 1335/1661/1344 1350/1676/1359
f 1338/1664/1347 1337/1663/1346 1415/1678/1361
f 1428/1679/1362 1338/1664/1347 1415/1678/1361
f 1341/1667/1350 1338/1664/1347 1428/1679/1362
f 1352/1680/1363 1341/1667/1350 1428/1679/1362
f 1343/1669/1352 1341/1667/1350 1352/1680/1363
f 1353/1681/1364 1343/1669/1352 1352/1680/1363
f 1344/1670/1353 1343/1669/1352 1353/1681/1364
f 1354/1682/1365 1344/1670/1353 1353/1681/1364
f 1333/1659/1342 1335/1661/1344 1351/1677/1360
f 1355/1683/1366 1333/1659/1342 1351/1677/1360
f 1331/1657/1340 1333/1659/1342 1355/1683/1366
f 1356/1684/1367 1331/1657/1340 1355/1683/1366
f 1328/1654/1337 1331/1657/1340 1356/1684/1367
f 1357/1685/1368 1328/1654/1337 1356/1684/1367
f 1327/1653/1336 1328/1654/1337 1357/1685/1368
f 1358/1686/1369 1327/1653/1336 1357/1685/1368
f 1325/1651/1334 1327/1653/1336 1358/1686/1369
f 1359/1687/1370 1325/1651/1334 1358/1686/1369
f 1323/1649/1332 1325/1651/1334 1359/1687/1370
f 1360/1688/1371 1323/1649/1332 1359/1687/1370
f 1320/1646/1329 1323/1649/1332 1360/1688/1371
f 1361/1689/1372 1320/1646/1329 1360/1688/1371
f 1319/1645/1328 1320/1646/1329 1361/1689/1372
f 1362/1690/1373 1319/1645/1328 1361/1689/1372
f 1317/1643/1326 1319/1645/1328 1362/1690/1373
f 1363/1691/1374 1317/1643/1326 1362/1690/1373
f 1314/1640/1323 1317/1643/1326 1363/1691/1374
f 1313/1639/1322 1314/1640/1323 1363/1691/1374
f 1264/1588/1271 1203/1692/1205 1378/1693/1204
f 1263/1589/1272 1264/1588/1271 1378/1693/1204
f 1264/1588/1271 1266/1592/1275 1203/1692/1205
f 1266/1592/1275 1364/1694/1207 1203/1692/1205
f 1266/1592/1275 1268/1594/1277 1364/1694/1207
f 1268/1594/1277 1365/1695/1208 1364/1694/1207
f 1268/1594/1277 1271/1597/1280 1365/1695/1208
f 1271/1597/1280 1366/1696/1214 1365/1695/1208
f 1271/1597/1280 1272/1598/1281 1366/1696/1214
f 1272/1598/1281 1216/1697/1221 1366/1696/1214
f 1272/1598/1281 1274/1600/1283 1216/1697/1221
f 1274/1600/1283 1218/1698/1223 1216/1697/1221
f 1274/1600/1283 1276/1602/1285 1218/1698/1223
f 1276/1602/1285 1367/1699/1224 1218/1698/1223
f 1276/1602/1285 1279/1605/1288 1367/1699/1224
f 1279/1605/1288 1243/1700/1225 1367/1699/1224
f 1242/1701/1251 1243/1700/1225 1279/1605/1288
f 1280/1606/1289 1242/1701/1251 1279/1605/1288
f 1280/1606/1289 1282/1608/1291 1242/1701/1251
f 1282/1608/1291 1241/1702/1250 1242/1701/1251
f 1282/1608/1291 1284/1610/1293 1241/1702/1250
f 1284/1610/1293 1368/1703/1249 1241/1702/1250
f 1284/1610/1293 1287/1613/1296 1368/1703/1249
f 1287/1613/1296 1369/1704/1248 1368/1703/1249
f 1287/1613/1296 1288/1614/1297 1369/1704/1248
f 1288/1614/1297 1245/1705/1252 1369/1704/1248
f 1288/1614/1297 1291/1617/1300 1245/1705/1252
f 1291/1617/1300 1370/1706/1254 1245/1705/1252
f 1291/1617/1300 1293/1619/1302 1370/1706/1254
f 1293/1619/1302 1259/1707/1268 1370/1706/1254
f 1293/1619/1302 1294/1620/1303 1259/1707/1268
f 1294/1620/1303 1260/1708/1269 1259/1707/1268
f 1373/1709/1375 1372/1710/1376 1371/1711/1377
f 1374/1712/1378 1373/1709/1375 1371/1711/1377
f 1374/1712/1378 1371/1711/1377 1375/1713/1379
f 1376/1714/1380 1374/1712/1378 1375/1713/1379
f 1371/1711/1377 1377/1518/1201 1375/1713/1379
f 1371/1711/1377 1372/1710/1376 1377/1518/1201
f 1377/1518/1201 1201/1519/1202 1375/1713/1379
f 1372/1710/1376 1202/1520/1203 1377/1518/1201
f 1202/1520/1203 1372/1710/1376 1378/1521/1204
f 1372/1710/1376 1436/1715/1381 1378/1521/1204
f 1372/1710/1376 1373/1709/1375 1436/1715/1381
f 1379/1716/1382 1373/1709/1375 1374/1712/1378
f 1437/1717/1383 1373/1709/1375 1379/1716/1382
f 1373/1709/1375 1437/1717/1383 1436/1715/1381
f 1438/1718/1384 1437/1717/1383 1379/1716/1382
f 1438/1718/1384 1379/1716/1382 1384/1719/1385
f 1384/1719/1385 1379/1716/1382 1385/1720/1386
f 1379/1716/1382 1380/1721/1387 1385/1720/1386
f 1380/1721/1387 1379/1716/1382 1374/1712/1378
f 1381/1722/1388 1385/1720/1386 1380/1721/1387
f 1382/1723/1389 1381/1722/1388 1380/1721/1387
f 1374/1712/1378 1376/1714/1380 1382/1723/1389
f 1380/1721/1387 1374/1712/1378 1382/1723/1389
f 1439/1724/1390 1438/1718/1384 1384/1719/1385
f 1383/1725/1391 1440/1726/1392 1439/1724/1390
f 1384/1719/1385 1383/1725/1391 1439/1724/1390
f 1383/1725/1391 1384/1719/1385 1385/1720/1386
f 1386/1727/1393 1383/1725/1391 1385/1720/1386
f 1387/1728/1394 1383/1725/1391 1386/1727/1393
f 1383/1725/1391 1387/1728/1394 1440/1726/1392
f 1388/1729/1395 1387/1728/1394 1386/1727/1393
f 1388/1729/1395 1386/1727/1393 1389/1730/1396
f 1386/1727/1393 1385/1720/1386 1389/1730/1396
f 1390/1731/1397 1388/1729/1395 1389/1730/1396
f 1385/1720/1386 1381/1722/1388 1389/1730/1396
f 1391/1732/1398 1387/1728/1394 1388/1729/1395
f 1441/1733/1399 1387/1728/1394 1391/1732/1398
f 1387/1728/1394 1441/1733/1399 1440/1726/1392
f 1442/1734/1400 1441/1733/1399 1391/1732/1398
f 1442/1734/1400 1391/1732/1398 1417/1735/1401
f 1391/1732/1398 1401/1736/1402 1417/1735/1401
f 1401/1736/1402 1391/1732/1398 1399/1737/1403
f 1391/1732/1398 1392/1738/1404 1399/1737/1403
f 1392/1738/1404 1391/1732/1398 1388/1729/1395
f 1393/1739/1405 1399/1737/1403 1392/1738/1404
f 1394/1740/1406 1393/1739/1405 1392/1738/1404
f 1388/1729/1395 1390/1731/1397 1394/1740/1406
f 1392/1738/1404 1388/1729/1395 1394/1740/1406
f 1397/1741/1407 1396/1742/1408 1395/1743/1409
f 1398/1744/1410 1397/1741/1407 1395/1743/1409
f 1396/1742/1408 1397/1741/1407 1399/1737/1403
f 1396/1742/1408 1399/1737/1403 1400/1745/1411
f 1399/1737/1403 1393/1739/1405 1400/1745/1411
f 1397/1741/1407 1401/1736/1402 1399/1737/1403
f 1400/1745/1411 1402/1746/1412 1396/1742/1408
f 1402/1746/1412 1400/1745/1411 1403/1747/1413
f 1404/1748/1414 1402/1746/1412 1403/1747/1413
f 1404/1748/1414 1405/1749/1415 1402/1746/1412
f 1405/1749/1415 1406/1750/1416 1402/1746/1412
f 1402/1746/1412 1406/1750/1416 1396/1742/1408
f 1406/1750/1416 1405/1749/1415 1395/1743/1409
f 1396/1742/1408 1406/1750/1416 1395/1743/1409
f 1405/1749/1415 1407/1751/1417 1395/1743/1409
f 1407/1751/1417 1405/1749/1415 1404/1748/1414
f 1407/1751/1417 1408/1752/1418 1395/1743/1409
f 1398/1744/1410 1395/1743/1409 1408/1752/1418
f 1408/1752/1418 1407/1751/1417 1409/1753/1419
f 1407/1751/1417 1410/1754/1420 1409/1753/1419
f 1410/1754/1420 1407/1751/1417 1404/1748/1414
f 1410/1754/1420 1404/1748/1414 1403/1747/1413
f 1409/1753/1419 1410/1754/1420 1403/1747/1413
f 1411/1755/1421 1408/1752/1418 1409/1753/1419
f 1408/1752/1418 1411/1755/1421 1412/1756/1422
f 1412/1756/1422 1398/1744/1410 1408/1752/1418
f 1413/1757/1423 1398/1744/1410 1412/1756/1422
f 1414/1758/1424 1413/1757/1423 1412/1756/1422
f 1411/1755/1421 1430/1759/1425 1412/1756/1422
f 1431/1760/1426 1411/1755/1421 1409/1753/1419
f 1415/1761/1361 1414/1758/1424 1412/1756/1422
f 1430/1759/1425 1415/1761/1361 1412/1756/1422
f 1398/1744/1410 1413/1757/1423 1416/1762/1427
f 1397/1741/1407 1398/1744/1410 1416/1762/1427
f 1397/1741/1407 1416/1762/1427 1417/1735/1401
f 1401/1736/1402 1397/1741/1407 1417/1735/1401
f 1420/1763/1428 1419/1764/1429 1418/1765/1430
f 1421/1766/1431 1420/1763/1428 1418/1765/1430
f 1353/1767/1364 1421/1766/1431 1418/1765/1430
f 1354/1768/1365 1353/1767/1364 1418/1765/1430
f 1420/1763/1428 1422/1769/1432 1419/1764/1429
f 1422/1769/1432 1423/1770/1433 1419/1764/1429
f 1422/1769/1432 1420/1763/1428 1424/1771/1434
f 1425/1772/1435 1422/1769/1432 1424/1771/1434
f 1422/1769/1432 1425/1772/1435 1423/1770/1433
f 1421/1766/1431 1353/1767/1364 1426/1773/1436
f 1426/1773/1436 1424/1771/1434 1420/1763/1428
f 1421/1766/1431 1426/1773/1436 1420/1763/1428
f 1426/1773/1436 1427/1774/1437 1424/1771/1434
f 1426/1773/1436 1352/1775/1363 1427/1774/1437
f 1353/1767/1364 1352/1775/1363 1426/1773/1436
f 1352/1775/1363 1428/1776/1362 1427/1774/1437
f 1427/1774/1437 1429/1777/1438 1424/1771/1434
f 1428/1776/1362 1415/1761/1361 1427/1774/1437
f 1415/1761/1361 1430/1759/1425 1427/1774/1437
f 1427/1774/1437 1430/1759/1425 1429/1777/1438
f 1430/1759/1425 1411/1755/1421 1429/1777/1438
f 1429/1777/1438 1411/1755/1421 1431/1760/1426
f 1432/1778/1439 1429/1777/1438 1431/1760/1426
f 1432/1778/1439 1433/1779/1440 1429/1777/1438
f 1425/1772/1435 1434/1780/1441 1433/1779/1440
f 1433/1779/1440 1434/1780/1441 1429/1777/1438
f 1434/1780/1441 1425/1772/1435 1424/1771/1434
f 1429/1777/1438 1434/1780/1441 1424/1771/1434
f 1435/1781/1442 1425/1772/1435 1433/1779/1440
f 1425/1772/1435 1435/1781/1442 1423/1770/1433
f 1315/1641/1324 1263/1589/1272 1378/1693/1204
f 1436/1782/1381 1315/1641/1324 1378/1693/1204
f 1316/1642/1325 1315/1641/1324 1436/1782/1381
f 1437/1783/1383 1316/1642/1325 1436/1782/1381
f 1318/1644/1327 1316/1642/1325 1437/1783/1383
f 1438/1784/1384 1318/1644/1327 1437/1783/1383
f 1321/1647/1330 1318/1644/1327 1438/1784/1384
f 1439/1785/1390 1321/1647/1330 1438/1784/1384
f 1322/1648/1331 1321/1647/1330 1439/1785/1390
f 1440/1786/1392 1322/1648/1331 1439/1785/1390
f 1324/1650/1333 1322/1648/1331 1440/1786/1392
f 1441/1787/1399 1324/1650/1333 1440/1786/1392
f 1326/1652/1335 1324/1650/1333 1441/1787/1399
f 1442/1788/1400 1326/1652/1335 1441/1787/1399
f 1329/1655/1338 1326/1652/1335 1442/1788/1400
f 1417/1789/1401 1329/1655/1338 1442/1788/1400
