<?xml version="1.0" encoding="utf-8"?>
<COLLADA xmlns="http://www.collada.org/2005/11/COLLADASchema" version="1.4.1" xmlns:xsi="http://www.w3.org/2001/XMLSchema-instance">
  <asset>
    <contributor>
      <author>Blender User</author>
      <authoring_tool>Blender 2.83.1 commit date:2020-06-25, commit time:09:47, hash:8289fc688b3e</authoring_tool>
    </contributor>
    <created>2022-11-28T00:06:50</created>
    <modified>2022-11-28T00:06:50</modified>
    <unit name="meter" meter="1"/>
    <up_axis>Z_UP</up_axis>
  </asset>
  <library_effects>
    <effect id="Backom_BODY_d_j-effect">
      <profile_COMMON>
        <newparam sid="Backom_BODY_d_j_png_002-surface">
          <surface type="2D">
            <init_from>Backom_BODY_d_j_png_002</init_from>
          </surface>
        </newparam>
        <newparam sid="Backom_BODY_d_j_png_002-sampler">
          <sampler2D>
            <source>Backom_BODY_d_j_png_002-surface</source>
          </sampler2D>
        </newparam>
        <technique sid="common">
          <lambert>
            <emission>
              <color sid="emission">0 0 0 1</color>
            </emission>
            <diffuse>
              <texture texture="Backom_BODY_d_j_png_002-sampler" texcoord="UV0"/>
            </diffuse>
            <reflectivity>
              <float sid="specular">1</float>
            </reflectivity>
            <index_of_refraction>
              <float sid="ior">1.45</float>
            </index_of_refraction>
          </lambert>
        </technique>
      </profile_COMMON>
    </effect>
  </library_effects>
  <library_images>
    <image id="Backom_BODY_d_j_png_002" name="Backom_BODY_d_j_png_002">
      <init_from>Backom_BODY_d_j.png</init_from>
    </image>
  </library_images>
  <library_materials>
    <material id="Backom_BODY_d_j-material" name="Backom_BODY_d_j">
      <instance_effect url="#Backom_BODY_d_j-effect"/>
    </material>
  </library_materials>
  <library_geometries>
    <geometry id="Backom_BODY-mesh" name="Backom_BODY">
      <mesh>
        <source id="Backom_BODY-mesh-positions">
          <float_array id="Backom_BODY-mesh-positions-array" count="4326">0.01179164 -0.04144442 1.053712 0.02104806 -0.05295568 1.046224 0.03461778 -0.04377883 1.045717 0.05633163 -0.01564961 1.042796 0.05055516 -0.04446369 1.039471 0.06515258 -0.04723137 1.024842 0.07303971 -0.05246967 1.005848 0.06922334 -0.06317305 0.9765701 0.05586624 -0.08388698 0.9769414 0.06512236 -0.06959766 0.9844505 0.04240882 -0.08945614 0.994544 0.03803145 -0.09225505 0.986333 0.02222472 -0.09337311 0.9972267 0.02783763 -0.09211242 1.00468 0.01029503 -0.08774042 1.013036 0.01644796 -0.0877822 1.01586 0.007875084 -0.07935589 1.02544 0.008519828 -0.07286465 1.032752 0.01116538 -0.06657618 1.038412 0 -0.03936934 1.050587 0.003220379 -0.06302279 1.043873 0 0.02262091 1.0442 0.03205633 -0.02175778 1.053489 0.02270764 0.02342742 1.04227 0.04282081 0.02582746 1.02893 0.07139933 0.02370887 1.008495 0.06935751 -0.01587176 1.021874 0 0.06255352 1.016105 0.03886473 0.05717825 1.002769 0 0.07448476 0.9991551 0.06259459 0.04509389 0.9595931 0 0.0862168 0.9617133 0.07038158 0.06031602 0.9132288 0.08042085 -0.009144008 0.9618701 0.09930223 0.002436876 0.8969756 0.09960108 -0.02378761 0.8914095 0.08647221 -0.05354869 0.9393879 0.08877599 0.01571589 0.8397305 0.07264798 0.07562667 0.8808293 0.07220369 0.1016847 0.8343886 0 0.1440407 0.8382495 0 0.1150898 0.8894496 0.0894612 0.04426252 0.7995682 0.0826236 -0.01886206 0.8479258 0.1085307 -0.1119845 0.8799148 0.08758932 -0.1076039 0.9209241 0.08432644 -0.1682504 0.8957397 0.06037098 -0.148335 0.9357503 0.03789377 -0.1830252 0.913801 0 -0.1665179 0.9459805 0.03449231 -0.1140944 0.9690775 0 -0.1217696 0.9742299 0.02996408 -0.09520083 0.977779 0.01427131 -0.09480845 0.9917897 0.0043841 -0.08785045 1.011817 0.06181699 -0.09823346 0.9523229 0.08491748 -0.1679841 0.8511996 0.1076989 -0.1165176 0.840092 0 -0.08123904 1.023582 0.002850651 -0.08178031 1.024004 0.06170797 -0.1519762 0.8118265 0.08212536 -0.1191043 0.8041636 0.07444518 -0.02442455 0.8151739 0.06325864 -0.05597692 0.7857071 0.07774746 0.003278851 0.8049386 0.06266003 -0.01851195 0.7814487 0.08378112 0.03440213 0.7695173 0.06556189 0.01046723 0.7511674 0.07400953 0.010486 0.6996945 0.07937872 0.1745088 0.741117 0.0720247 0.1336705 0.7757805 0 0.180293 0.7792721 0.03128695 -0.03203117 0.7685525 0.03387182 -0.01496803 0.7434387 0 -0.02573657 0.7388611 0 -0.0415073 0.7618947 0.03102719 -0.06409484 0.7762347 0.05192893 -0.09955573 0.7848723 0.02621424 -0.1649692 0.8057509 0.03415071 -0.1740446 0.8191998 0 -0.167706 0.8087437 0.03903549 -0.09991222 0.782362 0.02121442 -0.1011188 0.773344 0 -0.1773189 0.8215134 0.03137964 -0.1811568 0.8270596 0.05207657 -0.1883655 0.8583964 0.03467619 -0.1915037 0.8592415 0 -0.1752537 0.8245514 0.03992402 -0.1882582 0.859658 0.02445894 -0.187969 0.902945 0.002533316 -0.07497221 1.03178 0.05531632 0.03360325 1.036154 0.05936926 0.005872845 1.037036 0.07819759 0.03860205 1.022704 0.06243163 0.03516197 1.040292 0.06957095 0.01148611 1.044056 0.07065087 0.03732496 1.01449 0.07697778 0.03024977 1.047434 0.0827406 0.03733444 1.035041 0.08030784 -0.02635115 0.9943106 0.07355451 -0.06603735 0.9560073 0.05303424 -0.09100997 0.9649149 0.01538574 -0.1138401 0.779502 0.01406282 -0.1140758 0.7851985 0.01313894 -0.1110986 0.7911446 0 -0.1096743 0.7886211 0.02783149 -0.1100448 0.7886418 0.03758347 -0.1078273 0.7905284 0.03922641 -0.1076189 0.789559 0.03960758 -0.1137917 0.7907266 0.03713518 -0.1068431 0.7917219 0.03222501 -0.1281099 0.7953726 0.03529733 -0.1284824 0.798721 0.0194686 -0.1405038 0.801909 0 -0.1421367 0.8051266 0 -0.1429185 0.8124024 0.02003937 -0.1465983 0.7980334 0.04699319 -0.1412215 0.7968968 0.03343856 -0.1324716 0.7934336 0.05591177 -0.1160668 0.7908654 0.04125696 -0.1152825 0.7890406 0.02957427 -0.1098228 0.7855021 0 -0.0840463 0.8694661 0.02734339 -0.07735276 0.8592511 0.0257579 -0.04141741 0.8316942 0 -0.04272913 0.8085431 0.02508109 -0.0437507 0.8092281 0.04450839 -0.04549795 0.8095632 0.0469172 -0.04613107 0.8303481 0.04557842 -0.0613383 0.8434911 0 -0.0698775 0.7986747 0.02603411 -0.07047611 0.792474 0 -0.1018689 0.7842971 0.01577252 -0.1032875 0.7863464 0.02714419 -0.107185 0.7913701 0.03022509 -0.1008649 0.788645 0.05082505 -0.07384222 0.793738 0.04276639 -0.1047303 0.7921738 0.06174772 -0.07998764 0.8101593 0.05863392 -0.09206247 0.8273436 0.04470854 -0.1307964 0.7995303 0.02941852 -0.1123385 0.8438451 0.02484989 -0.148768 0.8160915 0 -0.1265525 0.85342 0 -0.1528577 0.8239423 0.0197485 -0.1408854 0.8084265 0.04015445 -0.1130678 0.7918781 0.1414453 0.0792061 0.08438187 0.154187 0.06338322 0.1188399 0.1624578 0.1269348 0.1344019 0.1449624 0.1279986 0.07772439 0.1237995 0.1810563 0.1018494 0.1202809 0.1686236 0.06246799 0.1203171 0.1572761 0.03140968 0.1256498 0.1634937 0.02046728 0.1319378 0.1619018 0.004063785 0.1549533 0.1167823 0.006673038 0.08155238 0.1679062 0.05146753 0.08643126 0.1632967 0.02399557 0.08554863 0.1701412 0.01377463 0.06950646 0.1371054 0.02394831 0.04254591 0.143962 0.1017767 0.07566946 0.1782704 0.08879518 0.06141495 0.1357376 0.002231836 0.0695675 0.1850795 0.1230322 0.12852 0.1843563 0.1405791 0.06479591 0.1857979 0.150764 0.1251143 0.1904898 0.181344 0.1713383 0.1313449 0.207755 0.1655261 0.03858286 0.2171775 0.162538 0.05445504 0.2777504 0.1140931 0.01744461 0.1925919 0.1617028 0.04990303 0.1547177 0.10971 0.03055536 0.1405243 0.1317516 0.01174694 0.2607667 0.04186803 0.076882 0.135962 0.1074161 0.04300147 0.1120342 0.05312269 0.07521313 0.1119847 0.1083808 0.0638433 0.08154684 0.07140845 0.08398038 0.06624084 0.03292942 0.145254 0.1316491 0.06191378 0.1401468 0.05141657 0.0786367 0.08112931 0.0287922 0.06106704 0.137879 0.01317715 0.1523289 0.1167148 0.02843153 0.1420686 0.07335746 0.03903013 0.1291342 0.09605127 0.04943603 0.1343233 0.1296833 0.03896087 0.1140874 0.06079983 0.03872305 0.1059492 0.08346575 0.04830718 0.08056122 0.09519046 0.03546619 0.1421104 0.07865631 0.02669912 0.1555252 0.09513986 0.02438277 0.156692 0.09509134 0.01100689 0.09021115 0.06497144 0.02832531 0.1099104 0.06377047 0.0285561 0.09005254 0.06161022 0.01078766 0.1163857 0.05745238 0.00656861 0.1111869 0.06162542 0.01076948 0.1617923 0.09460216 0.03175938 0.1636635 0.09467041 0.008120656 0.1444084 0.07262408 0.03441739 0.1448232 0.06992429 0.007938742 0.08606266 0.05999642 0.03146404 0.1130402 0.05844348 0.03389418 0.08633995 0.05514508 0.008065521 0.1152535 0.05527532 0.007893025 0.1740558 0.07711118 0.0162751 0.1751563 0.07752907 0.003393054 0.1646308 0.06562322 0.01725929 0.09308505 0.03829115 0.01796656 0.1060254 0.03743207 0.0185523 0.09601229 0.04003822 0.7034743 0.104586 0.02444165 0.6205989 0.08835071 0.002184152 0.6201159 0.0492537 -0.02401643 0.6245996 0.0404033 -0.01648563 0.6983651 0 -0.02701646 0.6970572 0 -0.03397595 0.5586447 0.05316478 -0.01642894 0.5521848 0.07103788 -0.03289097 0.4375287 0.124044 0.01435714 0.4295727 0.09749758 0.02163827 0.5472365 0.008229792 -0.06875938 0.3474154 0.1415415 0.006328403 0.3429624 0.1642838 0.05708932 0.3495885 0.1464594 0.06295889 0.4243847 0.1769706 0.1520603 0.3445249 0.163684 0.1485384 0.4214235 0.08242976 -0.05805546 0.3270193 0.07492375 -0.02409583 0.2409737 0.01994246 0.06422716 0.1626725 0 -0.0381233 0.2298938 0.03178125 0.07197481 0.1492278 0.1162031 0.05971306 0.5352405 0.130697 0.230145 0.4194275 0.1422166 0.2381909 0.3168103 0.06842947 0.2649698 0.4113759 0.07630437 0.2783315 0.2969934 0.06947678 0.2461721 0.2237914 0.1030281 0.22337 0.5402071 0.04509288 0.2445151 0.5491494 0 0.2474097 0.5524032 0 0.2841416 0.3187845 0.03647148 0.1939969 0.1749183 0.05751448 0.1882991 0.1661021 0 0.2443166 0.2205201 0 0.198527 0.1773896 0 0.2786414 0.2973468 0.02028304 0.2758245 0.2705194 0.03888559 0.2353611 0.6567093 0 0.2142863 0.7264994 0.02925747 0.1455261 0.145799 0.1220006 0.04118633 0.616638 0.01658868 0.103694 0.159891 0.01630032 0.1467885 0.1613627 0.1550992 0.07392174 0.6750606 0.1186129 0.05551522 0.6978014 0.1185889 0.1487306 0.721117 0.1574929 0.1515569 0.6938812 0.2410199 0.1484424 0.6391089 0.2122061 0.2116941 0.6099041 0.2431868 0.2041674 0.594452 0.322785 0.1263211 0.5881653 0.3256278 0.1749907 0.5558224 0.2306965 0.08597832 0.6286309 0.3009027 0.07372194 0.5830654 0.2485088 0.07008814 0.5696387 0.1881446 0.07241326 0.6001209 0.2188291 0.1262217 0.5374155 0.2805609 0.06147164 0.5517544 0.2255968 0.190664 0.5507134 0.3061679 0.1730649 0.5208449 0.2806553 0.1104993 0.5150694 0.1400596 0.204738 0.5708121 0.1539998 0.1275745 0.5510044 0.1492165 0.06064212 0.6088869 0.1349833 0.2166247 0.6412504 0.3050581 0.1014083 0.5084512 0.3322796 0.1584127 0.5122824 0.3223747 0.1342055 0.4908778 0.3447118 0.1588426 0.5034434 0.3669802 0.1570123 0.5248865 0.3516626 0.1571235 0.5373938 0.3536282 0.1103441 0.5608196 0.3750516 0.1036299 0.5573239 0.335016 0.06592148 0.555078 0.3518757 0.05389809 0.5473311 0.3395529 0.05003905 0.5374022 0.3127198 0.05598163 0.5331282 0.3823179 0.1528146 0.5136632 0.3071202 0.0671373 0.5079531 0.3146485 0.05320358 0.5210355 0.3207077 0.1001102 0.4875516 0.3153016 0.04979163 0.5150658 0.3178346 0.03845208 0.4991833 0.3331322 0.02407461 0.5048272 0.3333054 0.02807188 0.5037705 0.3196508 0.04064798 0.4995038 0.3539484 0.04899507 0.5031299 0.3364498 0.03910535 0.5215927 0.3479669 0.03865224 0.4926048 0.3165183 0.02618497 0.4829737 0.3259248 0.02099984 0.4870013 0.3273152 0.01764917 0.4800329 0.3187494 0.02159512 0.4763236 0.347124 0.02216506 0.4792275 0.3486758 0.02513962 0.4843438 0.3120602 0.05024212 0.4847949 0.3504742 0.04352366 0.5289908 0.3261709 0.04640328 0.5269138 0.3653947 0.04268527 0.5402405 0.3701739 0.05027133 0.5111323 0.3592785 0.05324709 0.5098865 0.3837 0.0282917 0.5135877 0.3788358 0.02965438 0.5395146 0.3834457 0.03202611 0.5164766 0.3806466 0.03442269 0.5376728 0.3917235 0.01790493 0.515529 0.4005537 0.02196323 0.5384034 0.4069325 0.01783782 0.5338659 0.3979573 0.01493293 0.5143651 0.3800598 0.05709308 0.5524598 0.3925756 0.0434888 0.5495334 0.405363 0.05635893 0.5454723 0.4016849 0.05584162 0.5423519 0.3915959 0.04558497 0.5464928 0.4137619 0.0560162 0.5109869 0.4092424 0.05583488 0.5141952 0.4145709 0.0372743 0.5395491 0.4083393 0.02811557 0.5422959 0.4207183 0.04777109 0.5154875 0.4188911 0.0318405 0.5353136 0.4235655 0.04112017 0.5142705 0.3900145 0.07291215 0.5125669 0.3937172 0.07273662 0.5441013 0.4147984 0.07283324 0.5390648 0.4135009 0.06727528 0.5088598 0.4086809 0.07668179 0.5367383 0.4352712 0.07369738 0.5325307 0.3967788 0.09547662 0.550989 0.4185249 0.09099102 0.5426869 0.4012632 0.1146717 0.5339024 0.4221252 0.1077721 0.5322811 0.3940654 0.1087357 0.505955 0.4150969 0.1058349 0.5319148 0.4119307 0.09171181 0.5392957 0.4404252 0.08661264 0.5354635 0.4395377 0.09787559 0.5272943 0.4452356 0.09466731 0.5245312 0.4464136 0.08465236 0.5299466 0.4384981 0.09862226 0.5033211 0.4427425 0.0736171 0.5281291 0.458652 0.0734328 0.518744 0.4640153 0.07924193 0.5185469 0.4566504 0.06852376 0.5073155 0.4607762 0.08842736 0.5055648 0.4617394 0.08536976 0.516542 0.01895344 0.308809 0.2431297 0 0.3159957 0.2344139 0 0.3020717 0.2319409 0.01358181 0.2956527 0.2389303 0.02422565 0.301523 0.261471 0.01024281 0.281289 0.2508085 0.01051789 0.277239 0.2657222 0 0.2931465 0.2901779 0.01978951 0.2883967 0.2793007 0.01765012 0.2802159 0.2867766 0.1317735 0.21491 0.2445262 0.1437805 0.0487529 0.01865839 0.1311106 0.04331684 0.01887547 0.1421459 0.0707032 0.03664344 0.1158347 0.05899769 0.03695851 0.1365287 0.07379984 0.03451025 0.1170861 0.06520998 0.0349425 0.1364164 0.0717864 0.01075267 0.118301 0.0559566 0.008024513 0.1423434 0.0703336 0.006632387 0.1425096 0.076577 0.01089721 0.1654593 0.0646255 0.003250241 0.1328467 0.08920431 0.003170311 0.1475025 0.1048114 0.004446148 0.1104505 0.07753473 0.003427922 0.1187772 0.06296312 0.01065659 0.1423976 0.06796324 0.00793296 0.1447394 0.04785937 0.003122508 0.1310582 0.04202812 0.003133356 0.0916509 0.07710474 0.00378406 0.07933384 0.07869303 0.00695908 0.108011 0.03601384 0.002663135 0.09379118 0.03587734 0.00276637 0.1042605 0.0971018 0.006072402 0.08478325 0.1096194 0.00378102 0.07432115 0.1303535 0.00204122 0.09777969 0.1107931 0.002610862 0.09428119 0.1528357 0.001410007 0.08881121 0.1661818 0.002408087 0.1220172 0.1514184 0.001164853 0.1306876 0.1339345 0.003327429 0.119729 0.1206632 0.001925647 0.1258177 0.1089533 0.00615102 0.3562449 0.1574118 0.4949638 0.3278451 0.1277767 0.4802464 0.3413145 0.1218292 0.4767543 0.3600508 0.140958 0.4780648 0.3396338 0.09658026 0.4852709 0.336202 0.07418847 0.4868004 0.3093007 0.0663498 0.4979282 0.3674142 0.1210943 0.4873307 0.3710901 0.09159862 0.4987563 0.3582295 0.06960719 0.5010948 0.3801963 0.1366959 0.4903119 0.4003196 0.1496499 0.4865291 0.4053512 0.1327303 0.4967316 0.3877672 0.1189337 0.4929971 0.3998576 0.147796 0.4917144 0.4092841 0.1545408 0.4907765 0.4160723 0.1557748 0.4904893 0.4171247 0.1191528 0.497962 0.4129764 0.120718 0.5021872 0.4037733 0.132007 0.5003522 0.425963 0.1255606 0.5006092 0.4128259 0.1363116 0.4940237 0.4214447 0.1418991 0.4964759 0.4439243 0.1544736 0.4832885 0.4316239 0.1312879 0.4984429 0.4329208 0.158435 0.4985252 0.4107031 0.08672791 0.5071036 0.417602 0.1045886 0.5003826 0.392274 0.08832502 0.5022336 0.4068993 0.07280904 0.5114739 0.4083042 0.0879296 0.5110048 0.4230113 0.08509337 0.5063237 0.4257478 0.06506657 0.5105006 0.4094764 0.1014115 0.5054707 0.4311611 0.1019803 0.502581 0.433744 0.08446091 0.5097138 0.4332711 0.06590843 0.5097271 0.4652253 0.07684969 0.4977752 0.3798485 0.06373494 0.506864 0.3936955 0.04704451 0.5164358 0.3913498 0.04884928 0.5194891 0.4044587 0.03529 0.5127633 0.4105694 0.02931809 0.5163995 0.35047 0.06394118 0.494548 0.3504266 0.03722113 0.491091 0.3397287 0.04911935 0.4845142 0.3331105 0.05901974 0.4741947 0.3328119 0.05800342 0.4781495 0.3080317 0.05038028 0.4827044 0.3381835 0.04940968 0.4869184 0.3271107 0.05106639 0.4623761 0.3144166 0.03448837 0.4761174 0.3158314 0.02979713 0.4704313 0.3275287 0.04704338 0.4600255 0.3391224 0.04096454 0.4744674 0.3350199 0.03309351 0.4700268 0.3388344 0.01560598 0.4458725 0.3250142 0.0111497 0.4554231 0.3320719 0.01064753 0.4613729 0.331924 0.02590346 0.447519 0.4327794 0.1587201 0.4897151 0.4399915 0.1552228 0.5037096 0.4420185 0.1417974 0.4944767 0.4391593 0.147399 0.5034009 0.4280779 0.1510311 0.5134987 0.4307825 0.1406226 0.5120916 0.4238724 0.1496751 0.5183387 0.4275975 0.138067 0.5154098 0.4118469 0.1284552 0.5194483 0.4182453 0.1265003 0.5238534 0.3896192 0.1386129 0.5334178 0.4062732 0.1419969 0.5228301 0.4008839 0.1572968 0.5097095 0.3991579 0.1500348 0.5116789 0.4032725 0.1391777 0.5214251 0.4178339 0.1554462 0.5099328 0.4213934 0.1561461 0.5072731 0.4312871 0.01621925 0.5231629 0.4336891 0.01736336 0.5098503 0.4315496 0.006733834 0.5031862 0.4305624 0.009049654 0.5236209 0.4134794 0.02338701 0.5374994 0.4226046 0.007687985 0.5226966 0.4209495 0.003969848 0.5100753 0.1724274 0.1433798 0.2766436 0.3239658 0.02188497 0.4535187 0.3417355 0.01178371 0.4572686 0.02841329 -0.1931605 0.8128458 0 -0.1900205 0.8091572 0 -0.217235 0.8152958 0.0299099 -0.2145555 0.8235721 0 -0.1781929 0.8165079 0.03607314 -0.1837517 0.8209893 0.02970236 -0.1781861 0.8306658 0.04332113 -0.2006918 0.8507911 0.02416253 -0.2101938 0.8801816 0.02330154 -0.1846696 0.9038709 0 -0.2123047 0.8869267 0 -0.2282988 0.8476383 0.02611893 -0.2240247 0.848456 -0.02841335 -0.1931605 0.8128458 -0.0299099 -0.2145555 0.8235721 -0.02416259 -0.2101938 0.8801816 -0.03607314 -0.1837517 0.8209893 -0.04332119 -0.2006918 0.8507911 -0.02611893 -0.2240247 0.848456 0.08600044 0.2233923 0.659237 0.1353877 0.1324379 0.5171545 0.01200294 -0.0755493 0.3296168 0.007375299 -0.07290929 0.3404206 0.008437275 -0.07427096 0.3357134 1.80454e-4 -0.07251018 0.3431035 6.49159e-5 -0.07250452 0.3187805 0.03559458 -0.06596755 1.043113 0.05032938 -0.06601423 1.036807 0.02241045 -0.0658372 1.043704 0.06432354 -0.06631994 1.023355 0.05694413 -0.07542121 1.015268 0.07174545 -0.06657922 1.005085 0.06479823 -0.07275325 1.00269 0.06691342 -0.06719011 0.9869292 0.02682065 -0.04446369 1.000101 0.05679571 -0.08066254 0.9867312 0.04538488 -0.07564562 1.026349 0.03394323 -0.07460224 1.033246 0.02195817 -0.07214725 1.037168 0.01295185 -0.06993293 1.035989 0.01068657 -0.07228565 1.032343 0.01148086 -0.08014065 1.026223 -0.02104806 -0.05295568 1.046224 -0.01116538 -0.06657618 1.038412 -0.03205633 -0.02175778 1.053489 -0.03461778 -0.04377883 1.045717 -0.05055516 -0.04446369 1.039471 -0.06515258 -0.04723137 1.024842 -0.07303977 -0.05246967 1.005848 -0.06922334 -0.06317305 0.9765701 -0.0558663 -0.08388698 0.9769414 -0.05679571 -0.08066254 0.9867312 -0.06512236 -0.06959766 0.9844505 -0.03803151 -0.09225505 0.986333 -0.04240882 -0.08945614 0.994544 -0.02222472 -0.09337311 0.9972267 -0.01644796 -0.0877822 1.01586 -0.01029503 -0.08774042 1.013036 -0.01427131 -0.09480845 0.9917897 -0.007875084 -0.07935589 1.02544 -0.002533376 -0.07497221 1.03178 -0.008519828 -0.07286465 1.032752 -0.01068657 -0.07228565 1.032343 -0.01295191 -0.06993293 1.035989 -0.01179164 -0.04144442 1.053712 -0.02270764 0.02342742 1.04227 -0.04282081 0.02582746 1.02893 -0.03886473 0.05717825 1.002769 -0.06259459 0.04509389 0.9595931 -0.07038164 0.06031602 0.9132288 -0.08042085 -0.009144008 0.9618701 -0.09930223 0.002436876 0.8969756 -0.09960108 -0.02378761 0.8914095 -0.08647221 -0.05354869 0.9393879 -0.08877599 0.01571589 0.8397305 -0.07264798 0.07562667 0.8808293 0 0.09799897 0.9219856 -0.07220369 0.1016847 0.8343886 -0.0894612 0.04426252 0.7995682 -0.07355457 -0.06603735 0.9560073 -0.08030784 -0.02635115 0.9943106 -0.06935751 -0.01587176 1.021874 -0.05633169 -0.01564961 1.042796 -0.0826236 -0.01886206 0.8479258 -0.1085307 -0.1119845 0.8799148 -0.06181699 -0.09823346 0.9523229 -0.05303424 -0.09100997 0.9649149 -0.0720247 0.1336705 0.7757805 -0.08378112 0.03440213 0.7695173 -0.06556189 0.01046723 0.7511674 -0.06266009 -0.01851195 0.7814487 -0.07774752 0.003278851 0.8049386 -0.06325864 -0.05597692 0.7857071 -0.07444518 -0.02442455 0.8151739 -0.1076989 -0.1165176 0.840092 -0.08212536 -0.1191043 0.8041636 -0.03128701 -0.03203117 0.7685525 -0.03387188 -0.01496803 0.7434387 -0.03102719 -0.06409484 0.7762347 0 -0.07360029 0.7742978 -0.06170797 -0.1519762 0.8118265 -0.08491748 -0.1679841 0.8511996 -0.08432644 -0.1682504 0.8957397 -0.08758932 -0.1076039 0.9209241 -0.06037098 -0.148335 0.9357503 -0.03789377 -0.1830252 0.913801 0 -0.1800718 0.9225683 -0.03449231 -0.1140944 0.9690775 -0.02996408 -0.09520083 0.977779 0 -0.10756 0.9830453 0 -0.09692186 0.9930533 0 -0.08753675 1.010928 -0.0043841 -0.08785045 1.011817 -0.002850651 -0.08178031 1.024004 0 -0.185966 0.910493 -0.02445894 -0.187969 0.902945 0 -0.1824304 0.9113159 -0.02330154 -0.1846696 0.9038709 -0.03467619 -0.1915037 0.8592415 -0.03992402 -0.1882582 0.859658 -0.03137964 -0.1811568 0.8270596 -0.05207657 -0.1883655 0.8583964 -0.03415071 -0.1740446 0.8191998 0 -0.1740832 0.8175405 -0.02621424 -0.1649692 0.8057509 -0.05591183 -0.1160668 0.7908654 -0.03903549 -0.09991222 0.782362 -0.02970236 -0.1781861 0.8306658 0 -0.1019827 0.7708229 0 -0.06205058 1.043146 0 -0.07531231 1.031557 -0.003220379 -0.06302279 1.043873 -0.07139933 0.02370887 1.008495 -0.05531632 0.03360325 1.036154 -0.05936926 0.005872845 1.037036 -0.07819765 0.03860205 1.022704 -0.06243163 0.03516197 1.040292 -0.06957095 0.01148611 1.044056 -0.07697778 0.03024977 1.047434 -0.0827406 0.03733444 1.035041 -0.07065087 0.03732496 1.01449 -0.02121442 -0.1011188 0.773344 -0.01538574 -0.1138401 0.779502 0 -0.1136413 0.7773524 -0.01406282 -0.1140758 0.7851985 0 -0.1142049 0.7837777 -0.013139 -0.1110986 0.7911446 -0.02783155 -0.1100448 0.7886418 -0.02714419 -0.107185 0.7913701 -0.03758352 -0.1078273 0.7905284 -0.03922641 -0.1076189 0.789559 -0.03960758 -0.1137917 0.7907266 -0.03222501 -0.1281099 0.7953726 -0.0194686 -0.1405038 0.801909 -0.01974856 -0.1408854 0.8084265 -0.02003943 -0.1465983 0.7980334 0 -0.1491809 0.8002445 -0.04699325 -0.1412215 0.7968968 -0.03343856 -0.1324716 0.7934336 -0.04125696 -0.1152825 0.7890406 -0.05192893 -0.09955573 0.7848723 -0.02957427 -0.1098228 0.7855021 0 -0.0407747 0.8336439 -0.0257579 -0.04141741 0.8316942 -0.02734339 -0.07735276 0.8592511 -0.02508109 -0.0437507 0.8092281 -0.04450845 -0.04549795 0.8095632 -0.0469172 -0.04613107 0.8303481 -0.04557842 -0.0613383 0.8434911 -0.02603411 -0.07047611 0.792474 -0.01577252 -0.1032875 0.7863464 -0.03022509 -0.1008649 0.788645 -0.05082505 -0.07384222 0.793738 -0.04276639 -0.1047303 0.7921738 -0.06174772 -0.07998764 0.8101593 -0.05863392 -0.09206247 0.8273436 -0.04470854 -0.1307964 0.7995303 -0.02941852 -0.1123385 0.8438451 -0.02484989 -0.148768 0.8160915 -0.03713518 -0.1068431 0.7917219 -0.03529733 -0.1284824 0.798721 -0.04015445 -0.1130678 0.7918781 -0.1412379 0.07955193 0.08389019 -0.1447226 0.1278942 0.07729417 -0.1620108 0.126776 0.1347194 -0.1538621 0.06387507 0.1180303 -0.123755 0.1804622 0.1011966 -0.1199528 0.1671082 0.06297022 -0.1343233 0.1296833 0.03896087 -0.1203171 0.1572761 0.03140968 -0.1256498 0.1634937 0.02046728 -0.1523289 0.1167148 0.02843153 -0.08128345 0.1687796 0.05029559 -0.08643126 0.1632967 0.02399557 -0.08554863 0.1701412 0.01377463 -0.06137025 0.1406631 0.05025857 -0.06950646 0.1371054 0.02394831 -0.06106704 0.137879 0.01317715 -0.04320555 0.1436461 0.1023953 -0.07606911 0.177702 0.08826273 -0.06141495 0.1357376 0.002231836 -0.07128626 0.1815298 0.1236814 -0.1283406 0.1836035 0.1421105 -0.06479591 0.1857979 0.150764 -0.1251144 0.1904898 0.181344 -0.1713383 0.1313449 0.207755 -0.1655261 0.03858286 0.2171776 -0.162538 0.05445504 0.2777504 -0.1140932 0.01744461 0.1925919 -0.1612172 0.05039101 0.1561186 -0.1096593 0.03124743 0.1418949 -0.04186803 0.076882 0.135962 -0.03178131 0.07197481 0.1492278 -0.1074798 0.04368489 0.111345 -0.0534842 0.07546484 0.1119644 -0.1084786 0.06433087 0.08108133 -0.07184743 0.0842821 0.06591659 -0.03292948 0.145254 0.1316491 -0.1059492 0.08346575 0.04830718 -0.02925747 0.1455261 0.145799 -0.1281957 0.0967378 0.05093944 -0.1420686 0.07335746 0.03903013 -0.1140875 0.06079983 0.03872305 -0.0786367 0.08112931 0.0287922 -0.08056122 0.09519046 0.03546619 -0.1421104 0.07865631 0.02669912 -0.1555252 0.09513986 0.02438277 -0.156692 0.09509134 0.01100689 -0.1423434 0.0703336 0.006632387 -0.09021121 0.06497144 0.02832531 -0.1099104 0.06377047 0.0285561 -0.1163857 0.05745238 0.00656861 -0.1111869 0.06162542 0.01076948 -0.1617923 0.09460216 0.03175938 -0.1444084 0.07262408 0.03441739 -0.08606266 0.05999642 0.03146404 -0.1130402 0.05844348 0.03389418 -0.1152534 0.05527532 0.007893025 -0.1740558 0.07711118 0.0162751 -0.1646308 0.06562322 0.01725929 -0.09308505 0.03829115 0.01796656 -0.1060254 0.03743207 0.0185523 -0.108011 0.03601384 0.002663195 -0.07400953 0.010486 0.6996945 -0.08835071 0.002184152 0.6201159 -0.104586 0.02444165 0.6205989 -0.04925376 -0.02401643 0.6245996 -0.0404033 -0.01648563 0.6983651 0 -0.03700149 0.6308435 -0.05316478 -0.01642894 0.5521848 -0.07107108 -0.03194427 0.437528 1.89673e-5 -0.05859476 0.440708 -0.1240441 0.01435714 0.4295727 -0.09749764 0.02163827 0.5472365 -0.008034706 -0.06850886 0.3473921 9.69034e-5 -0.0683369 0.3503088 -0.1415415 0.006328403 0.3429624 -0.1642838 0.05708932 0.3495885 -0.1464594 0.06295889 0.4243847 -0.1769706 0.1520603 0.3445249 -0.163684 0.1485384 0.4214235 -0.08261722 -0.05423885 0.3266708 -0.1317516 0.01174694 0.2607667 -0.07492375 -0.02409583 0.2409737 -0.01994246 0.06422716 0.1626725 0 0.0631957 0.1608809 -0.1162031 0.05971306 0.5352405 -0.130697 0.230145 0.4194275 -0.1422166 0.2381909 0.3168103 -0.06842947 0.2649698 0.4113759 -0.07630437 0.2783315 0.2969934 -0.06947678 0.2461721 0.2237914 -0.1030281 0.22337 0.5402071 -0.04509288 0.2445151 0.5491494 0 0.2682345 0.4001024 -0.03647148 0.1939969 0.1749183 -0.05751448 0.1882991 0.1661021 -0.01630032 0.1467885 0.1613627 0 0.2704279 0.2604141 -0.03888559 0.2353611 0.6567093 0 0.2431006 0.6620049 -0.1185889 0.1487306 0.721117 -0.1353877 0.1324379 0.5171545 -0.1220006 0.04118633 0.616638 -0.1186129 0.05551522 0.6978014 0 0.1455229 0.1606965 -0.01658868 0.103694 0.159891 0 0.1024369 0.1588926 -0.1550992 0.07392174 0.6750606 -0.1574929 0.1515569 0.6938812 -0.2410199 0.1484424 0.6391089 -0.2122061 0.2116944 0.6099042 -0.2431868 0.2041674 0.594452 -0.3227849 0.1263211 0.5881653 -0.3256278 0.1749907 0.5558224 -0.2306965 0.08597832 0.6286309 -0.3009027 0.07372194 0.5830654 -0.2485088 0.07008814 0.5696387 -0.1881446 0.07241326 0.6001209 -0.2188291 0.1262217 0.5374155 -0.2805609 0.06147164 0.5517544 -0.2806553 0.1104993 0.5150694 -0.2255968 0.190664 0.5507134 -0.3061679 0.1730649 0.5208449 -0.1400596 0.204738 0.5708121 -0.1539998 0.1275745 0.5510044 -0.1492165 0.06064212 0.6088869 -0.1349833 0.2166247 0.6412504 -0.3322796 0.1584127 0.5122824 -0.3223747 0.1342055 0.4908778 -0.3447118 0.1588426 0.5034434 -0.3669802 0.1570123 0.5248865 -0.3516626 0.1571235 0.5373938 -0.3536282 0.1103441 0.5608196 -0.3750516 0.1036299 0.5573239 -0.335016 0.06592148 0.555078 -0.3518757 0.05389809 0.5473311 -0.3395529 0.05003905 0.5374022 -0.3127198 0.05598163 0.5331282 -0.3278451 0.1277767 0.4802464 -0.3050581 0.1014083 0.5084512 -0.3071202 0.0671373 0.5079531 -0.3146485 0.05320358 0.5210355 -0.3207076 0.1001102 0.4875516 -0.3153016 0.04979163 0.5150658 -0.3080317 0.05038028 0.4827044 -0.3178346 0.03845208 0.4991833 -0.3331322 0.02407461 0.5048272 -0.3333054 0.02807188 0.5037705 -0.3196508 0.04064798 0.4995038 -0.3539484 0.04899507 0.5031299 -0.3364498 0.03910535 0.5215927 -0.3479669 0.03865224 0.4926048 -0.3165183 0.02618497 0.4829737 -0.3259248 0.02099984 0.4870013 -0.3273152 0.01764917 0.4800329 -0.3187495 0.02159512 0.4763236 -0.347124 0.02216506 0.4792275 -0.3486758 0.02513962 0.4843438 -0.3120602 0.05024212 0.4847949 -0.3504742 0.04352366 0.5289908 -0.3261709 0.04640328 0.5269138 -0.3653947 0.04268527 0.5402405 -0.3701739 0.05027133 0.5111323 -0.3788358 0.02965438 0.5395146 -0.3834457 0.03202611 0.5164766 -0.3806466 0.03442269 0.5376728 -0.3917235 0.01790493 0.515529 -0.4005537 0.02196323 0.5384034 -0.4069325 0.01783782 0.5338659 -0.3800598 0.05709308 0.5524598 -0.3925756 0.0434888 0.5495334 -0.405363 0.05635893 0.5454723 -0.4016849 0.05584162 0.5423519 -0.3915959 0.04558497 0.5464928 -0.4092424 0.05583488 0.5141952 -0.4145709 0.0372743 0.5395491 -0.4083393 0.02811557 0.5422959 -0.4207183 0.04777109 0.5154875 -0.4188911 0.0318405 0.5353136 -0.3900145 0.07291215 0.5125669 -0.3937172 0.07273662 0.5441013 -0.4147984 0.07283324 0.5390648 -0.4086809 0.07668179 0.5367383 -0.4352712 0.07369738 0.5325307 -0.3967788 0.09547662 0.550989 -0.4185249 0.09099102 0.5426869 -0.4012632 0.1146717 0.5339024 -0.4221252 0.1077721 0.5322811 -0.3940654 0.1087357 0.505955 -0.4150969 0.1058349 0.5319148 -0.4119307 0.09171181 0.5392957 -0.4404252 0.08661264 0.5354635 -0.4395377 0.09787559 0.5272943 -0.4452356 0.09466731 0.5245312 -0.4464136 0.08465236 0.5299466 -0.4384981 0.09862226 0.5033211 -0.4427425 0.0736171 0.5281291 -0.4332711 0.06590843 0.5097271 -0.458652 0.0734328 0.518744 -0.4640153 0.07924193 0.5185469 -0.4617394 0.08536976 0.516542 -0.01895344 0.308809 0.2431297 -0.01358181 0.2956527 0.2389303 0 0.3201708 0.2679975 -0.02422565 0.301523 0.261471 -0.01024281 0.281289 0.2508085 0 0.2792731 0.2433615 -0.01051795 0.277239 0.2657222 0 0.2745559 0.2625778 -0.0202831 0.2758245 0.2705194 -0.01978951 0.2883966 0.2793007 -0.01765012 0.2802159 0.2867766 -0.1317735 0.21491 0.2445262 -0.1437805 0.0487529 0.01865839 -0.1311106 0.04331684 0.01887547 -0.1421459 0.0707032 0.03664344 -0.1158347 0.05899769 0.03695851 -0.1365287 0.07379984 0.03451025 -0.1170861 0.06520998 0.0349425 -0.1364164 0.0717864 0.01075267 -0.1423976 0.06796324 0.00793296 -0.1549533 0.1167823 0.006673038 -0.1425096 0.076577 0.01089721 -0.1636635 0.09467041 0.008120656 -0.1448233 0.06992429 0.007938742 -0.1751563 0.07752907 0.003393054 -0.1654593 0.0646255 0.003250241 -0.1328467 0.08920431 0.003170311 -0.1475026 0.1048114 0.004446148 -0.1104505 0.07753473 0.003427922 -0.1187772 0.06296312 0.01065659 -0.118301 0.0559566 0.008024513 -0.1447394 0.04785937 0.003122508 -0.1310582 0.04202812 0.003133356 -0.0916509 0.07710474 0.00378406 -0.07933384 0.07869303 0.00695908 -0.09005254 0.06161022 0.01078766 -0.08633995 0.05514508 0.008065521 -0.09379118 0.03587734 0.00276637 -0.1042605 0.0971018 0.006072402 -0.08478325 0.1096194 0.00378102 -0.07432115 0.1303535 0.00204122 -0.09777975 0.1107931 0.002610862 -0.09428119 0.1528357 0.001410007 -0.08881121 0.1661818 0.002408087 -0.1220172 0.1514184 0.001164853 -0.1306876 0.1339345 0.003327429 -0.119729 0.1206632 0.001925647 -0.1319378 0.1619018 0.004063785 -0.1258178 0.1089533 0.00615102 -0.3562449 0.1574118 0.4949638 -0.3600508 0.140958 0.4780648 -0.3413145 0.1218292 0.4767543 -0.3396338 0.09658026 0.4852709 -0.336202 0.07418847 0.4868004 -0.3093007 0.0663498 0.4979282 -0.3674142 0.1210943 0.4873307 -0.3710901 0.09159862 0.4987563 -0.3582295 0.06960719 0.5010948 -0.3801963 0.1366959 0.4903119 -0.3823179 0.1528146 0.5136632 -0.4003196 0.1496499 0.4865291 -0.4053512 0.1327303 0.4967316 -0.3877672 0.1189337 0.4929971 -0.3991579 0.1500348 0.5116789 -0.3998576 0.147796 0.4917144 -0.4092841 0.1545408 0.4907765 -0.4160723 0.1557748 0.4904893 -0.4171247 0.1191528 0.497962 -0.4037733 0.132007 0.5003522 -0.4128259 0.1363116 0.4940237 -0.4214447 0.1418991 0.4964759 -0.4327794 0.1587201 0.4897151 -0.4107031 0.08672791 0.5071036 -0.392274 0.08832502 0.5022336 -0.417602 0.1045886 0.5003826 -0.4135009 0.06727528 0.5088598 -0.4068993 0.07280904 0.5114739 -0.4083042 0.0879296 0.5110048 -0.4230113 0.08509337 0.5063237 -0.4257478 0.06506657 0.5105006 -0.4094764 0.1014115 0.5054707 -0.4311611 0.1019803 0.502581 -0.433744 0.08446091 0.5097138 -0.4566504 0.06852376 0.5073155 -0.4652253 0.07684969 0.4977753 -0.4607762 0.08842736 0.5055648 -0.3798485 0.06373494 0.506864 -0.3936955 0.04704451 0.5164358 -0.3837 0.0282917 0.5135877 -0.3913498 0.04884928 0.5194891 -0.4044587 0.03529 0.5127633 -0.4137619 0.0560162 0.5109869 -0.4105694 0.02931809 0.5163995 -0.3979573 0.01493293 0.5143651 -0.4315496 0.006733834 0.5031862 -0.4336891 0.01736336 0.5098503 -0.4235655 0.04112017 0.5142705 -0.3592785 0.05324709 0.5098865 -0.35047 0.06394118 0.494548 -0.3504266 0.03722113 0.491091 -0.3397287 0.04911935 0.4845142 -0.3331105 0.05901974 0.4741947 -0.3328119 0.05800342 0.4781495 -0.3381835 0.04940968 0.4869184 -0.3271107 0.05106639 0.4623761 -0.3144165 0.03448837 0.4761174 -0.3158314 0.02979713 0.4704313 -0.3275287 0.04704338 0.4600255 -0.3391224 0.04096454 0.4744674 -0.3350199 0.03309351 0.4700268 -0.3417355 0.01178371 0.4572686 -0.3388344 0.01560598 0.4458725 -0.3250142 0.0111497 0.4554231 -0.331924 0.02590346 0.447519 -0.4329208 0.158435 0.4985252 -0.4399915 0.1552228 0.5037097 -0.4439243 0.1544736 0.4832885 -0.4420185 0.1417974 0.4944767 -0.4391593 0.147399 0.5034009 -0.4280779 0.1510311 0.5134987 -0.4307825 0.1406226 0.5120916 -0.4238724 0.1496751 0.5183387 -0.4275975 0.138067 0.5154098 -0.4316239 0.1312879 0.4984429 -0.425963 0.1255606 0.5006092 -0.4129764 0.120718 0.5021872 -0.4118469 0.1284552 0.5194483 -0.4182453 0.1265003 0.5238534 -0.3896192 0.1386129 0.5334178 -0.4062732 0.1419969 0.5228301 -0.4008839 0.1572968 0.5097095 -0.4032725 0.1391777 0.5214251 -0.4178339 0.1554462 0.5099329 -0.4213934 0.1561461 0.5072732 -0.4312871 0.01621925 0.5231629 -0.4305624 0.009049654 0.5236209 -0.4134794 0.02338701 0.5374994 -0.4226046 0.007687985 0.5226966 -0.4209495 0.003969848 0.5100753 -0.1724274 0.1433798 0.2766436 -0.3239658 0.02188497 0.4535187 -0.3320719 0.01064753 0.4613729 -0.0860005 0.2233923 0.659237 -0.07937872 0.1745088 0.741117 -0.09601229 0.04003822 0.7034743 -0.01181644 -0.06746709 0.3295856 -0.007013022 -0.07266891 0.3403983 -0.00803256 -0.07396578 0.335685 1.92034e-4 -0.07460701 0.3285996 -0.05032938 -0.06601423 1.036807 -0.03559458 -0.06596755 1.043113 -0.04538494 -0.07564562 1.026349 -0.02241045 -0.0658372 1.043704 -0.06432354 -0.06631994 1.023355 -0.05694413 -0.07542121 1.015268 -0.07174545 -0.06657922 1.005085 -0.06479823 -0.07275325 1.00269 -0.06691342 -0.06719011 0.9869292 -0.02682065 -0.04446369 1.000101 -0.03394323 -0.07460224 1.033246 -0.02195817 -0.07214725 1.037168 -0.01148086 -0.08014065 1.026223 -0.02783763 -0.09211242 1.00468 0.02481234 -0.08803302 1.013158 0.00387454 -0.07967531 1.018487 0.01818221 -0.07460862 1.030835 0.005386948 -0.08735722 1.000555 0.02158045 -0.09186971 0.9905427 0.04026114 -0.08981484 0.9959888 0.04736196 -0.08273988 1.012793 0.0375359 -0.07597255 1.028301 -0.00899744 -0.06774228 1.018902 0.01417326 -0.05953699 1.0389 -0.006548225 -0.08018285 0.9898625 0.01967668 -0.08749073 0.9736471 0.04992938 -0.08416289 0.9824669 0.06142896 -0.07270532 1.00968 0.04551595 -0.06174576 1.034795 -0.02289092 -0.0307033 1.009179 0.0100848 -0.01902586 1.037638 -0.01940524 -0.04840826 0.9678504 0.01791703 -0.05880856 0.9447733 0.06097155 -0.05407255 0.9573253 0.07733732 -0.03776651 0.9960545 0.05469053 -0.02216929 1.031797 -0.02589184 -0.0877965 1.01315 -0.03394365 -0.07463073 1.030426 -0.01444488 -0.07529819 1.028943 -0.003559529 -0.08169817 1.013996 -0.009484469 -0.08901143 0.9968421 -0.02775806 -0.09173083 0.9903978 -0.04461997 -0.08780866 0.999516 -0.04737287 -0.0801984 1.01733 -0.0073421 -0.060799 1.035841 -0.03891974 -0.05971807 1.038244 0.01028633 -0.07116365 1.011635 6.9115e-4 -0.08300715 0.983855 -0.02890235 -0.08741116 0.9734187 -0.05620968 -0.08105933 0.9881853 -0.06066787 -0.06873476 1.017035 -0.0443831 -0.01937866 1.036713 5.56944e-4 -0.02091699 1.033293 0.02564513 -0.03566753 0.998845 0.01198959 -0.05252277 0.9593089 -0.03012675 -0.05879044 0.9444564 -0.06898951 -0.04975074 0.9654716 -0.07533419 -0.03221088 1.00653 0.002533853 -0.1279106 0.8032377 0.002701044 -0.1329979 0.8229683 0.01154476 -0.1323832 0.8239567 0.009927034 -0.1253327 0.8026234 0.001637578 -0.117403 0.8052136 0.007737219 -0.1172645 0.8053311 0 -0.1259128 0.8059107 0.01967 -0.129438 0.8232455 0.0190519 -0.1243959 0.8035148 0.02015703 -0.1199297 0.809417 0.01660299 -0.1121443 0.8106583 0.01383692 -0.1148207 0.8054487 0.02232182 -0.1211872 0.80686 0.0235691 -0.125675 0.8245263 0.03075212 -0.1221729 0.825775 0.02678573 -0.1151372 0.807264 0.01676064 -0.1101458 0.8085777 0.02267789 -0.1085742 0.808927 0.02060294 -0.1236962 0.8248262 0.03661209 -0.1162428 0.8253344 0.03462737 -0.1120844 0.8076681 0.03417509 -0.1096782 0.8103244 0.03497791 -0.1133438 0.8257337 0.02622693 -0.1031904 0.8092763 0.0415166 -0.104582 0.8089785 0.03658026 -0.1098569 0.8080071 0.03851222 -0.1135038 0.8255324 0.0438078 -0.1066747 0.8271803 0.02702641 -0.1013661 0.8095115 0.02810871 -0.1037771 0.8114562 0.03082603 -0.09857869 0.8046614 0.0328803 -0.09980338 0.8029013 0.0436781 -0.0970298 0.8099499 0.03347557 -0.09197574 0.8112881 0.033697 -0.09831875 0.8030968 0.04198408 -0.09507668 0.8116042 0.04655212 -0.09801137 0.8271413 0.0343005 -0.09193712 0.8121401 0.03243565 -0.09568256 0.8051434 0.03451365 -0.09683412 0.8032922 0.03830474 -0.07016301 0.8286844 0.03613865 -0.07051175 0.8114532 0.04752433 -0.07046842 0.810115 0.04997658 -0.07028418 0.8273065 0.04517775 -0.0722391 0.8057677 0.03738284 -0.07226872 0.8066787 0.04954332 -0.0836628 0.8154694 0.04558265 -0.08311939 0.8074554 0.05281704 -0.08428245 0.8282183 0.0474264 -0.09436047 0.8272239 0.0443632 -0.09438985 0.8100324 0.04622894 -0.09597146 0.826875 0.03359371 -0.0913344 0.8113707 0.03480184 -0.08815735 0.805617 0.04213762 -0.09023863 0.8047001 0.03846436 -0.08149993 0.8083693 -0.002533853 -0.1279106 0.8032377 -0.009927034 -0.1253327 0.8026234 -0.01154476 -0.1323832 0.8239567 -0.002700984 -0.1329979 0.8229683 -0.001637578 -0.117403 0.8052136 -0.007737219 -0.1172645 0.8053311 0 -0.1169054 0.8073554 0 -0.1300223 0.823323 -0.01967 -0.129438 0.8232455 -0.0190519 -0.1243959 0.8035148 -0.01383692 -0.1148207 0.8054487 -0.02232182 -0.1211872 0.8068599 -0.02678573 -0.1151372 0.807264 -0.03075212 -0.1221729 0.825775 -0.0235691 -0.125675 0.8245262 -0.0167607 -0.1101458 0.8085777 -0.02267789 -0.1085742 0.808927 -0.02015703 -0.1199297 0.809417 -0.01660299 -0.1121443 0.8106583 -0.02060294 -0.1236962 0.8248262 -0.03661209 -0.1162428 0.8253344 -0.03462737 -0.1120844 0.8076681 -0.02622693 -0.1031904 0.8092763 -0.001599252 -0.009371817 1.047538 -7.96811e-4 -0.007043361 1.047576 0.001192927 -0.00456345 1.06018 -0.002810359 -0.01232975 1.072855 -0.005330562 -0.008595824 1.076629 0.007112741 -0.02047401 1.079447 0.005043685 -0.02126061 1.081713 -0.006336748 -0.01163023 1.074794 0.003434777 -0.0230425 1.079622 0.01308095 -0.03448903 1.082132 0.01308983 -0.03451114 1.081995 0.001483857 -0.007837235 1.048061 0.009526014 -0.00745058 1.061127 0.006835579 -0.01584941 1.060032 6.81389e-4 -0.01016569 1.048024 -0.001497387 -0.01296222 1.059085 -0.001804172 -0.009295284 1.074689 0.005503773 -0.02225583 1.077356 0.03145712 0.001130402 1.066967 0.03145259 9.65158e-4 1.0671 0.01825439 -0.003263235 1.067039 0.01848101 -8.52459e-4 1.065114 0.002806544 -0.003972113 1.064898 -2.32369e-4 -0.002043187 1.058116 0.002060711 -0.004085719 1.047992 0.03149253 8.33059e-4 1.066941 0.03149759 9.97393e-4 1.066805 0.01911956 -0.002772748 1.062782 0.01889294 -0.005183517 1.064707 0.008681595 -0.002286076 1.058151 0.006180107 -0.007398009 1.061135 0.005308032 0.00113976 1.061914 0.00602442 -0.001037716 1.0562 0.003346741 -0.00478971 1.056982 0.00244528 0.001708805 1.057334 0.002928137 -0.00292468 1.047918 0.001792907 -0.002059757 1.048181 9.25485e-4 -0.003220796 1.048255 0.001962125 -0.1105771 0.803681 0.006747186 -0.109726 0.8048254 0.007050573 -0.1065957 0.7962453 0.002031147 -0.1073909 0.796435 0.001396596 -0.1050528 0.8064733 0.005743622 -0.1053459 0.8066009 0 -0.1034146 0.806014 0 -0.1054888 0.7969359 0.002379059 -0.1053353 0.7939653 0.01125025 -0.1052194 0.7970638 0.01297456 -0.1051217 0.8042685 0.01185309 -0.1090571 0.8048493 0.009775519 -0.1045553 0.8073524 0.01229315 -0.1019715 0.7975285 0.01383531 -0.1029357 0.7972915 0.01422733 -0.106564 0.8047615 0.01968932 -0.1002278 0.7974392 0.01861679 -0.1035169 0.8065032 0.01191878 -0.101013 0.8076817 0.01661455 -0.09964531 0.8080683 0.0114879 -0.1011164 0.8061502 0.01403325 -0.1013643 0.7949162 0.02530777 -0.0966286 0.7988408 0.01951736 -0.0978499 0.7933135 0.02426099 -0.09481811 0.7993676 0.026012 -0.1003987 0.8074407 0.02182877 -0.09415602 0.8087158 0.02063643 -0.09517103 0.8099613 0.03278428 -0.09400767 0.809487 0.03300559 -0.08816909 0.8007096 0.02733367 -0.09452033 0.7994313 0.02813202 -0.09854 0.8080872 0.02595955 -0.09764701 0.8071832 0.02164721 -0.09348809 0.810581 0.0263552 -0.09301513 0.8139983 0.02809852 -0.09458857 0.8141729 0.02899593 -0.0932154 0.8147276 0.02722811 -0.09162485 0.814498 0.02985197 -0.09184843 0.8152673 0.03551793 -0.08805125 0.8118495 0.02797168 -0.08447664 0.8137891 0.02805221 -0.09026509 0.8149781 0.03455144 -0.08566874 0.8120913 0.03632259 -0.08195042 0.8038823 0.0362752 -0.08058965 0.8049811 0.02844595 -0.084019 0.8133477 0.03274577 -0.08464479 0.7949171 0.02732837 -0.09293669 0.7968856 0.02440482 -0.09364956 0.7972893 0.03744053 -0.07993656 0.8056674 0.03777676 -0.07823586 0.8032677 0.04234284 -0.0708785 0.8122624 0.04161423 -0.07387715 0.816002 0.03642749 -0.08604234 0.8131566 0.02812218 -0.08394628 0.8141041 0.03068482 -0.0837574 0.8183916 0.03637319 -0.08521187 0.817797 0.03955686 -0.07587891 0.8196907 0.02614325 -0.07585704 0.8203109 0.03957408 -0.0661717 0.8243042 0.04034352 -0.06354022 0.8222991 0.02713465 -0.06160759 0.8222929 0.02678185 -0.05880999 0.8162963 0.04039365 -0.06056177 0.8173989 0.04098951 -0.05903542 0.8154256 0.02722245 -0.05792272 0.8139445 0.02878046 -0.06424391 0.8246521 0 -0.1045396 0.7899454 0 -0.1072264 0.7950611 0.001418173 -0.1073153 0.7947719 0.00195086 -0.1047976 0.7894007 0.00649029 -0.1056678 0.7931052 0.006997227 -0.1040807 0.7887255 0.01159131 -0.1048464 0.7953802 0.01104778 -0.1031268 0.7895296 0.01259845 -0.101408 0.789857 0.0126236 -0.1034669 0.7961598 0.0135461 -0.1029787 0.795892 0.01403695 -0.1008442 0.7900853 0.01995337 -0.09955793 0.794536 0.02008336 -0.09747385 0.7897576 0.0263378 -0.09603291 0.7974952 0.02562808 -0.09369534 0.790744 0.02718913 -0.09225052 0.7911288 0.02609807 -0.09522998 0.7982494 0.02764725 -0.09501737 0.7977614 0.02860575 -0.09132617 0.7914316 0.03376239 -0.08631277 0.7963631 0.03471255 -0.08580303 0.7936402 0.03758966 -0.08148783 0.8025903 0.03762537 -0.07918518 0.795362 0.0385698 -0.07742625 0.7965506 0.03758668 -0.08062916 0.8039292 0.03847062 -0.07966583 0.8039668 0.03948503 -0.07524126 0.7981445 0.04218244 -0.06719624 0.8033557 0.04224979 -0.06930416 0.8087219 0.04053348 -0.0507344 0.8092061 0.04175251 -0.05911082 0.8173559 0.02599632 -0.05834293 0.8152892 0.02529686 -0.05640822 0.8083057 0.02614635 -0.05459815 0.8049058 0.03997755 -0.05131143 0.8058676 0.04104 -0.06542688 0.8003038 0.03832489 -0.07261067 0.7953976 0.03644669 -0.07575768 0.7937583 0.03629249 -0.07727378 0.7923829 0.03367656 -0.08306086 0.7907112 0.02794659 -0.08907729 0.7892822 0.02687311 -0.09084594 0.7893216 0.02462679 -0.09213894 0.7882993 0.02011001 -0.0961548 0.7874268 0.01416492 -0.0986064 0.7867035 0.01215064 -0.09937393 0.7863062 0.01094043 -0.1006307 0.7857028 0.007258713 -0.1017743 0.7855581 0.002087712 -0.1022256 0.7852914 0 -0.1016754 0.7854969 -0.002087831 -0.1022256 0.7852914 -0.001950979 -0.1047976 0.7894009 -0.001418292 -0.1073153 0.794772 -0.006490468 -0.1056678 0.7931053 -0.006997406 -0.1040808 0.7887256 -0.01159143 -0.1048464 0.7953803 -0.01104789 -0.1031268 0.7895298 -0.01259857 -0.101408 0.7898571 -0.01262378 -0.1034669 0.7961599 -0.01354622 -0.1029787 0.795892 -0.01403707 -0.1008442 0.7900854 -0.01995348 -0.09955793 0.7945361 -0.02008348 -0.09747385 0.7897576 -0.02633792 -0.09603291 0.7974953 -0.0256282 -0.09369534 0.7907441 -0.02718925 -0.09225052 0.7911288 -0.02609819 -0.09522998 0.7982496 -0.02764737 -0.09501737 0.7977616 -0.02860587 -0.09132617 0.7914317 -0.03376251 -0.08631277 0.7963632 -0.03471267 -0.08580309 0.7936403 -0.03758978 -0.08148783 0.8025904 -0.03762549 -0.07918518 0.7953621 -0.03856992 -0.07742625 0.7965507 -0.0375868 -0.08062916 0.8039292 -0.03847074 -0.07966583 0.8039669 -0.03948515 -0.07524126 0.7981445 -0.04218256 -0.06719624 0.8033558 -0.04224991 -0.06930416 0.808722 -0.04053354 -0.0507344 0.8092061 -0.04175257 -0.05911082 0.8173561 -0.02599644 -0.05834293 0.8152893 -0.02529692 -0.05640822 0.8083058 -0.02614641 -0.05459815 0.804906 -0.03997766 -0.05131143 0.8058677 -0.04104012 -0.06542688 0.8003039 -0.03832501 -0.07261067 0.7953978 -0.0364468 -0.07575768 0.7937584 -0.03629261 -0.07727378 0.792383 -0.04023772 -0.06805723 0.8068746 -0.04098957 -0.05903542 0.8154256 -0.02722257 -0.05792272 0.8139446 -0.03367668 -0.08306086 0.7907113 -0.02794671 -0.08907729 0.7892822 -0.02687323 -0.09084594 0.7893217 -0.02462691 -0.09213894 0.7882993 -0.02011013 -0.0961548 0.7874269 -0.01416504 -0.09860646 0.7867036 -0.01215076 -0.09937393 0.7863062 -0.01094055 -0.1006307 0.7857028 -0.007258892 -0.1017743 0.7855582 0.006471633 -0.1038652 0.7919211 0.01096814 -0.1034713 0.7943722 0.01229822 -0.1008821 0.7955896 0.0244714 -0.09554445 0.7961406 0.03613722 -0.08070707 0.8010575 0.03616237 -0.07940381 0.8028628 0.0402376 -0.06805723 0.8068745 -0.001962244 -0.1105771 0.8036811 -0.002031266 -0.107391 0.7964351 -0.007050693 -0.1065958 0.7962453 -0.006747305 -0.1097261 0.8048254 -0.001396715 -0.1050528 0.8064734 -0.005743741 -0.1053459 0.8066011 0 -0.108686 0.8035137 0 -0.104073 0.7948025 -0.01125037 -0.1052194 0.7970639 -0.01185327 -0.1090571 0.8048494 -0.01148802 -0.1011164 0.8061503 -0.009775638 -0.1045553 0.8073524 -0.01383543 -0.1029357 0.7972916 -0.01229327 -0.1019715 0.7975286 -0.01297467 -0.1051217 0.8042685 -0.01422744 -0.106564 0.8047616 -0.01968944 -0.1002278 0.7974393 -0.01861691 -0.1035169 0.8065033 -0.0119189 -0.101013 0.8076817 -0.01661473 -0.09964531 0.8080684 -0.02530795 -0.0966286 0.7988409 -0.02601212 -0.1003987 0.8074409 -0.02182888 -0.09415602 0.8087158 -0.02063655 -0.09517109 0.8099613 -0.0327844 -0.09400767 0.8094871 -0.02813214 -0.09854006 0.8080872 -0.02733379 -0.09452033 0.7994314 -0.03300565 -0.08816909 0.8007097 -0.02595967 -0.09764701 0.8071832 -0.02164733 -0.09348809 0.810581 -0.02426111 -0.09481811 0.7993677 -0.02635532 -0.09301513 0.8139984 -0.02550387 -0.08915227 0.8117861 -0.02722823 -0.09162485 0.8144981 -0.02899605 -0.0932154 0.8147276 -0.02809864 -0.09458857 0.814173 -0.02985209 -0.09184843 0.8152674 -0.03551805 -0.08805125 0.8118496 -0.0279718 -0.08447664 0.8137891 -0.02805233 -0.09026509 0.8149782 -0.03455156 -0.08566874 0.8120914 -0.03632265 -0.08195042 0.8038824 -0.03274589 -0.08464479 0.7949172 -0.03613728 -0.08070707 0.8010576 -0.03616249 -0.07940381 0.8028628 -0.02732849 -0.09293669 0.7968857 -0.02440494 -0.09364956 0.7972894 -0.02678191 -0.05880999 0.8162964 -0.02713477 -0.06160759 0.8222929 -0.04034364 -0.06354022 0.8222991 -0.04039376 -0.06056177 0.8173989 -0.0395742 -0.0661717 0.8243043 -0.02878057 -0.06424391 0.8246523 -0.04161429 -0.07387715 0.8160021 -0.03955698 -0.07587891 0.8196908 -0.04234296 -0.0708785 0.8122625 -0.03744065 -0.07993656 0.8056675 -0.03777688 -0.07823586 0.8032678 -0.03642761 -0.08604234 0.8131567 -0.03627532 -0.08058965 0.8049812 -0.02844607 -0.084019 0.8133478 -0.0281223 -0.08394628 0.8141041 -0.03068494 -0.0837574 0.8183917 -0.03637331 -0.08521187 0.8177971 -0.02614331 -0.0758571 0.820311 -0.002379179 -0.1053353 0.7939654 -0.006471753 -0.1038652 0.7919213 -0.01096826 -0.1034714 0.7943723 -0.01229834 -0.1008821 0.7955897 -0.01403343 -0.1013643 0.7949162 -0.01951748 -0.0978499 0.7933136 -0.02447152 -0.09554445 0.7961407</float_array>
          <technique_common>
            <accessor source="#Backom_BODY-mesh-positions-array" count="1442" stride="3">
              <param name="X" type="float"/>
              <param name="Y" type="float"/>
              <param name="Z" type="float"/>
            </accessor>
          </technique_common>
        </source>
        <source id="Backom_BODY-mesh-normals">
          <float_array id="Backom_BODY-mesh-normals-array" count="4326">0.1118849 -0.3139858 0.9428121 -0.01855581 -0.1934934 0.9809262 -0.08377438 -0.5489131 0.8316708 -0.02496498 -0.6399339 0.7680244 0.2201008 0.00866729 0.9754386 0.2934777 -0.197951 0.9352467 0.6321635 0.05786335 0.7726714 0.5531356 -0.1261981 0.8234775 0.8985745 0.01974582 0.4383767 0.8160814 -0.07208615 0.5734239 0.9742594 0.05191284 0.2193709 0.9670177 -0.15766 0.2000505 0.8802555 -0.4553719 0.1333674 0.8343119 -0.4255641 0.3504555 0.6650159 -0.5244745 0.531677 0.7121313 -0.6794759 0.1765831 0.666639 -0.5995265 0.4429 0.6696897 -0.4596239 0.5833195 0.5409281 -0.5975419 0.5918957 0.2995758 -0.9410576 0.1570515 0.3341827 -0.7616925 0.5551096 0.05136358 -0.9799371 0.1925753 0.4233326 -0.6915054 0.5853289 -0.09540355 -0.9188773 0.382835 0.3651604 -0.6793234 0.6365357 -0.1049867 -0.9262031 0.3621128 0.1709057 -0.8990863 0.4030324 0.3600955 -0.611665 0.7044127 -0.01480197 -0.7691244 0.6389278 -0.04239088 -0.8229752 0.5664936 0.2245901 -0.7197016 0.6569544 0.08179086 -0.7412756 0.6661989 0.58608 -0.6590806 0.4712994 -0.08166885 -0.9346755 0.3459941 0 -0.08737629 0.9961755 -0.007660329 -0.4887972 0.8723639 0 0.3902144 0.9207241 0.2442452 0.4679205 0.8493496 -0.001281738 0.4279325 0.9038099 0.9689117 0.2103052 0.1303154 0 0.7320725 0.6812269 0.4270529 0.8484598 0.312637 0 0.9313756 0.3640599 0.7707625 0.6024491 0.2073169 0 0.94961 0.3134339 0.767216 0.5775407 0.2789738 0.9701364 0.1770099 0.16584 0.9751018 0.2034374 0.08825993 0.9999166 0.009552359 -0.008697807 0.9388354 -0.1458213 0.3119685 0.9943632 -0.00112915 -0.1060222 0.8052427 0.5156788 0.2926768 0 0.9245643 0.3810261 0.7898455 0.5361977 0.2977181 0 0.8671028 0.4981293 0 0.8778501 0.4789355 0.9987477 0.01129215 -0.04873949 0.9545692 -0.02697867 -0.2967655 0.9807447 -0.09299296 0.1717333 0.8285559 -0.167701 0.5342018 0.7120476 -0.6287603 0.3124879 0.5289236 -0.4802153 0.699738 0.2447382 -0.8300772 0.501074 0 -0.8349127 0.5503826 0 -0.735886 0.6771055 0.4001621 -0.3920746 0.8283404 0 -0.5044478 0.8634423 0 -0.6422355 0.7665075 0 -0.7950287 0.6065718 0.002014219 -0.9223684 0.3863064 0.689092 -0.2873073 0.6652871 0.7072972 -0.653155 -0.2704058 0.9444871 -0.1302572 -0.3016242 0.004181087 -0.839585 0.5432124 0.4986841 -0.5766607 -0.6471296 0.6793394 -0.2418386 -0.6928291 0.9609445 -0.02984732 -0.2751267 0.6550656 -0.04614514 -0.7541617 0.9394549 -0.2669769 -0.2148206 0.7514992 -0.3140403 -0.5801963 0.9725211 -0.2279775 -0.04721301 0.7446676 -0.6564977 -0.120337 0.6978842 -0.7009667 0.1469808 0.8033894 -0.4910857 0.3367497 0.5671758 0.5491693 0.6137792 0.7996324 0.4278786 0.4213169 0 0.8057311 0.5922815 0 0.8738822 0.4861378 0.4189708 -0.4911188 -0.7637184 0.5053385 -0.8424851 -0.1866865 0 -0.967911 -0.2512937 0.4498561 -0.8856427 0.1151802 0.002624571 -0.9960098 0.08920627 0 -0.572815 -0.8196848 0.2509283 -0.1480177 -0.9566221 0 -0.09943115 -0.9950444 0.3401331 -0.2160127 -0.9152312 0.3026577 -0.2610907 -0.9166406 0.2432071 -0.414267 -0.8770594 0.1105087 -0.6240496 -0.7735309 0.2642956 -0.7561419 -0.5986631 0 -0.6557388 -0.7549878 0 -0.7932295 -0.6089229 0.3192034 -0.3903748 -0.863549 0.2842863 -0.2581618 -0.9233276 0 -0.1943434 -0.9809336 0 -0.9929169 -0.1188119 -0.01004076 -0.9586056 -0.2845603 0.3405912 -0.9294539 -0.1418214 -0.8461535 -0.5126363 -0.1457001 0.0280469 0.4904088 0.8710411 0 0.5648218 0.825213 0.5800797 0.7566947 0.3015304 -0.3907692 -0.8552426 -0.3403818 -0.3496535 -0.9333554 -0.08117991 0 -0.8385699 -0.5447942 0 -0.8521944 -0.5232254 -0.009125173 -0.7512584 0.6599453 0.7731157 0.5579239 -0.3016836 -0.4095098 0.54465 0.7318868 -0.1876343 -0.9546521 0.2311552 0.6982175 0.5279816 -0.4834541 -0.3815182 0.6711132 0.63565 0.3146193 -0.7410599 0.5931653 0.4455521 0.1636142 0.8801783 0.8695102 0.4873847 0.0800507 0.2158637 -0.8492023 -0.4819318 0 -0.8228871 -0.5682051 0.09283882 -0.9727934 0.2122597 0 -0.965413 0.2607253 -0.05166876 -0.3007043 0.9523168 0 -0.1227162 0.9924418 0.1785975 -0.8921635 0.4149065 -0.04226851 -0.08490324 0.9954923 -0.4568768 -0.8894295 -0.01336753 -0.1074891 -0.5079334 -0.8546636 -0.9471738 0.04684746 -0.3172811 -0.2374422 -0.1442354 0.9606338 -0.6736891 0.1049568 0.7315238 -0.8355853 0.5257543 -0.1593102 -0.2390897 0.6167684 0.7499554 -0.4703349 0.779985 -0.4128057 -0.1362377 0.8671115 0.4791209 0 0.9209429 -0.3896977 0 0.8961662 0.4437188 -0.1767055 -0.03695863 -0.9835697 0 0.05285835 -0.9986021 -0.2810223 -0.08398926 -0.9560191 -0.3003979 -0.1517707 -0.9416617 0.3609239 -0.8617798 -0.356468 -0.4515631 -0.1337354 -0.8821596 0 -0.07934975 -0.9968469 0 -0.9092396 -0.4162732 -0.1187487 -0.9136723 -0.3887181 0 -0.7930436 0.6091649 -0.03457891 -0.8343499 0.5501497 -0.4761883 -0.76441 0.4346519 -0.6174954 -0.7106707 -0.3371153 -0.6178333 -0.315875 -0.7200731 0 -0.4309036 0.902398 0.02044796 -0.3837503 0.9232105 0 0.1104784 0.9938786 -0.1371843 0.2404006 0.9609309 -0.1677933 0.1588207 0.9729447 -0.5526433 -0.2321602 0.8004294 -0.5876705 0.1315056 0.7983419 -0.9843072 -0.009308338 0.1762182 -0.8993477 0.2382349 -0.3666304 -0.6528598 0.6190143 0.4365725 -0.5834381 0.4233947 -0.6930635 -0.4256206 0.9038867 0.04284888 0 0.5501988 -0.8350338 0 0.9925169 -0.1221075 0.9547956 0.2255374 -0.1936448 0.7747709 -0.4784255 -0.4133271 0.7406145 -0.4747294 -0.4755229 0.9448122 0.1590353 -0.2864223 0.4860519 0.8441054 -0.2263623 0.5203292 0.8019644 -0.2934463 0.9032473 0.3243279 0.2809906 0.5249352 0.8187463 0.232589 0.4533975 0.8236904 0.3405364 0.8498784 0.2360383 0.4711611 0.5613154 0.6515617 -0.5102867 0.7866008 0.1946817 -0.5859678 -0.3915037 0.8709645 -0.2968934 -0.4085336 0.8821349 0.2343896 -0.3825858 0.9204826 0.07962399 -0.2085982 0.6356828 -0.7432323 -0.9306534 0.1589441 -0.3295772 -0.9506403 0.1819855 0.251325 -0.9494255 0.2114073 0.2321604 -0.9161396 0.2224274 -0.3334885 -0.391534 0.8755421 -0.2830679 -0.7657283 0.08105915 -0.6380357 -0.3937215 0.9041466 -0.1658385 0.5260639 0.8447481 -0.09827262 -0.369219 0.899029 -0.2354236 0.5123478 0.8256528 -0.2362146 0.9645256 0.2495241 -0.08618593 0.7742787 -0.6303184 0.05649149 0.9373443 -0.3474031 -0.02639931 0.9816196 0.1621485 -0.1006523 -0.07523041 -0.993469 -0.08579015 0.8129258 -0.5300987 -0.241137 -0.06915712 -0.9483321 -0.3096507 0.6868356 -0.6543631 -0.316332 -0.555298 -0.5269456 -0.6434071 -0.7285387 -0.4960387 -0.4724164 -0.04440563 -0.8803913 -0.4721646 -0.7363943 -0.566922 -0.3692196 0.03524941 -0.8551722 -0.517144 -0.6498869 -0.6350848 -0.4175097 -0.9232097 0.2680207 -0.2754064 -0.885174 -0.4209795 0.198099 -0.8132383 -0.3916191 0.4304392 -0.6798518 -0.3628765 -0.6372771 0.861143 -0.400357 0.3132844 -0.11106 -0.9571183 0.2675634 -0.8109536 0.2895958 -0.5084177 0.648746 -0.6110854 0.4535454 0.08786499 -0.8742249 0.4775047 0.6420325 -0.06042802 0.7642924 0.3115074 0.6615602 0.68213 0.4863263 0.4731725 -0.734571 0.5966219 -0.7802871 -0.1876022 0.575684 -0.6833252 -0.4490597 -0.7308095 0.005584955 0.6825588 0.05386716 -0.798974 0.5989482 -0.60688 0.108802 -0.7873111 0.1070929 -0.8936108 -0.4358794 -0.2851134 -0.736833 -0.6130152 0.1861981 -0.9705131 -0.1530846 0.3050698 0.5954293 0.7432337 0.3023544 0.750835 -0.5872212 -0.4462194 -0.3984876 0.8013089 -0.6233538 -0.5199244 -0.5840451 -0.723563 0.1267791 0.6785158 0.6101732 0.07965546 0.7882536 -0.7796335 0.1576296 -0.6060731 0.8008145 0.1757885 -0.5725335 0.9203797 -0.1058419 0.3764288 0.7641972 0.0347917 -0.6440437 0.2040492 -0.7303779 -0.6518528 0.3359614 -0.8578186 0.3889437 -0.5455996 -0.7361643 0.4004787 0.4104871 -0.7952767 0.4461338 -0.4595248 -0.6051005 -0.6501465 0.4884375 -0.5918994 -0.6411582 0.6933878 -0.7185048 0.05444556 0.7638564 -0.6440699 0.04120045 0.4239735 -0.9042856 0.05014312 0.00238043 -0.9983323 0.0576806 -9.46098e-4 -0.9984694 0.05530095 0.4890094 -0.8706828 0.05273717 0.5079876 -0.8374089 0.2017301 -0.005859553 -0.98536 0.1703864 0.7956433 -0.5639088 0.2212663 0.7970346 -0.6014993 0.0541712 0.1861081 -0.9294418 0.3185934 -0.01565623 -0.9633631 0.2677433 0.8166085 -0.5732771 0.0671122 0.9568501 -0.2674346 0.1136513 0.9324887 -0.2744302 0.2348465 0.9898421 0.1295211 0.05862629 0.9716303 0.09128201 0.2181796 0.4707241 -0.8809901 -0.04770106 0.4110623 -0.6847579 -0.6017763 -0.03744661 -0.5161352 -0.8556882 0.01165825 -0.3335126 -0.9426736 -0.001434385 -0.7849187 -0.6195972 0.9369161 -0.343954 0.06232064 0.7340863 0.6563225 0.174236 0.7517496 0.656255 -0.06482279 0.2541351 0.9563257 0.1444178 0.3254814 0.9357934 -0.1354722 0.6894989 0.6181135 -0.3775275 0.3044896 0.7177799 -0.6261614 0.6065388 0.7945677 0.027803 0.2008771 0.9723101 0.1194215 0 0.9892663 0.1461239 0 0.9944059 0.1056268 0 0.9988161 0.0486468 -0.01483219 0.6173681 -0.7865347 -0.206312 0.855371 -0.4751586 0 0.7615206 -0.6481409 0 0.5228862 -0.8524025 0 0.1538481 -0.9880946 -0.3546647 0.227796 -0.9068197 0.4023028 0.8934162 0.1999001 0 0.9782995 0.2071962 0 0.7120488 -0.70213 0.3195336 0.7865045 -0.528497 0.2293844 0.9390844 0.2559363 0 0.9714407 0.2372829 0.2996354 0.8908492 0.3414769 0.5174753 0.1636413 0.8399054 0.9992743 -0.01544243 -0.0348218 0.6693816 -0.73628 -0.09909641 0.5708981 -0.5329624 0.624521 -0.2814438 -0.05258375 -0.958136 0 -0.01184141 -0.9999299 0.5704726 -0.5951935 0.5659557 0.5250827 0.2467476 0.8144962 0.5474929 0.1883676 0.8153339 0.2490377 0.9423758 0.2234014 0.3802663 0.9003705 0.2114964 0.6049835 0.09039807 0.7910899 0.5315012 0.8030659 0.2694283 0.3910986 -0.6684232 0.6326552 0.3093147 -0.6936463 0.6505223 -0.2619754 -0.9411461 -0.2135722 0.06610512 -0.937405 -0.3419094 -0.3170917 -0.2100313 -0.9248458 -0.287891 -0.9356381 -0.2042063 -0.3488963 -0.181315 -0.9194543 -0.07529145 0.699231 -0.7109199 0.0253002 0.7190276 -0.694521 0.3665671 0.8247836 -0.4305355 0.4048355 -0.3205418 -0.8563652 0.3393434 -0.8656783 -0.3680315 0.2304824 0.9325199 0.2780011 -0.6829283 -0.08386677 -0.7256551 -0.1365737 0.8444987 -0.5178509 -0.748378 0.4921331 -0.4446747 -0.1884278 0.930511 -0.3140769 0.2951226 0.8878398 0.3530484 0.5401054 0.7564282 0.3689209 0.4678339 0.1002871 0.8781081 0.278365 0.1666345 0.94591 0.1564086 -0.6260008 0.7639761 -0.1316595 -0.5982967 0.790384 -0.1967271 -0.7936533 0.5756848 -0.5156873 -0.8504552 0.1038882 -0.4711892 0.2784286 -0.8369339 0.0593912 0.8667575 -0.495181 0.1655368 0.9862017 0.001953184 -0.5552664 -0.08044862 -0.8277725 -0.9794797 -0.1815885 -0.08743715 -0.7694446 -0.624693 0.1330932 -0.9210429 0.1148137 -0.3721527 -0.7938656 -0.5472704 0.2650898 -0.6906878 -0.302174 -0.6569942 -0.4346852 -0.7863277 -0.439019 -0.04083406 -0.9946361 -0.09503531 -0.173682 -0.6626833 -0.7284817 -0.2844387 -0.7812604 -0.5556321 0.5084243 -0.648814 -0.5661672 0.8776674 -0.4444187 -0.1794216 0.01199388 -0.8872145 0.4612014 -0.07272732 -0.6594294 -0.7482404 -0.8300647 -0.4919105 0.2627103 -0.2051472 -0.8516876 0.4822272 -0.1593718 -0.9176853 0.3639428 -0.7615445 -0.6400173 0.1021171 0.8701596 -0.4909907 -0.04184162 0.8745934 -0.3943712 0.28206 -0.295702 -0.6800628 -0.6708764 -0.9755863 -0.03537207 -0.2167494 -0.9461266 -0.09213751 -0.3104111 0.04193288 -0.9869801 0.1552799 -0.3993423 -0.8193155 0.4113973 -0.3921146 -0.8005266 0.4532146 -0.1165522 -0.5882855 -0.8002098 0.3735561 -0.6996853 -0.6090126 0.2443379 -0.8379088 -0.4880654 0.06036585 -0.9334741 0.3535281 0.7952663 -0.6010734 -0.07913595 0.5433313 -0.8128759 0.2098187 -0.5416467 -0.6411073 -0.5436915 -0.2445815 -0.7036832 0.6670907 -0.1269299 -0.8160263 0.563906 -0.4232439 -0.639749 -0.6415496 0.03772157 -0.1676414 0.9851262 0.5451161 -0.6464117 0.5338543 0.8852918 -0.1538152 0.4388616 0.7213521 -0.6693474 0.1778354 0.6822854 -0.7067923 0.1868991 0.8432826 -0.1645608 -0.5116584 0.6232977 -0.7807779 0.04342907 0.6607434 0.238417 0.7117412 0.2315801 -0.3033615 0.9243065 0.689152 0.6169132 -0.3801155 0.7701792 0.115301 0.6273195 0.7242662 0.360836 -0.5875679 0.3684338 -0.3270186 -0.8702387 0.5635937 -0.1511299 0.8121095 0.824907 -0.5398564 0.1675816 0.6948339 -0.526306 -0.4901101 0.99421 0.01251268 0.1067241 0.9881527 -0.04110944 -0.1478658 0.1529937 -0.6887311 0.7086908 -0.1464025 -0.8909283 -0.4298992 0.3352211 0.1216794 0.9342489 0.9703698 -0.04803776 0.2368013 0.6215959 0.4077134 0.668871 0.9680783 0.2147351 0.1292805 0.4510748 -0.303209 -0.8394021 0.7235786 0.1018729 -0.682683 0.9311032 -0.3416293 -0.1278134 0.9704568 -0.2404931 -0.01941031 0.4428581 0.1026957 0.8906909 0.4620006 0.7860235 0.4107587 0.1626386 0.5950396 -0.7870685 0.9478201 -0.3155636 0.04535079 0.58305 0.7218541 0.3727992 0.6305338 0.06137478 0.7737314 0.309307 0.4763968 -0.8230282 0.3647644 -0.6957747 0.6187444 0.03329646 -0.8084539 -0.5876169 0.5059537 -0.6932218 0.5132784 0.8687736 -0.09815132 0.4853852 0.2190045 -0.9177073 -0.3314367 0.5823121 -0.1751514 -0.7938732 0.5338432 0.7092069 -0.4604749 0.7577382 0.5636953 0.3287561 0 -0.1291565 -0.9916242 0 0.7125033 -0.7016689 0.7942321 0.4261398 -0.4331287 0.5710443 -0.3867695 -0.724098 0 0.9114161 0.4114862 0.9738388 0.1895856 0.1252815 0.6273559 -0.6745083 -0.3891828 0 -0.7246459 -0.6891216 0.6713362 -0.2959165 -0.6795154 0 -0.3470599 -0.937843 0 0.5792589 0.8151437 0.8991906 0.2798622 0.3363534 -0.1945911 -0.7236126 -0.6622079 0.6755215 -0.3477407 -0.6501902 0.77119 -0.5321024 0.3494755 -0.09476202 -0.9275085 0.3615913 0.6528017 0.2915176 0.6991906 -0.6463283 -0.2948426 0.7037952 0.4813489 -0.767558 0.4232708 0.2960664 -0.8904883 0.3455075 0.6418893 -0.7417191 -0.1945017 -0.7712802 -0.1391673 -0.6210954 0.5989439 0.5054324 -0.6211315 0.06671434 -0.00576806 -0.9977554 0.7914487 -0.5313049 -0.3021989 -0.0227369 -0.02664333 -0.9993864 -0.173286 0.2496441 -0.9527066 -0.01089537 -0.03994977 -0.9991424 -0.03326547 -0.1267752 -0.9913735 -0.03097647 -0.05688679 -0.9979001 -0.005249261 -0.1646194 -0.9863432 -0.01422166 0.02410972 -0.9996082 0.09512633 0.03054904 -0.9949964 0.1228999 0.002533018 -0.9924159 0.0754134 -0.1198192 -0.9899274 0.02816879 -0.08539146 -0.9959492 0.005279779 -0.02679586 -0.999627 0.1199108 0.3652566 -0.9231517 0.1337037 -0.2307235 -0.9637895 0.1533583 0.1947117 -0.9687976 0.3340328 -0.2533095 -0.9078857 0.3044629 -0.2712576 -0.9130836 0.4191168 -0.2299298 -0.8783356 0.266308 0.2987496 -0.9164217 0.5580492 0.8293066 -0.02884089 0.3712719 0.5220391 -0.7678751 0.8298808 0.3533524 -0.431787 0.2877343 -0.3003997 -0.9093784 0.8662383 0.4577637 -0.2002087 0.9428759 0.2699686 -0.1951977 -0.1342844 0.9168269 0.3760269 -0.3631215 0.5983967 -0.7141879 -0.1349879 0.5542348 -0.8213417 0.0150153 0.9620808 0.2723515 0.886676 -0.1757299 -0.4276969 0.7256556 0.635044 -0.2648458 0.7506681 0.1705079 -0.6382983 0.4471377 -0.8443763 -0.2951212 -0.06811815 -0.3471218 -0.935343 0.09033715 -0.2618556 -0.9608699 -0.1174691 0.7914592 -0.599828 0.5620765 0.2388145 -0.7918572 0.7461249 -0.6171827 -0.2497662 0.5592394 -0.6850103 -0.4669179 0.1127077 0.9792111 0.1686495 0.8942366 -0.1648635 -0.4161263 0.1757269 -0.2251367 -0.9583495 0.7483567 -0.122015 -0.6519777 -0.04226851 -0.1601628 -0.9861853 0.02853524 -0.2035312 -0.9786525 0.3320767 -0.2269694 -0.9155381 0.6774044 -0.689551 -0.2562087 0.5181786 -0.6897553 -0.5056964 -0.05307215 -0.07043737 -0.9961034 0.001739561 -0.07226842 -0.9973838 -0.2527934 -0.8709668 -0.4213223 0.4385928 -0.4450019 -0.7807751 0.8388327 0.2737002 -0.4705826 0.7019724 0.05752867 -0.7098769 0.007507681 -0.6094384 -0.7927979 0.07400953 -0.09293156 -0.9929182 0.03763049 -0.6754271 -0.7364661 0.3033567 -0.3237737 -0.8961839 -0.03357106 0.6888793 -0.7240984 0.01992899 0.4519891 -0.8918009 0.8090335 0.3116316 -0.498348 0.8230142 0.2451006 -0.5124192 0.7905406 -0.5981166 -0.131538 0.4843913 -0.2359393 -0.8424356 -0.5872251 -0.7356413 -0.3376368 -0.00991857 -0.9794981 0.2012099 0.04782342 0.4241852 -0.9043118 -0.7931687 0.0585972 -0.6061763 0.6880487 0.5289537 0.4967868 0.8103742 -0.2157701 0.5447357 0.5112611 0.5398882 0.6686801 0.7871726 -0.220224 0.5760737 0.2799547 0.439846 0.8533234 0.5923171 -0.3484075 0.7264797 0.9290106 0.3699867 -0.00701946 0.9640729 0.04727429 0.2613974 0.3050386 0.5407683 0.783914 0.829296 0.5514194 0.0905807 0.8379445 0.5200834 -0.1654159 0.8941671 0.07824993 0.4408425 0.6445965 -0.591432 0.4844622 0.3695217 -0.4272023 0.8251981 -0.04269647 -0.8953142 0.4433844 0 -0.6771538 -0.7358416 0 0.1857993 -0.9825878 0.4605062 0.03534138 -0.8869527 0.5901914 -0.6203145 -0.5166082 0 0.7792614 -0.626699 0.73954 0.4825993 -0.4692319 0.9844287 -0.1612942 0.06988906 0.5549912 -0.6626324 0.5028949 0 -0.8003624 0.5995165 0 -0.9995481 0.03006088 0.474148 -0.8782238 0.06250351 -0.4605062 0.03534138 -0.8869527 -0.5901914 -0.6203145 -0.5166082 0.3907732 -0.8552514 -0.3403548 -0.5549912 -0.6626324 0.5028949 -0.73954 0.4825993 -0.4692319 -0.0280469 0.4904088 0.8710411 -0.9844287 -0.1612942 0.06988906 -0.5800797 0.7566947 0.3015304 -0.474148 -0.8782238 0.06250351 0.1518039 -0.9877022 -0.03741687 0.2630736 -0.8827311 0.3893306 0.05929905 -0.9690195 0.2397599 -0.01452726 -0.9240684 0.3819511 -0.2228233 -0.9689654 -0.1070321 -0.0970211 -0.9566913 -0.2744609 0.4950577 -0.4480881 0.7444024 0.2089333 -0.4532382 0.8665575 -0.1073957 -0.9917094 0.0705595 -0.01681602 -0.999562 0.02435421 -0.2011228 -0.9693874 0.140847 -0.1500945 -0.4560822 0.8771892 0.7421127 -0.4337739 0.5109884 0.07205522 -0.9955888 -0.06009179 0.904254 -0.4211347 0.07049936 0.1540276 -0.9675021 -0.200538 0.5663542 -0.8173176 0.1059949 0.3127294 -0.8950037 0.3180703 0.09390747 -0.5585924 0.8241092 0.01858621 -0.1935226 0.9809198 -0.1335218 -0.3250913 0.9362092 0.02496498 -0.6399339 0.7680244 -0.2305076 0.02716159 0.9726914 -0.2935294 -0.2063373 0.9334161 -0.6159411 0.07584053 0.7841331 -0.5497756 -0.1304702 0.8250602 -0.8983942 0.02044785 0.4387137 -0.8141993 -0.07016432 0.5763303 -0.9620856 -0.1593099 0.2213858 -0.9821692 0.05642998 0.1793308 -0.8695536 -0.3569222 0.3412964 -0.7213904 -0.6731085 0.1628522 -0.6650159 -0.5244745 0.531677 -0.7094205 -0.6768259 0.1965441 -0.6681774 -0.4791443 0.5691746 -0.6577556 -0.6385589 0.3994998 -0.3229261 -0.9353596 0.1442959 -0.5820274 -0.5854151 0.5643875 -0.3341827 -0.7616925 0.5551096 -0.4096553 -0.6811515 0.6068074 -0.03216677 -0.9811486 0.1905593 -0.3618665 -0.6779846 0.6398356 0.1185384 -0.9073498 0.4033175 0.0876196 -0.9195024 0.3831946 -0.1709057 -0.8990863 0.4030324 0.02346956 -0.7838355 0.620525 -0.3576527 -0.6190789 0.6991609 -8.85068e-4 -0.8359312 0.5488336 -0.06888204 -0.7300827 0.6798784 -0.2239526 -0.7204756 0.6563234 -0.58608 -0.6590806 0.4712994 0.08166885 -0.9346755 0.3459941 -0.2676824 0.4518953 0.8509622 0.01098692 0.4033739 0.9149693 -0.4270529 0.8484598 0.312637 -0.7707625 0.6024491 0.2073169 -0.767216 0.5775407 0.2789738 -0.9766879 0.1191447 0.1785645 -0.9751018 0.2034374 0.08825993 -0.9999166 0.009552359 -0.008697807 -0.9120905 -0.1177423 0.3927183 -0.9943632 -0.00112915 -0.1060222 -0.8052427 0.5156788 0.2926768 -0.7898455 0.5361977 0.2977181 -0.9987477 0.01129215 -0.04873949 -0.9689117 0.2103052 0.1303154 -0.9545692 -0.02697867 -0.2967655 -0.9807447 -0.09299296 0.1717333 -0.689092 -0.2873073 0.6652871 -0.7996324 0.4278786 0.4213169 -0.5671758 0.5491693 0.6137792 -0.9725211 -0.2279775 -0.04721301 -0.8033894 -0.4910857 0.3367497 -0.6978842 -0.7009667 0.1469808 -0.7446676 -0.6564977 -0.120337 -0.7514992 -0.3140403 -0.5801963 -0.9394549 -0.2669769 -0.2148206 -0.6389797 -0.03851515 -0.7682588 -0.9615359 -0.02212637 -0.2737872 -0.9461066 -0.1353194 -0.2942296 -0.6697531 -0.2596915 -0.6956948 -0.4189708 -0.4911188 -0.7637184 -0.5053385 -0.8424851 -0.1866865 -0.4518127 -0.884276 0.1179889 -0.2509283 -0.1480177 -0.9566221 -0.4986841 -0.5766607 -0.6471296 -0.7072972 -0.653155 -0.2704058 -0.7120476 -0.6287603 0.3124879 -0.8285559 -0.167701 0.5342018 -0.5289236 -0.4802153 0.699738 -0.2447382 -0.8300772 0.501074 -0.4001621 -0.3920746 0.8283404 0.3496535 -0.9333554 -0.08117991 0.8461573 -0.5126385 -0.1456702 0.0100407 -0.9585973 -0.2845883 -0.3405912 -0.9294539 -0.1418214 -0.2642956 -0.7561419 -0.5986631 -0.1105087 -0.6240496 -0.7735309 -0.2432071 -0.414267 -0.8770594 -0.2765366 -0.2429957 -0.9297745 -0.3296965 -0.2442739 -0.9119377 -0.3192034 -0.3903748 -0.863549 -0.2842863 -0.2581618 -0.9233276 -0.7731228 0.557929 -0.3016558 0.4095098 0.54465 0.7318868 0.1876343 -0.9546521 0.2311552 -0.6982175 0.5279816 -0.4834541 0.3815182 0.6711132 0.63565 -0.3146193 -0.7410599 0.5931653 -0.4455521 0.1636142 0.8801783 -0.8695102 0.4873847 0.0800507 -0.2158637 -0.8492023 -0.4819318 -0.09283882 -0.9727934 0.2122597 0.05166876 -0.3007043 0.9523168 -0.1785975 -0.8921635 0.4149065 0.04226851 -0.08490324 0.9954923 0.4569011 -0.8894175 -0.01333683 -0.001098632 -0.5361897 -0.8440967 0.9471738 0.04684746 -0.3172811 0.2374422 -0.1442354 0.9606338 0.6736891 0.1049568 0.7315238 0.8355719 0.5257764 -0.1593077 0.2390897 0.6167684 0.7499554 0.4703349 0.779985 -0.4128057 0.1362377 0.8671115 0.4791209 0.1767055 -0.03695863 -0.9835697 0.2810223 -0.08398926 -0.9560191 0.2327672 -0.0569176 -0.9708656 -0.3609239 -0.8617798 -0.356468 0.4515631 -0.1337354 -0.8821596 0.1187487 -0.9136723 -0.3887181 0.03457891 -0.8343499 0.5501497 0.4761883 -0.76441 0.4346519 0.6174954 -0.7106707 -0.3371153 0.6178333 -0.315875 -0.7200731 -0.02044796 -0.3837503 0.9232105 0.1371843 0.2404006 0.9609309 0.1677933 0.1588207 0.9729447 0.5526433 -0.2321602 0.8004294 0.5876705 0.1315056 0.7983419 0.9843072 -0.009308338 0.1762182 0.8993477 0.2382349 -0.3666304 0.6528598 0.6190143 0.4365725 0.5834381 0.4233947 -0.6930635 0.4256206 0.9038867 0.04284888 -0.9548873 0.225568 -0.1931565 -0.9436131 0.1567144 -0.2916079 -0.7355388 -0.4690467 -0.4888536 -0.7778165 -0.4824501 -0.4027945 -0.4742721 0.851889 -0.2221509 -0.5359131 0.797064 -0.2783635 -0.8983704 0.3273821 0.2928341 -0.5269755 0.8137341 0.2452219 -0.4533975 0.8236904 0.3405364 -0.8520972 0.2374396 0.4664255 -0.5613154 0.6515617 -0.5102867 -0.7866008 0.1946817 -0.5859678 0.372211 0.8832535 -0.2851706 0.4078229 0.8875482 0.2143336 0.3825858 0.9204826 0.07962399 0.2085982 0.6356828 -0.7432323 0.9323838 0.1574166 -0.3253929 0.9551931 0.1782632 0.2362804 0.9494255 0.2114073 0.2321604 0.9154134 0.2388101 -0.3240188 0.3903716 0.8917418 -0.2289248 0.7657283 0.08105915 -0.6380357 0.3814241 0.9039366 -0.1934282 -0.5197122 0.8468175 -0.1131348 0.3535977 0.8890604 -0.2907583 -0.5122076 0.8234449 -0.2440944 -0.9644031 0.2489137 -0.08926832 -0.7744234 -0.6305867 0.05127215 -0.9373443 -0.3474031 -0.02639931 -0.9816196 0.1621485 -0.1006523 0.1305911 -0.9893981 -0.06354069 -0.813441 -0.5293639 -0.2410139 0.06692725 -0.9488232 -0.3086346 -0.68172 -0.6590133 -0.3177412 0.7231573 -0.531587 -0.4409749 0.4892202 -0.5665859 -0.6630566 0.04480212 -0.8863995 -0.4607483 0.7334349 -0.5667701 -0.3752933 -0.03973561 -0.8526381 -0.5209888 0.6507636 -0.639441 -0.4094167 0.911906 0.2825443 -0.2976512 0.8832247 -0.4245827 0.199107 0.8132383 -0.3916191 0.4304392 0.6798518 -0.3628765 -0.6372771 -0.8699039 -0.4152209 0.2661931 0.1087717 -0.9511421 0.2889592 0.8109536 0.2895958 -0.5084177 -0.6541504 -0.6142312 0.44137 -0.08350092 -0.877645 0.4719818 -0.6420325 -0.06042802 0.7642924 -0.3115074 0.6615602 0.68213 -0.4863263 0.4731725 -0.734571 -0.5966219 -0.7802871 -0.1876022 -0.575684 -0.6833252 -0.4490597 0.7308095 0.005584955 0.6825588 -0.05386716 -0.798974 0.5989482 0.60688 0.108802 -0.7873111 -0.1070929 -0.8936108 -0.4358794 0.2851134 -0.736833 -0.6130152 -0.1861981 -0.9705131 -0.1530846 -0.3050698 0.5954293 0.7432337 -0.3023544 0.750835 -0.5872212 0.4462194 -0.3984876 0.8013089 0.6233538 -0.5199244 -0.5840451 0.723563 0.1267791 0.6785158 -0.6101732 0.07965546 0.7882536 0.7796335 0.1576296 -0.6060731 -0.8008145 0.1757885 -0.5725335 -0.9203797 -0.1058419 0.3764288 -0.7641972 0.0347917 -0.6440437 -0.2040492 -0.7303779 -0.6518528 -0.3359614 -0.8578186 0.3889437 0.5455996 -0.7361643 0.4004787 -0.4104871 -0.7952767 0.4461338 0.4595248 -0.6051005 -0.6501465 -0.4884375 -0.5918994 -0.6411582 -0.6933878 -0.7185048 0.05444556 -0.7638564 -0.6440699 0.04120045 -0.4254107 -0.9037116 0.04828172 -0.4878795 -0.8714749 0.05005139 -0.5084832 -0.8389164 0.1940726 -0.7933746 -0.5674417 0.2203784 -0.7970346 -0.6014993 0.0541712 -0.2625291 -0.9375604 0.2281641 -0.8098433 -0.5830199 0.06512928 -0.9568501 -0.2674346 0.1136513 -0.9324887 -0.2744302 0.2348465 -0.9898421 0.1295211 0.05862629 -0.9716303 0.09128201 0.2181796 -0.471361 -0.8805859 -0.04886037 -0.4135004 -0.6965631 -0.5863594 0.02462905 -0.4949923 -0.8685483 -0.9369161 -0.343954 0.06232064 -0.7340863 0.6563225 0.174236 -0.7517496 0.656255 -0.06482279 -0.2541351 0.9563257 0.1444178 -0.3254814 0.9357934 -0.1354722 -0.6894989 0.6181135 -0.3775275 -0.3044896 0.7177799 -0.6261614 -0.6065388 0.7945677 0.027803 -0.2008771 0.9723101 0.1194215 0.01483219 0.6173681 -0.7865347 0.206312 0.855371 -0.4751586 0.3546647 0.227796 -0.9068197 -0.4023028 0.8934162 0.1999001 -0.3195336 0.7865045 -0.528497 -0.2293844 0.9390844 0.2559363 -0.2996354 0.8908492 0.3414769 -0.5174753 0.1636413 0.8399054 -0.9992743 -0.01544243 -0.0348218 -0.6693816 -0.73628 -0.09909641 -0.5708981 -0.5329624 0.624521 0.2814438 -0.05258375 -0.958136 -0.5250827 0.2467476 0.8144962 -0.5704726 -0.5951935 0.5659557 -0.5474929 0.1883676 0.8153339 -0.2490377 0.9423758 0.2234014 -0.3802663 0.9003705 0.2114964 -0.6049835 0.09039807 0.7910899 -0.5315012 0.8030659 0.2694283 -0.3910986 -0.6684232 0.6326552 -0.3093147 -0.6936463 0.6505223 0.2619754 -0.9411461 -0.2135722 -0.06610512 -0.937405 -0.3419094 0.3170917 -0.2100313 -0.9248458 0.287891 -0.9356381 -0.2042063 0.3488963 -0.181315 -0.9194543 0.07529145 0.699231 -0.7109199 -0.0253002 0.7190276 -0.694521 -0.3665671 0.8247836 -0.4305355 -0.4048355 -0.3205418 -0.8563652 -0.3393434 -0.8656783 -0.3680315 -0.2304824 0.9325199 0.2780011 0.6829283 -0.08386677 -0.7256551 0.1365737 0.8444987 -0.5178509 0.748378 0.4921331 -0.4446747 0.1884278 0.930511 -0.3140769 -0.2951226 0.8878398 0.3530484 -0.5401054 0.7564282 0.3689209 -0.4678339 0.1002871 0.8781081 -0.278365 0.1666345 0.94591 -0.1564086 -0.6260008 0.7639761 0.1316595 -0.5982967 0.790384 0.1967271 -0.7936533 0.5756848 0.5156873 -0.8504552 0.1038882 0.4711892 0.2784286 -0.8369339 -0.0593912 0.8667575 -0.495181 -0.1655368 0.9862017 0.001953184 0.5552664 -0.08044862 -0.8277725 0.9794797 -0.1815885 -0.08743715 0.7694446 -0.624693 0.1330932 0.9210429 0.1148137 -0.3721527 0.7938656 -0.5472704 0.2650898 0.6906878 -0.302174 -0.6569942 0.4346604 -0.7863381 -0.4390248 0.04083406 -0.9946361 -0.09503531 0.173682 -0.6626833 -0.7284817 0.2844387 -0.7812604 -0.5556321 -0.5084243 -0.648814 -0.5661672 -0.8776674 -0.4444187 -0.1794216 -0.01199388 -0.8872145 0.4612014 0.07272732 -0.6594294 -0.7482404 0.8300647 -0.4919105 0.2627103 0.2051472 -0.8516876 0.4822272 0.1593718 -0.9176853 0.3639428 0.7615445 -0.6400173 0.1021171 -0.8701596 -0.4909907 -0.04184162 -0.8745934 -0.3943712 0.28206 0.295702 -0.6800628 -0.6708764 0.9755863 -0.03537207 -0.2167494 0.9461266 -0.09213751 -0.3104111 -0.04193288 -0.9869801 0.1552799 0.3993423 -0.8193155 0.4113973 0.3921146 -0.8005266 0.4532146 0.1165522 -0.5882855 -0.8002098 -0.3735561 -0.6996853 -0.6090126 -0.2443379 -0.8379088 -0.4880654 -0.06036585 -0.9334741 0.3535281 -0.7952663 -0.6010734 -0.07913595 -0.5433313 -0.8128759 0.2098187 0.5416467 -0.6411073 -0.5436915 0.2445815 -0.7036832 0.6670907 0.1269299 -0.8160263 0.563906 0.4232439 -0.639749 -0.6415496 -0.03772157 -0.1676414 0.9851262 -0.5451161 -0.6464117 0.5338543 -0.8852918 -0.1538152 0.4388616 -0.7213521 -0.6693474 0.1778354 -0.6822894 -0.7067964 0.1868696 -0.8432826 -0.1645608 -0.5116584 -0.6232977 -0.7807779 0.04342907 -0.6607434 0.238417 0.7117412 -0.2315801 -0.3033615 0.9243065 -0.689152 0.6169132 -0.3801155 -0.7701792 0.115301 0.6273195 -0.7242662 0.360836 -0.5875679 -0.3684338 -0.3270186 -0.8702387 -0.5635937 -0.1511299 0.8121095 -0.824907 -0.5398564 0.1675816 -0.6948339 -0.526306 -0.4901101 -0.99421 0.01251268 0.1067241 -0.9881527 -0.04110944 -0.1478658 -0.1529937 -0.6887311 0.7086908 0.1464025 -0.8909283 -0.4298992 -0.3352211 0.1216794 0.9342489 -0.9703698 -0.04803776 0.2368013 -0.6215959 0.4077134 0.668871 -0.9680783 0.2147351 0.1292805 -0.4510748 -0.303209 -0.8394021 -0.7235786 0.1018729 -0.682683 -0.9311032 -0.3416293 -0.1278134 -0.9704568 -0.2404931 -0.01941031 -0.4428581 0.1026957 0.8906909 -0.4620006 0.7860235 0.4107587 -0.1626386 0.5950396 -0.7870685 -0.9478201 -0.3155636 0.04535079 -0.58305 0.7218541 0.3727992 -0.6305338 0.06137478 0.7737314 -0.309307 0.4763968 -0.8230282 -0.3647644 -0.6957747 0.6187444 -0.03329646 -0.8084539 -0.5876169 -0.5059537 -0.6932218 0.5132784 -0.8687736 -0.09815132 0.4853852 -0.2190045 -0.9177073 -0.3314367 -0.5823121 -0.1751514 -0.7938732 -0.5338432 0.7092069 -0.4604749 -0.7577382 0.5636953 0.3287561 -0.5710443 -0.3867695 -0.724098 -0.7942321 0.4261398 -0.4331287 -0.9738388 0.1895856 0.1252815 -0.6273559 -0.6745083 -0.3891828 -0.6713362 -0.2959165 -0.6795154 -0.8991906 0.2798622 0.3363534 0.1945911 -0.7236126 -0.6622079 0.09476202 -0.9275085 0.3615913 -0.77119 -0.5321024 0.3494755 -0.6755215 -0.3477407 -0.6501902 -0.6528017 0.2915176 0.6991906 0.6463283 -0.2948426 0.7037952 -0.4813489 -0.767558 0.4232708 -0.2960664 -0.8904883 0.3455075 -0.6418893 -0.7417191 -0.1945017 0.7712802 -0.1391673 -0.6210954 -0.5989439 0.5054324 -0.6211315 -0.06671434 -0.00576806 -0.9977554 -0.7914487 -0.5313049 -0.3021989 0.0227369 -0.02664333 -0.9993864 0.173286 0.2496441 -0.9527066 0.01089537 -0.03994977 -0.9991424 0.03326547 -0.1267752 -0.9913735 0.03097647 -0.05688679 -0.9979001 0.005249261 -0.1646194 -0.9863432 0.01422166 0.02410972 -0.9996082 -0.09509605 0.0305491 -0.9949994 -0.1228999 0.002533018 -0.9924159 -0.0754134 -0.1198192 -0.9899274 -0.02816879 -0.08539146 -0.9959492 -0.005279779 -0.02679586 -0.999627 -0.1199108 0.3652566 -0.9231517 -0.1337037 -0.2307235 -0.9637895 -0.1533583 0.1947117 -0.9687976 -0.3340328 -0.2533095 -0.9078857 -0.3044629 -0.2712576 -0.9130836 -0.4191168 -0.2299298 -0.8783356 -0.266308 0.2987496 -0.9164217 -0.5580351 0.8293161 -0.02884018 -0.3712632 0.522027 -0.7678878 -0.8298808 0.3533524 -0.431787 -0.2877343 -0.3003997 -0.9093784 -0.8662383 0.4577637 -0.2002087 -0.9428836 0.2699403 -0.1951993 0.1342844 0.9168269 0.3760269 0.3631215 0.5983967 -0.7141879 0.1349879 0.5542348 -0.8213417 -0.0150153 0.9620808 0.2723515 -0.886676 -0.1757299 -0.4276969 -0.7256556 0.635044 -0.2648458 -0.7506681 0.1705079 -0.6382983 -0.4471377 -0.8443763 -0.2951212 0.06811815 -0.3471218 -0.935343 -0.09033715 -0.2618556 -0.9608699 0.1174691 0.7914592 -0.599828 -0.5620765 0.2388145 -0.7918572 -0.7461249 -0.6171827 -0.2497662 -0.5592394 -0.6850103 -0.4669179 -0.1127077 0.9792111 0.1686495 -0.1757269 -0.2251367 -0.9583495 -0.8942366 -0.1648635 -0.4161263 -0.7483567 -0.122015 -0.6519777 0.04226851 -0.1601628 -0.9861853 -0.02853524 -0.2035312 -0.9786525 -0.3320767 -0.2269694 -0.9155381 -0.6774044 -0.689551 -0.2562087 -0.5181786 -0.6897553 -0.5056964 0.05307215 -0.07043737 -0.9961034 -0.001739561 -0.07226842 -0.9973838 0.2527934 -0.8709668 -0.4213223 -0.4385928 -0.4450019 -0.7807751 -0.8388327 0.2737002 -0.4705826 -0.7019724 0.05752867 -0.7098769 -0.007507681 -0.6094384 -0.7927979 -0.07400953 -0.09293156 -0.9929182 -0.03763049 -0.6754271 -0.7364661 -0.3033567 -0.3237737 -0.8961839 0.03357106 0.6888793 -0.7240984 -0.01992899 0.4519891 -0.8918009 -0.8090335 0.3116316 -0.498348 -0.8230142 0.2451006 -0.5124192 -0.7905406 -0.5981166 -0.131538 -0.4843913 -0.2359393 -0.8424356 0.5872251 -0.7356413 -0.3376368 0.00991857 -0.9794981 0.2012099 -0.04782342 0.4241852 -0.9043118 0.7931687 0.0585972 -0.6061763 -0.6880487 0.5289537 0.4967868 -0.8103742 -0.2157701 0.5447357 -0.5112611 0.5398882 0.6686801 -0.7871726 -0.220224 0.5760737 -0.2799547 0.439846 0.8533234 -0.5923171 -0.3484075 0.7264797 -0.9290106 0.3699867 -0.00701946 -0.9640729 0.04727429 0.2613974 -0.3050386 0.5407683 0.783914 -0.829296 0.5514194 0.0905807 -0.8379445 0.5200834 -0.1654159 -0.6445965 -0.591432 0.4844622 -0.8941671 0.07824993 0.4408425 -0.3695217 -0.4272023 0.8251981 0.04269647 -0.8953142 0.4433844 -0.3690068 -0.9290938 0.02487307 -0.5134844 -0.7949318 0.3231366 -0.5765997 -0.8154127 0.0513333 0.1073957 -0.9917094 0.0705595 -0.2049377 -0.4423786 0.8730989 -0.4925726 -0.4449023 0.7479534 0.01681602 -0.999562 0.02435421 0.2011228 -0.9693874 0.140847 0.138742 -0.443999 0.8852207 -0.7382059 -0.4370393 0.513857 -0.07205522 -0.9955888 -0.06009179 -0.9029464 -0.4247382 0.06546401 -0.1540276 -0.9675021 -0.200538 -0.5663748 -0.8173035 0.105993 -0.3127294 -0.8950037 0.3180703 -0.152292 -0.6311727 0.7605446 -0.4523193 -0.7374262 0.5016072 -0.01333677 -0.9195362 0.3927789 -0.4206114 -0.8985068 0.1255852 -0.08102685 -0.9931361 -0.08435338 0.3106802 -0.9500467 0.02981674 0.4595931 -0.8016862 0.3821957 0.25352 -0.6597868 0.7073961 -0.7695421 -0.4034336 0.4950217 -0.2506883 -0.2196804 0.9428128 -0.7147033 -0.6819865 -0.1552217 -0.1274501 -0.8456391 -0.5183156 0.5499519 -0.7711229 -0.3208154 0.8074529 -0.5145578 0.2885308 0.4511338 -0.2691482 0.8509039 -0.8671752 -0.2062799 0.4532725 -0.2800453 0.001617491 0.9599854 -0.8051014 -0.5215153 -0.2825484 -0.1406023 -0.7066739 -0.6934285 0.6259592 -0.6223579 -0.4699424 0.9173501 -0.3320198 0.2196171 0.514122 -0.05432367 0.8559951 0.2384476 -0.6507639 0.7208669 -0.17042 -0.6367557 0.7519968 -0.001586973 -0.9196954 0.3926292 0.4667028 -0.7849593 0.4074646 0.3424585 -0.9383198 0.04773235 -0.04071217 -0.9953433 -0.08737558 -0.3943059 -0.9130988 0.1037952 -0.4520185 -0.7535169 0.4773799 0.4138641 -0.2533968 0.8743607 -0.2931956 -0.2291973 0.9281729 0.808613 -0.485473 0.3323569 0.5937566 -0.7506878 -0.289691 -0.06888222 -0.8492937 -0.5234076 -0.6803691 -0.7070736 -0.19273 -0.7801972 -0.4310861 0.4532737 -0.3313454 -0.009064137 0.9434661 0.4687671 -0.03643929 0.8825699 0.915454 -0.2990881 0.2692404 0.6723346 -0.5991804 -0.4346827 -0.07751786 -0.7107841 -0.699126 -0.7694797 -0.5498333 -0.3249375 -0.8824364 -0.237532 0.4060599 0.2220575 -0.9292785 -0.2951815 -0.3284788 -0.9161272 -0.22981 -0.3232333 -0.5721818 -0.7537429 0.1187205 -0.4193065 -0.9000486 -0.4960895 0.17811 -0.849807 -0.04226839 0.3075371 -0.9505969 0 -0.5542917 -0.8323225 0 0.158363 -0.9873811 0 -0.9732642 -0.2296891 0.7268195 -0.6489645 -0.2248974 0.6161268 -0.3416348 -0.7096995 0.2135721 -0.5526996 -0.8055497 0.3514886 -0.9070279 -0.2318537 -0.5263594 -0.06643962 -0.8476624 0.366295 0.408656 -0.8359595 0.5965897 -0.7277003 -0.3384276 -0.02160757 -0.967582 -0.2516312 -0.05285948 -0.6504896 -0.7576736 0.3092202 -0.2839503 -0.9076096 -0.4673644 -0.04696834 -0.8828163 -0.07800698 0.1987103 -0.976949 0.9425554 -0.2477244 -0.2241026 0.695415 -0.1595859 -0.7006644 0.4170132 -0.3890577 -0.8214221 0.8750858 -0.4585861 -0.1546728 -0.1382502 -0.0134893 -0.9903055 0.2863339 0.4589522 -0.8410564 0.4233011 -0.8773655 -0.2259335 0.1225356 -0.7693038 -0.6270222 0.7694877 -0.357078 -0.5295131 0.8851968 -0.4332749 -0.1694096 -0.5895453 -0.5357394 -0.6044998 -0.6196362 -0.1380089 -0.7726607 -0.2429959 -0.1982544 -0.9495517 0.8200889 0.3153883 -0.4774772 0.1576321 0.4289792 -0.8894543 0.3047923 0.8437866 -0.4417306 -0.1954163 0.7135761 -0.6727716 0.5044206 -0.1659326 -0.8473643 0.4626978 -0.03210592 -0.8859346 0.9744271 -0.07275849 -0.2125989 0.9357476 -0.2778463 -0.2172048 0.01669394 -0.03808784 -0.999135 0.6295725 0.6917088 -0.3538045 -0.02359145 0.9852576 -0.1694436 0.003357052 0.9998858 -0.01474052 0.65379 0.7498655 -0.1012944 0.3590849 0.4065112 -0.8401231 -0.1079773 0.5822167 -0.8058317 0.937439 -0.1593731 -0.3095294 0.5873808 -0.0495333 -0.8077935 0.9613112 -0.1605288 -0.2238553 0.8601286 -0.4770184 -0.1806443 0.4717738 -0.7314965 -0.492283 -0.2945109 -0.8324129 -0.4694168 -0.2217811 -0.3591774 -0.9065346 0.2328615 -0.3470033 -0.9084956 -0.1051397 0.09635013 -0.9897789 -0.2220575 -0.9292785 -0.2951815 -0.1187173 -0.419295 -0.9000545 0.3232606 -0.5721761 -0.7537355 0.3284788 -0.9161272 -0.22981 0.4960895 0.17811 -0.849807 0.04226839 0.3075371 -0.9505969 -0.7268195 -0.6489645 -0.2248974 -0.6161268 -0.3416348 -0.7096995 -0.2135721 -0.5526996 -0.8055497 -0.3515153 -0.9070182 -0.2318512 0.5263741 -0.06641095 -0.8476555 -0.366295 0.408656 -0.8359595 -0.5966225 -0.7276726 -0.338429 -0.3092202 -0.2839503 -0.9076096 0.05285948 -0.6504896 -0.7576736 0.02160757 -0.967582 -0.2516312 0.4673776 -0.04693919 -0.8828108 0.07800698 0.1987103 -0.976949 -0.5815154 -0.7291374 -0.3608301 -0.2724124 -0.6002168 -0.7520183 0.07532167 0.1621797 -0.9838824 -0.3111708 0.9502369 -0.01492375 -0.578764 0.8120825 -0.07452762 -0.9560655 -0.2787291 -0.09082424 -0.8280398 -0.5304802 -0.1814961 -0.9674708 -0.2481774 0.04907393 0.5472782 -0.8363907 -0.03061115 0.2926794 -0.9356586 -0.1971848 0.9193205 0.3767862 0.1134997 0.7041049 0.5963727 0.3854556 -0.498809 0.6464313 0.5773355 0.8571316 0.5150114 0.009430408 -0.03784412 0.1740525 0.984009 -0.7735424 -0.626592 0.09494554 0.4655783 -0.6131716 0.6381673 0.5303314 -0.7963058 -0.2909391 0.7192997 0.504813 -0.4772544 0.2564541 -0.8208789 -0.5102835 0.1754258 -0.2679609 -0.947324 -0.04373323 -0.1437125 0.9886528 0.4996295 0.0545988 0.8645168 0.4537631 0.8769761 0.1581517 -0.03845429 0.9887025 0.144875 0.2952988 -0.955052 -0.02597141 0.7734385 -0.6324111 0.04300099 -0.6185641 -0.1930952 0.7616383 -0.08743643 0.9409569 0.3270399 -0.08624672 -0.9904949 -0.1071523 -0.9839869 -0.05465912 0.1696539 -0.2455567 0.9684934 -0.04150593 -0.05765062 -0.9605899 -0.2719255 0.1453015 -0.9845769 -0.09744751 -0.9651769 -0.2444301 -0.09320634 0.7140671 0.2195885 -0.6647474 0.3512765 0.05905473 -0.9344076 0.4951745 0.1078244 -0.8620766 0.7934689 0.30037 -0.5293251 0.9338142 0.02899283 -0.3565816 -0.1816822 0.9119512 -0.3678812 0.2399404 -0.8558446 -0.4582124 0.1026057 -0.905384 0.4120098 -0.2815403 -0.9278471 0.244612 -0.2922517 -0.8182193 -0.4950821 -0.4164974 -0.3956527 0.8185286 -0.0719943 -0.3888121 0.9185 0 -0.9051905 0.4250062 3.05191e-5 -0.4285494 0.9035184 0 -0.8642202 -0.5031138 0 -0.9529631 0.3030865 0.2138168 -0.7577284 0.616547 0.686644 -0.6199297 -0.3797463 0.07852518 -0.6170925 0.7829628 -0.04190325 -0.5926885 0.8043411 0.334217 -0.8190773 -0.466274 0.06491452 -0.9229337 0.3794463 0.585448 -0.7576063 0.2885887 -0.4953945 -0.5133401 0.7007611 0.3927525 -0.2682338 0.8796569 0.2509279 -0.9017472 0.3519765 -0.09170961 -0.8796496 -0.4666968 -0.1192075 -0.9700486 0.2116497 0.4972153 -0.7835444 -0.3726063 0.3526796 -0.7978017 0.4890087 -0.4269943 -0.5132417 0.7444857 0.00665301 -0.3718087 0.9282856 0.3193866 -0.4998484 0.8050739 0.9463199 -0.2321622 -0.2248986 0.1950165 -0.5561177 0.8078996 0.08835375 -0.649118 0.7555393 0.5932712 -0.6738735 0.4403678 0.9124819 -0.3475177 -0.21589 0.3218577 -0.8432818 0.4304457 0.7274844 -0.5527319 0.4065147 -0.07251286 -0.5392384 0.8390256 0.329421 -0.09903383 0.9389751 0.4206508 -0.7994898 -0.4287995 0.8301239 -0.4693862 -0.3009504 0.7906562 -0.6050395 0.09375441 0.170966 -0.9820022 0.08026432 -0.4532997 -0.7744823 0.4412446 -0.4163733 -0.511288 0.7518097 -0.05038696 -0.6737393 0.7372494 0.1922709 -0.4638612 0.8647918 -0.2831294 -0.1687423 0.9441207 0.2895389 -0.2346953 0.9279469 0.8697665 -0.1211612 0.4783579 0.29619 0.3228334 0.8989161 -0.1016578 0.06564569 0.9926512 0.4674304 -0.7596202 0.4522014 0.9827863 -0.1727704 -0.06543362 0.8818077 -0.4184726 -0.2174763 0.04938006 -0.5290506 0.8471524 0.5617671 -0.6912905 0.4544615 0.1319952 -0.8481265 0.5130875 0.2136064 -0.5005819 0.8389219 0.5042982 -0.3568298 0.7863562 0.1739599 -0.4270259 0.8873483 0.8148072 -0.4937431 -0.3038207 0.367511 -0.6280222 0.6859474 0.987407 -0.08295023 -0.1347102 0.9596955 -0.2452189 0.1373043 0.4463167 -0.8891237 -0.1012941 -0.2344145 -0.9682379 0.08697843 -0.09381616 -0.670447 0.7360024 0.3799298 -0.7355056 0.5609679 0.5948786 -0.3524652 0.722418 0.04364192 -0.2956666 0.9542939 0.4933737 0.02377444 0.8694925 0.6670579 0.5042075 0.5484603 0.1347098 0.8320028 0.538168 0.07504647 0.9062039 0.416128 0.6405675 0.5820317 0.5009116 -0.1800025 -0.5783704 0.7956675 -0.05133324 -0.9670619 -0.2493113 0.1041627 0.2838914 0.9531819 0.2460451 -0.8150435 0.5245626 6.10386e-5 -0.7707644 0.6371204 -3.05186e-5 -0.8727111 -0.4882372 -0.06781393 -0.8782246 -0.473416 0.2006324 -0.7111251 0.6738308 0.1712401 -0.8735046 -0.4557044 0.1341004 -0.7404211 0.6586303 0.5153203 -0.7683566 -0.3795699 0.5797715 -0.723486 -0.3747441 0.09558737 -0.5419059 0.8349856 0.5650671 -0.5368366 0.6265027 0.3991002 -0.8287196 -0.3923555 0.3281799 -0.6097865 0.7214281 0.512723 -0.763469 -0.3927214 0.5298722 -0.7016031 0.4764333 0.6070588 -0.6535091 -0.4521124 0.6254276 -0.6287847 -0.4620284 0.05371302 -0.3376598 0.9397345 0.4793717 -0.6846772 0.5490174 0.6391382 -0.6035525 -0.4766832 0.1690753 -0.5891084 0.7901677 0.7894933 -0.5470207 -0.2783323 0.3596061 -0.7949301 0.4886407 0.9060759 -0.2331644 -0.3530732 0.9085972 -0.223464 -0.3528669 0.0782513 -0.5598753 0.8248736 0.5000343 -0.4465028 0.7420248 0.9496438 -0.1884577 -0.2503207 0.9845969 -0.03631734 -0.1710272 0.4788163 -0.4926416 0.7266631 0.5058598 0.8409633 0.1920588 0.4729563 -0.1905009 0.8602452 -0.5188605 0.6315381 0.5761454 -0.3469095 0.8802291 0.3238066 -0.3336653 0.886885 0.319535 0.5896626 0.7720152 -0.2372567 0.9432665 0.05734616 -0.3270471 0.8669847 -0.06994962 -0.4934012 0.8538077 0.01754856 -0.5202929 0.9055168 -0.03088581 -0.4231849 0.7544084 -0.3232002 -0.5713227 0.627878 -0.4593492 -0.6283053 0.6843384 -0.5035105 -0.5274072 0.5704068 -0.5929301 -0.5683925 0.5490691 -0.7256221 -0.414724 0.3858214 -0.77677 -0.4977651 0.5858529 -0.6746647 -0.4490033 0.5520914 -0.6879016 -0.4711546 0.1771045 -0.8110245 -0.5575602 -0.08185148 -0.8425641 -0.5323402 0 -0.8407996 -0.5413467 0.08185285 -0.8425779 -0.5323184 0.06778359 -0.8782265 -0.4734171 -0.2460125 -0.8150366 0.5245887 -0.2006029 -0.7111591 0.6738036 -0.1712401 -0.8735046 -0.4557044 -0.1341307 -0.7403895 0.6586597 -0.5153427 -0.7683445 -0.3795639 -0.5797715 -0.723486 -0.3747441 -0.09567809 -0.5419012 0.8349784 -0.5651288 -0.5368067 0.6264729 -0.3991259 -0.8287096 -0.3923507 -0.3282071 -0.6097804 0.7214208 -0.512723 -0.763469 -0.3927214 -0.5298762 -0.7016389 0.4763759 -0.6070588 -0.6535091 -0.4521124 -0.6254396 -0.6287662 -0.4620373 0.0167244 -0.907086 0.420613 -0.3168242 -0.8766763 -0.3620238 -0.6391562 -0.6035407 -0.4766739 -0.707424 -0.7054708 0.04315346 -0.7894933 -0.5470207 -0.2783323 -0.965746 -0.258924 0.01712119 -0.9060759 -0.2331644 -0.3530732 -0.9085972 -0.223464 -0.3528669 -0.6871677 -0.2280996 0.6897618 -0.5000275 -0.4465273 0.7420148 -0.9496438 -0.1884577 -0.2503207 -0.9845969 -0.03631734 -0.1710272 -0.4788163 -0.4926416 0.7266631 -0.5058598 0.8409633 0.1920588 -0.4729563 -0.1905009 0.8602452 0.5188382 0.6315481 0.5761545 0.3469095 0.8802291 0.3238066 0.3336653 0.886885 0.319535 -0.5896626 0.7720152 -0.2372567 -0.9432665 0.05734616 -0.3270471 -0.8669847 -0.06994962 -0.4934012 -0.8538295 0.01754838 -0.520257 -0.9055168 -0.03088581 -0.4231849 -0.9548111 -0.2604779 0.1431331 -0.1739599 -0.4270259 0.8873483 -0.367511 -0.6280222 0.6859474 0.1800025 -0.5783704 0.7956675 0.05133289 -0.9670547 -0.2493399 -0.7544084 -0.3232002 -0.5713227 -0.627878 -0.4593492 -0.6283053 -0.6843006 -0.5035356 -0.5274322 -0.5704068 -0.5929301 -0.5683925 -0.5490691 -0.7256221 -0.414724 -0.3858214 -0.77677 -0.4977651 -0.5858529 -0.6746647 -0.4490033 -0.5520914 -0.6879016 -0.4711546 -0.1771045 -0.8110245 -0.5575602 -0.2399692 -0.8558383 -0.458209 0.2922517 -0.8182193 -0.4950821 0.2815684 -0.9278391 0.2446099 -0.102607 -0.9053954 0.4119845 0.4165226 -0.3956476 0.8185181 0.0719943 -0.3888121 0.9185 -0.2138168 -0.7577284 0.616547 -0.686657 -0.619911 -0.3797534 -0.07852703 -0.6171072 0.782951 0.04184204 -0.5926556 0.8043685 -0.334217 -0.8190773 -0.466274 -0.06491374 -0.922923 0.3794724 -0.585448 -0.7576063 0.2885887 0.4953868 -0.5133627 0.7007502 -0.3927783 -0.2682306 0.8796463 -0.2509904 -0.9017527 0.3519176 0.09170961 -0.8796496 -0.4666968 -0.319414 -0.4998435 0.805066 0.1191774 -0.970052 0.2116504 -0.4972153 -0.7835444 -0.3726063 -0.3526796 -0.7978017 0.4890087 0.4270192 -0.5132349 0.744476 -0.00665301 -0.3718087 0.9282856 -0.9463199 -0.2321622 -0.2248986 -0.1950492 -0.5560933 0.8079085 -0.08829146 -0.6491391 0.7555284 -0.4941024 -0.8581635 -0.1393496 -0.9124767 -0.3475273 -0.215896 -0.3219166 -0.8432763 0.4304124 -0.7274844 -0.5527319 0.4065147 0.07248252 -0.5392396 0.8390274 -0.3293938 -0.09903478 0.9389845 -0.4206453 -0.7994794 -0.4288244 -0.170966 -0.9820022 0.08026432 -0.7906562 -0.6050395 0.09375441 -0.8301239 -0.4693862 -0.3009504 0.5639069 -0.5577725 0.6090146 0.5506514 -0.2335606 0.8013941 0.6890299 0.212413 0.6929059 0.5317928 0.02288919 0.8465653 -0.1922736 -0.4638372 0.864804 0.05038803 -0.6737226 0.7372646 -0.2895389 -0.2346953 0.9279469 -0.8697538 -0.1211594 0.4783814 -0.04626774 0.3107205 0.9493746 0.380669 0.1139901 0.9176587 -0.4674304 -0.7596202 0.4522014 -0.9827863 -0.1727704 -0.06543362 -0.830927 -0.4609987 -0.3115137 -0.9491631 -0.2603858 -0.1768865 -0.8818009 -0.4184839 -0.2174822 -0.0493496 -0.5290514 0.8471537 -0.5350655 -0.7145194 -0.4507405 -0.6670579 0.5042075 0.5484603 -0.1347121 0.8320164 0.5381463 -0.07504647 0.9062039 0.416128 -0.6405675 0.5820317 0.5009116 -0.4933737 0.02377444 0.8694925 -0.1042231 0.2838897 0.9531759 -0.9597027 -0.2451902 0.1373053 -0.5948786 -0.3524652 0.722418 -0.987407 -0.08295023 -0.1347102 -0.8148072 -0.4937431 -0.3038207 -0.4463167 -0.8891237 -0.1012941 0.2344145 -0.9682379 0.08697843 0.09384644 -0.6704451 0.7360002 -0.3799298 -0.7355056 0.5609679 -0.04364192 -0.2956666 0.9542939</float_array>
          <technique_common>
            <accessor source="#Backom_BODY-mesh-normals-array" count="1442" stride="3">
              <param name="X" type="float"/>
              <param name="Y" type="float"/>
              <param name="Z" type="float"/>
            </accessor>
          </technique_common>
        </source>
        <source id="Backom_BODY-mesh-map-0">
          <float_array id="Backom_BODY-mesh-map-0-array" count="16248">0.1606233 0.8902773 0.1453436 0.8905761 0.1577411 0.9076632 0.1673977 0.9043768 0.1606233 0.8902773 0.1577411 0.9076632 0.1433718 0.8684657 0.1453436 0.8905761 0.1606233 0.8902773 0.1610683 0.8765188 0.1433718 0.8684657 0.1606233 0.8902773 0.1521402 0.8499135 0.1433718 0.8684657 0.1610683 0.8765188 0.1700426 0.8647119 0.1521402 0.8499135 0.1610683 0.8765188 0.1618641 0.8341491 0.1521402 0.8499135 0.1700426 0.8647119 0.1815788 0.8510878 0.1618641 0.8341491 0.1700426 0.8647119 0.1803809 0.8170238 0.1618641 0.8341491 0.1815788 0.8510878 0.1943584 0.8381059 0.1803809 0.8170238 0.1815788 0.8510878 0.1943584 0.8381059 0.2162082 0.8228068 0.1803809 0.8170238 0.2162082 0.8228068 0.2255791 0.8060816 0.1803809 0.8170238 0.2255791 0.8060816 0.2162082 0.8228068 0.2456489 0.8278498 0.2162082 0.8228068 0.2345947 0.8330825 0.2456489 0.8278498 0.2162082 0.8228068 0.2186437 0.8318763 0.2345947 0.8330825 0.2186437 0.8318763 0.2277276 0.8384751 0.2345947 0.8330825 0.2345947 0.8330825 0.2277276 0.8384751 0.2334082 0.8520537 0.2413706 0.8503916 0.2345947 0.8330825 0.2334082 0.8520537 0.2456489 0.8278498 0.2345947 0.8330825 0.2413706 0.8503916 0.2515386 0.8512961 0.2456489 0.8278498 0.2413706 0.8503916 0.2421389 0.8666967 0.2413706 0.8503916 0.2334082 0.8520537 0.2515386 0.8512961 0.2413706 0.8503916 0.2421389 0.8666967 0.2342323 0.8664917 0.2421389 0.8666967 0.2334082 0.8520537 0.2357139 0.8829493 0.2421389 0.8666967 0.2342323 0.8664917 0.2310404 0.8796966 0.2357139 0.8829493 0.2342323 0.8664917 0.2421389 0.8666967 0.2357139 0.8829493 0.2392179 0.8865074 0.2497982 0.8694799 0.2421389 0.8666967 0.2392179 0.8865074 0.2497982 0.8694799 0.2515386 0.8512961 0.2421389 0.8666967 0.2357139 0.8829493 0.2310404 0.8796966 0.2242988 0.8889635 0.2260879 0.8915466 0.2357139 0.8829493 0.2242988 0.8889635 0.2357139 0.8829493 0.2260879 0.8915466 0.2302768 0.8939679 0.2392179 0.8865074 0.2357139 0.8829493 0.2302768 0.8939679 0.2260879 0.8915466 0.218733 0.8954812 0.2302768 0.8939679 0.218733 0.8954812 0.2230103 0.898862 0.2302768 0.8939679 0.2230103 0.898862 0.218733 0.8954812 0.2104291 0.905936 0.218733 0.8954812 0.2114359 0.8973035 0.2104291 0.905936 0.2114359 0.8973035 0.218733 0.8954812 0.2176821 0.8940098 0.2260879 0.8915466 0.2242988 0.8889635 0.2176821 0.8940098 0.218733 0.8954812 0.2260879 0.8915466 0.2176821 0.8940098 0.213597 0.8942122 0.2114359 0.8973035 0.2176821 0.8940098 0.1577411 0.9076632 0.1453436 0.8905761 0.1376124 0.8972347 0.1549742 0.9096231 0.1577411 0.9076632 0.1376124 0.8972347 0.09730982 0.8595229 0.1376124 0.8972347 0.1453436 0.8905761 0.1433718 0.8684657 0.09730982 0.8595229 0.1453436 0.8905761 0.1104975 0.8462468 0.09730982 0.8595229 0.1433718 0.8684657 0.1104975 0.8462468 0.1433718 0.8684657 0.1521402 0.8499135 0.1210473 0.8301437 0.1104975 0.8462468 0.1521402 0.8499135 0.1385517 0.8107069 0.1210473 0.8301437 0.1521402 0.8499135 0.1618641 0.8341491 0.1385517 0.8107069 0.1521402 0.8499135 0.073879 0.820973 0.1104975 0.8462468 0.1210473 0.8301437 0.09730982 0.8595229 0.1104975 0.8462468 0.073879 0.820973 0.073879 0.820973 0.1210473 0.8301437 0.1041584 0.8013968 0.0689755 0.8006031 0.073879 0.820973 0.1041584 0.8013968 0.0689755 0.8006031 0.1041584 0.8013968 0.1314013 0.7678759 0.1385517 0.8107069 0.1314013 0.7678759 0.1041584 0.8013968 0.06759262 0.7655516 0.0689755 0.8006031 0.1314013 0.7678759 0.06759262 0.7655516 0.1314013 0.7678759 0.1342388 0.7267429 0.1342388 0.7267429 0.1314013 0.7678759 0.177565 0.7862183 0.177565 0.7862183 0.1385517 0.8107069 0.1618641 0.8341491 0.177565 0.7862183 0.1314013 0.7678759 0.1385517 0.8107069 0.1899372 0.7293526 0.1342388 0.7267429 0.177565 0.7862183 0.1899372 0.7293526 0.177565 0.7862183 0.2104911 0.7328549 0.177565 0.7862183 0.2199198 0.7842186 0.2104911 0.7328549 0.1342388 0.7267429 0.1899372 0.7293526 0.1929846 0.677792 0.1929846 0.677792 0.1899372 0.7293526 0.2104911 0.7328549 0.1317629 0.6967856 0.1342388 0.7267429 0.1929846 0.677792 0.06610238 0.731014 0.06759262 0.7655516 0.1342388 0.7267429 0.121876 0.6528288 0.1317629 0.6967856 0.1929846 0.677792 0.1317629 0.6967856 0.121876 0.6528288 0.05066913 0.6558729 0.06129145 0.7019692 0.1317629 0.6967856 0.05066913 0.6558729 0.1342388 0.7267429 0.1317629 0.6967856 0.06129145 0.7019692 0.06610238 0.731014 0.1342388 0.7267429 0.06129145 0.7019692 0.1789625 0.637807 0.121876 0.6528288 0.1929846 0.677792 0.2189269 0.6930569 0.1929846 0.677792 0.2104911 0.7328549 0.2789834 0.7505834 0.2189269 0.6930569 0.2104911 0.7328549 0.2667386 0.7830505 0.2789834 0.7505834 0.2104911 0.7328549 0.2667386 0.7830505 0.2104911 0.7328549 0.2199198 0.7842186 0.3187502 0.779591 0.2789834 0.7505834 0.2667386 0.7830505 0.2991989 0.8126635 0.3187502 0.779591 0.2667386 0.7830505 0.3421188 0.8119298 0.3187502 0.779591 0.2991989 0.8126635 0.2991989 0.8126635 0.3513362 0.8426367 0.3421188 0.8119298 0.2991989 0.8126635 0.3279879 0.8581978 0.3513362 0.8426367 0.2991989 0.8126635 0.2678382 0.8439462 0.3279879 0.8581978 0.2678382 0.8439462 0.2810296 0.8719332 0.3279879 0.8581978 0.2678382 0.8439462 0.2515386 0.8512961 0.2810296 0.8719332 0.2515386 0.8512961 0.2668255 0.8752622 0.2810296 0.8719332 0.2515386 0.8512961 0.2497982 0.8694799 0.2668255 0.8752622 0.2497982 0.8694799 0.2559177 0.8799917 0.2668255 0.8752622 0.2416951 0.8892642 0.2559177 0.8799917 0.2497982 0.8694799 0.2392179 0.8865074 0.2416951 0.8892642 0.2497982 0.8694799 0.2991989 0.8126635 0.2667386 0.7830505 0.2537485 0.8156682 0.2678382 0.8439462 0.2991989 0.8126635 0.2537485 0.8156682 0.2789834 0.7505834 0.3187502 0.779591 0.3306387 0.7491847 0.2937486 0.7250939 0.2789834 0.7505834 0.3306387 0.7491847 0.2416951 0.8892642 0.2392179 0.8865074 0.2316587 0.8959947 0.2392179 0.8865074 0.2302768 0.8939679 0.2316587 0.8959947 0.2937486 0.7250939 0.3306387 0.7491847 0.3430811 0.7128257 0.3135182 0.697296 0.2937486 0.7250939 0.3430811 0.7128257 0.2355207 0.666421 0.2937486 0.7250939 0.3135182 0.697296 0.2749539 0.6542896 0.2355207 0.666421 0.3135182 0.697296 0.2153692 0.6506944 0.2355207 0.666421 0.2749539 0.6542896 0.2438662 0.6357786 0.2153692 0.6506944 0.2749539 0.6542896 0.1938818 0.6145826 0.2153692 0.6506944 0.2438662 0.6357786 0.2238487 0.6036291 0.1938818 0.6145826 0.2438662 0.6357786 0.2238487 0.6036291 0.222911 0.5590321 0.1938818 0.6145826 0.222911 0.5590321 0.1989678 0.5572698 0.1938818 0.6145826 0.1989678 0.5572698 0.08631473 0.5568461 0.1938818 0.6145826 0.08631473 0.5568461 0.1073128 0.5976262 0.1938818 0.6145826 0.03345549 0.6029873 0.1073128 0.5976262 0.08631473 0.5568461 0.01316481 0.556034 0.03345549 0.6029873 0.08631473 0.5568461 0.03345549 0.6029873 0.05066913 0.6558729 0.1073128 0.5976262 0.05066913 0.6558729 0.121876 0.6528288 0.1073128 0.5976262 0.2438662 0.6357786 0.2701184 0.6182174 0.2238487 0.6036291 0.2438662 0.6357786 0.2749539 0.6542896 0.2701184 0.6182174 0.2701184 0.6182174 0.2585007 0.5953977 0.2238487 0.6036291 0.2238487 0.6036291 0.2585007 0.5953977 0.222911 0.5590321 0.2585007 0.5953977 0.2701184 0.6182174 0.2875433 0.5864571 0.2539129 0.556954 0.2585007 0.5953977 0.2875433 0.5864571 0.2585007 0.5953977 0.2539129 0.556954 0.222911 0.5590321 0.2871685 0.5530428 0.2539129 0.556954 0.2875433 0.5864571 0.2701184 0.6182174 0.2937117 0.6033781 0.2875433 0.5864571 0.2701184 0.6182174 0.2928225 0.635275 0.2937117 0.6033781 0.2928225 0.635275 0.3104957 0.6171529 0.2937117 0.6033781 0.2749539 0.6542896 0.2928225 0.635275 0.2701184 0.6182174 0.2749539 0.6542896 0.3180044 0.6652804 0.2928225 0.635275 0.3294293 0.6778316 0.3180044 0.6652804 0.2749539 0.6542896 0.3135182 0.697296 0.3294293 0.6778316 0.2749539 0.6542896 0.3494331 0.6940308 0.3294293 0.6778316 0.3135182 0.697296 0.3430811 0.7128257 0.3494331 0.6940308 0.3135182 0.697296 0.3494331 0.6940308 0.3430811 0.7128257 0.3721479 0.7119164 0.3430811 0.7128257 0.3698519 0.7283057 0.3721479 0.7119164 0.3942769 0.7122594 0.3721479 0.7119164 0.3698519 0.7283057 0.3970848 0.7214715 0.3942769 0.7122594 0.3698519 0.7283057 0.3180044 0.6652804 0.3202918 0.6559674 0.2928225 0.635275 0.3202918 0.6559674 0.3219959 0.6411243 0.2928225 0.635275 0.2928225 0.635275 0.3219959 0.6411243 0.3104957 0.6171529 0.3219959 0.6411243 0.3231581 0.6316552 0.3104957 0.6171529 0.3979782 0.7263154 0.3970848 0.7214715 0.3698519 0.7283057 0.373722 0.7393453 0.3979782 0.7263154 0.3698519 0.7283057 0.373722 0.7393453 0.3698519 0.7283057 0.3565099 0.7647386 0.3689515 0.7702508 0.373722 0.7393453 0.3565099 0.7647386 0.373722 0.7393453 0.3762924 0.7427887 0.3979782 0.7263154 0.3762924 0.7427887 0.3989353 0.7294101 0.3979782 0.7263154 0.3731262 0.7713487 0.3762924 0.7427887 0.373722 0.7393453 0.3689515 0.7702508 0.3731262 0.7713487 0.373722 0.7393453 0.3601369 0.8110394 0.3731262 0.7713487 0.3689515 0.7702508 0.3574733 0.8105286 0.3601369 0.8110394 0.3689515 0.7702508 0.3651874 0.831987 0.3601369 0.8110394 0.3574733 0.8105286 0.3622592 0.8333314 0.3651874 0.831987 0.3574733 0.8105286 0.3622592 0.8333314 0.3574733 0.8105286 0.3421188 0.8119298 0.3421188 0.8119298 0.3574733 0.8105286 0.3689515 0.7702508 0.3565099 0.7647386 0.3421188 0.8119298 0.3689515 0.7702508 0.3187502 0.779591 0.3421188 0.8119298 0.3565099 0.7647386 0.3306387 0.7491847 0.3187502 0.779591 0.3565099 0.7647386 0.3513362 0.8426367 0.3622592 0.8333314 0.3421188 0.8119298 0.3565099 0.7647386 0.3698519 0.7283057 0.3306387 0.7491847 0.3698519 0.7283057 0.3430811 0.7128257 0.3306387 0.7491847 0.2104291 0.905936 0.2118039 0.9084627 0.224426 0.9004706 0.2230103 0.898862 0.2104291 0.905936 0.224426 0.9004706 0.2230103 0.898862 0.224426 0.9004706 0.2316587 0.8959947 0.2302768 0.8939679 0.2230103 0.898862 0.2316587 0.8959947 0.005186259 0.6985642 0.04682582 0.7194093 0.05998289 0.708049 0.02819138 0.7404535 0.04682582 0.7194093 0.005186259 0.6985642 0.008073747 0.7491269 0.02819138 0.7404535 0.005186259 0.6985642 0.0230782 0.7642719 0.02819138 0.7404535 0.008073747 0.7491269 0.05958205 0.7319303 0.04682582 0.7194093 0.02819138 0.7404535 0.03870761 0.7452438 0.05958205 0.7319303 0.02819138 0.7404535 0.03870761 0.7452438 0.02819138 0.7404535 0.0230782 0.7642719 0.02964079 0.7662883 0.03870761 0.7452438 0.0230782 0.7642719 0.0230782 0.7642719 0.008073747 0.7491269 0.008871138 0.7953025 0.0112313 0.801695 0.0230782 0.7642719 0.008871138 0.7953025 0.02964079 0.7662883 0.0230782 0.7642719 0.0112313 0.801695 0.03187292 0.8038322 0.02964079 0.7662883 0.0112313 0.801695 0.04816883 0.7664644 0.03870761 0.7452438 0.02964079 0.7662883 0.04637986 0.7909142 0.04816883 0.7664644 0.02964079 0.7662883 0.03187292 0.8038322 0.04637986 0.7909142 0.02964079 0.7662883 0.06108593 0.7495694 0.05958205 0.7319303 0.03870761 0.7452438 0.04816883 0.7664644 0.06108593 0.7495694 0.03870761 0.7452438 0.1618641 0.8341491 0.1803809 0.8170238 0.177565 0.7862183 0.177565 0.7862183 0.1803809 0.8170238 0.2199198 0.7842186 0.1803809 0.8170238 0.2255791 0.8060816 0.2199198 0.7842186 0.2537485 0.8156682 0.2199198 0.7842186 0.2255791 0.8060816 0.2456489 0.8278498 0.2537485 0.8156682 0.2255791 0.8060816 0.2678382 0.8439462 0.2537485 0.8156682 0.2456489 0.8278498 0.2515386 0.8512961 0.2678382 0.8439462 0.2456489 0.8278498 0.2537485 0.8156682 0.2667386 0.7830505 0.2199198 0.7842186 0.3290573 0.6421368 0.3279693 0.6340877 0.3231581 0.6316552 0.3219959 0.6411243 0.3290573 0.6421368 0.3231581 0.6316552 0.3279693 0.6340877 0.3290573 0.6421368 0.3325589 0.6410658 0.3304836 0.6342037 0.3279693 0.6340877 0.3325589 0.6410658 0.3325589 0.6410658 0.3357971 0.6376152 0.3304836 0.6342037 0.3357971 0.6376152 0.3313872 0.6339178 0.3304836 0.6342037 0.3357971 0.6376152 0.3325589 0.6410658 0.3358649 0.6500804 0.3387734 0.6473525 0.3357971 0.6376152 0.3358649 0.6500804 0.3387734 0.6473525 0.3358649 0.6500804 0.3406364 0.6584933 0.3353173 0.660799 0.3406364 0.6584933 0.3358649 0.6500804 0.3406364 0.6584933 0.3353173 0.660799 0.34594 0.6647087 0.344123 0.6553474 0.3406364 0.6584933 0.34594 0.6647087 0.344123 0.6553474 0.3387734 0.6473525 0.3406364 0.6584933 0.3491312 0.6617813 0.344123 0.6553474 0.34594 0.6647087 0.3491312 0.6617813 0.34594 0.6647087 0.3588645 0.6764757 0.362176 0.6732995 0.3491312 0.6617813 0.3588645 0.6764757 0.362176 0.6732995 0.3588645 0.6764757 0.3745524 0.6867827 0.3802577 0.6837469 0.362176 0.6732995 0.3745524 0.6867827 0.3802577 0.6837469 0.3745524 0.6867827 0.3905174 0.6938965 0.3949235 0.6933563 0.3802577 0.6837469 0.3905174 0.6938965 0.3745524 0.6867827 0.3726242 0.6932355 0.3905174 0.6938965 0.3726242 0.6932355 0.3896791 0.6969898 0.3905174 0.6938965 0.3726242 0.6932355 0.3721479 0.7119164 0.3896791 0.6969898 0.3494331 0.6940308 0.3721479 0.7119164 0.3726242 0.6932355 0.3570501 0.6814581 0.3494331 0.6940308 0.3726242 0.6932355 0.3570501 0.6814581 0.3726242 0.6932355 0.3745524 0.6867827 0.3588645 0.6764757 0.3570501 0.6814581 0.3745524 0.6867827 0.3294293 0.6778316 0.3494331 0.6940308 0.3570501 0.6814581 0.3417454 0.6685091 0.3294293 0.6778316 0.3570501 0.6814581 0.3417454 0.6685091 0.3570501 0.6814581 0.3588645 0.6764757 0.34594 0.6647087 0.3417454 0.6685091 0.3588645 0.6764757 0.3294293 0.6778316 0.3417454 0.6685091 0.3180044 0.6652804 0.3417454 0.6685091 0.3353173 0.660799 0.3180044 0.6652804 0.3721479 0.7119164 0.3942769 0.7122594 0.3896791 0.6969898 0.3202918 0.6559674 0.3180044 0.6652804 0.3353173 0.660799 0.3324779 0.6515005 0.3202918 0.6559674 0.3353173 0.660799 0.3353173 0.660799 0.3417454 0.6685091 0.34594 0.6647087 0.3324779 0.6515005 0.3353173 0.660799 0.3358649 0.6500804 0.3324779 0.6515005 0.3358649 0.6500804 0.3325589 0.6410658 0.3290573 0.6421368 0.3324779 0.6515005 0.3325589 0.6410658 0.3219959 0.6411243 0.3202918 0.6559674 0.3324779 0.6515005 0.3290573 0.6421368 0.3219959 0.6411243 0.3324779 0.6515005 0.4133588 0.6132912 0.4349188 0.6094412 0.3918979 0.5706102 0.3861283 0.587247 0.4133588 0.6132912 0.3918979 0.5706102 0.3861283 0.587247 0.3918979 0.5706102 0.3601355 0.5734291 0.367326 0.5902276 0.3861283 0.587247 0.3601355 0.5734291 0.3861283 0.587247 0.367326 0.5902276 0.372545 0.6015846 0.3843705 0.5997952 0.3861283 0.587247 0.372545 0.6015846 0.3861283 0.587247 0.3843705 0.5997952 0.3934226 0.6078279 0.4133588 0.6132912 0.3861283 0.587247 0.3934226 0.6078279 0.367326 0.5902276 0.3601355 0.5734291 0.3370539 0.5960393 0.3513884 0.6116068 0.367326 0.5902276 0.3370539 0.5960393 0.372545 0.6015846 0.367326 0.5902276 0.3513884 0.6116068 0.3513884 0.6116068 0.3370539 0.5960393 0.3335389 0.6250551 0.3404244 0.6301251 0.3513884 0.6116068 0.3335389 0.6250551 0.3404244 0.6301251 0.3335389 0.6250551 0.3357971 0.6376152 0.3335389 0.6250551 0.3313872 0.6339178 0.3357971 0.6376152 0.3404244 0.6301251 0.3357971 0.6376152 0.3387734 0.6473525 0.3435712 0.6432402 0.3404244 0.6301251 0.3387734 0.6473525 0.3404244 0.6301251 0.3435712 0.6432402 0.3627812 0.6247668 0.3513884 0.6116068 0.3404244 0.6301251 0.3627812 0.6247668 0.3627812 0.6247668 0.372545 0.6015846 0.3513884 0.6116068 0.3435712 0.6432402 0.3507009 0.6526617 0.3627812 0.6247668 0.3507009 0.6526617 0.3718021 0.6298458 0.3627812 0.6247668 0.3718021 0.6298458 0.3843705 0.5997952 0.372545 0.6015846 0.3627812 0.6247668 0.3718021 0.6298458 0.372545 0.6015846 0.3934226 0.6078279 0.3843705 0.5997952 0.3718021 0.6298458 0.3718021 0.6298458 0.3507009 0.6526617 0.3820693 0.633389 0.3820693 0.633389 0.3934226 0.6078279 0.3718021 0.6298458 0.3507009 0.6526617 0.366218 0.6680814 0.3820693 0.633389 0.4076755 0.6453976 0.3820693 0.633389 0.366218 0.6680814 0.3820693 0.633389 0.4076755 0.6453976 0.3934226 0.6078279 0.3891125 0.6783645 0.4076755 0.6453976 0.366218 0.6680814 0.4076755 0.6453976 0.3891125 0.6783645 0.4318849 0.6573191 0.3891125 0.6783645 0.4077822 0.6876962 0.4318849 0.6573191 0.4077822 0.6876962 0.3891125 0.6783645 0.3949235 0.6933563 0.3891125 0.6783645 0.3802577 0.6837469 0.3949235 0.6933563 0.3435712 0.6432402 0.3387734 0.6473525 0.344123 0.6553474 0.3507009 0.6526617 0.3435712 0.6432402 0.344123 0.6553474 0.3891125 0.6783645 0.366218 0.6680814 0.362176 0.6732995 0.3802577 0.6837469 0.3891125 0.6783645 0.362176 0.6732995 0.366218 0.6680814 0.3507009 0.6526617 0.3491312 0.6617813 0.362176 0.6732995 0.366218 0.6680814 0.3491312 0.6617813 0.3507009 0.6526617 0.344123 0.6553474 0.3491312 0.6617813 0.4318849 0.6573191 0.4349188 0.6094412 0.4076755 0.6453976 0.4349188 0.6094412 0.4133588 0.6132912 0.4076755 0.6453976 0.4076755 0.6453976 0.4133588 0.6132912 0.3934226 0.6078279 0.579217 0.3592439 0.6394694 0.3537461 0.6380352 0.3150953 0.5899775 0.3013216 0.579217 0.3592439 0.6380352 0.3150953 0.529603 0.3148034 0.579217 0.3592439 0.5899775 0.3013216 0.5471294 0.278076 0.529603 0.3148034 0.5899775 0.3013216 0.5899775 0.3013216 0.5938365 0.2635486 0.5471294 0.278076 0.5938365 0.2635486 0.5624107 0.2497983 0.5471294 0.278076 0.5624107 0.2497983 0.5938365 0.2635486 0.5674394 0.2376267 0.5938365 0.2635486 0.6145707 0.2556456 0.5674394 0.2376267 0.5674394 0.2376267 0.6145707 0.2556456 0.5766268 0.2234952 0.6145707 0.2556456 0.6210431 0.2365934 0.5766268 0.2234952 0.5471294 0.278076 0.5624107 0.2497983 0.5154919 0.2540807 0.5624107 0.2497983 0.5293137 0.2317338 0.5154919 0.2540807 0.5293137 0.2317338 0.5624107 0.2497983 0.5674394 0.2376267 0.5342307 0.2220587 0.5293137 0.2317338 0.5674394 0.2376267 0.5342307 0.2220587 0.5674394 0.2376267 0.5766268 0.2234952 0.5391502 0.2118201 0.5342307 0.2220587 0.5766268 0.2234952 0.4874041 0.2359513 0.5154919 0.2540807 0.5293137 0.2317338 0.5021279 0.2162299 0.4874041 0.2359513 0.5293137 0.2317338 0.5293137 0.2317338 0.5342307 0.2220587 0.5025078 0.2038539 0.5021279 0.2162299 0.5293137 0.2317338 0.5025078 0.2038539 0.4874041 0.2359513 0.4469574 0.2712343 0.5154919 0.2540807 0.4469574 0.2712343 0.494117 0.2863214 0.5154919 0.2540807 0.5154919 0.2540807 0.494117 0.2863214 0.5471294 0.278076 0.5342307 0.2220587 0.5391502 0.2118201 0.5054289 0.1938222 0.5025078 0.2038539 0.5342307 0.2220587 0.5054289 0.1938222 0.4693707 0.310096 0.494117 0.2863214 0.4469574 0.2712343 0.494117 0.2863214 0.4693707 0.310096 0.529603 0.3148034 0.4693707 0.310096 0.5157236 0.3508942 0.529603 0.3148034 0.4693707 0.310096 0.4592664 0.3350967 0.5157236 0.3508942 0.4592664 0.3350967 0.5013706 0.3861373 0.5157236 0.3508942 0.579217 0.3592439 0.5157236 0.3508942 0.5013706 0.3861373 0.579217 0.3592439 0.529603 0.3148034 0.5157236 0.3508942 0.567397 0.42602 0.579217 0.3592439 0.5013706 0.3861373 0.567397 0.42602 0.6492687 0.4432787 0.579217 0.3592439 0.6492687 0.4432787 0.567397 0.42602 0.6466701 0.4972783 0.567397 0.42602 0.5552811 0.4892745 0.6466701 0.4972783 0.5552811 0.4892745 0.567397 0.42602 0.5013706 0.3861373 0.6996274 0.415338 0.6492687 0.4432787 0.6466701 0.4972783 0.6437914 0.3896847 0.6492687 0.4432787 0.6996274 0.415338 0.6492687 0.4432787 0.6437914 0.3896847 0.579217 0.3592439 0.6919419 0.3691138 0.6437914 0.3896847 0.6996274 0.415338 0.7035603 0.4788514 0.6996274 0.415338 0.6466701 0.4972783 0.7035603 0.4788514 0.7652201 0.3404473 0.6996274 0.415338 0.7652201 0.3404473 0.7541526 0.3291265 0.6996274 0.415338 0.6919419 0.3691138 0.6996274 0.415338 0.7541526 0.3291265 0.6394694 0.3537461 0.6437914 0.3896847 0.6919419 0.3691138 0.6394694 0.3537461 0.579217 0.3592439 0.6437914 0.3896847 0.6866016 0.3399536 0.6394694 0.3537461 0.6919419 0.3691138 0.7356562 0.3128457 0.6919419 0.3691138 0.7541526 0.3291265 0.6919419 0.3691138 0.7356562 0.3128457 0.6866016 0.3399536 0.6866016 0.3399536 0.7356562 0.3128457 0.6750649 0.3062676 0.7356562 0.3128457 0.7062975 0.2748082 0.6750649 0.3062676 0.7356562 0.3128457 0.7541526 0.3291265 0.7974463 0.2820757 0.7775771 0.260344 0.7356562 0.3128457 0.7974463 0.2820757 0.7062975 0.2748082 0.7356562 0.3128457 0.7775771 0.260344 0.6380352 0.3150953 0.6394694 0.3537461 0.6866016 0.3399536 0.6750649 0.3062676 0.6380352 0.3150953 0.6866016 0.3399536 0.7366925 0.2261724 0.7062975 0.2748082 0.7775771 0.260344 0.6898799 0.2475474 0.7062975 0.2748082 0.7366925 0.2261724 0.7153094 0.2127782 0.6898799 0.2475474 0.7366925 0.2261724 0.6898799 0.2475474 0.7153094 0.2127782 0.6761048 0.2489403 0.7153094 0.2127782 0.7098151 0.2022801 0.6761048 0.2489403 0.6761048 0.2489403 0.7098151 0.2022801 0.6614961 0.234538 0.7098151 0.2022801 0.7021158 0.195682 0.6614961 0.234538 0.6380352 0.3150953 0.6750649 0.3062676 0.6324061 0.2768315 0.6380352 0.3150953 0.6324061 0.2768315 0.5899775 0.3013216 0.6324061 0.2768315 0.5938365 0.2635486 0.5899775 0.3013216 0.6750649 0.3062676 0.6647596 0.2708901 0.6324061 0.2768315 0.7062975 0.2748082 0.6898799 0.2475474 0.6647596 0.2708901 0.6750649 0.3062676 0.7062975 0.2748082 0.6647596 0.2708901 0.7974463 0.2820757 0.7541526 0.3291265 0.8090062 0.2891842 0.7541526 0.3291265 0.7652201 0.3404473 0.8090062 0.2891842 0.6754022 0.1193422 0.6796326 0.09057593 0.710447 0.1266959 0.7010185 0.1406233 0.6754022 0.1193422 0.710447 0.1266959 0.6417859 0.09198331 0.6796326 0.09057593 0.6754022 0.1193422 0.64847 0.1227232 0.6417859 0.09198331 0.6754022 0.1193422 0.6094245 0.131943 0.6417859 0.09198331 0.64847 0.1227232 0.6250638 0.153772 0.6094245 0.131943 0.64847 0.1227232 0.6796326 0.09057593 0.6918493 0.08658909 0.710447 0.1266959 0.6918493 0.08658909 0.7098633 0.106253 0.710447 0.1266959 0.710447 0.1266959 0.7098633 0.106253 0.7340431 0.1272504 0.7098633 0.106253 0.7323882 0.105408 0.7340431 0.1272504 0.6964571 0.06389027 0.6918493 0.08658909 0.6796326 0.09057593 0.6940554 0.05795454 0.6964571 0.06389027 0.6796326 0.09057593 0.6094245 0.131943 0.6077119 0.1086578 0.6417859 0.09198331 0.6077119 0.1086578 0.6274968 0.08684641 0.6417859 0.09198331 0.5893038 0.1108219 0.6077119 0.1086578 0.6094245 0.131943 0.5862604 0.1337877 0.5893038 0.1108219 0.6094245 0.131943 0.6417859 0.09198331 0.6274968 0.08684641 0.6254096 0.06027191 0.6274968 0.08684641 0.6236157 0.06570726 0.6254096 0.06027191 0.6254096 0.06027191 0.630732 0.06126129 0.6417859 0.09198331 0.7098633 0.106253 0.7131756 0.1035557 0.7323882 0.105408 0.7131756 0.1035557 0.7378717 0.0985223 0.7323882 0.105408 0.6963014 0.08454418 0.7131756 0.1035557 0.7098633 0.106253 0.6918493 0.08658909 0.6963014 0.08454418 0.7098633 0.106253 0.7044447 0.05852997 0.6963014 0.08454418 0.6918493 0.08658909 0.6964571 0.06389027 0.7044447 0.05852997 0.6918493 0.08658909 0.6077119 0.1086578 0.6052549 0.1036297 0.6274968 0.08684641 0.6052549 0.1036297 0.6225591 0.0854038 0.6274968 0.08684641 0.6274968 0.08684641 0.6225591 0.0854038 0.6236157 0.06570726 0.5816388 0.1051405 0.6052549 0.1036297 0.6077119 0.1086578 0.5893038 0.1108219 0.5816388 0.1051405 0.6077119 0.1086578 0.6225591 0.0854038 0.6155444 0.05977356 0.6236157 0.06570726 0.7131756 0.1035557 0.7298595 0.08053815 0.7378717 0.0985223 0.7298595 0.08053815 0.7443575 0.07337915 0.7378717 0.0985223 0.7309712 0.05706924 0.7443575 0.07337915 0.7298595 0.08053815 0.7044447 0.05852997 0.7309712 0.05706924 0.6963014 0.08454418 0.7223424 0.07145214 0.7309712 0.05706924 0.7298595 0.08053815 0.7223424 0.07145214 0.7298595 0.08053815 0.7131756 0.1035557 0.6963014 0.08454418 0.7223424 0.07145214 0.7131756 0.1035557 0.7309712 0.05706924 0.7223424 0.07145214 0.6963014 0.08454418 0.6052549 0.1036297 0.5863112 0.08298951 0.6225591 0.0854038 0.5863112 0.08298951 0.596255 0.0722174 0.6225591 0.0854038 0.6225591 0.0854038 0.596255 0.0722174 0.6155444 0.05977356 0.596255 0.0722174 0.5863112 0.08298951 0.5735227 0.07927954 0.5735227 0.07927954 0.5863112 0.08298951 0.6052549 0.1036297 0.5816388 0.1051405 0.5735227 0.07927954 0.6052549 0.1036297 0.5877542 0.0603432 0.596255 0.0722174 0.5735227 0.07927954 0.596255 0.0722174 0.5877542 0.0603432 0.6155444 0.05977356 0.2905631 0.4549404 0.2700699 0.4532133 0.2610624 0.5162993 0.288092 0.5155256 0.2905631 0.4549404 0.2610624 0.5162993 0.2905631 0.4549404 0.288092 0.5155256 0.3246207 0.4638527 0.288092 0.5155256 0.3193678 0.5191571 0.3246207 0.4638527 0.3246207 0.4638527 0.3193678 0.5191571 0.3500168 0.5242056 0.3609394 0.4756126 0.3246207 0.4638527 0.3500168 0.5242056 0.3246207 0.4638527 0.3609394 0.4756126 0.3701083 0.4234799 0.3297176 0.4096091 0.3246207 0.4638527 0.3701083 0.4234799 0.2905631 0.4549404 0.3246207 0.4638527 0.3297176 0.4096091 0.3297176 0.4096091 0.3701083 0.4234799 0.3450096 0.3231898 0.3701083 0.4234799 0.3993558 0.3383309 0.3450096 0.3231898 0.3450096 0.3231898 0.2942931 0.3074384 0.3297176 0.4096091 0.2942931 0.3074384 0.2860225 0.3980113 0.3297176 0.4096091 0.2860225 0.3980113 0.2905631 0.4549404 0.3297176 0.4096091 0.2700699 0.4532133 0.2905631 0.4549404 0.2860225 0.3980113 0.4129803 0.2675437 0.3450096 0.3231898 0.3993558 0.3383309 0.4178206 0.2721247 0.4129803 0.2675437 0.3993558 0.3383309 0.3008918 0.241097 0.2942931 0.3074384 0.3450096 0.3231898 0.3008918 0.241097 0.2614228 0.2399898 0.2942931 0.3074384 0.2614228 0.2399898 0.2561964 0.2980949 0.2942931 0.3074384 0.2614228 0.2399898 0.192363 0.2323545 0.2561964 0.2980949 0.192363 0.2323545 0.1926606 0.290194 0.2561964 0.2980949 0.3619846 0.2418015 0.3008918 0.241097 0.3450096 0.3231898 0.3450096 0.3231898 0.4129803 0.2675437 0.3619846 0.2418015 0.3124876 0.1795497 0.3008918 0.241097 0.3619846 0.2418015 0.3664482 0.1769048 0.3124876 0.1795497 0.3619846 0.2418015 0.3124876 0.1795497 0.3664482 0.1769048 0.3868231 0.08359605 0.3868231 0.08359605 0.3664482 0.1769048 0.4026349 0.0805785 0.3664482 0.1769048 0.4245678 0.170778 0.4026349 0.0805785 0.3619846 0.2418015 0.4245678 0.170778 0.3664482 0.1769048 0.3747792 0.07743215 0.3124876 0.1795497 0.3868231 0.08359605 0.2545903 0.3848269 0.2860225 0.3980113 0.2942931 0.3074384 0.2561964 0.2980949 0.2545903 0.3848269 0.2942931 0.3074384 0.128052 0.2900379 0.1926606 0.290194 0.192363 0.2323545 0.1288151 0.215488 0.128052 0.2900379 0.192363 0.2323545 0.128052 0.2900379 0.1288151 0.215488 0.07422965 0.2888393 0.1288151 0.215488 0.07223403 0.2041431 0.07422965 0.2888393 0.1288151 0.215488 0.1313356 0.157638 0.07223403 0.2041431 0.1313356 0.157638 0.07821488 0.1444032 0.07223403 0.2041431 0.1248601 0.3820229 0.128052 0.2900379 0.07422965 0.2888393 0.07890796 0.3942447 0.1248601 0.3820229 0.07422965 0.2888393 0.07890796 0.3942447 0.07422965 0.2888393 0.02185189 0.2878467 0.02185189 0.2878467 0.07422965 0.2888393 0.07223403 0.2041431 0.04567813 0.4020665 0.07890796 0.3942447 0.02185189 0.2878467 0.0133903 0.2216197 0.02185189 0.2878467 0.07223403 0.2041431 0.07821488 0.1444032 0.1313356 0.157638 0.07168692 0.08495658 0.1313356 0.157638 0.08727788 0.08228701 0.07168692 0.08495658 0.02911591 0.1272695 0.07821488 0.1444032 0.07168692 0.08495658 0.04531812 0.08206015 0.02911591 0.1272695 0.07168692 0.08495658 0.04531812 0.08206015 0.07168692 0.08495658 0.05837142 0.04282242 0.07168692 0.08495658 0.06955224 0.04605662 0.05837142 0.04282242 0.07223403 0.2041431 0.02733266 0.1925682 0.0133903 0.2216197 0.02733266 0.1925682 0.01310974 0.2023062 0.0133903 0.2216197 0.02911591 0.1272695 0.01902914 0.1626687 0.07821488 0.1444032 0.01902914 0.1626687 0.0319066 0.1764533 0.07821488 0.1444032 0.07890796 0.3942447 0.04567813 0.4020665 0.08740776 0.4747189 0.04567813 0.4020665 0.05859738 0.4826582 0.08740776 0.4747189 0.08740776 0.4747189 0.05859738 0.4826582 0.06964862 0.5340017 0.1361808 0.5422682 0.08740776 0.4747189 0.06964862 0.5340017 0.08740776 0.4747189 0.1361808 0.5422682 0.1231136 0.4719358 0.1361808 0.5422682 0.1711155 0.5305445 0.1231136 0.4719358 0.08375561 0.04278004 0.06955224 0.04605662 0.07168692 0.08495658 0.08727788 0.08228701 0.08375561 0.04278004 0.07168692 0.08495658 0.02733266 0.1925682 0.07223403 0.2041431 0.0319066 0.1764533 0.07223403 0.2041431 0.07821488 0.1444032 0.0319066 0.1764533 0.08740776 0.4747189 0.1231136 0.4719358 0.07890796 0.3942447 0.1231136 0.4719358 0.1248601 0.3820229 0.07890796 0.3942447 0.1926606 0.290194 0.128052 0.2900379 0.1248601 0.3820229 0.1998768 0.3638373 0.1926606 0.290194 0.1248601 0.3820229 0.2561964 0.2980949 0.1926606 0.290194 0.1998768 0.3638373 0.2545903 0.3848269 0.2561964 0.2980949 0.1998768 0.3638373 0.1998768 0.3638373 0.2531687 0.448787 0.2545903 0.3848269 0.2531687 0.448787 0.2700699 0.4532133 0.2545903 0.3848269 0.2545903 0.3848269 0.2700699 0.4532133 0.2860225 0.3980113 0.2531687 0.448787 0.2413319 0.5093721 0.2700699 0.4532133 0.2413319 0.5093721 0.2610624 0.5162993 0.2700699 0.4532133 0.3875226 0.0525816 0.3999878 0.05217516 0.3992949 0.02019429 0.3876642 0.02108842 0.3875226 0.0525816 0.3992949 0.02019429 0.3875226 0.0525816 0.3868231 0.08359605 0.3999878 0.05217516 0.3868231 0.08359605 0.4026349 0.0805785 0.3999878 0.05217516 0.3875226 0.0525816 0.3730356 0.02415192 0.3868231 0.08359605 0.3730356 0.02415192 0.3875226 0.0525816 0.3876642 0.02108842 0.3730356 0.02415192 0.3747792 0.07743215 0.3868231 0.08359605 0.5578312 0.8807758 0.6364763 0.8899225 0.6342387 0.8490961 0.5658596 0.8412214 0.5578312 0.8807758 0.6342387 0.8490961 0.5884494 0.7593625 0.5658596 0.8412214 0.6342387 0.8490961 0.5884494 0.7593625 0.5343601 0.7700445 0.5658596 0.8412214 0.5439685 0.7439805 0.5343601 0.7700445 0.5884494 0.7593625 0.5439685 0.7439805 0.5884494 0.7593625 0.6162583 0.6784554 0.5743401 0.6710066 0.5439685 0.7439805 0.6162583 0.6784554 0.6162583 0.6784554 0.5884494 0.7593625 0.6445019 0.769884 0.6445019 0.769884 0.5884494 0.7593625 0.6342387 0.8490961 0.6609569 0.6947543 0.6162583 0.6784554 0.6445019 0.769884 0.6609569 0.6947543 0.6445019 0.769884 0.6886093 0.7356313 0.6853829 0.7962827 0.6886093 0.7356313 0.6445019 0.769884 0.7465536 0.7539086 0.6886093 0.7356313 0.6853829 0.7962827 0.6923621 0.7008626 0.6886093 0.7356313 0.7465536 0.7539086 0.6923621 0.7008626 0.6609569 0.6947543 0.6886093 0.7356313 0.7431213 0.7051805 0.6923621 0.7008626 0.7465536 0.7539086 0.5071008 0.7243405 0.5343601 0.7700445 0.5439685 0.7439805 0.5439685 0.7439805 0.5743401 0.6710066 0.5071008 0.7243405 0.5743401 0.6710066 0.5440591 0.6598886 0.5071008 0.7243405 0.5071008 0.7243405 0.5440591 0.6598886 0.4649602 0.687841 0.5440591 0.6598886 0.4916867 0.6377553 0.4649602 0.687841 0.5071008 0.7243405 0.4649602 0.687841 0.4635407 0.7894892 0.4649602 0.687841 0.4284251 0.7262561 0.4635407 0.7894892 0.7465536 0.7539086 0.6853829 0.7962827 0.7602522 0.8032743 0.6853829 0.7962827 0.6906991 0.8334751 0.7602522 0.8032743 0.6853829 0.7962827 0.6445019 0.769884 0.6906991 0.8334751 0.6445019 0.769884 0.6342387 0.8490961 0.6906991 0.8334751 0.5071008 0.7243405 0.4635407 0.7894892 0.5103113 0.8351479 0.5343601 0.7700445 0.5071008 0.7243405 0.5103113 0.8351479 0.5343601 0.7700445 0.5103113 0.8351479 0.5658596 0.8412214 0.5006856 0.6182177 0.4916867 0.6377553 0.5440591 0.6598886 0.5538275 0.6361786 0.5006856 0.6182177 0.5440591 0.6598886 0.5339398 0.6117369 0.5006856 0.6182177 0.5538275 0.6361786 0.559453 0.6262693 0.5339398 0.6117369 0.5538275 0.6361786 0.559453 0.6262693 0.5538275 0.6361786 0.5843074 0.6355581 0.5538275 0.6361786 0.583353 0.645289 0.5843074 0.6355581 0.5843074 0.6355581 0.583353 0.645289 0.6302291 0.6402561 0.6347957 0.6162599 0.5843074 0.6355581 0.6302291 0.6402561 0.6347957 0.6162599 0.6302291 0.6402561 0.6725457 0.654195 0.6805198 0.6337538 0.6347957 0.6162599 0.6725457 0.654195 0.6923372 0.6426557 0.6805198 0.6337538 0.6725457 0.654195 0.7016422 0.6673561 0.6923372 0.6426557 0.6725457 0.654195 0.5341688 0.6001383 0.5339398 0.6117369 0.559453 0.6262693 0.5006856 0.6182177 0.5339398 0.6117369 0.5341688 0.6001383 0.566411 0.6168111 0.5341688 0.6001383 0.559453 0.6262693 0.566411 0.6168111 0.559453 0.6262693 0.5843074 0.6355581 0.5864439 0.6277177 0.566411 0.6168111 0.5843074 0.6355581 0.5089315 0.5975865 0.5006856 0.6182177 0.5341688 0.6001383 0.583353 0.645289 0.5538275 0.6361786 0.5743401 0.6710066 0.5538275 0.6361786 0.5440591 0.6598886 0.5743401 0.6710066 0.583353 0.645289 0.5743401 0.6710066 0.6162583 0.6784554 0.6302291 0.6402561 0.583353 0.645289 0.6162583 0.6784554 0.6302291 0.6402561 0.6162583 0.6784554 0.6609569 0.6947543 0.6725457 0.654195 0.6302291 0.6402561 0.6609569 0.6947543 0.6725457 0.654195 0.6609569 0.6947543 0.7016422 0.6673561 0.6609569 0.6947543 0.6923621 0.7008626 0.7016422 0.6673561 0.7016422 0.6673561 0.6923621 0.7008626 0.7421976 0.6919267 0.7016422 0.6673561 0.7421976 0.6919267 0.7275801 0.6694297 0.7122989 0.661265 0.7016422 0.6673561 0.7275801 0.6694297 0.7275801 0.6694297 0.7421976 0.6919267 0.760697 0.6808019 0.7342382 0.6676425 0.7275801 0.6694297 0.760697 0.6808019 0.6923621 0.7008626 0.7431213 0.7051805 0.7421976 0.6919267 0.7179143 0.6577454 0.7122989 0.661265 0.7275801 0.6694297 0.7342382 0.6676425 0.7179143 0.6577454 0.7275801 0.6694297 0.7179143 0.6577454 0.7342382 0.6676425 0.7475056 0.6596125 0.7324835 0.6486192 0.7179143 0.6577454 0.7475056 0.6596125 0.7179143 0.6577454 0.7324835 0.6486192 0.7281645 0.6337128 0.730249 0.6322822 0.7281645 0.6337128 0.7324835 0.6486192 0.7348209 0.6476767 0.730249 0.6322822 0.7324835 0.6486192 0.7281645 0.6337128 0.730249 0.6322822 0.7261359 0.6138634 0.7261359 0.6138634 0.7157145 0.6202918 0.7281645 0.6337128 0.7157145 0.6202918 0.7092226 0.6394702 0.7281645 0.6337128 0.7092226 0.6394702 0.7179143 0.6577454 0.7281645 0.6337128 0.730249 0.6322822 0.7279189 0.6143794 0.7261359 0.6138634 0.7348209 0.6476767 0.7512817 0.6386007 0.730249 0.6322822 0.7512817 0.6386007 0.7463201 0.630624 0.730249 0.6322822 0.730249 0.6322822 0.7463201 0.630624 0.7279189 0.6143794 0.7519599 0.6272439 0.7463201 0.630624 0.7512817 0.6386007 0.7565112 0.634419 0.7519599 0.6272439 0.7512817 0.6386007 0.7519599 0.6272439 0.7451211 0.6113843 0.7463201 0.630624 0.7451211 0.6113843 0.7398576 0.6122546 0.7463201 0.630624 0.7463201 0.630624 0.7398576 0.6122546 0.7279189 0.6143794 0.7470884 0.6578129 0.7348209 0.6476767 0.7324835 0.6486192 0.7475056 0.6596125 0.7470884 0.6578129 0.7324835 0.6486192 0.7512817 0.6386007 0.7348209 0.6476767 0.7470884 0.6578129 0.7565112 0.634419 0.7512817 0.6386007 0.7564173 0.6459835 0.7564173 0.6459835 0.7512817 0.6386007 0.7470884 0.6578129 0.7617412 0.6416217 0.7565112 0.634419 0.7564173 0.6459835 0.7092226 0.6394702 0.7157145 0.6202918 0.6985331 0.6321011 0.6985331 0.6321011 0.6923372 0.6426557 0.7092226 0.6394702 0.6923372 0.6426557 0.7052912 0.6503996 0.7092226 0.6394702 0.7092226 0.6394702 0.7052912 0.6503996 0.7179143 0.6577454 0.7052912 0.6503996 0.7122989 0.661265 0.7179143 0.6577454 0.7016422 0.6673561 0.7122989 0.661265 0.7052912 0.6503996 0.6923372 0.6426557 0.7016422 0.6673561 0.7052912 0.6503996 0.6805198 0.6337538 0.6923372 0.6426557 0.6985331 0.6321011 0.6898794 0.6196367 0.6805198 0.6337538 0.6985331 0.6321011 0.6898794 0.6196367 0.6985331 0.6321011 0.713229 0.6178427 0.6985331 0.6321011 0.7137614 0.6208039 0.713229 0.6178427 0.713229 0.6178427 0.7182751 0.6047778 0.6898794 0.6196367 0.7182751 0.6047778 0.6970711 0.6061537 0.6898794 0.6196367 0.7182751 0.6047778 0.7183796 0.6036419 0.6970711 0.6061537 0.7183796 0.6036419 0.6987584 0.6032863 0.6970711 0.6061537 0.7183796 0.6036419 0.7254568 0.5958938 0.6987584 0.6032863 0.7254568 0.5958938 0.7074985 0.586523 0.6987584 0.6032863 0.7127138 0.5819474 0.7074985 0.586523 0.7254568 0.5958938 0.7290798 0.5898257 0.7127138 0.5819474 0.7254568 0.5958938 0.672579 0.6070059 0.6898794 0.6196367 0.6970711 0.6061537 0.6898794 0.6196367 0.672579 0.6070059 0.6805198 0.6337538 0.6838016 0.5967558 0.672579 0.6070059 0.6970711 0.6061537 0.6970711 0.6061537 0.6987584 0.6032863 0.6838016 0.5967558 0.672579 0.6070059 0.6838016 0.5967558 0.6753218 0.5864582 0.679105 0.5841807 0.6753218 0.5864582 0.6838016 0.5967558 0.68613 0.5945269 0.679105 0.5841807 0.6838016 0.5967558 0.6987584 0.6032863 0.68613 0.5945269 0.6838016 0.5967558 0.6987584 0.6032863 0.7074985 0.586523 0.68613 0.5945269 0.6753218 0.5864582 0.679105 0.5841807 0.681732 0.5597285 0.679105 0.5841807 0.6830596 0.5596814 0.681732 0.5597285 0.6968719 0.5767084 0.679105 0.5841807 0.68613 0.5945269 0.679105 0.5841807 0.6968719 0.5767084 0.6830596 0.5596814 0.7023984 0.5817316 0.6968719 0.5767084 0.68613 0.5945269 0.7074985 0.586523 0.7023984 0.5817316 0.68613 0.5945269 0.6968719 0.5767084 0.691658 0.55541 0.6830596 0.5596814 0.6968719 0.5767084 0.7018029 0.572057 0.691658 0.55541 0.6968719 0.5767084 0.7023984 0.5817316 0.7018029 0.572057 0.7018029 0.572057 0.6975212 0.5529149 0.691658 0.55541 0.681732 0.5597285 0.6696548 0.560947 0.6753218 0.5864582 0.6696548 0.560947 0.658064 0.58851 0.6753218 0.5864582 0.658064 0.58851 0.672579 0.6070059 0.6753218 0.5864582 0.6475479 0.5714364 0.658064 0.58851 0.6696548 0.560947 0.6629858 0.5519164 0.6475479 0.5714364 0.6696548 0.560947 0.6629858 0.5519164 0.6629487 0.5514317 0.6475479 0.5714364 0.6629487 0.5514317 0.6456546 0.5644286 0.6475479 0.5714364 0.6404395 0.5419645 0.6456546 0.5644286 0.6629487 0.5514317 0.6601203 0.5362181 0.6404395 0.5419645 0.6629487 0.5514317 0.658064 0.58851 0.6475479 0.5714364 0.6350611 0.594383 0.6475479 0.5714364 0.6332061 0.573812 0.6350611 0.594383 0.6475479 0.5714364 0.6456546 0.5644286 0.6332061 0.573812 0.6350611 0.594383 0.6332061 0.573812 0.6097115 0.5881609 0.6332061 0.573812 0.6181062 0.5706226 0.6097115 0.5881609 0.5917742 0.5671236 0.6097115 0.5881609 0.6181062 0.5706226 0.5964728 0.5557137 0.5917742 0.5671236 0.6181062 0.5706226 0.618977 0.5642258 0.6181062 0.5706226 0.6332061 0.573812 0.6181062 0.5706226 0.618977 0.5642258 0.5964728 0.5557137 0.6328489 0.5666831 0.618977 0.5642258 0.6332061 0.573812 0.6456546 0.5644286 0.6328489 0.5666831 0.6332061 0.573812 0.6456546 0.5644286 0.6404395 0.5419645 0.6328489 0.5666831 0.6328489 0.5666831 0.6309971 0.5421212 0.618977 0.5642258 0.6404395 0.5419645 0.6309971 0.5421212 0.6328489 0.5666831 0.6309971 0.5421212 0.6217103 0.5422645 0.618977 0.5642258 0.6217103 0.5422645 0.6007729 0.5378495 0.618977 0.5642258 0.6007729 0.5378495 0.5977028 0.5538981 0.618977 0.5642258 0.618977 0.5642258 0.5977028 0.5538981 0.5964728 0.5557137 0.6219294 0.5366969 0.6217103 0.5422645 0.6309971 0.5421212 0.6307045 0.5361683 0.6219294 0.5366969 0.6309971 0.5421212 0.6039539 0.5310465 0.6007729 0.5378495 0.6217103 0.5422645 0.6219294 0.5366969 0.6039539 0.5310465 0.6217103 0.5422645 0.6307045 0.5361683 0.6309971 0.5421212 0.6397868 0.5352798 0.6309971 0.5421212 0.6404395 0.5419645 0.6397868 0.5352798 0.6397868 0.5352798 0.6404395 0.5419645 0.6571565 0.5291431 0.6404395 0.5419645 0.6601203 0.5362181 0.6571565 0.5291431 0.6307045 0.5361683 0.6397868 0.5352798 0.635412 0.5206528 0.6304628 0.5191679 0.6307045 0.5361683 0.635412 0.5206528 0.635412 0.5206528 0.6419689 0.51263 0.6304628 0.5191679 0.6397868 0.5352798 0.6571565 0.5291431 0.6419689 0.51263 0.635412 0.5206528 0.6397868 0.5352798 0.6419689 0.51263 0.6419689 0.51263 0.6295926 0.5025123 0.6304628 0.5191679 0.6295926 0.5025123 0.6193106 0.5139521 0.6304628 0.5191679 0.6193106 0.5139521 0.6039539 0.5310465 0.6219294 0.5366969 0.6193106 0.5139521 0.6263134 0.5201162 0.6304628 0.5191679 0.6263134 0.5201162 0.6219294 0.5366969 0.6307045 0.5361683 0.6304628 0.5191679 0.6263134 0.5201162 0.6307045 0.5361683 0.6263134 0.5201162 0.6193106 0.5139521 0.6219294 0.5366969 0.3628662 0.8454537 0.3521748 0.8619059 0.3720507 0.8647331 0.3762136 0.8530838 0.3628662 0.8454537 0.3720507 0.8647331 0.3720507 0.8647331 0.3521748 0.8619059 0.3693894 0.8956263 0.3869559 0.8725137 0.3720507 0.8647331 0.3693894 0.8956263 0.3720507 0.8647331 0.3869559 0.8725137 0.3762136 0.8530838 0.3628662 0.8454537 0.3762136 0.8530838 0.3938472 0.8488479 0.3869559 0.8725137 0.3938472 0.8488479 0.3762136 0.8530838 0.3900647 0.8374799 0.3628662 0.8454537 0.3938472 0.8488479 0.3938472 0.8488479 0.4075733 0.8569576 0.3900647 0.8374799 0.3938472 0.8488479 0.3869559 0.8725137 0.4075733 0.8569576 0.4075733 0.8569576 0.4089187 0.8449125 0.3900647 0.8374799 0.4127894 0.8431304 0.4089187 0.8449125 0.4075733 0.8569576 0.4130724 0.8654272 0.4127894 0.8431304 0.4075733 0.8569576 0.3693894 0.8956263 0.4059829 0.9015155 0.3869559 0.8725137 0.4059829 0.9015155 0.4059746 0.8779715 0.3869559 0.8725137 0.3869559 0.8725137 0.4059746 0.8779715 0.4075733 0.8569576 0.4130724 0.8654272 0.4075733 0.8569576 0.4059746 0.8779715 0.4153501 0.8805262 0.4059746 0.8779715 0.4059829 0.9015155 0.4153501 0.8805262 0.4130724 0.8654272 0.4059746 0.8779715 0.4223383 0.900474 0.4153501 0.8805262 0.4059829 0.9015155 0.4204677 0.3054515 0.4488212 0.3468453 0.4592664 0.3350967 0.4270097 0.2928393 0.4204677 0.3054515 0.4592664 0.3350967 0.4592664 0.3350967 0.4693707 0.310096 0.4270097 0.2928393 0.4693707 0.310096 0.4469574 0.2712343 0.4270097 0.2928393 0.4488212 0.3468453 0.4842941 0.448813 0.4592664 0.3350967 0.4842941 0.448813 0.5013706 0.3861373 0.4592664 0.3350967 0.4842941 0.448813 0.5552811 0.4892745 0.5013706 0.3861373 0.2189269 0.6930569 0.2789834 0.7505834 0.2937486 0.7250939 0.2355207 0.666421 0.2189269 0.6930569 0.2937486 0.7250939 0.2189269 0.6930569 0.2355207 0.666421 0.2153692 0.6506944 0.1929846 0.677792 0.2189269 0.6930569 0.2153692 0.6506944 0.1929846 0.677792 0.2153692 0.6506944 0.1789625 0.637807 0.2153692 0.6506944 0.1938818 0.6145826 0.1789625 0.637807 0.1789625 0.637807 0.1938818 0.6145826 0.1073128 0.5976262 0.121876 0.6528288 0.1789625 0.637807 0.1073128 0.5976262 0.6495257 0.03534257 0.670039 0.03510183 0.6663702 0.05150318 0.6536295 0.05138432 0.6495257 0.03534257 0.6663702 0.05150318 0.6536295 0.05138432 0.6663702 0.05150318 0.67457 0.08116328 0.6465384 0.08133643 0.6536295 0.05138432 0.67457 0.08116328 0.6495257 0.03534257 0.6536295 0.05138432 0.6465384 0.08133643 0.6465384 0.08133643 0.67457 0.08116328 0.6746003 0.08478724 0.6465084 0.08504509 0.6465384 0.08133643 0.6746003 0.08478724 0.6465084 0.08504509 0.6746003 0.08478724 0.6796326 0.09057593 0.6417859 0.09198331 0.6465084 0.08504509 0.6796326 0.09057593 0.630732 0.06126129 0.6465084 0.08504509 0.6417859 0.09198331 0.6796326 0.09057593 0.6746003 0.08478724 0.6940554 0.05795454 0.6746003 0.08478724 0.6888039 0.05945748 0.6940554 0.05795454 0.6746003 0.08478724 0.67457 0.08116328 0.6888039 0.05945748 0.6329468 0.05358862 0.6465384 0.08133643 0.6465084 0.08504509 0.630732 0.06126129 0.6329468 0.05358862 0.6465084 0.08504509 0.6329468 0.05358862 0.6495257 0.03534257 0.6465384 0.08133643 0.67457 0.08116328 0.6860975 0.05195933 0.6888039 0.05945748 0.6663702 0.05150318 0.670039 0.03510183 0.6860975 0.05195933 0.67457 0.08116328 0.6663702 0.05150318 0.6860975 0.05195933 0.6314368 0.224361 0.645435 0.2107834 0.648696 0.2066463 0.6132432 0.2267057 0.6314368 0.224361 0.648696 0.2066463 0.6314368 0.224361 0.6327641 0.2306509 0.645435 0.2107834 0.6327641 0.2306509 0.6517568 0.2125282 0.645435 0.2107834 0.6327641 0.2306509 0.6485267 0.2390384 0.6517568 0.2125282 0.6485267 0.2390384 0.6584646 0.2297187 0.6517568 0.2125282 0.648696 0.2066463 0.6311042 0.2027338 0.6132432 0.2267057 0.6311042 0.2027338 0.6214416 0.2179541 0.6132432 0.2267057 0.6357778 0.1820377 0.6311042 0.2027338 0.648696 0.2066463 0.6535859 0.1824479 0.6357778 0.1820377 0.648696 0.2066463 0.648696 0.2066463 0.6543149 0.2036344 0.6535859 0.1824479 0.6543149 0.2036344 0.6575101 0.1872975 0.6535859 0.1824479 0.6543149 0.2036344 0.6593651 0.2077251 0.6575101 0.1872975 0.6593651 0.2077251 0.663591 0.1853989 0.6575101 0.1872975 0.6593651 0.2077251 0.6767523 0.2051194 0.663591 0.1853989 0.6767523 0.2051194 0.6783785 0.1926734 0.663591 0.1853989 0.6320261 0.1667245 0.6357778 0.1820377 0.6535859 0.1824479 0.6281175 0.156827 0.6320261 0.1667245 0.6535859 0.1824479 0.6357778 0.1820377 0.6320261 0.1667245 0.6281175 0.156827 0.6535859 0.1824479 0.6510276 0.177545 0.6281175 0.156827 0.6510276 0.177545 0.6443734 0.1612245 0.6281175 0.156827 0.6510276 0.177545 0.6579158 0.1784636 0.6443734 0.1612245 0.6579158 0.1784636 0.6485337 0.1559349 0.6443734 0.1612245 0.6579158 0.1784636 0.6710845 0.1662266 0.6485337 0.1559349 0.6710845 0.1662266 0.6664859 0.1551397 0.6485337 0.1559349 0.618393 0.1811306 0.6357778 0.1820377 0.6281175 0.156827 0.6281175 0.156827 0.60383 0.1679084 0.618393 0.1811306 0.584601 0.1637811 0.60383 0.1679084 0.6281175 0.156827 0.6055374 0.178736 0.60383 0.1679084 0.584601 0.1637811 0.60383 0.1679084 0.6055374 0.178736 0.618393 0.1811306 0.5704635 0.1848528 0.6055374 0.178736 0.584601 0.1637811 0.577483 0.1543791 0.584601 0.1637811 0.6281175 0.156827 0.5704635 0.1848528 0.584601 0.1637811 0.577483 0.1543791 0.5583899 0.1832588 0.5704635 0.1848528 0.577483 0.1543791 0.5776491 0.2071155 0.5704635 0.1848528 0.5583899 0.1832588 0.5776491 0.2071155 0.5938218 0.2105289 0.5704635 0.1848528 0.5938218 0.2105289 0.6021183 0.1986928 0.5704635 0.1848528 0.6021183 0.1986928 0.6055374 0.178736 0.5704635 0.1848528 0.5712093 0.2176719 0.5776491 0.2071155 0.5583899 0.1832588 0.5938218 0.2105289 0.5776491 0.2071155 0.5712093 0.2176719 0.6132432 0.2267057 0.5938218 0.2105289 0.5712093 0.2176719 0.6021183 0.1986928 0.5938218 0.2105289 0.6132432 0.2267057 0.6133754 0.2012572 0.6021183 0.1986928 0.6132432 0.2267057 0.6055374 0.178736 0.6021183 0.1986928 0.6133754 0.2012572 0.618393 0.1811306 0.6055374 0.178736 0.6133754 0.2012572 0.6133754 0.2012572 0.6311042 0.2027338 0.618393 0.1811306 0.6311042 0.2027338 0.6357778 0.1820377 0.618393 0.1811306 0.6214416 0.2179541 0.6311042 0.2027338 0.6133754 0.2012572 0.6132432 0.2267057 0.6214416 0.2179541 0.6133754 0.2012572 0.4876669 0.02039283 0.4877758 0.007141113 0.4499401 0.01711964 0.4667997 0.02844154 0.4876669 0.02039283 0.4499401 0.01711964 0.4877758 0.007141113 0.4876669 0.02039283 0.5122673 0.01173698 0.4876669 0.02039283 0.5099561 0.0288949 0.5122673 0.01173698 0.5099561 0.0288949 0.53193 0.03197026 0.5122673 0.01173698 0.53193 0.03197026 0.541378 0.005451738 0.5122673 0.01173698 0.5099561 0.0288949 0.4876669 0.02039283 0.4782353 0.04352283 0.4876669 0.02039283 0.4667997 0.02844154 0.4782353 0.04352283 0.503088 0.05969089 0.5099561 0.0288949 0.4782353 0.04352283 0.5267882 0.05675828 0.53193 0.03197026 0.5099561 0.0288949 0.503088 0.05969089 0.5267882 0.05675828 0.5099561 0.0288949 0.4667997 0.02844154 0.4584167 0.04829305 0.4782353 0.04352283 0.4584167 0.04829305 0.4667997 0.02844154 0.4499401 0.01711964 0.4326673 0.03931361 0.4584167 0.04829305 0.4499401 0.01711964 0.4584167 0.04829305 0.4326673 0.03931361 0.4258213 0.05262988 0.442316 0.06457084 0.4584167 0.04829305 0.4258213 0.05262988 0.4584167 0.04829305 0.442316 0.06457084 0.4564582 0.07404887 0.4724961 0.0613231 0.4584167 0.04829305 0.4564582 0.07404887 0.4782353 0.04352283 0.4724961 0.0613231 0.503088 0.05969089 0.4584167 0.04829305 0.4724961 0.0613231 0.4782353 0.04352283 0.4258213 0.05262988 0.4226973 0.05717253 0.442316 0.06457084 0.4226973 0.05717253 0.4394067 0.06727123 0.442316 0.06457084 0.442316 0.06457084 0.4394067 0.06727123 0.4564582 0.07404887 0.4226973 0.05717253 0.413935 0.0713365 0.4394067 0.06727123 0.413935 0.0713365 0.4320077 0.07491463 0.4394067 0.06727123 0.4286541 0.08009898 0.4320077 0.07491463 0.413935 0.0713365 0.4136189 0.07515674 0.4286541 0.08009898 0.413935 0.0713365 0.4724961 0.0613231 0.4564582 0.07404887 0.46462 0.08789253 0.4602522 0.08796739 0.46462 0.08789253 0.4564582 0.07404887 0.4543037 0.07661902 0.4602522 0.08796739 0.4564582 0.07404887 0.4394067 0.06727123 0.4543037 0.07661902 0.4564582 0.07404887 0.4394067 0.06727123 0.4320077 0.07491463 0.4543037 0.07661902 0.4524479 0.09760463 0.4602522 0.08796739 0.4543037 0.07661902 0.4461135 0.08273708 0.4524479 0.09760463 0.4543037 0.07661902 0.4320077 0.07491463 0.4461135 0.08273708 0.4543037 0.07661902 0.4812072 0.07372277 0.4724961 0.0613231 0.46462 0.08789253 0.4461135 0.08273708 0.4394391 0.08913165 0.4524479 0.09760463 0.4320077 0.07491463 0.4286541 0.08009898 0.4394391 0.08913165 0.4461135 0.08273708 0.4320077 0.07491463 0.4394391 0.08913165 0.4394391 0.08913165 0.4286541 0.08009898 0.4204185 0.09280663 0.4184339 0.1042283 0.4394391 0.08913165 0.4204185 0.09280663 0.4394391 0.08913165 0.4184339 0.1042283 0.4333613 0.1066794 0.4456431 0.100698 0.4394391 0.08913165 0.4333613 0.1066794 0.4394391 0.08913165 0.4456431 0.100698 0.4524479 0.09760463 0.4286541 0.08009898 0.4136189 0.07515674 0.4138466 0.08833026 0.4204185 0.09280663 0.4286541 0.08009898 0.4138466 0.08833026 0.4812072 0.07372277 0.4744574 0.09279924 0.4925698 0.09695237 0.4980998 0.07967036 0.4812072 0.07372277 0.4925698 0.09695237 0.5133348 0.0848428 0.4980998 0.07967036 0.4925698 0.09695237 0.508833 0.104961 0.5133348 0.0848428 0.4925698 0.09695237 0.5027301 0.1076551 0.508833 0.104961 0.4925698 0.09695237 0.4907283 0.101931 0.5027301 0.1076551 0.4925698 0.09695237 0.4907283 0.101931 0.4864424 0.1158033 0.5027301 0.1076551 0.4864424 0.1158033 0.501972 0.1258361 0.5027301 0.1076551 0.4782264 0.09931254 0.4907283 0.101931 0.4925698 0.09695237 0.4744574 0.09279924 0.4782264 0.09931254 0.4925698 0.09695237 0.4693393 0.1165425 0.4864424 0.1158033 0.4907283 0.101931 0.4782264 0.09931254 0.4693393 0.1165425 0.4907283 0.101931 0.4864424 0.1158033 0.4834451 0.1253256 0.501972 0.1258361 0.4864424 0.1158033 0.4693393 0.1165425 0.4834451 0.1253256 0.4834451 0.1253256 0.4984467 0.1317212 0.501972 0.1258361 0.4880583 0.1500612 0.4984467 0.1317212 0.4834451 0.1253256 0.4758616 0.1550523 0.4880583 0.1500612 0.4834451 0.1253256 0.4758616 0.1550523 0.4834451 0.1253256 0.4686254 0.1454686 0.4834451 0.1253256 0.4695948 0.1238848 0.4686254 0.1454686 0.4693393 0.1165425 0.4695948 0.1238848 0.4834451 0.1253256 0.5133348 0.0848428 0.503088 0.05969089 0.4980998 0.07967036 0.5238051 0.07799309 0.503088 0.05969089 0.5133348 0.0848428 0.534229 0.09627181 0.5238051 0.07799309 0.5133348 0.0848428 0.5382843 0.0758363 0.5238051 0.07799309 0.534229 0.09627181 0.553684 0.09306067 0.5382843 0.0758363 0.534229 0.09627181 0.5517635 0.09639042 0.553684 0.09306067 0.534229 0.09627181 0.5357487 0.09807842 0.5517635 0.09639042 0.534229 0.09627181 0.5617304 0.1078471 0.5517635 0.09639042 0.5357487 0.09807842 0.5431126 0.1136964 0.5617304 0.1078471 0.5357487 0.09807842 0.5240845 0.1103827 0.5357487 0.09807842 0.534229 0.09627181 0.5431126 0.1136964 0.5357487 0.09807842 0.5240845 0.1103827 0.5194204 0.1106029 0.5240845 0.1103827 0.534229 0.09627181 0.5194204 0.1106029 0.534229 0.09627181 0.5133348 0.0848428 0.5272743 0.1231992 0.5431126 0.1136964 0.5240845 0.1103827 0.5431126 0.1136964 0.5463665 0.12068 0.5617304 0.1078471 0.5463665 0.12068 0.5622757 0.1142536 0.5617304 0.1078471 0.5654036 0.1372824 0.5622757 0.1142536 0.5463665 0.12068 0.5601524 0.1472275 0.5654036 0.1372824 0.5463665 0.12068 0.5601524 0.1472275 0.5463665 0.12068 0.5493767 0.1445251 0.5463665 0.12068 0.5324114 0.1279647 0.5493767 0.1445251 0.5324114 0.1279647 0.5463665 0.12068 0.5431126 0.1136964 0.5272743 0.1231992 0.5324114 0.1279647 0.5431126 0.1136964 0.5382843 0.0758363 0.5267882 0.05675828 0.5238051 0.07799309 0.5267882 0.05675828 0.503088 0.05969089 0.5238051 0.07799309 0.5382843 0.0758363 0.5399599 0.06740838 0.5267882 0.05675828 0.5267882 0.05675828 0.5399599 0.06740838 0.5446987 0.0624969 0.5352337 0.04986983 0.5267882 0.05675828 0.5446987 0.0624969 0.5352337 0.04986983 0.5446987 0.0624969 0.558475 0.05946922 0.5533082 0.04476797 0.5352337 0.04986983 0.558475 0.05946922 0.5352337 0.04986983 0.5533082 0.04476797 0.551559 0.03167492 0.5556069 0.03162765 0.551559 0.03167492 0.5533082 0.04476797 0.551559 0.03167492 0.5556069 0.03162765 0.557408 0.008190512 0.551559 0.03167492 0.557408 0.008190512 0.541378 0.005451738 0.53193 0.03197026 0.551559 0.03167492 0.541378 0.005451738 0.53193 0.03197026 0.5352337 0.04986983 0.551559 0.03167492 0.53193 0.03197026 0.5267882 0.05675828 0.5352337 0.04986983 0.5556069 0.03162765 0.5578395 0.01011568 0.557408 0.008190512 0.5558404 0.04482752 0.5556069 0.03162765 0.5533082 0.04476797 0.5556069 0.03162765 0.5701789 0.02739244 0.5578395 0.01011568 0.5701789 0.02739244 0.5556069 0.03162765 0.5558404 0.04482752 0.5701789 0.02739244 0.5725911 0.006566941 0.5578395 0.01011568 0.5805696 0.007679939 0.5725911 0.006566941 0.5701789 0.02739244 0.5725318 0.02710247 0.5805696 0.007679939 0.5701789 0.02739244 0.5725318 0.02710247 0.5701789 0.02739244 0.5691273 0.04376477 0.5691273 0.04376477 0.5701789 0.02739244 0.5558404 0.04482752 0.5775578 0.0428034 0.5725318 0.02710247 0.5691273 0.04376477 0.560279 0.0581941 0.5558404 0.04482752 0.5533082 0.04476797 0.558475 0.05946922 0.560279 0.0581941 0.5533082 0.04476797 0.5691273 0.04376477 0.5558404 0.04482752 0.560279 0.0581941 0.5827563 0.05851364 0.5775578 0.0428034 0.5691273 0.04376477 0.5756168 0.06123393 0.5827563 0.05851364 0.5691273 0.04376477 0.5756168 0.06123393 0.5691273 0.04376477 0.560279 0.0581941 0.5775578 0.0428034 0.5827563 0.05851364 0.6035279 0.0418272 0.6009457 0.03447163 0.5775578 0.0428034 0.6035279 0.0418272 0.6009457 0.03447163 0.6035279 0.0418272 0.6089049 0.02368801 0.6035279 0.0418272 0.6128768 0.03332018 0.6089049 0.02368801 0.5937132 0.02903884 0.6009457 0.03447163 0.6089049 0.02368801 0.5937132 0.02903884 0.5725318 0.02710247 0.5775578 0.0428034 0.6009457 0.03447163 0.5937132 0.02903884 0.5775578 0.0428034 0.5805696 0.007679939 0.5725318 0.02710247 0.5937132 0.02903884 0.5964943 0.02018046 0.5937132 0.02903884 0.6089049 0.02368801 0.5964943 0.02018046 0.5805696 0.007679939 0.5937132 0.02903884 0.5303155 0.5843237 0.5332616 0.5962409 0.5415318 0.5984175 0.5453909 0.5922757 0.5303155 0.5843237 0.5415318 0.5984175 0.5447469 0.5788636 0.5303155 0.5843237 0.5453909 0.5922757 0.5487041 0.5872455 0.5447469 0.5788636 0.5453909 0.5922757 0.5453909 0.5922757 0.5569134 0.5973314 0.5487041 0.5872455 0.5453909 0.5922757 0.5415318 0.5984175 0.5569134 0.5973314 0.5569134 0.5973314 0.5601195 0.588522 0.5487041 0.5872455 0.5569134 0.5973314 0.5614577 0.5983098 0.5601195 0.588522 0.5614577 0.5983098 0.5640296 0.5892136 0.5601195 0.588522 0.5601195 0.588522 0.5640296 0.5892136 0.5578899 0.5745983 0.5487041 0.5872455 0.5601195 0.588522 0.5578899 0.5745983 0.5447469 0.5788636 0.5487041 0.5872455 0.5578899 0.5745983 0.5640296 0.5892136 0.5652772 0.5732786 0.5578899 0.5745983 0.5652772 0.5732786 0.5640296 0.5892136 0.5762176 0.5730399 0.5640296 0.5892136 0.5804405 0.5890212 0.5762176 0.5730399 0.5762176 0.5730399 0.5804405 0.5890212 0.5874155 0.5879889 0.5759516 0.5707221 0.5762176 0.5730399 0.5874155 0.5879889 0.5759516 0.5707221 0.5874155 0.5879889 0.5917742 0.5671236 0.5874155 0.5879889 0.6097115 0.5881609 0.5917742 0.5671236 0.6097115 0.5881609 0.5874155 0.5879889 0.5993695 0.6067389 0.5874155 0.5879889 0.5842539 0.6012822 0.5993695 0.6067389 0.5874155 0.5879889 0.5804405 0.5890212 0.5842539 0.6012822 0.5842539 0.6012822 0.5749809 0.6160544 0.5993695 0.6067389 0.5749809 0.6160544 0.5864439 0.6277177 0.5993695 0.6067389 0.5751903 0.6120984 0.5749809 0.6160544 0.5842539 0.6012822 0.5806449 0.6007228 0.5751903 0.6120984 0.5842539 0.6012822 0.5804405 0.5890212 0.5806449 0.6007228 0.5842539 0.6012822 0.5640296 0.5892136 0.5614577 0.5983098 0.5806449 0.6007228 0.5804405 0.5890212 0.5640296 0.5892136 0.5806449 0.6007228 0.5591191 0.6073316 0.5751903 0.6120984 0.5806449 0.6007228 0.5614577 0.5983098 0.5591191 0.6073316 0.5806449 0.6007228 0.5614577 0.5983098 0.5569134 0.5973314 0.5591191 0.6073316 0.5569134 0.5973314 0.5538303 0.6058714 0.5591191 0.6073316 0.5415318 0.5984175 0.5538303 0.6058714 0.5569134 0.5973314 0.6097115 0.5881609 0.5993695 0.6067389 0.6347957 0.6162599 0.5993695 0.6067389 0.5843074 0.6355581 0.6347957 0.6162599 0.5864439 0.6277177 0.5843074 0.6355581 0.5993695 0.6067389 0.6097115 0.5881609 0.6347957 0.6162599 0.6350611 0.594383 0.658064 0.58851 0.6350611 0.594383 0.6347957 0.6162599 0.658064 0.58851 0.6347957 0.6162599 0.672579 0.6070059 0.672579 0.6070059 0.6347957 0.6162599 0.6805198 0.6337538 0.7350242 0.5524774 0.7214313 0.5504102 0.7182341 0.5611349 0.7223434 0.5628144 0.7350242 0.5524774 0.7182341 0.5611349 0.7223434 0.5628144 0.7182341 0.5611349 0.7072241 0.5775021 0.7182341 0.5611349 0.7018029 0.572057 0.7072241 0.5775021 0.7223434 0.5628144 0.7072241 0.5775021 0.7242462 0.567763 0.7350242 0.5524774 0.7223434 0.5628144 0.7242462 0.567763 0.7072241 0.5775021 0.7127138 0.5819474 0.7242462 0.567763 0.7352408 0.5664775 0.7350242 0.5524774 0.7242462 0.567763 0.7023984 0.5817316 0.7072241 0.5775021 0.7018029 0.572057 0.7074985 0.586523 0.7127138 0.5819474 0.7072241 0.5775021 0.7023984 0.5817316 0.7074985 0.586523 0.7072241 0.5775021 0.6975212 0.5529149 0.7018029 0.572057 0.7182341 0.5611349 0.7214313 0.5504102 0.6975212 0.5529149 0.7182341 0.5611349 0.7242462 0.567763 0.7127138 0.5819474 0.7290798 0.5898257 0.7352408 0.5664775 0.7242462 0.567763 0.7290798 0.5898257 0.1971441 0.1814832 0.1313356 0.157638 0.1288151 0.215488 0.192363 0.2323545 0.1971441 0.1814832 0.1288151 0.215488 0.192363 0.2323545 0.2614228 0.2399898 0.1971441 0.1814832 0.2614228 0.2399898 0.2684348 0.1866143 0.1971441 0.1814832 0.2614228 0.2399898 0.3008918 0.241097 0.2684348 0.1866143 0.3008918 0.241097 0.3124876 0.1795497 0.2684348 0.1866143 0.494117 0.2863214 0.529603 0.3148034 0.5471294 0.278076 0.7157145 0.6202918 0.7137614 0.6208039 0.6985331 0.6321011 0.7565112 0.634419 0.7617412 0.6416217 0.7761116 0.6314702 0.7732299 0.6225168 0.7565112 0.634419 0.7761116 0.6314702 0.7732299 0.6225168 0.766646 0.6178445 0.7565112 0.634419 0.766646 0.6178445 0.7519599 0.6272439 0.7565112 0.634419 0.766646 0.6178445 0.7663726 0.6087439 0.7519599 0.6272439 0.7663726 0.6087439 0.7451211 0.6113843 0.7519599 0.6272439 0.1826121 0.4162337 0.1826272 0.3966952 0.2057253 0.4051852 0.2029024 0.4217161 0.1826121 0.4162337 0.2057253 0.4051852 0.2057253 0.4051852 0.1826272 0.3966952 0.1826339 0.3894704 0.2142761 0.4048311 0.2057253 0.4051852 0.1826339 0.3894704 0.2029024 0.4217161 0.2057253 0.4051852 0.2142761 0.4048311 0.2142761 0.4048311 0.1826339 0.3894704 0.182637 0.384957 0.2178453 0.4017129 0.2142761 0.4048311 0.182637 0.384957 0.2215994 0.4374686 0.2142761 0.4048311 0.2178453 0.4017129 0.2215994 0.4374686 0.2029024 0.4217161 0.2142761 0.4048311 0.2304452 0.4413838 0.2215994 0.4374686 0.2178453 0.4017129 0.2057545 0.4686174 0.2215994 0.4374686 0.2304452 0.4413838 0.2170978 0.4946515 0.2057545 0.4686174 0.2304452 0.4413838 0.1825675 0.4768624 0.2057545 0.4686174 0.2170978 0.4946515 0.1825434 0.5092151 0.1825675 0.4768624 0.2170978 0.4946515 0.1825675 0.4768624 0.1825929 0.4426167 0.2057545 0.4686174 0.1825929 0.4426167 0.2012517 0.4416975 0.2057545 0.4686174 0.2012517 0.4416975 0.2029024 0.4217161 0.2215994 0.4374686 0.2057545 0.4686174 0.2012517 0.4416975 0.2215994 0.4374686 0.1826121 0.4162337 0.2029024 0.4217161 0.2012517 0.4416975 0.1825929 0.4426167 0.1826121 0.4162337 0.2012517 0.4416975 0.1826272 0.3966952 0.1826121 0.4162337 0.1595152 0.4051486 0.1826272 0.3966952 0.1595152 0.4051486 0.1826339 0.3894704 0.1826121 0.4162337 0.1623141 0.4216853 0.1595152 0.4051486 0.1825675 0.4768624 0.1825434 0.5092151 0.1480106 0.4945997 0.1593925 0.4685829 0.1825675 0.4768624 0.1480106 0.4945997 0.1825929 0.4426167 0.1825675 0.4768624 0.1593925 0.4685829 0.1826339 0.3894704 0.1509659 0.4047805 0.182637 0.384957 0.1595152 0.4051486 0.1509659 0.4047805 0.1826339 0.3894704 0.1595152 0.4051486 0.1623141 0.4216853 0.1509659 0.4047805 0.1509659 0.4047805 0.1474021 0.4016583 0.182637 0.384957 0.1509659 0.4047805 0.1435945 0.4374094 0.1474021 0.4016583 0.1623141 0.4216853 0.1435945 0.4374094 0.1509659 0.4047805 0.1435945 0.4374094 0.1347433 0.4413114 0.1474021 0.4016583 0.1593925 0.4685829 0.1480106 0.4945997 0.1347433 0.4413114 0.1435945 0.4374094 0.1593925 0.4685829 0.1347433 0.4413114 0.1639356 0.44167 0.1825929 0.4426167 0.1593925 0.4685829 0.1639356 0.44167 0.1593925 0.4685829 0.1435945 0.4374094 0.1623141 0.4216853 0.1639356 0.44167 0.1435945 0.4374094 0.1826121 0.4162337 0.1825929 0.4426167 0.1639356 0.44167 0.1623141 0.4216853 0.1826121 0.4162337 0.1639356 0.44167 0.497193 0.8774237 0.5103113 0.8351479 0.4635407 0.7894892 0.4254289 0.8131304 0.497193 0.8774237 0.4635407 0.7894892 0.4254289 0.8131304 0.4635407 0.7894892 0.4000714 0.7374592 0.4635407 0.7894892 0.4284251 0.7262561 0.4000714 0.7374592 0.497193 0.8774237 0.5578312 0.8807758 0.5103113 0.8351479 0.5578312 0.8807758 0.5658596 0.8412214 0.5103113 0.8351479 0.5578312 0.8807758 0.5268223 0.9126939 0.6364763 0.8899225 0.5268223 0.9126939 0.6472285 0.9122679 0.6364763 0.8899225 0.6342387 0.8490961 0.6364763 0.8899225 0.6921311 0.8622925 0.6906991 0.8334751 0.6342387 0.8490961 0.6921311 0.8622925 0.7602522 0.8032743 0.6906991 0.8334751 0.6921311 0.8622925 0.7923417 0.8139275 0.7602522 0.8032743 0.6921311 0.8622925 0.4129803 0.2675437 0.4127322 0.2524888 0.3619846 0.2418015 0.4127322 0.2524888 0.4129803 0.2675437 0.417519 0.2619747 0.4181945 0.2585411 0.4127322 0.2524888 0.417519 0.2619747 0.4217263 0.2658142 0.4181945 0.2585411 0.417519 0.2619747 0.417519 0.2619747 0.4129803 0.2675437 0.4217263 0.2658142 0.4127322 0.2524888 0.4181945 0.2585411 0.4245164 0.254274 0.4245164 0.254274 0.4181945 0.2585411 0.4217263 0.2658142 0.4235585 0.2449643 0.4127322 0.2524888 0.4245164 0.254274 0.4127322 0.2524888 0.4235585 0.2449643 0.3619846 0.2418015 0.4129803 0.2675437 0.4178206 0.2721247 0.4217263 0.2658142 0.4235585 0.2449643 0.4245678 0.170778 0.3619846 0.2418015 0.1855437 0.87334 0.177662 0.884753 0.1874869 0.8897036 0.1966854 0.8787223 0.1855437 0.87334 0.1874869 0.8897036 0.1874869 0.8897036 0.177662 0.884753 0.1779381 0.8985898 0.177662 0.884753 0.1715089 0.8943374 0.1779381 0.8985898 0.1948081 0.859372 0.1855437 0.87334 0.1966854 0.8787223 0.205496 0.8641577 0.1948081 0.859372 0.1966854 0.8787223 0.2040343 0.8452301 0.1948081 0.859372 0.205496 0.8641577 0.2108686 0.8493621 0.2040343 0.8452301 0.205496 0.8641577 0.1855437 0.87334 0.1700426 0.8647119 0.177662 0.884753 0.1700426 0.8647119 0.1610683 0.8765188 0.177662 0.884753 0.1606233 0.8902773 0.1715089 0.8943374 0.177662 0.884753 0.1610683 0.8765188 0.1606233 0.8902773 0.177662 0.884753 0.1606233 0.8902773 0.1673977 0.9043768 0.1715089 0.8943374 0.1715089 0.8943374 0.1673977 0.9043768 0.1718849 0.9049819 0.1779381 0.8985898 0.1715089 0.8943374 0.1718849 0.9049819 0.2040343 0.8452301 0.2108686 0.8493621 0.2151125 0.8334249 0.1943584 0.8381059 0.2040343 0.8452301 0.2151125 0.8334249 0.2162082 0.8228068 0.1943584 0.8381059 0.2151125 0.8334249 0.1815788 0.8510878 0.1948081 0.859372 0.2040343 0.8452301 0.1943584 0.8381059 0.1815788 0.8510878 0.2040343 0.8452301 0.1815788 0.8510878 0.1700426 0.8647119 0.1855437 0.87334 0.1948081 0.859372 0.1815788 0.8510878 0.1855437 0.87334 0.2186437 0.8318763 0.2162082 0.8228068 0.2151125 0.8334249 0.4099022 0.4704494 0.3876056 0.4888713 0.4379662 0.5275316 0.3876056 0.4888713 0.3804225 0.5022893 0.4379662 0.5275316 0.3804225 0.5022893 0.3764801 0.5345152 0.4379662 0.5275316 0.3764801 0.5345152 0.3889499 0.5614701 0.4379662 0.5275316 0.3889499 0.5614701 0.4131923 0.5803064 0.4379662 0.5275316 0.4131923 0.5803064 0.4396488 0.5866723 0.4379662 0.5275316 0.4396488 0.5866723 0.4659195 0.5816053 0.4379662 0.5275316 0.4659195 0.5816053 0.4832707 0.5677003 0.4379662 0.5275316 0.4832707 0.5677003 0.4914963 0.5538854 0.4379662 0.5275316 0.4914963 0.5538854 0.498822 0.5321694 0.4379662 0.5275316 0.498822 0.5321694 0.4946762 0.5042376 0.4379662 0.5275316 0.4946762 0.5042376 0.4758366 0.4784516 0.4379662 0.5275316 0.4758366 0.4784516 0.4444285 0.4658055 0.4379662 0.5275316 0.4444285 0.4658055 0.4099022 0.4704494 0.4379662 0.5275316 0.1577411 0.9076632 0.1453436 0.8905761 0.1606233 0.8902773 0.1673977 0.9043768 0.1577411 0.9076632 0.1606233 0.8902773 0.1606233 0.8902773 0.1453436 0.8905761 0.1433718 0.8684657 0.1610683 0.8765188 0.1606233 0.8902773 0.1433718 0.8684657 0.1433718 0.8684657 0.1521402 0.8499135 0.1610683 0.8765188 0.1521402 0.8499135 0.1700426 0.8647119 0.1610683 0.8765188 0.1521402 0.8499135 0.1618641 0.8341491 0.1700426 0.8647119 0.1618641 0.8341491 0.1815788 0.8510878 0.1700426 0.8647119 0.1943584 0.8381059 0.1815788 0.8510878 0.1618641 0.8341491 0.1803809 0.8170238 0.1943584 0.8381059 0.1618641 0.8341491 0.1943584 0.8381059 0.1803809 0.8170238 0.2255791 0.8060816 0.2162082 0.8228068 0.1943584 0.8381059 0.2255791 0.8060816 0.2255791 0.8060816 0.2456489 0.8278498 0.2162082 0.8228068 0.2456489 0.8278498 0.2345947 0.8330825 0.2162082 0.8228068 0.2162082 0.8228068 0.2345947 0.8330825 0.2277276 0.8384751 0.2186437 0.8318763 0.2162082 0.8228068 0.2277276 0.8384751 0.2277276 0.8384751 0.2345947 0.8330825 0.2413706 0.8503916 0.2413706 0.8503916 0.2345947 0.8330825 0.2456489 0.8278498 0.2334082 0.8520537 0.2277276 0.8384751 0.2413706 0.8503916 0.2515386 0.8512961 0.2413706 0.8503916 0.2456489 0.8278498 0.2342323 0.8664917 0.2334082 0.8520537 0.2413706 0.8503916 0.2421389 0.8666967 0.2342323 0.8664917 0.2413706 0.8503916 0.2421389 0.8666967 0.2413706 0.8503916 0.2515386 0.8512961 0.2310404 0.8796966 0.2342323 0.8664917 0.2421389 0.8666967 0.2357139 0.8829493 0.2310404 0.8796966 0.2421389 0.8666967 0.2392179 0.8865074 0.2357139 0.8829493 0.2421389 0.8666967 0.2497982 0.8694799 0.2392179 0.8865074 0.2421389 0.8666967 0.2497982 0.8694799 0.2421389 0.8666967 0.2515386 0.8512961 0.2310404 0.8796966 0.2357139 0.8829493 0.2260879 0.8915466 0.2357139 0.8829493 0.2392179 0.8865074 0.2260879 0.8915466 0.2242988 0.8889635 0.2310404 0.8796966 0.2260879 0.8915466 0.2392179 0.8865074 0.2302768 0.8939679 0.2260879 0.8915466 0.2260879 0.8915466 0.2302768 0.8939679 0.2230103 0.898862 0.218733 0.8954812 0.2260879 0.8915466 0.2230103 0.898862 0.2230103 0.898862 0.2104291 0.905936 0.218733 0.8954812 0.2104291 0.905936 0.2114359 0.8973035 0.218733 0.8954812 0.218733 0.8954812 0.2114359 0.8973035 0.2176821 0.8940098 0.2260879 0.8915466 0.218733 0.8954812 0.2176821 0.8940098 0.2242988 0.8889635 0.2260879 0.8915466 0.2176821 0.8940098 0.2114359 0.8973035 0.213597 0.8942122 0.2176821 0.8940098 0.1549742 0.9096231 0.1376124 0.8972347 0.1453436 0.8905761 0.1577411 0.9076632 0.1549742 0.9096231 0.1453436 0.8905761 0.09730982 0.8595229 0.1453436 0.8905761 0.1376124 0.8972347 0.1433718 0.8684657 0.1453436 0.8905761 0.09730982 0.8595229 0.1104975 0.8462468 0.1433718 0.8684657 0.09730982 0.8595229 0.1104975 0.8462468 0.1210473 0.8301437 0.1433718 0.8684657 0.1104975 0.8462468 0.073879 0.820973 0.1210473 0.8301437 0.09730982 0.8595229 0.073879 0.820973 0.1104975 0.8462468 0.1210473 0.8301437 0.073879 0.820973 0.1041584 0.8013968 0.073879 0.820973 0.0689755 0.8006031 0.1041584 0.8013968 0.1041584 0.8013968 0.0689755 0.8006031 0.1314013 0.7678759 0.0689755 0.8006031 0.06752628 0.7655832 0.1314013 0.7678759 0.1314013 0.7678759 0.06752628 0.7655832 0.1342388 0.7267429 0.1314013 0.7678759 0.1342388 0.7267429 0.177565 0.7862183 0.1342388 0.7267429 0.1899372 0.7293526 0.177565 0.7862183 0.1899372 0.7293526 0.2104911 0.7328549 0.177565 0.7862183 0.2104911 0.7328549 0.2199198 0.7842186 0.177565 0.7862183 0.1899372 0.7293526 0.1342388 0.7267429 0.1929846 0.677792 0.1899372 0.7293526 0.1929846 0.677792 0.2104911 0.7328549 0.1342388 0.7267429 0.1317629 0.6967856 0.1929846 0.677792 0.06752628 0.7655832 0.06610238 0.731014 0.1342388 0.7267429 0.1317629 0.6967856 0.121876 0.6528288 0.1929846 0.677792 0.121876 0.6528288 0.1317629 0.6967856 0.05066913 0.6558729 0.1317629 0.6967856 0.06129145 0.7019692 0.05066913 0.6558729 0.1342388 0.7267429 0.06610238 0.731014 0.06129145 0.7019692 0.1317629 0.6967856 0.1342388 0.7267429 0.06129145 0.7019692 0.121876 0.6528288 0.1789625 0.637807 0.1929846 0.677792 0.2199198 0.7842186 0.2255791 0.8060816 0.177565 0.7862183 0.2255791 0.8060816 0.1803809 0.8170238 0.177565 0.7862183 0.177565 0.7862183 0.1803809 0.8170238 0.1618641 0.8341491 0.1618641 0.8341491 0.1385517 0.8107069 0.177565 0.7862183 0.1385517 0.8107069 0.1618641 0.8341491 0.1521402 0.8499135 0.1210473 0.8301437 0.1385517 0.8107069 0.1521402 0.8499135 0.1929846 0.677792 0.2189269 0.6930569 0.2104911 0.7328549 0.2189269 0.6930569 0.2789834 0.7505834 0.2104911 0.7328549 0.2199198 0.7842186 0.2537485 0.8156682 0.2255791 0.8060816 0.2537485 0.8156682 0.2456489 0.8278498 0.2255791 0.8060816 0.121876 0.6528288 0.05066913 0.6558729 0.1073128 0.5976262 0.1789625 0.637807 0.121876 0.6528288 0.1073128 0.5976262 0.05066913 0.6558729 0.03345549 0.6029873 0.1073128 0.5976262 0.1073128 0.5976262 0.03345549 0.6029873 0.08631473 0.5568461 0.1073128 0.5976262 0.08631473 0.5568461 0.1938818 0.6145826 0.1938818 0.6145826 0.1789625 0.637807 0.1073128 0.5976262 0.08631473 0.5568461 0.1989678 0.5572698 0.1938818 0.6145826 0.1989678 0.5572698 0.222911 0.5590321 0.1938818 0.6145826 0.222911 0.5590321 0.2238487 0.6036291 0.1938818 0.6145826 0.03345549 0.6029873 0.01316481 0.556034 0.08631473 0.5568461 0.1938818 0.6145826 0.2238487 0.6036291 0.2438662 0.6357786 0.2153692 0.6506944 0.1938818 0.6145826 0.2438662 0.6357786 0.2153692 0.6506944 0.2438662 0.6357786 0.2749539 0.6542896 0.2355207 0.666421 0.2153692 0.6506944 0.2749539 0.6542896 0.2937486 0.7250939 0.2355207 0.666421 0.2749539 0.6542896 0.3135182 0.697296 0.2937486 0.7250939 0.2749539 0.6542896 0.2701184 0.6182174 0.2438662 0.6357786 0.2238487 0.6036291 0.2749539 0.6542896 0.2438662 0.6357786 0.2701184 0.6182174 0.2585007 0.5953977 0.2701184 0.6182174 0.2238487 0.6036291 0.2585007 0.5953977 0.2238487 0.6036291 0.222911 0.5590321 0.2585007 0.5953977 0.2875433 0.5864571 0.2701184 0.6182174 0.2585007 0.5953977 0.2539129 0.556954 0.2875433 0.5864571 0.2539129 0.556954 0.2585007 0.5953977 0.222911 0.5590321 0.2539129 0.556954 0.2871685 0.5530428 0.2875433 0.5864571 0.2875433 0.5864571 0.2937117 0.6033781 0.2701184 0.6182174 0.2928225 0.635275 0.2701184 0.6182174 0.2937117 0.6033781 0.2928225 0.635275 0.2749539 0.6542896 0.2701184 0.6182174 0.3104957 0.6171529 0.2928225 0.635275 0.2937117 0.6033781 0.2937486 0.7250939 0.3135182 0.697296 0.3430811 0.7128257 0.3306387 0.7491847 0.2937486 0.7250939 0.3430811 0.7128257 0.2789834 0.7505834 0.2937486 0.7250939 0.3306387 0.7491847 0.3187502 0.779591 0.2789834 0.7505834 0.3306387 0.7491847 0.2789834 0.7505834 0.3187502 0.779591 0.2667386 0.7830505 0.2789834 0.7505834 0.2667386 0.7830505 0.2104911 0.7328549 0.3187502 0.779591 0.2991989 0.8126635 0.2667386 0.7830505 0.2991989 0.8126635 0.3187502 0.779591 0.3421188 0.8119298 0.3421188 0.8119298 0.3513362 0.8426367 0.2991989 0.8126635 0.3513362 0.8426367 0.3279879 0.8581978 0.2991989 0.8126635 0.2991989 0.8126635 0.3279879 0.8581978 0.2678382 0.8439462 0.3279879 0.8581978 0.2810296 0.8719332 0.2678382 0.8439462 0.2515386 0.8512961 0.2678382 0.8439462 0.2810296 0.8719332 0.2668255 0.8752622 0.2515386 0.8512961 0.2810296 0.8719332 0.2497982 0.8694799 0.2515386 0.8512961 0.2668255 0.8752622 0.2559177 0.8799917 0.2497982 0.8694799 0.2668255 0.8752622 0.2497982 0.8694799 0.2559177 0.8799917 0.2416951 0.8892642 0.2392179 0.8865074 0.2497982 0.8694799 0.2416951 0.8892642 0.2991989 0.8126635 0.2678382 0.8439462 0.2537485 0.8156682 0.2667386 0.7830505 0.2991989 0.8126635 0.2537485 0.8156682 0.2392179 0.8865074 0.2416951 0.8892642 0.2302768 0.8939679 0.2416951 0.8892642 0.2316587 0.8959947 0.2302768 0.8939679 0.2678382 0.8439462 0.2515386 0.8512961 0.2456489 0.8278498 0.2537485 0.8156682 0.2678382 0.8439462 0.2456489 0.8278498 0.3622592 0.8333314 0.3513362 0.8426367 0.3421188 0.8119298 0.3574733 0.8105286 0.3622592 0.8333314 0.3421188 0.8119298 0.3651874 0.831987 0.3622592 0.8333314 0.3574733 0.8105286 0.3601369 0.8110394 0.3651874 0.831987 0.3574733 0.8105286 0.3601369 0.8110394 0.3574733 0.8105286 0.3689515 0.7702508 0.3731262 0.7713487 0.3601369 0.8110394 0.3689515 0.7702508 0.3731262 0.7713487 0.3689515 0.7702508 0.373722 0.7393453 0.373722 0.7393453 0.3689515 0.7702508 0.3565099 0.7647386 0.3698519 0.7283057 0.373722 0.7393453 0.3565099 0.7647386 0.3979782 0.7263154 0.373722 0.7393453 0.3698519 0.7283057 0.3970848 0.7214715 0.3979782 0.7263154 0.3698519 0.7283057 0.3970848 0.7214715 0.3698519 0.7283057 0.3942769 0.7122594 0.3698519 0.7283057 0.3721479 0.7119164 0.3942769 0.7122594 0.3698519 0.7283057 0.3430811 0.7128257 0.3721479 0.7119164 0.3430811 0.7128257 0.3494331 0.6940308 0.3721479 0.7119164 0.3430811 0.7128257 0.3135182 0.697296 0.3494331 0.6940308 0.3135182 0.697296 0.3294293 0.6778316 0.3494331 0.6940308 0.3135182 0.697296 0.2749539 0.6542896 0.3294293 0.6778316 0.2749539 0.6542896 0.3180044 0.6652804 0.3294293 0.6778316 0.2749539 0.6542896 0.2928225 0.635275 0.3180044 0.6652804 0.2928225 0.635275 0.3202918 0.6559674 0.3180044 0.6652804 0.3202918 0.6559674 0.2928225 0.635275 0.3219959 0.6411243 0.3762924 0.7427887 0.373722 0.7393453 0.3979782 0.7263154 0.3989353 0.7294101 0.3762924 0.7427887 0.3979782 0.7263154 0.3430811 0.7128257 0.3698519 0.7283057 0.3306387 0.7491847 0.3698519 0.7283057 0.3565099 0.7647386 0.3306387 0.7491847 0.3187502 0.779591 0.3306387 0.7491847 0.3565099 0.7647386 0.3421188 0.8119298 0.3187502 0.779591 0.3565099 0.7647386 0.3421188 0.8119298 0.3565099 0.7647386 0.3689515 0.7702508 0.3574733 0.8105286 0.3421188 0.8119298 0.3689515 0.7702508 0.2928225 0.635275 0.3104957 0.6171529 0.3219959 0.6411243 0.3219959 0.6411243 0.3104957 0.6171529 0.3231581 0.6316552 0.3762924 0.7427887 0.3731262 0.7713487 0.373722 0.7393453 0.2230103 0.898862 0.224426 0.9004706 0.2118039 0.9084627 0.2104291 0.905936 0.2230103 0.898862 0.2118039 0.9084627 0.224426 0.9004706 0.2230103 0.898862 0.2316587 0.8959947 0.2230103 0.898862 0.2302768 0.8939679 0.2316587 0.8959947 0.04682582 0.7194093 0.005186259 0.6985642 0.05998289 0.708049 0.04682582 0.7194093 0.02819138 0.7404535 0.005186259 0.6985642 0.02819138 0.7404535 0.008073747 0.7491269 0.005186259 0.6985642 0.02819138 0.7404535 0.0230782 0.7642719 0.008073747 0.7491269 0.04682582 0.7194093 0.05958205 0.7319303 0.02819138 0.7404535 0.05958205 0.7319303 0.03870761 0.7452438 0.02819138 0.7404535 0.02819138 0.7404535 0.03870761 0.7452438 0.0230782 0.7642719 0.03870761 0.7452438 0.02964079 0.7662883 0.0230782 0.7642719 0.03870761 0.7452438 0.04816883 0.7664644 0.02964079 0.7662883 0.02964079 0.7662883 0.04816883 0.7664644 0.04637986 0.7909142 0.03187292 0.8038322 0.02964079 0.7662883 0.04637986 0.7909142 0.06108593 0.7495694 0.04816883 0.7664644 0.03870761 0.7452438 0.05958205 0.7319303 0.06108593 0.7495694 0.03870761 0.7452438 0.02964079 0.7662883 0.03187292 0.8038322 0.0112313 0.801695 0.0230782 0.7642719 0.02964079 0.7662883 0.0112313 0.801695 0.0230782 0.7642719 0.0112313 0.801695 0.008871138 0.7953025 0.008073747 0.7491269 0.0230782 0.7642719 0.008871138 0.7953025 0.1385517 0.8107069 0.1314013 0.7678759 0.177565 0.7862183 0.1314013 0.7678759 0.1385517 0.8107069 0.1041584 0.8013968 0.3290573 0.6421368 0.3219959 0.6411243 0.3231581 0.6316552 0.3279693 0.6340877 0.3290573 0.6421368 0.3231581 0.6316552 0.3290573 0.6421368 0.3279693 0.6340877 0.3325589 0.6410658 0.3279693 0.6340877 0.3304836 0.6342037 0.3325589 0.6410658 0.3357971 0.6376152 0.3325589 0.6410658 0.3304836 0.6342037 0.3313872 0.6339178 0.3357971 0.6376152 0.3304836 0.6342037 0.3325589 0.6410658 0.3357971 0.6376152 0.3358649 0.6500804 0.3357971 0.6376152 0.3387734 0.6473525 0.3358649 0.6500804 0.3358649 0.6500804 0.3387734 0.6473525 0.3406364 0.6584933 0.3406364 0.6584933 0.3353173 0.660799 0.3358649 0.6500804 0.3353173 0.660799 0.3406364 0.6584933 0.34594 0.6647087 0.34594 0.6647087 0.3406364 0.6584933 0.344123 0.6553474 0.3387734 0.6473525 0.344123 0.6553474 0.3406364 0.6584933 0.3491312 0.6617813 0.34594 0.6647087 0.344123 0.6553474 0.34594 0.6647087 0.3491312 0.6617813 0.3588645 0.6764757 0.3491312 0.6617813 0.362176 0.6732995 0.3588645 0.6764757 0.3588645 0.6764757 0.362176 0.6732995 0.3745524 0.6867827 0.362176 0.6732995 0.3802577 0.6837469 0.3745524 0.6867827 0.3745524 0.6867827 0.3802577 0.6837469 0.3905174 0.6938965 0.3802577 0.6837469 0.3949235 0.6933563 0.3905174 0.6938965 0.3726242 0.6932355 0.3745524 0.6867827 0.3905174 0.6938965 0.3896791 0.6969898 0.3726242 0.6932355 0.3905174 0.6938965 0.3721479 0.7119164 0.3726242 0.6932355 0.3896791 0.6969898 0.3721479 0.7119164 0.3494331 0.6940308 0.3726242 0.6932355 0.3494331 0.6940308 0.3570501 0.6814581 0.3726242 0.6932355 0.3570501 0.6814581 0.3588645 0.6764757 0.3745524 0.6867827 0.3726242 0.6932355 0.3570501 0.6814581 0.3745524 0.6867827 0.3494331 0.6940308 0.3294293 0.6778316 0.3570501 0.6814581 0.3353173 0.660799 0.3417454 0.6685091 0.3294293 0.6778316 0.3294293 0.6778316 0.3417454 0.6685091 0.3570501 0.6814581 0.3570501 0.6814581 0.3417454 0.6685091 0.3588645 0.6764757 0.3180044 0.6652804 0.3353173 0.660799 0.3294293 0.6778316 0.3942769 0.7122594 0.3721479 0.7119164 0.3896791 0.6969898 0.3180044 0.6652804 0.3202918 0.6559674 0.3353173 0.660799 0.3202918 0.6559674 0.3324779 0.6515005 0.3353173 0.660799 0.3417454 0.6685091 0.3353173 0.660799 0.34594 0.6647087 0.3417454 0.6685091 0.34594 0.6647087 0.3588645 0.6764757 0.3353173 0.660799 0.3324779 0.6515005 0.3358649 0.6500804 0.3358649 0.6500804 0.3324779 0.6515005 0.3325589 0.6410658 0.3324779 0.6515005 0.3290573 0.6421368 0.3325589 0.6410658 0.3219959 0.6411243 0.3290573 0.6421368 0.3324779 0.6515005 0.3202918 0.6559674 0.3219959 0.6411243 0.3324779 0.6515005 0.4133588 0.6132912 0.3861283 0.587247 0.3918979 0.5706102 0.4349188 0.6094412 0.4133588 0.6132912 0.3918979 0.5706102 0.3918979 0.5706102 0.3861283 0.587247 0.3601355 0.5734291 0.3861283 0.587247 0.367326 0.5902276 0.3601355 0.5734291 0.367326 0.5902276 0.3861283 0.587247 0.372545 0.6015846 0.3861283 0.587247 0.3843705 0.5997952 0.372545 0.6015846 0.3861283 0.587247 0.4133588 0.6132912 0.3934226 0.6078279 0.3843705 0.5997952 0.3861283 0.587247 0.3934226 0.6078279 0.3601355 0.5734291 0.367326 0.5902276 0.3370539 0.5960393 0.367326 0.5902276 0.3513884 0.6116068 0.3370539 0.5960393 0.367326 0.5902276 0.372545 0.6015846 0.3513884 0.6116068 0.3370539 0.5960393 0.3513884 0.6116068 0.3335389 0.6250551 0.3513884 0.6116068 0.3404244 0.6301251 0.3335389 0.6250551 0.3335389 0.6250551 0.3404244 0.6301251 0.3357971 0.6376152 0.3313872 0.6339178 0.3335389 0.6250551 0.3357971 0.6376152 0.3357971 0.6376152 0.3404244 0.6301251 0.3387734 0.6473525 0.3404244 0.6301251 0.3435712 0.6432402 0.3387734 0.6473525 0.3404244 0.6301251 0.3513884 0.6116068 0.3627812 0.6247668 0.3435712 0.6432402 0.3404244 0.6301251 0.3627812 0.6247668 0.372545 0.6015846 0.3627812 0.6247668 0.3513884 0.6116068 0.3507009 0.6526617 0.3435712 0.6432402 0.3627812 0.6247668 0.3718021 0.6298458 0.3507009 0.6526617 0.3627812 0.6247668 0.3718021 0.6298458 0.3627812 0.6247668 0.372545 0.6015846 0.3843705 0.5997952 0.3718021 0.6298458 0.372545 0.6015846 0.3843705 0.5997952 0.3934226 0.6078279 0.3718021 0.6298458 0.3507009 0.6526617 0.3718021 0.6298458 0.3820693 0.633389 0.3934226 0.6078279 0.3820693 0.633389 0.3718021 0.6298458 0.366218 0.6680814 0.3507009 0.6526617 0.3820693 0.633389 0.3820693 0.633389 0.4076755 0.6453976 0.366218 0.6680814 0.4076755 0.6453976 0.3820693 0.633389 0.3934226 0.6078279 0.4076755 0.6453976 0.3891125 0.6783645 0.366218 0.6680814 0.3891125 0.6783645 0.4076755 0.6453976 0.4318849 0.6573191 0.4077822 0.6876962 0.3891125 0.6783645 0.4318849 0.6573191 0.3891125 0.6783645 0.4077822 0.6876962 0.3949235 0.6933563 0.3802577 0.6837469 0.3891125 0.6783645 0.3949235 0.6933563 0.3435712 0.6432402 0.3507009 0.6526617 0.344123 0.6553474 0.3387734 0.6473525 0.3435712 0.6432402 0.344123 0.6553474 0.3891125 0.6783645 0.3802577 0.6837469 0.362176 0.6732995 0.366218 0.6680814 0.3891125 0.6783645 0.362176 0.6732995 0.366218 0.6680814 0.362176 0.6732995 0.3491312 0.6617813 0.3507009 0.6526617 0.366218 0.6680814 0.3491312 0.6617813 0.3507009 0.6526617 0.3491312 0.6617813 0.344123 0.6553474 0.4349188 0.6094412 0.4318849 0.6573191 0.4076755 0.6453976 0.4133588 0.6132912 0.4349188 0.6094412 0.4076755 0.6453976 0.4133588 0.6132912 0.4076755 0.6453976 0.3934226 0.6078279 0.579217 0.3592439 0.5899775 0.3013216 0.6380352 0.3150953 0.6394694 0.3537461 0.579217 0.3592439 0.6380352 0.3150953 0.579217 0.3592439 0.529603 0.3148034 0.5899775 0.3013216 0.529603 0.3148034 0.5471294 0.278076 0.5899775 0.3013216 0.5938365 0.2635486 0.5899775 0.3013216 0.5471294 0.278076 0.5624107 0.2497983 0.5938365 0.2635486 0.5471294 0.278076 0.5938365 0.2635486 0.5624107 0.2497983 0.5674394 0.2376267 0.6145707 0.2556456 0.5938365 0.2635486 0.5674394 0.2376267 0.6145707 0.2556456 0.5674394 0.2376267 0.5766268 0.2234952 0.6210431 0.2365934 0.6145707 0.2556456 0.5766268 0.2234952 0.5624107 0.2497983 0.5471294 0.278076 0.5154919 0.2540807 0.5293137 0.2317338 0.5624107 0.2497983 0.5154919 0.2540807 0.5624107 0.2497983 0.5293137 0.2317338 0.5674394 0.2376267 0.5293137 0.2317338 0.5342307 0.2220587 0.5674394 0.2376267 0.5674394 0.2376267 0.5342307 0.2220587 0.5766268 0.2234952 0.5342307 0.2220587 0.5391502 0.2118201 0.5766268 0.2234952 0.5154919 0.2540807 0.4874041 0.2359513 0.5293137 0.2317338 0.4874041 0.2359513 0.5021279 0.2162299 0.5293137 0.2317338 0.5293137 0.2317338 0.5021279 0.2162299 0.5025078 0.2038539 0.5342307 0.2220587 0.5293137 0.2317338 0.5025078 0.2038539 0.4469574 0.2712343 0.4874041 0.2359513 0.5154919 0.2540807 0.4940798 0.286194 0.4469574 0.2712343 0.5154919 0.2540807 0.4940798 0.286194 0.5154919 0.2540807 0.5471294 0.278076 0.5342307 0.2220587 0.5025078 0.2038539 0.5054289 0.1938222 0.5391502 0.2118201 0.5342307 0.2220587 0.5054289 0.1938222 0.4940798 0.286194 0.4693707 0.310096 0.4469574 0.2712343 0.4693707 0.310096 0.4940798 0.286194 0.529603 0.3148034 0.5157236 0.3508942 0.4693707 0.310096 0.529603 0.3148034 0.4592664 0.3350967 0.4693707 0.310096 0.5157236 0.3508942 0.5013706 0.3861373 0.4592664 0.3350967 0.5157236 0.3508942 0.5157236 0.3508942 0.579217 0.3592439 0.5013706 0.3861373 0.529603 0.3148034 0.579217 0.3592439 0.5157236 0.3508942 0.579217 0.3592439 0.567397 0.42602 0.5013706 0.3861373 0.6492687 0.4432787 0.567397 0.42602 0.579217 0.3592439 0.567397 0.42602 0.6492687 0.4432787 0.6466701 0.4972783 0.5552811 0.4892745 0.567397 0.42602 0.6466701 0.4972783 0.567397 0.42602 0.5552811 0.4892745 0.5013706 0.3861373 0.6492687 0.4432787 0.6996274 0.415338 0.6466701 0.4972783 0.6492687 0.4432787 0.6437914 0.3896847 0.6996274 0.415338 0.6437914 0.3896847 0.6492687 0.4432787 0.579217 0.3592439 0.6437914 0.3896847 0.6919419 0.3691138 0.6996274 0.415338 0.6996274 0.415338 0.7035603 0.4788514 0.6466701 0.4972783 0.7035603 0.4788514 0.6996274 0.415338 0.7541526 0.3291265 0.6996274 0.415338 0.6919419 0.3691138 0.7541526 0.3291265 0.7652201 0.3404473 0.7035603 0.4788514 0.7541526 0.3291265 0.6437914 0.3896847 0.6394694 0.3537461 0.6919419 0.3691138 0.6394694 0.3537461 0.6437914 0.3896847 0.579217 0.3592439 0.6394694 0.3537461 0.6866016 0.3399536 0.6919419 0.3691138 0.6919419 0.3691138 0.7356562 0.3128457 0.7541526 0.3291265 0.7356562 0.3128457 0.6919419 0.3691138 0.6866016 0.3399536 0.7356562 0.3128457 0.6866016 0.3399536 0.6750649 0.3062676 0.7062975 0.2748082 0.7356562 0.3128457 0.6750649 0.3062676 0.7541526 0.3291265 0.7356562 0.3128457 0.7974463 0.2820757 0.7356562 0.3128457 0.7775771 0.260344 0.7974463 0.2820757 0.7356562 0.3128457 0.7062975 0.2748082 0.7775771 0.260344 0.6380352 0.3150953 0.6750649 0.3062676 0.6866016 0.3399536 0.6394694 0.3537461 0.6380352 0.3150953 0.6866016 0.3399536 0.7062975 0.2748082 0.7366925 0.2261724 0.7775771 0.260344 0.7062975 0.2748082 0.6898799 0.2475474 0.7366925 0.2261724 0.6898799 0.2475474 0.7153094 0.2127782 0.7366925 0.2261724 0.7153094 0.2127782 0.6898799 0.2475474 0.6761048 0.2489403 0.7098151 0.2022801 0.7153094 0.2127782 0.6761048 0.2489403 0.7098151 0.2022801 0.6761048 0.2489403 0.6614961 0.234538 0.7021158 0.195682 0.7098151 0.2022801 0.6614961 0.234538 0.6750649 0.3062676 0.6380352 0.3150953 0.6324061 0.2768315 0.6324061 0.2768315 0.6380352 0.3150953 0.5899775 0.3013216 0.5938365 0.2635486 0.6324061 0.2768315 0.5899775 0.3013216 0.6647596 0.2708901 0.6750649 0.3062676 0.6324061 0.2768315 0.7062975 0.2748082 0.6750649 0.3062676 0.6647596 0.2708901 0.6898799 0.2475474 0.7062975 0.2748082 0.6647596 0.2708901 0.7541526 0.3291265 0.7974463 0.2820757 0.8090062 0.2891842 0.7652201 0.3404473 0.7541526 0.3291265 0.8090062 0.2891842 0.64847 0.1227232 0.6250638 0.153772 0.6094245 0.131943 0.6417859 0.09198331 0.64847 0.1227232 0.6094245 0.131943 0.6417859 0.09198331 0.6796326 0.09057593 0.64847 0.1227232 0.6796326 0.09057593 0.6754022 0.1193422 0.64847 0.1227232 0.6796326 0.09057593 0.710447 0.1266959 0.6754022 0.1193422 0.710447 0.1266959 0.7010185 0.1406233 0.6754022 0.1193422 0.6274968 0.08684641 0.6417859 0.09198331 0.6094245 0.131943 0.6077119 0.1086578 0.6274968 0.08684641 0.6094245 0.131943 0.6077119 0.1086578 0.6094245 0.131943 0.5862604 0.1337877 0.5893038 0.1108219 0.6077119 0.1086578 0.5862604 0.1337877 0.6274968 0.08684641 0.6236157 0.06570726 0.6417859 0.09198331 0.6236157 0.06570726 0.6254096 0.06027191 0.6417859 0.09198331 0.7098633 0.106253 0.710447 0.1266959 0.6796326 0.09057593 0.6918493 0.08658909 0.7098633 0.106253 0.6796326 0.09057593 0.7098633 0.106253 0.7323882 0.105408 0.710447 0.1266959 0.7323882 0.105408 0.7340431 0.1272504 0.710447 0.1266959 0.6918493 0.08658909 0.6796326 0.09057593 0.6940554 0.05795454 0.6964571 0.06389027 0.6918493 0.08658909 0.6940554 0.05795454 0.6888039 0.05945748 0.6940554 0.05795454 0.6796326 0.09057593 0.6052549 0.1036297 0.6077119 0.1086578 0.5893038 0.1108219 0.5816388 0.1051405 0.6052549 0.1036297 0.5893038 0.1108219 0.6225591 0.0854038 0.6274968 0.08684641 0.6077119 0.1086578 0.6052549 0.1036297 0.6225591 0.0854038 0.6077119 0.1086578 0.6155444 0.05977356 0.6236157 0.06570726 0.6274968 0.08684641 0.6225591 0.0854038 0.6155444 0.05977356 0.6274968 0.08684641 0.7131756 0.1035557 0.7098633 0.106253 0.6918493 0.08658909 0.6963014 0.08454418 0.7131756 0.1035557 0.6918493 0.08658909 0.6963014 0.08454418 0.6918493 0.08658909 0.6964571 0.06389027 0.7378717 0.0985223 0.7323882 0.105408 0.7098633 0.106253 0.7131756 0.1035557 0.7378717 0.0985223 0.7098633 0.106253 0.7044447 0.05852997 0.6963014 0.08454418 0.6964571 0.06389027 0.5863112 0.08298951 0.6052549 0.1036297 0.5816388 0.1051405 0.5735227 0.07927954 0.5863112 0.08298951 0.5816388 0.1051405 0.5735227 0.07927954 0.5877542 0.0603432 0.5863112 0.08298951 0.5877542 0.0603432 0.6155444 0.05977356 0.6225591 0.0854038 0.5877542 0.0603432 0.596255 0.0722174 0.5863112 0.08298951 0.596255 0.0722174 0.6225591 0.0854038 0.6052549 0.1036297 0.5863112 0.08298951 0.596255 0.0722174 0.6052549 0.1036297 0.596255 0.0722174 0.5877542 0.0603432 0.6225591 0.0854038 0.7298595 0.08053815 0.7131756 0.1035557 0.6963014 0.08454418 0.7223424 0.07145214 0.7298595 0.08053815 0.6963014 0.08454418 0.7223424 0.07145214 0.6963014 0.08454418 0.7044447 0.05852997 0.7298595 0.08053815 0.7223424 0.07145214 0.7443575 0.07337915 0.7443575 0.07337915 0.7378717 0.0985223 0.7131756 0.1035557 0.7298595 0.08053815 0.7443575 0.07337915 0.7131756 0.1035557 0.7223424 0.07145214 0.7309712 0.05706924 0.7443575 0.07337915 0.7309712 0.05706924 0.7223424 0.07145214 0.7044447 0.05852997 0.2905631 0.4549404 0.288092 0.5155256 0.2610624 0.5162993 0.2700699 0.4532133 0.2905631 0.4549404 0.2610624 0.5162993 0.288092 0.5155256 0.2905631 0.4549404 0.3246207 0.4638527 0.3193678 0.5191571 0.288092 0.5155256 0.3246207 0.4638527 0.3246207 0.4638527 0.3609394 0.4756126 0.3193678 0.5191571 0.3609394 0.4756126 0.3500168 0.5242056 0.3193678 0.5191571 0.3701083 0.4234799 0.3609394 0.4756126 0.3246207 0.4638527 0.3297176 0.4096091 0.3701083 0.4234799 0.3246207 0.4638527 0.3246207 0.4638527 0.2905631 0.4549404 0.3297176 0.4096091 0.3297176 0.4096091 0.3450096 0.3231898 0.3701083 0.4234799 0.3450096 0.3231898 0.3993558 0.3383309 0.3701083 0.4234799 0.2942931 0.3074384 0.3450096 0.3231898 0.3297176 0.4096091 0.2860225 0.3980113 0.2942931 0.3074384 0.3297176 0.4096091 0.2905631 0.4549404 0.2860225 0.3980113 0.3297176 0.4096091 0.2905631 0.4549404 0.2700699 0.4532133 0.2860225 0.3980113 0.3993558 0.3383309 0.3450096 0.3231898 0.4129803 0.2675437 0.4178206 0.2721247 0.3993558 0.3383309 0.4129803 0.2675437 0.2942931 0.3074384 0.3008918 0.241097 0.3450096 0.3231898 0.2614228 0.2399898 0.3008918 0.241097 0.2942931 0.3074384 0.2561964 0.2980949 0.2614228 0.2399898 0.2942931 0.3074384 0.192363 0.2323545 0.2614228 0.2399898 0.2561964 0.2980949 0.1926606 0.290194 0.192363 0.2323545 0.2561964 0.2980949 0.3008918 0.241097 0.3619846 0.2418015 0.3450096 0.3231898 0.3450096 0.3231898 0.3619846 0.2418015 0.4129803 0.2675437 0.3008918 0.241097 0.3124876 0.1795497 0.3619846 0.2418015 0.3124876 0.1795497 0.3664482 0.1769048 0.3619846 0.2418015 0.3664482 0.1769048 0.3124876 0.1795497 0.3868231 0.08359605 0.3664482 0.1769048 0.3868231 0.08359605 0.4245678 0.170778 0.4245678 0.170778 0.3619846 0.2418015 0.3664482 0.1769048 0.3868231 0.08359605 0.4026349 0.0805785 0.4245678 0.170778 0.3124876 0.1795497 0.3747792 0.07743215 0.3868231 0.08359605 0.2545903 0.3848269 0.2561964 0.2980949 0.2942931 0.3074384 0.2860225 0.3980113 0.2545903 0.3848269 0.2942931 0.3074384 0.1926606 0.290194 0.128052 0.2900379 0.192363 0.2323545 0.128052 0.2900379 0.1288151 0.215488 0.192363 0.2323545 0.1288151 0.215488 0.128052 0.2900379 0.07422965 0.2888393 0.07223403 0.2041431 0.1288151 0.215488 0.07422965 0.2888393 0.1313356 0.157638 0.1288151 0.215488 0.07223403 0.2041431 0.07821488 0.1444032 0.1313356 0.157638 0.07223403 0.2041431 0.128052 0.2900379 0.1248601 0.3820229 0.07422965 0.2888393 0.1248601 0.3820229 0.07890796 0.3942447 0.07422965 0.2888393 0.07422965 0.2888393 0.07890796 0.3942447 0.02185189 0.2878467 0.07422965 0.2888393 0.02185189 0.2878467 0.07223403 0.2041431 0.07890796 0.3942447 0.04567813 0.4020665 0.02185189 0.2878467 0.02185189 0.2878467 0.0133903 0.2216197 0.07223403 0.2041431 0.1313356 0.157638 0.07821488 0.1444032 0.07168692 0.08495658 0.08727788 0.08228701 0.1313356 0.157638 0.07168692 0.08495658 0.07821488 0.1444032 0.02911591 0.1272695 0.07168692 0.08495658 0.02911591 0.1272695 0.04531812 0.08206015 0.07168692 0.08495658 0.07168692 0.08495658 0.04531812 0.08206015 0.05837142 0.04282242 0.06955224 0.04605662 0.07168692 0.08495658 0.05837142 0.04282242 0.02733266 0.1925682 0.07223403 0.2041431 0.0133903 0.2216197 0.01310974 0.2023062 0.02733266 0.1925682 0.0133903 0.2216197 0.01902914 0.1626687 0.02911591 0.1272695 0.07821488 0.1444032 0.0319066 0.1764533 0.01902914 0.1626687 0.07821488 0.1444032 0.04567813 0.4020665 0.07890796 0.3942447 0.08740776 0.4747189 0.05859738 0.4826582 0.04567813 0.4020665 0.08740776 0.4747189 0.05859738 0.4826582 0.08740776 0.4747189 0.06964862 0.5340017 0.08740776 0.4747189 0.1361808 0.5422682 0.06964862 0.5340017 0.1361808 0.5422682 0.08740776 0.4747189 0.1231136 0.4719358 0.1711155 0.5305445 0.1361808 0.5422682 0.1231136 0.4719358 0.08375561 0.04278004 0.08727788 0.08228701 0.07168692 0.08495658 0.06955224 0.04605662 0.08375561 0.04278004 0.07168692 0.08495658 0.07223403 0.2041431 0.02733266 0.1925682 0.0319066 0.1764533 0.07821488 0.1444032 0.07223403 0.2041431 0.0319066 0.1764533 0.1231136 0.4719358 0.08740776 0.4747189 0.07890796 0.3942447 0.1248601 0.3820229 0.1231136 0.4719358 0.07890796 0.3942447 0.1926606 0.290194 0.1998768 0.3638373 0.1248601 0.3820229 0.128052 0.2900379 0.1926606 0.290194 0.1248601 0.3820229 0.1926606 0.290194 0.2561964 0.2980949 0.1998768 0.3638373 0.2561964 0.2980949 0.2545903 0.3848269 0.1998768 0.3638373 0.2531687 0.448787 0.1998768 0.3638373 0.2545903 0.3848269 0.2700699 0.4532133 0.2531687 0.448787 0.2545903 0.3848269 0.2700699 0.4532133 0.2545903 0.3848269 0.2860225 0.3980113 0.2413319 0.5093721 0.2531687 0.448787 0.2700699 0.4532133 0.2610624 0.5162993 0.2413319 0.5093721 0.2700699 0.4532133 0.3875226 0.0525816 0.3876642 0.02108842 0.3992949 0.02019429 0.3999878 0.05217516 0.3875226 0.0525816 0.3992949 0.02019429 0.3868231 0.08359605 0.3875226 0.0525816 0.3999878 0.05217516 0.4026349 0.0805785 0.3868231 0.08359605 0.3999878 0.05217516 0.3730356 0.02415192 0.3875226 0.0525816 0.3868231 0.08359605 0.3875226 0.0525816 0.3730356 0.02415192 0.3876642 0.02108842 0.3747792 0.07743215 0.3730356 0.02415192 0.3868231 0.08359605 0.5578312 0.8807758 0.5658596 0.8412214 0.6342387 0.8490961 0.6364763 0.8899225 0.5578312 0.8807758 0.6342387 0.8490961 0.5658596 0.8412214 0.5884494 0.7593625 0.6342387 0.8490961 0.5343601 0.7700445 0.5884494 0.7593625 0.5658596 0.8412214 0.5343601 0.7700445 0.5439685 0.7439805 0.5884494 0.7593625 0.5884494 0.7593625 0.5439685 0.7439805 0.6162583 0.6784554 0.5439685 0.7439805 0.5743401 0.6710066 0.6162583 0.6784554 0.5884494 0.7593625 0.6162583 0.6784554 0.6445019 0.769884 0.5884494 0.7593625 0.6445019 0.769884 0.6342387 0.8490961 0.6162583 0.6784554 0.6609569 0.6947543 0.6445019 0.769884 0.6445019 0.769884 0.6609569 0.6947543 0.6886093 0.7356313 0.6886093 0.7356313 0.6853829 0.7962827 0.6445019 0.769884 0.7465536 0.7539086 0.6853829 0.7962827 0.6886093 0.7356313 0.6886093 0.7356313 0.6923621 0.7008626 0.7465536 0.7539086 0.6609569 0.6947543 0.6923621 0.7008626 0.6886093 0.7356313 0.6923621 0.7008626 0.7431213 0.7051805 0.7465536 0.7539086 0.5071008 0.7243405 0.5439685 0.7439805 0.5343601 0.7700445 0.5743401 0.6710066 0.5439685 0.7439805 0.5071008 0.7243405 0.5440591 0.6598886 0.5743401 0.6710066 0.5071008 0.7243405 0.5440591 0.6598886 0.5071008 0.7243405 0.4649602 0.687841 0.4916867 0.6377553 0.5440591 0.6598886 0.4649602 0.687841 0.4649602 0.687841 0.5071008 0.7243405 0.4635407 0.7894892 0.4284251 0.7262561 0.4649602 0.687841 0.4635407 0.7894892 0.6853829 0.7962827 0.7465536 0.7539086 0.7602522 0.8032743 0.6906991 0.8334751 0.6853829 0.7962827 0.7602522 0.8032743 0.6445019 0.769884 0.6853829 0.7962827 0.6906991 0.8334751 0.6342387 0.8490961 0.6445019 0.769884 0.6906991 0.8334751 0.4635407 0.7894892 0.5071008 0.7243405 0.5103113 0.8351479 0.5071008 0.7243405 0.5343601 0.7700445 0.5103113 0.8351479 0.5103113 0.8351479 0.5343601 0.7700445 0.5658596 0.8412214 0.4916867 0.6377553 0.5006856 0.6182177 0.5440591 0.6598886 0.5006856 0.6182177 0.5538275 0.6361786 0.5440591 0.6598886 0.5006856 0.6182177 0.5339398 0.6117369 0.5538275 0.6361786 0.5339398 0.6117369 0.559453 0.6262693 0.5538275 0.6361786 0.5538275 0.6361786 0.559453 0.6262693 0.5843074 0.6355581 0.583353 0.645289 0.5538275 0.6361786 0.5843074 0.6355581 0.583353 0.645289 0.5843074 0.6355581 0.6302291 0.6402561 0.5843074 0.6355581 0.6347957 0.6162599 0.6302291 0.6402561 0.6302291 0.6402561 0.6347957 0.6162599 0.6725457 0.654195 0.6347957 0.6162599 0.6805198 0.6337538 0.6725457 0.654195 0.6805198 0.6337538 0.6923372 0.6426557 0.6725457 0.654195 0.6923372 0.6426557 0.7016422 0.6673561 0.6725457 0.654195 0.5339398 0.6117369 0.5341688 0.6001383 0.559453 0.6262693 0.5339398 0.6117369 0.5006856 0.6182177 0.5341688 0.6001383 0.5341688 0.6001383 0.566411 0.6168111 0.559453 0.6262693 0.559453 0.6262693 0.566411 0.6168111 0.5843074 0.6355581 0.566411 0.6168111 0.5864439 0.6277177 0.5843074 0.6355581 0.5006856 0.6182177 0.5089315 0.5975865 0.5341688 0.6001383 0.5538275 0.6361786 0.583353 0.645289 0.5743401 0.6710066 0.5440591 0.6598886 0.5538275 0.6361786 0.5743401 0.6710066 0.583353 0.645289 0.6302291 0.6402561 0.6162583 0.6784554 0.5743401 0.6710066 0.583353 0.645289 0.6162583 0.6784554 0.6302291 0.6402561 0.6725457 0.654195 0.6609569 0.6947543 0.6162583 0.6784554 0.6302291 0.6402561 0.6609569 0.6947543 0.6609569 0.6947543 0.6725457 0.654195 0.7016422 0.6673561 0.6923621 0.7008626 0.6609569 0.6947543 0.7016422 0.6673561 0.6923621 0.7008626 0.7016422 0.6673561 0.7421976 0.6919267 0.7421976 0.6919267 0.7016422 0.6673561 0.7275801 0.6694297 0.7016422 0.6673561 0.7122989 0.661265 0.7275801 0.6694297 0.7421976 0.6919267 0.7275801 0.6694297 0.760697 0.6808019 0.7275801 0.6694297 0.7342382 0.6676425 0.760697 0.6808019 0.7431213 0.7051805 0.6923621 0.7008626 0.7421976 0.6919267 0.7179143 0.6577454 0.7342382 0.6676425 0.7275801 0.6694297 0.7122989 0.661265 0.7179143 0.6577454 0.7275801 0.6694297 0.7342382 0.6676425 0.7179143 0.6577454 0.7475056 0.6596125 0.7179143 0.6577454 0.7324835 0.6486192 0.7475056 0.6596125 0.7324835 0.6486192 0.7179143 0.6577454 0.7281645 0.6337128 0.7281645 0.6337128 0.730249 0.6322822 0.7324835 0.6486192 0.730249 0.6322822 0.7348209 0.6476767 0.7324835 0.6486192 0.730249 0.6322822 0.7281645 0.6337128 0.7261359 0.6138634 0.7157145 0.6202918 0.7261359 0.6138634 0.7281645 0.6337128 0.7092226 0.6394702 0.7157145 0.6202918 0.7281645 0.6337128 0.7179143 0.6577454 0.7092226 0.6394702 0.7281645 0.6337128 0.7279189 0.6143794 0.730249 0.6322822 0.7261359 0.6138634 0.7512817 0.6386007 0.7348209 0.6476767 0.730249 0.6322822 0.7463201 0.630624 0.7512817 0.6386007 0.730249 0.6322822 0.7463201 0.630624 0.730249 0.6322822 0.7279189 0.6143794 0.7463201 0.630624 0.7519599 0.6272439 0.7512817 0.6386007 0.7519599 0.6272439 0.7565112 0.634419 0.7512817 0.6386007 0.7451211 0.6113843 0.7519599 0.6272439 0.7463201 0.630624 0.7398576 0.6122546 0.7451211 0.6113843 0.7463201 0.630624 0.7398576 0.6122546 0.7463201 0.630624 0.7279189 0.6143794 0.7470884 0.6578129 0.7475056 0.6596125 0.7324835 0.6486192 0.7348209 0.6476767 0.7470884 0.6578129 0.7324835 0.6486192 0.7348209 0.6476767 0.7512817 0.6386007 0.7470884 0.6578129 0.7512817 0.6386007 0.7565112 0.634419 0.7564173 0.6459835 0.7512817 0.6386007 0.7564173 0.6459835 0.7470884 0.6578129 0.7565112 0.634419 0.7617412 0.6416217 0.7564173 0.6459835 0.7157145 0.6202918 0.7092226 0.6394702 0.6985331 0.6321011 0.6923372 0.6426557 0.6985331 0.6321011 0.7092226 0.6394702 0.7052912 0.6503996 0.6923372 0.6426557 0.7092226 0.6394702 0.7052912 0.6503996 0.7092226 0.6394702 0.7179143 0.6577454 0.7122989 0.661265 0.7052912 0.6503996 0.7179143 0.6577454 0.7016422 0.6673561 0.6923372 0.6426557 0.7052912 0.6503996 0.7122989 0.661265 0.7016422 0.6673561 0.7052912 0.6503996 0.6923372 0.6426557 0.6805198 0.6337538 0.6985331 0.6321011 0.6805198 0.6337538 0.6898794 0.6196367 0.6985331 0.6321011 0.6985331 0.6321011 0.6898794 0.6196367 0.713229 0.6178427 0.7137614 0.6208039 0.6985331 0.6321011 0.713229 0.6178427 0.7182751 0.6047778 0.713229 0.6178427 0.6898794 0.6196367 0.6970711 0.6061537 0.7182751 0.6047778 0.6898794 0.6196367 0.7183796 0.6036419 0.7182751 0.6047778 0.6970711 0.6061537 0.6987584 0.6032863 0.7183796 0.6036419 0.6970711 0.6061537 0.7254568 0.5958938 0.7183796 0.6036419 0.6987584 0.6032863 0.7074985 0.586523 0.7254568 0.5958938 0.6987584 0.6032863 0.7074985 0.586523 0.7127138 0.5819474 0.7254568 0.5958938 0.7127138 0.5819474 0.7290798 0.5898257 0.7254568 0.5958938 0.6898794 0.6196367 0.672579 0.6070059 0.6970711 0.6061537 0.672579 0.6070059 0.6898794 0.6196367 0.6805198 0.6337538 0.672579 0.6070059 0.6838016 0.5967558 0.6970711 0.6061537 0.6987584 0.6032863 0.6970711 0.6061537 0.6838016 0.5967558 0.6838016 0.5967558 0.672579 0.6070059 0.6753218 0.5864582 0.6753218 0.5864582 0.679105 0.5841807 0.6838016 0.5967558 0.679105 0.5841807 0.68613 0.5945269 0.6838016 0.5967558 0.68613 0.5945269 0.6987584 0.6032863 0.6838016 0.5967558 0.7074985 0.586523 0.6987584 0.6032863 0.68613 0.5945269 0.679105 0.5841807 0.6753218 0.5864582 0.681732 0.5597285 0.6830596 0.5596814 0.679105 0.5841807 0.681732 0.5597285 0.679105 0.5841807 0.6968719 0.5767084 0.68613 0.5945269 0.6968719 0.5767084 0.679105 0.5841807 0.6830596 0.5596814 0.6968719 0.5767084 0.7023984 0.5817316 0.68613 0.5945269 0.7023984 0.5817316 0.7074985 0.586523 0.68613 0.5945269 0.691658 0.55541 0.6968719 0.5767084 0.6830596 0.5596814 0.7018029 0.572057 0.6968719 0.5767084 0.691658 0.55541 0.7023984 0.5817316 0.6968719 0.5767084 0.7018029 0.572057 0.6975212 0.5529149 0.7018029 0.572057 0.691658 0.55541 0.6696548 0.560947 0.681732 0.5597285 0.6753218 0.5864582 0.658064 0.58851 0.6696548 0.560947 0.6753218 0.5864582 0.672579 0.6070059 0.658064 0.58851 0.6753218 0.5864582 0.658064 0.58851 0.6475479 0.5714364 0.6696548 0.560947 0.6475479 0.5714364 0.6629858 0.5519164 0.6696548 0.560947 0.6629487 0.5514317 0.6629858 0.5519164 0.6475479 0.5714364 0.6456546 0.5644286 0.6629487 0.5514317 0.6475479 0.5714364 0.6456546 0.5644286 0.6404395 0.5419645 0.6629487 0.5514317 0.6404395 0.5419645 0.6601203 0.5362181 0.6629487 0.5514317 0.6475479 0.5714364 0.658064 0.58851 0.6350611 0.594383 0.6332061 0.573812 0.6475479 0.5714364 0.6350611 0.594383 0.6456546 0.5644286 0.6475479 0.5714364 0.6332061 0.573812 0.6332061 0.573812 0.6350611 0.594383 0.6097115 0.5881609 0.6181062 0.5706226 0.6332061 0.573812 0.6097115 0.5881609 0.6097115 0.5881609 0.5917742 0.5671236 0.6181062 0.5706226 0.5917742 0.5671236 0.5964728 0.5557137 0.6181062 0.5706226 0.6181062 0.5706226 0.618977 0.5642258 0.6332061 0.573812 0.618977 0.5642258 0.6181062 0.5706226 0.5964728 0.5557137 0.618977 0.5642258 0.6328489 0.5666831 0.6332061 0.573812 0.6328489 0.5666831 0.6456546 0.5644286 0.6332061 0.573812 0.6404395 0.5419645 0.6456546 0.5644286 0.6328489 0.5666831 0.6309971 0.5421212 0.6328489 0.5666831 0.618977 0.5642258 0.6309971 0.5421212 0.6404395 0.5419645 0.6328489 0.5666831 0.6217103 0.5422645 0.6309971 0.5421212 0.618977 0.5642258 0.6007729 0.5378495 0.6217103 0.5422645 0.618977 0.5642258 0.5977028 0.5538981 0.6007729 0.5378495 0.618977 0.5642258 0.5977028 0.5538981 0.618977 0.5642258 0.5964728 0.5557137 0.6217103 0.5422645 0.6219294 0.5366969 0.6309971 0.5421212 0.6219294 0.5366969 0.6307045 0.5361683 0.6309971 0.5421212 0.6039539 0.5310465 0.6219294 0.5366969 0.6217103 0.5422645 0.6007729 0.5378495 0.6039539 0.5310465 0.6217103 0.5422645 0.6309971 0.5421212 0.6307045 0.5361683 0.6397868 0.5352798 0.6404395 0.5419645 0.6309971 0.5421212 0.6397868 0.5352798 0.6404395 0.5419645 0.6397868 0.5352798 0.6571565 0.5291431 0.6601203 0.5362181 0.6404395 0.5419645 0.6571565 0.5291431 0.6397868 0.5352798 0.6307045 0.5361683 0.635412 0.5206528 0.6307045 0.5361683 0.6304628 0.5191679 0.635412 0.5206528 0.6419689 0.51263 0.635412 0.5206528 0.6304628 0.5191679 0.6397868 0.5352798 0.635412 0.5206528 0.6419689 0.51263 0.6571565 0.5291431 0.6397868 0.5352798 0.6419689 0.51263 0.6295926 0.5025123 0.6419689 0.51263 0.6304628 0.5191679 0.6193106 0.5139521 0.6295926 0.5025123 0.6304628 0.5191679 0.6039539 0.5310465 0.6193106 0.5139521 0.6219294 0.5366969 0.6263134 0.5201162 0.6193106 0.5139521 0.6304628 0.5191679 0.6263134 0.5201162 0.6304628 0.5191679 0.6307045 0.5361683 0.6219294 0.5366969 0.6263134 0.5201162 0.6307045 0.5361683 0.6193106 0.5139521 0.6263134 0.5201162 0.6219294 0.5366969 0.3628662 0.8454537 0.3762136 0.8530838 0.3720507 0.8647331 0.3521748 0.8619059 0.3628662 0.8454537 0.3720507 0.8647331 0.3521748 0.8619059 0.3720507 0.8647331 0.3693894 0.8956263 0.3720507 0.8647331 0.3869559 0.8725137 0.3693894 0.8956263 0.3869559 0.8725137 0.3720507 0.8647331 0.3762136 0.8530838 0.3762136 0.8530838 0.3628662 0.8454537 0.3938472 0.8488479 0.3938472 0.8488479 0.3869559 0.8725137 0.3762136 0.8530838 0.3628662 0.8454537 0.3900647 0.8374799 0.3938472 0.8488479 0.4075733 0.8569576 0.3938472 0.8488479 0.3900647 0.8374799 0.3869559 0.8725137 0.3938472 0.8488479 0.4075733 0.8569576 0.4089187 0.8449125 0.4075733 0.8569576 0.3900647 0.8374799 0.4089187 0.8449125 0.4127894 0.8431304 0.4075733 0.8569576 0.4127894 0.8431304 0.4130724 0.8654272 0.4075733 0.8569576 0.4059829 0.9015155 0.3693894 0.8956263 0.3869559 0.8725137 0.4059746 0.8779715 0.4059829 0.9015155 0.3869559 0.8725137 0.4059746 0.8779715 0.3869559 0.8725137 0.4075733 0.8569576 0.4075733 0.8569576 0.4130724 0.8654272 0.4059746 0.8779715 0.4059746 0.8779715 0.4153501 0.8805262 0.4059829 0.9015155 0.4130724 0.8654272 0.4153501 0.8805262 0.4059746 0.8779715 0.4153501 0.8805262 0.4223383 0.900474 0.4059829 0.9015155 0.4204677 0.3054515 0.4270097 0.2928393 0.4592664 0.3350967 0.4488212 0.3468453 0.4204677 0.3054515 0.4592664 0.3350967 0.4693707 0.310096 0.4592664 0.3350967 0.4270097 0.2928393 0.4469574 0.2712343 0.4693707 0.310096 0.4270097 0.2928393 0.4842941 0.448813 0.4488212 0.3468453 0.4592664 0.3350967 0.5013706 0.3861373 0.4842941 0.448813 0.4592664 0.3350967 0.5552811 0.4892745 0.4842941 0.448813 0.5013706 0.3861373 0.1210473 0.8301437 0.1521402 0.8499135 0.1433718 0.8684657 0.2937486 0.7250939 0.2789834 0.7505834 0.2189269 0.6930569 0.2355207 0.666421 0.2937486 0.7250939 0.2189269 0.6930569 0.2355207 0.666421 0.2189269 0.6930569 0.2153692 0.6506944 0.2189269 0.6930569 0.1929846 0.677792 0.2153692 0.6506944 0.2153692 0.6506944 0.1929846 0.677792 0.1789625 0.637807 0.1938818 0.6145826 0.2153692 0.6506944 0.1789625 0.637807 0.670039 0.03510183 0.6663702 0.05150318 0.6536295 0.05138432 0.6495257 0.03534257 0.670039 0.03510183 0.6536295 0.05138432 0.6536295 0.05138432 0.6663702 0.05150318 0.6465384 0.08133643 0.6663702 0.05150318 0.67457 0.08116328 0.6465384 0.08133643 0.6663702 0.05150318 0.670039 0.03510183 0.67457 0.08116328 0.6465384 0.08133643 0.67457 0.08116328 0.6465084 0.08504509 0.67457 0.08116328 0.6746003 0.08478724 0.6465084 0.08504509 0.6465084 0.08504509 0.6746003 0.08478724 0.6417859 0.09198331 0.6746003 0.08478724 0.6796326 0.09057593 0.6417859 0.09198331 0.6746003 0.08478724 0.6888039 0.05945748 0.6796326 0.09057593 0.6465084 0.08504509 0.6417859 0.09198331 0.6254096 0.06027191 0.630732 0.06126129 0.6465084 0.08504509 0.6254096 0.06027191 0.6465384 0.08133643 0.6465084 0.08504509 0.630732 0.06126129 0.6860975 0.05195933 0.6888039 0.05945748 0.6746003 0.08478724 0.67457 0.08116328 0.6860975 0.05195933 0.6746003 0.08478724 0.670039 0.03510183 0.6860975 0.05195933 0.67457 0.08116328 0.6329468 0.05358862 0.6465384 0.08133643 0.630732 0.06126129 0.6536295 0.05138432 0.6465384 0.08133643 0.6329468 0.05358862 0.6495257 0.03534257 0.6536295 0.05138432 0.6329468 0.05358862 0.6314368 0.224361 0.6132432 0.2267057 0.648696 0.2066463 0.645435 0.2107834 0.6314368 0.224361 0.648696 0.2066463 0.6327641 0.2306509 0.6314368 0.224361 0.645435 0.2107834 0.6517568 0.2125282 0.6327641 0.2306509 0.645435 0.2107834 0.6485267 0.2390384 0.6327641 0.2306509 0.6517568 0.2125282 0.6584646 0.2297187 0.6485267 0.2390384 0.6517568 0.2125282 0.6311042 0.2027338 0.648696 0.2066463 0.6132432 0.2267057 0.6214416 0.2179541 0.6311042 0.2027338 0.6132432 0.2267057 0.6311042 0.2027338 0.6357778 0.1820377 0.648696 0.2066463 0.6357778 0.1820377 0.6535859 0.1824479 0.648696 0.2066463 0.6543149 0.2036344 0.648696 0.2066463 0.6535859 0.1824479 0.6575101 0.1872975 0.6543149 0.2036344 0.6535859 0.1824479 0.6593651 0.2077251 0.6543149 0.2036344 0.6575101 0.1872975 0.663591 0.1853989 0.6593651 0.2077251 0.6575101 0.1872975 0.6767523 0.2051194 0.6593651 0.2077251 0.663591 0.1853989 0.6783785 0.1926734 0.6767523 0.2051194 0.663591 0.1853989 0.6357778 0.1820377 0.6320261 0.1667245 0.6535859 0.1824479 0.6320261 0.1667245 0.6281175 0.156827 0.6535859 0.1824479 0.6320261 0.1667245 0.6357778 0.1820377 0.6281175 0.156827 0.6510276 0.177545 0.6535859 0.1824479 0.6281175 0.156827 0.6443734 0.1612245 0.6510276 0.177545 0.6281175 0.156827 0.6579158 0.1784636 0.6510276 0.177545 0.6443734 0.1612245 0.6485337 0.1559349 0.6579158 0.1784636 0.6443734 0.1612245 0.6710845 0.1662266 0.6579158 0.1784636 0.6485337 0.1559349 0.6664859 0.1551397 0.6710845 0.1662266 0.6485337 0.1559349 0.6357778 0.1820377 0.618393 0.1811306 0.6281175 0.156827 0.6038372 0.1678835 0.6281175 0.156827 0.618393 0.1811306 0.6038372 0.1678835 0.584601 0.1637811 0.6281175 0.156827 0.6038372 0.1678835 0.6055374 0.178736 0.584601 0.1637811 0.6055374 0.178736 0.6038372 0.1678835 0.618393 0.1811306 0.6055374 0.178736 0.5704635 0.1848528 0.584601 0.1637811 0.584601 0.1637811 0.577483 0.1543791 0.6281175 0.156827 0.584601 0.1637811 0.5704635 0.1848528 0.577483 0.1543791 0.5704635 0.1848528 0.5583899 0.1832588 0.577483 0.1543791 0.5704635 0.1848528 0.5776491 0.2071155 0.5583899 0.1832588 0.5938218 0.2105289 0.5776491 0.2071155 0.5704635 0.1848528 0.6021183 0.1986928 0.5938218 0.2105289 0.5704635 0.1848528 0.6055374 0.178736 0.6021183 0.1986928 0.5704635 0.1848528 0.5776491 0.2071155 0.5712093 0.2176719 0.5583899 0.1832588 0.5776491 0.2071155 0.5938218 0.2105289 0.5712093 0.2176719 0.5938218 0.2105289 0.6132432 0.2267057 0.5712093 0.2176719 0.5938218 0.2105289 0.6021183 0.1986928 0.6132432 0.2267057 0.6021183 0.1986928 0.6133754 0.2012572 0.6132432 0.2267057 0.6055374 0.178736 0.618393 0.1811306 0.6133754 0.2012572 0.6021183 0.1986928 0.6055374 0.178736 0.6133754 0.2012572 0.6311042 0.2027338 0.6133754 0.2012572 0.618393 0.1811306 0.6357778 0.1820377 0.6311042 0.2027338 0.618393 0.1811306 0.6214416 0.2179541 0.6132432 0.2267057 0.6133754 0.2012572 0.6311042 0.2027338 0.6214416 0.2179541 0.6133754 0.2012572 0.4876669 0.02039283 0.4667997 0.02844154 0.4499401 0.01711964 0.4877758 0.007141113 0.4876669 0.02039283 0.4499401 0.01711964 0.4876669 0.02039283 0.4877758 0.007141113 0.5122673 0.01173698 0.5099561 0.0288949 0.4876669 0.02039283 0.5122673 0.01173698 0.53193 0.03197026 0.5099561 0.0288949 0.5122673 0.01173698 0.541378 0.005451738 0.53193 0.03197026 0.5122673 0.01173698 0.4876669 0.02039283 0.5099561 0.0288949 0.4782353 0.04352283 0.4667997 0.02844154 0.4876669 0.02039283 0.4782353 0.04352283 0.5099561 0.0288949 0.503088 0.05969089 0.4782353 0.04352283 0.5267882 0.05675828 0.503088 0.05969089 0.5099561 0.0288949 0.53193 0.03197026 0.5267882 0.05675828 0.5099561 0.0288949 0.4584167 0.04829305 0.4667997 0.02844154 0.4782353 0.04352283 0.4667997 0.02844154 0.4584167 0.04829305 0.4499401 0.01711964 0.4584167 0.04829305 0.4326673 0.03931361 0.4499401 0.01711964 0.4326673 0.03931361 0.4584167 0.04829305 0.4258213 0.05262988 0.4584167 0.04829305 0.442316 0.06457084 0.4258213 0.05262988 0.442316 0.06457084 0.4584167 0.04829305 0.4564582 0.07404887 0.4584167 0.04829305 0.4724961 0.0613231 0.4564582 0.07404887 0.4724961 0.0613231 0.4782353 0.04352283 0.503088 0.05969089 0.4724961 0.0613231 0.4584167 0.04829305 0.4782353 0.04352283 0.4226973 0.05717253 0.4258213 0.05262988 0.442316 0.06457084 0.4394067 0.06727123 0.4226973 0.05717253 0.442316 0.06457084 0.4394067 0.06727123 0.442316 0.06457084 0.4564582 0.07404887 0.413935 0.0713365 0.4226973 0.05717253 0.4394067 0.06727123 0.4320077 0.07491463 0.413935 0.0713365 0.4394067 0.06727123 0.4320077 0.07491463 0.4286541 0.08009898 0.413935 0.0713365 0.4286541 0.08009898 0.4136189 0.07515674 0.413935 0.0713365 0.4564582 0.07404887 0.4724961 0.0613231 0.46462 0.08789253 0.46462 0.08789253 0.4602522 0.08796739 0.4564582 0.07404887 0.4602522 0.08796739 0.4543037 0.07661902 0.4564582 0.07404887 0.4543037 0.07661902 0.4394067 0.06727123 0.4564582 0.07404887 0.4320077 0.07491463 0.4394067 0.06727123 0.4543037 0.07661902 0.4602522 0.08796739 0.4524479 0.09760463 0.4543037 0.07661902 0.4524479 0.09760463 0.4461135 0.08273708 0.4543037 0.07661902 0.4461135 0.08273708 0.4320077 0.07491463 0.4543037 0.07661902 0.4724961 0.0613231 0.4812072 0.07372277 0.46462 0.08789253 0.4394391 0.08913165 0.4461135 0.08273708 0.4524479 0.09760463 0.4320077 0.07491463 0.4461135 0.08273708 0.4394391 0.08913165 0.4286541 0.08009898 0.4320077 0.07491463 0.4394391 0.08913165 0.4286541 0.08009898 0.4394391 0.08913165 0.4204185 0.09280663 0.4394391 0.08913165 0.4184339 0.1042283 0.4204185 0.09280663 0.4184339 0.1042283 0.4394391 0.08913165 0.4333613 0.1066794 0.4394391 0.08913165 0.4456431 0.100698 0.4333613 0.1066794 0.4456431 0.100698 0.4394391 0.08913165 0.4524479 0.09760463 0.4286541 0.08009898 0.4204185 0.09280663 0.4138466 0.08833026 0.4136189 0.07515674 0.4286541 0.08009898 0.4138466 0.08833026 0.4812072 0.07372277 0.4980271 0.07970237 0.4925383 0.09698784 0.4744574 0.09279924 0.4812072 0.07372277 0.4925383 0.09698784 0.4980271 0.07970237 0.5133348 0.0848428 0.4925383 0.09698784 0.5133348 0.0848428 0.5088236 0.1049426 0.4925383 0.09698784 0.5088236 0.1049426 0.5027301 0.1076551 0.4925383 0.09698784 0.5027301 0.1076551 0.4907283 0.101931 0.4925383 0.09698784 0.4864424 0.1158033 0.4907283 0.101931 0.5027301 0.1076551 0.501972 0.1258361 0.4864424 0.1158033 0.5027301 0.1076551 0.4782264 0.09931254 0.4744574 0.09279924 0.4925383 0.09698784 0.4907283 0.101931 0.4782264 0.09931254 0.4925383 0.09698784 0.4693393 0.1165425 0.4782264 0.09931254 0.4907283 0.101931 0.4864424 0.1158033 0.4693393 0.1165425 0.4907283 0.101931 0.4834451 0.1253256 0.4864424 0.1158033 0.501972 0.1258361 0.4693393 0.1165425 0.4864424 0.1158033 0.4834451 0.1253256 0.4984467 0.1317212 0.4834451 0.1253256 0.501972 0.1258361 0.4984467 0.1317212 0.4880583 0.1500612 0.4834451 0.1253256 0.4880583 0.1500612 0.4758616 0.1550523 0.4834451 0.1253256 0.4834451 0.1253256 0.4758616 0.1550523 0.4686254 0.1454686 0.4695948 0.1238848 0.4834451 0.1253256 0.4686254 0.1454686 0.4695948 0.1238848 0.4693393 0.1165425 0.4834451 0.1253256 0.503088 0.05969089 0.5133348 0.0848428 0.4980271 0.07970237 0.503088 0.05969089 0.5238051 0.07799309 0.5133348 0.0848428 0.5238051 0.07799309 0.534229 0.09627181 0.5133348 0.0848428 0.5238051 0.07799309 0.5382843 0.0758363 0.534229 0.09627181 0.5382843 0.0758363 0.553684 0.09306067 0.534229 0.09627181 0.553684 0.09306067 0.5517635 0.09639042 0.534229 0.09627181 0.5517635 0.09639042 0.5357487 0.09807842 0.534229 0.09627181 0.5517635 0.09639042 0.5617304 0.1078471 0.5357487 0.09807842 0.5617304 0.1078471 0.5431126 0.1136964 0.5357487 0.09807842 0.5357487 0.09807842 0.5240845 0.1103827 0.534229 0.09627181 0.5357487 0.09807842 0.5431126 0.1136964 0.5240845 0.1103827 0.5240845 0.1103827 0.5194204 0.1106029 0.534229 0.09627181 0.534229 0.09627181 0.5194204 0.1106029 0.5133348 0.0848428 0.5431126 0.1136964 0.5272743 0.1231992 0.5240845 0.1103827 0.5463665 0.12068 0.5431126 0.1136964 0.5617304 0.1078471 0.5622757 0.1142536 0.5463665 0.12068 0.5617304 0.1078471 0.5622757 0.1142536 0.5654036 0.1372824 0.5463665 0.12068 0.5654036 0.1372824 0.5601524 0.1472275 0.5463665 0.12068 0.5463665 0.12068 0.5601524 0.1472275 0.5493767 0.1445251 0.5324114 0.1279647 0.5463665 0.12068 0.5493767 0.1445251 0.5324114 0.1279647 0.5272743 0.1231992 0.5431126 0.1136964 0.5463665 0.12068 0.5324114 0.1279647 0.5431126 0.1136964 0.5267882 0.05675828 0.5382843 0.0758363 0.5238051 0.07799309 0.503088 0.05969089 0.5267882 0.05675828 0.5238051 0.07799309 0.5399599 0.06740838 0.5382843 0.0758363 0.5267882 0.05675828 0.5399599 0.06740838 0.5267882 0.05675828 0.5446987 0.0624969 0.5267882 0.05675828 0.5352337 0.04986983 0.5446987 0.0624969 0.5446987 0.0624969 0.5352337 0.04986983 0.558475 0.05946922 0.5352337 0.04986983 0.5533082 0.04476797 0.558475 0.05946922 0.5533082 0.04476797 0.5352337 0.04986983 0.551559 0.03167492 0.551559 0.03167492 0.5556069 0.03162765 0.5533082 0.04476797 0.5556069 0.03162765 0.551559 0.03167492 0.557408 0.008190512 0.557408 0.008190512 0.551559 0.03167492 0.541378 0.005451738 0.551559 0.03167492 0.53193 0.03197026 0.541378 0.005451738 0.5352337 0.04986983 0.53193 0.03197026 0.551559 0.03167492 0.5267882 0.05675828 0.53193 0.03197026 0.5352337 0.04986983 0.5578395 0.01011568 0.5556069 0.03162765 0.557408 0.008190512 0.5556069 0.03162765 0.5558404 0.04482752 0.5533082 0.04476797 0.5701789 0.02739244 0.5556069 0.03162765 0.5578395 0.01011568 0.5556069 0.03162765 0.5701789 0.02739244 0.5558404 0.04482752 0.5725911 0.006566941 0.5701789 0.02739244 0.5578395 0.01011568 0.5725911 0.006566941 0.5805696 0.007679939 0.5701789 0.02739244 0.5805696 0.007679939 0.5725318 0.02710247 0.5701789 0.02739244 0.5701789 0.02739244 0.5725318 0.02710247 0.5691273 0.04376477 0.5701789 0.02739244 0.5691273 0.04376477 0.5558404 0.04482752 0.5725318 0.02710247 0.5775578 0.0428034 0.5691273 0.04376477 0.560279 0.0581941 0.558475 0.05946922 0.5533082 0.04476797 0.5558404 0.04482752 0.560279 0.0581941 0.5533082 0.04476797 0.5558404 0.04482752 0.5691273 0.04376477 0.560279 0.0581941 0.5775578 0.0428034 0.5827563 0.05851364 0.5691273 0.04376477 0.5827563 0.05851364 0.5756168 0.06123393 0.5691273 0.04376477 0.5691273 0.04376477 0.5756168 0.06123393 0.560279 0.0581941 0.5827563 0.05851364 0.5775578 0.0428034 0.6035279 0.0418272 0.5775578 0.0428034 0.6009457 0.03447163 0.6035279 0.0418272 0.6035279 0.0418272 0.6009457 0.03447163 0.6089049 0.02368801 0.6128768 0.03332018 0.6035279 0.0418272 0.6089049 0.02368801 0.6009457 0.03447163 0.5937132 0.02903884 0.6089049 0.02368801 0.5937132 0.02903884 0.6009457 0.03447163 0.5775578 0.0428034 0.5725318 0.02710247 0.5937132 0.02903884 0.5775578 0.0428034 0.5725318 0.02710247 0.5805696 0.007679939 0.5937132 0.02903884 0.5937132 0.02903884 0.5964943 0.02018046 0.6089049 0.02368801 0.5805696 0.007679939 0.5964943 0.02018046 0.5937132 0.02903884 0.5303155 0.5843237 0.5453909 0.5922757 0.5415318 0.5984175 0.5332616 0.5962409 0.5303155 0.5843237 0.5415318 0.5984175 0.5303155 0.5843237 0.5447469 0.5788636 0.5453909 0.5922757 0.5447469 0.5788636 0.5487041 0.5872455 0.5453909 0.5922757 0.5569134 0.5973314 0.5453909 0.5922757 0.5487041 0.5872455 0.5415318 0.5984175 0.5453909 0.5922757 0.5569134 0.5973314 0.5601195 0.588522 0.5569134 0.5973314 0.5487041 0.5872455 0.5614577 0.5983098 0.5569134 0.5973314 0.5601195 0.588522 0.5640296 0.5892136 0.5614577 0.5983098 0.5601195 0.588522 0.5640296 0.5892136 0.5601195 0.588522 0.5578899 0.5745983 0.5487041 0.5872455 0.5447469 0.5788636 0.5578899 0.5745983 0.5601195 0.588522 0.5487041 0.5872455 0.5578899 0.5745983 0.5652772 0.5732786 0.5640296 0.5892136 0.5578899 0.5745983 0.5640296 0.5892136 0.5652772 0.5732786 0.5762176 0.5730399 0.5804405 0.5890212 0.5640296 0.5892136 0.5762176 0.5730399 0.5804405 0.5890212 0.5762176 0.5730399 0.5874155 0.5879889 0.5762176 0.5730399 0.5759516 0.5707221 0.5874155 0.5879889 0.5874155 0.5879889 0.5759516 0.5707221 0.5917742 0.5671236 0.6097115 0.5881609 0.5874155 0.5879889 0.5917742 0.5671236 0.5874155 0.5879889 0.6097115 0.5881609 0.5993695 0.6067389 0.5842539 0.6012822 0.5874155 0.5879889 0.5993695 0.6067389 0.5804405 0.5890212 0.5874155 0.5879889 0.5842539 0.6012822 0.5749809 0.6160544 0.5842539 0.6012822 0.5993695 0.6067389 0.5864439 0.6277177 0.5749809 0.6160544 0.5993695 0.6067389 0.5749809 0.6160544 0.5751903 0.6120984 0.5842539 0.6012822 0.5751903 0.6120984 0.5806449 0.6007228 0.5842539 0.6012822 0.5806449 0.6007228 0.5804405 0.5890212 0.5842539 0.6012822 0.5640296 0.5892136 0.5804405 0.5890212 0.5806449 0.6007228 0.5614577 0.5983098 0.5640296 0.5892136 0.5806449 0.6007228 0.5591191 0.6073316 0.5614577 0.5983098 0.5806449 0.6007228 0.5751903 0.6120984 0.5591191 0.6073316 0.5806449 0.6007228 0.5993695 0.6067389 0.6097115 0.5881609 0.6347957 0.6162599 0.5843074 0.6355581 0.5993695 0.6067389 0.6347957 0.6162599 0.5843074 0.6355581 0.5864439 0.6277177 0.5993695 0.6067389 0.6347957 0.6162599 0.6097115 0.5881609 0.6350611 0.594383 0.6350611 0.594383 0.658064 0.58851 0.6347957 0.6162599 0.6347957 0.6162599 0.658064 0.58851 0.672579 0.6070059 0.6347957 0.6162599 0.672579 0.6070059 0.6805198 0.6337538 0.5569134 0.5973314 0.5614577 0.5983098 0.5591191 0.6073316 0.5538303 0.6058714 0.5569134 0.5973314 0.5591191 0.6073316 0.5538303 0.6058714 0.5415318 0.5984175 0.5569134 0.5973314 0.7350242 0.5524774 0.7223434 0.5628144 0.7182341 0.5611349 0.7214313 0.5504102 0.7350242 0.5524774 0.7182341 0.5611349 0.7182341 0.5611349 0.7223434 0.5628144 0.7072241 0.5775021 0.7018029 0.572057 0.7182341 0.5611349 0.7072241 0.5775021 0.7072241 0.5775021 0.7223434 0.5628144 0.7242462 0.567763 0.7223434 0.5628144 0.7350242 0.5524774 0.7242462 0.567763 0.7127138 0.5819474 0.7072241 0.5775021 0.7242462 0.567763 0.7350242 0.5524774 0.7352408 0.5664775 0.7242462 0.567763 0.7072241 0.5775021 0.7023984 0.5817316 0.7018029 0.572057 0.7074985 0.586523 0.7023984 0.5817316 0.7072241 0.5775021 0.7127138 0.5819474 0.7074985 0.586523 0.7072241 0.5775021 0.6975212 0.5529149 0.7214313 0.5504102 0.7182341 0.5611349 0.7018029 0.572057 0.6975212 0.5529149 0.7182341 0.5611349 0.7242462 0.567763 0.7352408 0.5664775 0.7290798 0.5898257 0.7127138 0.5819474 0.7242462 0.567763 0.7290798 0.5898257 0.1971441 0.1814832 0.192363 0.2323545 0.1288151 0.215488 0.1313356 0.157638 0.1971441 0.1814832 0.1288151 0.215488 0.2614228 0.2399898 0.192363 0.2323545 0.1971441 0.1814832 0.2684348 0.1866143 0.2614228 0.2399898 0.1971441 0.1814832 0.3008918 0.241097 0.2614228 0.2399898 0.2684348 0.1866143 0.3124876 0.1795497 0.3008918 0.241097 0.2684348 0.1866143 0.529603 0.3148034 0.4940798 0.286194 0.5471294 0.278076 0.7137614 0.6208039 0.7157145 0.6202918 0.6985331 0.6321011 0.7565112 0.634419 0.7732299 0.6225168 0.7761116 0.6314702 0.7617412 0.6416217 0.7565112 0.634419 0.7761116 0.6314702 0.766646 0.6178445 0.7732299 0.6225168 0.7565112 0.634419 0.7519599 0.6272439 0.766646 0.6178445 0.7565112 0.634419 0.7663726 0.6087439 0.766646 0.6178445 0.7519599 0.6272439 0.7451211 0.6113843 0.7663726 0.6087439 0.7519599 0.6272439 0.497193 0.8774237 0.4254289 0.8131304 0.4635407 0.7894892 0.5103113 0.8351479 0.497193 0.8774237 0.4635407 0.7894892 0.4635407 0.7894892 0.4254289 0.8131304 0.4000714 0.7374592 0.4284251 0.7262561 0.4635407 0.7894892 0.4000714 0.7374592 0.5578312 0.8807758 0.497193 0.8774237 0.5103113 0.8351479 0.5658596 0.8412214 0.5578312 0.8807758 0.5103113 0.8351479 0.5268223 0.9126939 0.5578312 0.8807758 0.6364763 0.8899225 0.6472285 0.9122679 0.5268223 0.9126939 0.6364763 0.8899225 0.6364763 0.8899225 0.6342387 0.8490961 0.6921311 0.8622925 0.6342387 0.8490961 0.6906991 0.8334751 0.6921311 0.8622925 0.6906991 0.8334751 0.7602522 0.8032743 0.6921311 0.8622925 0.7602522 0.8032743 0.7923417 0.8139275 0.6921311 0.8622925 0.3619846 0.2418015 0.4127322 0.2524888 0.4129803 0.2675437 0.4129803 0.2675437 0.4127322 0.2524888 0.417519 0.2619747 0.4127322 0.2524888 0.4181945 0.2585411 0.417519 0.2619747 0.4181945 0.2585411 0.4217263 0.2658142 0.417519 0.2619747 0.4129803 0.2675437 0.417519 0.2619747 0.4217263 0.2658142 0.4245164 0.254274 0.4181945 0.2585411 0.4127322 0.2524888 0.4245164 0.254274 0.4217263 0.2658142 0.4181945 0.2585411 0.4235585 0.2449643 0.4245164 0.254274 0.4127322 0.2524888 0.4127322 0.2524888 0.3619846 0.2418015 0.4235585 0.2449643 0.4178206 0.2721247 0.4129803 0.2675437 0.4217263 0.2658142 0.3619846 0.2418015 0.4245678 0.170778 0.4235585 0.2449643 0.1874869 0.8897036 0.177662 0.884753 0.1855437 0.87334 0.1966854 0.8787223 0.1874869 0.8897036 0.1855437 0.87334 0.1874869 0.8897036 0.1779381 0.8985898 0.177662 0.884753 0.1779381 0.8985898 0.1715089 0.8943374 0.177662 0.884753 0.1966854 0.8787223 0.1855437 0.87334 0.1948081 0.859372 0.205496 0.8641577 0.1966854 0.8787223 0.1948081 0.859372 0.205496 0.8641577 0.1948081 0.859372 0.2040343 0.8452301 0.2108686 0.8493621 0.205496 0.8641577 0.2040343 0.8452301 0.1855437 0.87334 0.177662 0.884753 0.1610683 0.8765188 0.1610683 0.8765188 0.177662 0.884753 0.1715089 0.8943374 0.1700426 0.8647119 0.1855437 0.87334 0.1610683 0.8765188 0.1606233 0.8902773 0.1610683 0.8765188 0.1715089 0.8943374 0.1606233 0.8902773 0.1715089 0.8943374 0.1673977 0.9043768 0.1715089 0.8943374 0.1779381 0.8985898 0.1718849 0.9049819 0.1673977 0.9043768 0.1715089 0.8943374 0.1718849 0.9049819 0.1943584 0.8381059 0.2040343 0.8452301 0.1948081 0.859372 0.1815788 0.8510878 0.1943584 0.8381059 0.1948081 0.859372 0.1815788 0.8510878 0.1948081 0.859372 0.1855437 0.87334 0.1700426 0.8647119 0.1815788 0.8510878 0.1855437 0.87334 0.2108686 0.8493621 0.2040343 0.8452301 0.2151125 0.8334249 0.2040343 0.8452301 0.1943584 0.8381059 0.2151125 0.8334249 0.1943584 0.8381059 0.2162082 0.8228068 0.2151125 0.8334249 0.2162082 0.8228068 0.2186437 0.8318763 0.2151125 0.8334249 0.4099022 0.4704494 0.4378165 0.5275742 0.3876056 0.4888713 0.3876056 0.4888713 0.4378165 0.5275742 0.3804225 0.5022893 0.3804225 0.5022893 0.4378165 0.5275742 0.3764801 0.5345152 0.3764801 0.5345152 0.4378165 0.5275742 0.3889499 0.5614701 0.3889499 0.5614701 0.4378165 0.5275742 0.4131923 0.5803064 0.4131923 0.5803064 0.4378165 0.5275742 0.4396488 0.5866723 0.4396488 0.5866723 0.4378165 0.5275742 0.4659195 0.5816053 0.4659195 0.5816053 0.4378165 0.5275742 0.4832707 0.5677003 0.4832707 0.5677003 0.4378165 0.5275742 0.4914963 0.5538854 0.4914963 0.5538854 0.4378165 0.5275742 0.498822 0.5321694 0.498822 0.5321694 0.4378165 0.5275742 0.4946762 0.5042376 0.4946762 0.5042376 0.4378165 0.5275742 0.4758366 0.4784516 0.4758366 0.4784516 0.4378165 0.5275742 0.4444285 0.4658055 0.4444285 0.4658055 0.4378165 0.5275742 0.4099022 0.4704494 0.503088 0.05969089 0.4724961 0.0613231 0.4812072 0.07372277 0.4980998 0.07967036 0.503088 0.05969089 0.4812072 0.07372277 0.4724961 0.0613231 0.503088 0.05969089 0.4812072 0.07372277 0.503088 0.05969089 0.4980271 0.07970237 0.4812072 0.07372277 0.2537485 0.8156682 0.2199198 0.7842186 0.2667386 0.7830505 0.2667386 0.7830505 0.2199198 0.7842186 0.2104911 0.7328549 0.1537253 0.08689707 0.1457639 0.07642424 0.1606181 0.07339465 0.1457639 0.07642424 0.148988 0.06367003 0.1606181 0.07339465 0.148988 0.06367003 0.1609699 0.05823868 0.1606181 0.07339465 0.1609699 0.05823868 0.1726869 0.06422007 0.1606181 0.07339465 0.1726869 0.06422007 0.1753159 0.07711011 0.1606181 0.07339465 0.1753159 0.07711011 0.1668772 0.08720231 0.1606181 0.07339465 0.1668772 0.08720231 0.1537253 0.08689707 0.1606181 0.07339465 0.1365622 0.07830101 0.1457639 0.07642424 0.1537253 0.08689707 0.1494554 0.09526139 0.1365622 0.07830101 0.1537253 0.08689707 0.1494554 0.09526139 0.1537253 0.08689707 0.1668772 0.08720231 0.1417835 0.05764597 0.148988 0.06367003 0.1457639 0.07642424 0.1365622 0.07830101 0.1417835 0.05764597 0.1457639 0.07642424 0.1611878 0.04885005 0.1609699 0.05823868 0.148988 0.06367003 0.1417835 0.05764597 0.1611878 0.04885005 0.148988 0.06367003 0.180163 0.0585367 0.1726869 0.06422007 0.1609699 0.05823868 0.1611878 0.04885005 0.180163 0.0585367 0.1609699 0.05823868 0.1844206 0.07941168 0.1753159 0.07711011 0.1726869 0.06422007 0.180163 0.0585367 0.1844206 0.07941168 0.1726869 0.06422007 0.1707544 0.09575575 0.1668772 0.08720231 0.1753159 0.07711011 0.1844206 0.07941168 0.1707544 0.09575575 0.1753159 0.07711011 0.1707544 0.09575575 0.1494554 0.09526139 0.1668772 0.08720231 0.1263826 0.08037716 0.1365622 0.07830101 0.1494554 0.09526139 0.1447318 0.1045146 0.1263826 0.08037716 0.1494554 0.09526139 0.1447318 0.1045146 0.1494554 0.09526139 0.1707544 0.09575575 0.1338135 0.05098176 0.1417835 0.05764597 0.1365622 0.07830101 0.1263826 0.08037716 0.1338135 0.05098176 0.1365622 0.07830101 0.1614288 0.03846371 0.1611878 0.04885005 0.1417835 0.05764597 0.1338135 0.05098176 0.1614288 0.03846371 0.1417835 0.05764597 0.1884337 0.05224943 0.180163 0.0585367 0.1611878 0.04885005 0.1614288 0.03846371 0.1884337 0.05224943 0.1611878 0.04885005 0.1944929 0.08195787 0.1844206 0.07941168 0.180163 0.0585367 0.1884337 0.05224943 0.1944929 0.08195787 0.180163 0.0585367 0.1750437 0.1052181 0.1707544 0.09575575 0.1844206 0.07941168 0.1944929 0.08195787 0.1750437 0.1052181 0.1844206 0.07941168 0.1750437 0.1052181 0.1447318 0.1045146 0.1707544 0.09575575 0.1457639 0.07642424 0.1537253 0.08689707 0.1606181 0.07339465 0.148988 0.06367003 0.1457639 0.07642424 0.1606181 0.07339465 0.1609699 0.05823868 0.148988 0.06367003 0.1606181 0.07339465 0.1726869 0.06422007 0.1609699 0.05823868 0.1606181 0.07339465 0.1753159 0.07711011 0.1726869 0.06422007 0.1606181 0.07339465 0.1668772 0.08720231 0.1753159 0.07711011 0.1606181 0.07339465 0.1537253 0.08689707 0.1668772 0.08720231 0.1606181 0.07339465 0.1457639 0.07642424 0.1365622 0.07830101 0.1537253 0.08689707 0.1365622 0.07830101 0.1494554 0.09526139 0.1537253 0.08689707 0.1537253 0.08689707 0.1494554 0.09526139 0.1668772 0.08720231 0.1417835 0.05764597 0.1365622 0.07830101 0.1457639 0.07642424 0.148988 0.06367003 0.1417835 0.05764597 0.1457639 0.07642424 0.1611878 0.04885005 0.1417835 0.05764597 0.148988 0.06367003 0.1609699 0.05823868 0.1611878 0.04885005 0.148988 0.06367003 0.180163 0.0585367 0.1611878 0.04885005 0.1609699 0.05823868 0.1726869 0.06422007 0.180163 0.0585367 0.1609699 0.05823868 0.1844206 0.07941168 0.180163 0.0585367 0.1726869 0.06422007 0.1753159 0.07711011 0.1844206 0.07941168 0.1726869 0.06422007 0.1707544 0.09575575 0.1844206 0.07941168 0.1753159 0.07711011 0.1668772 0.08720231 0.1707544 0.09575575 0.1753159 0.07711011 0.1494554 0.09526139 0.1707544 0.09575575 0.1668772 0.08720231 0.1447318 0.1045146 0.1494554 0.09526139 0.1365622 0.07830101 0.1494554 0.09526139 0.1447318 0.1045146 0.1707544 0.09575575 0.1263826 0.08037716 0.1447318 0.1045146 0.1365622 0.07830101 0.1338135 0.05098176 0.1263826 0.08037716 0.1365622 0.07830101 0.1417835 0.05764597 0.1338135 0.05098176 0.1365622 0.07830101 0.1614288 0.03846371 0.1338135 0.05098176 0.1417835 0.05764597 0.1611878 0.04885005 0.1614288 0.03846371 0.1417835 0.05764597 0.1884337 0.05224943 0.1614288 0.03846371 0.1611878 0.04885005 0.180163 0.0585367 0.1884337 0.05224943 0.1611878 0.04885005 0.1944929 0.08195787 0.1884337 0.05224943 0.180163 0.0585367 0.1844206 0.07941168 0.1944929 0.08195787 0.180163 0.0585367 0.1750437 0.1052181 0.1944929 0.08195787 0.1844206 0.07941168 0.1707544 0.09575575 0.1750437 0.1052181 0.1844206 0.07941168 0.1447318 0.1045146 0.1750437 0.1052181 0.1707544 0.09575575 0.8839327 0.6944557 0.8806303 0.7131794 0.8375458 0.7114861 0.8352653 0.6961941 0.8839327 0.6944557 0.8375458 0.7114861 0.8352653 0.6961941 0.8375458 0.7114861 0.8153886 0.7104516 0.8163436 0.6948266 0.8352653 0.6961941 0.8153886 0.7104516 0.8375458 0.7114861 0.8369303 0.7186046 0.8153886 0.7104516 0.8375458 0.7114861 0.8806303 0.7131794 0.8369303 0.7186046 0.8369303 0.7186046 0.8141879 0.7170379 0.8153886 0.7104516 0.8806303 0.7131794 0.8792929 0.7215913 0.8369303 0.7186046 0.8803685 0.6762742 0.8839327 0.6944557 0.8352653 0.6961941 0.8390484 0.6790807 0.8803685 0.6762742 0.8352653 0.6961941 0.8803685 0.6762742 0.8390484 0.6790807 0.8408821 0.6653788 0.8795062 0.663474 0.8803685 0.6762742 0.8408821 0.6653788 0.8189303 0.6613699 0.8408821 0.6653788 0.8390484 0.6790807 0.8180403 0.6768939 0.8189303 0.6613699 0.8390484 0.6790807 0.8352653 0.6961941 0.8163436 0.6948266 0.8180403 0.6768939 0.8390484 0.6790807 0.8352653 0.6961941 0.8180403 0.6768939 0.8805772 0.6391922 0.8793705 0.6560802 0.8414412 0.6591447 0.8367885 0.6434775 0.8805772 0.6391922 0.8414412 0.6591447 0.8367885 0.6434775 0.8414412 0.6591447 0.8160082 0.6561765 0.8192466 0.6433879 0.8367885 0.6434775 0.8160082 0.6561765 0.8414412 0.6591447 0.8408821 0.6653788 0.8160082 0.6561765 0.8414412 0.6591447 0.8793705 0.6560802 0.8408821 0.6653788 0.8408821 0.6653788 0.8189303 0.6613699 0.8160082 0.6561765 0.8793705 0.6560802 0.8795062 0.663474 0.8408821 0.6653788 0.8758919 0.6224012 0.8805772 0.6391922 0.8367885 0.6434775 0.8383122 0.6253443 0.8758919 0.6224012 0.8367885 0.6434775 0.8758919 0.6224012 0.8383122 0.6253443 0.8370738 0.6190792 0.8743312 0.6158603 0.8758919 0.6224012 0.8370738 0.6190792 0.8166293 0.6242269 0.8370738 0.6190792 0.8383122 0.6253443 0.8136906 0.6303114 0.8166293 0.6242269 0.8383122 0.6253443 0.8367885 0.6434775 0.8192466 0.6433879 0.8136906 0.6303114 0.8383122 0.6253443 0.8367885 0.6434775 0.8136906 0.6303114 0.8739199 0.6087037 0.8357871 0.612276 0.8358365 0.5966585 0.8744185 0.5899978 0.8739199 0.6087037 0.8358365 0.5966585 0.8357871 0.612276 0.8739199 0.6087037 0.8370738 0.6190792 0.8357871 0.612276 0.8370738 0.6190792 0.8103447 0.6212717 0.8370738 0.6190792 0.8166293 0.6242269 0.8103447 0.6212717 0.8739199 0.6087037 0.8743312 0.6158603 0.8370738 0.6190792 0.8103447 0.6212717 0.8080176 0.6069556 0.8357871 0.612276 0.8080176 0.6069556 0.8120005 0.601872 0.8357871 0.612276 0.8357871 0.612276 0.8120005 0.601872 0.8358365 0.5966585 0.8744185 0.5899978 0.8358365 0.5966585 0.8326909 0.5797958 0.8112571 0.5930933 0.8326909 0.5797958 0.8358365 0.5966585 0.8326909 0.5797958 0.8112571 0.5930933 0.8093195 0.5734018 0.8112571 0.5930933 0.8070829 0.5882804 0.8093195 0.5734018 0.8113417 0.5973969 0.8112571 0.5930933 0.8358365 0.5966585 0.8120005 0.601872 0.8113417 0.5973969 0.8358365 0.5966585 0.831087 0.5730003 0.8326909 0.5797958 0.8093195 0.5734018 0.8326909 0.5797958 0.831087 0.5730003 0.869349 0.5710979 0.869349 0.5710979 0.8744185 0.5899978 0.8326909 0.5797958 0.831087 0.5730003 0.8676192 0.5671868 0.869349 0.5710979 0.8110201 0.5729957 0.831087 0.5730003 0.8093195 0.5734018 0.8080176 0.6069556 0.8018258 0.6031227 0.8120005 0.601872 0.8018258 0.6031227 0.8057477 0.5978755 0.8120005 0.601872 0.8298091 0.5160077 0.8163017 0.4975642 0.856067 0.4841263 0.8642919 0.5085883 0.8298091 0.5160077 0.856067 0.4841263 0.8298091 0.5160077 0.8225097 0.5187975 0.8163017 0.4975642 0.8225097 0.5187975 0.8083127 0.51321 0.8163017 0.4975642 0.8225097 0.5187975 0.8298091 0.5160077 0.8441988 0.5414558 0.8246873 0.5411682 0.8225097 0.5187975 0.8441988 0.5414558 0.8225097 0.5187975 0.8246873 0.5411682 0.8083127 0.51321 0.8715619 0.5385961 0.8441988 0.5414558 0.8298091 0.5160077 0.8642919 0.5085883 0.8715619 0.5385961 0.8298091 0.5160077 0.8715619 0.5385961 0.8688524 0.5630762 0.8441988 0.5414558 0.8688524 0.5630762 0.8313921 0.5668526 0.8441988 0.5414558 0.8688524 0.5630762 0.8676192 0.5671868 0.8313921 0.5668526 0.8676192 0.5671868 0.831087 0.5730003 0.8313921 0.5668526 0.8313921 0.5668526 0.831087 0.5730003 0.8110201 0.5729957 0.807749 0.5726703 0.8313921 0.5668526 0.8110201 0.5729957 0.807749 0.5726703 0.8046799 0.5575493 0.8313921 0.5668526 0.8246873 0.5411682 0.8201895 0.5569885 0.8046799 0.5575493 0.8046799 0.5575493 0.8201895 0.5569885 0.8313921 0.5668526 0.8201895 0.5569885 0.8246873 0.5411682 0.8441988 0.5414558 0.8313921 0.5668526 0.8201895 0.5569885 0.8441988 0.5414558 0.8085132 0.5381238 0.8246873 0.5411682 0.8046799 0.5575493 0.8246873 0.5411682 0.8085132 0.5381238 0.8083127 0.51321 0.8801934 0.7491278 0.8322624 0.7405545 0.8365947 0.7257313 0.8794888 0.7301126 0.8801934 0.7491278 0.8365947 0.7257313 0.8365947 0.7257313 0.8322624 0.7405545 0.8145014 0.7237201 0.8322624 0.7405545 0.8133352 0.7392994 0.8145014 0.7237201 0.8369303 0.7186046 0.8365947 0.7257313 0.8145014 0.7237201 0.8794888 0.7301126 0.8365947 0.7257313 0.8369303 0.7186046 0.8141879 0.7170379 0.8369303 0.7186046 0.8145014 0.7237201 0.8792929 0.7215913 0.8794888 0.7301126 0.8369303 0.7186046 0.8801934 0.7491278 0.8741464 0.7666651 0.8322624 0.7405545 0.8741464 0.7666651 0.8336682 0.7580204 0.8322624 0.7405545 0.8336682 0.7580204 0.8741464 0.7666651 0.8335858 0.771861 0.8741464 0.7666651 0.8714886 0.7792696 0.8335858 0.771861 0.8335858 0.771861 0.8113207 0.7725678 0.8336682 0.7580204 0.8113207 0.7725678 0.8125715 0.7572251 0.8336682 0.7580204 0.8322624 0.7405545 0.8336682 0.7580204 0.8125715 0.7572251 0.8133352 0.7392994 0.8322624 0.7405545 0.8125715 0.7572251 0.8691173 0.8037756 0.8263126 0.7930909 0.8332904 0.778209 0.8702807 0.7866634 0.8691173 0.8037756 0.8332904 0.778209 0.8332904 0.778209 0.8263126 0.7930909 0.8077732 0.7769993 0.8263126 0.7930909 0.8090156 0.7897393 0.8077732 0.7769993 0.8335858 0.771861 0.8332904 0.778209 0.8077732 0.7769993 0.8702807 0.7866634 0.8332904 0.778209 0.8335858 0.771861 0.8113207 0.7725678 0.8335858 0.771861 0.8077732 0.7769993 0.8714886 0.7792696 0.8702807 0.7866634 0.8335858 0.771861 0.8691173 0.8037756 0.8627656 0.8203855 0.8263126 0.7930909 0.8627656 0.8203855 0.824495 0.8114428 0.8263126 0.7930909 0.8263126 0.7930909 0.824495 0.8114428 0.8004705 0.8005108 0.8090156 0.7897393 0.8263126 0.7930909 0.8004705 0.8005108 0.2846658 0.8473498 0.2806825 0.8423854 0.2790761 0.8377242 0.2792801 0.8305367 0.2846658 0.8473498 0.2790761 0.8377242 0.2695925 0.8332031 0.2792801 0.8305367 0.2959615 0.8247571 0.2766517 0.8318029 0.2695925 0.8332031 0.2959615 0.8247571 0.2766517 0.8318029 0.2959615 0.8247571 0.3013472 0.8415702 0.2786659 0.8378774 0.2766517 0.8318029 0.3013472 0.8415702 0.2786659 0.8378774 0.3013472 0.8415702 0.2846658 0.8473498 0.2716066 0.8392777 0.2786659 0.8378774 0.2846658 0.8473498 0.2965162 0.8154994 0.2786659 0.8378774 0.2716066 0.8392777 0.2923744 0.8139247 0.2965162 0.8154994 0.2716066 0.8392777 0.2923744 0.8139247 0.2716066 0.8392777 0.2695925 0.8332031 0.2891535 0.8103578 0.2923744 0.8139247 0.2695925 0.8332031 0.2923744 0.8139247 0.2891535 0.8103578 0.3084636 0.7874435 0.2891535 0.8103578 0.3083521 0.7873485 0.3084636 0.7874435 0.2923744 0.8139247 0.3084636 0.7874435 0.3085905 0.7874935 0.2965162 0.8154994 0.2923744 0.8139247 0.3085905 0.7874935 0.3013472 0.8415702 0.2852481 0.8407962 0.2806825 0.8423854 0.2846658 0.8473498 0.3013472 0.8415702 0.2806825 0.8423854 0.3013472 0.8415702 0.2959615 0.8247571 0.2852481 0.8407962 0.2959615 0.8247571 0.2836416 0.836135 0.2852481 0.8407962 0.2959615 0.8247571 0.2792801 0.8305367 0.2836416 0.836135 0.2792801 0.8305367 0.2790761 0.8377242 0.2836416 0.836135 0.2716066 0.8392777 0.2846658 0.8473498 0.2792801 0.8305367 0.2695925 0.8332031 0.2716066 0.8392777 0.2792801 0.8305367 0.2932953 0.8119325 0.2766517 0.8318029 0.2786659 0.8378774 0.2965162 0.8154994 0.2932953 0.8119325 0.2786659 0.8378774 0.2932953 0.8119325 0.2891535 0.8103578 0.2766517 0.8318029 0.2891535 0.8103578 0.2695925 0.8332031 0.2766517 0.8318029 0.2932953 0.8119325 0.2965162 0.8154994 0.3084814 0.7873992 0.2891535 0.8103578 0.2932953 0.8119325 0.3083521 0.7873485 0.3188201 0.8499526 0.3452408 0.8584172 0.3452499 0.8587481 0.3192738 0.8547787 0.3188201 0.8499526 0.3452499 0.8587481 0.3188201 0.8499526 0.3200984 0.8461085 0.3452408 0.8584172 0.3200984 0.8461085 0.3453208 0.8581528 0.3452408 0.8584172 0.3452408 0.8584172 0.3453208 0.8581528 0.3452499 0.8587481 0.2878959 0.8485336 0.3188201 0.8499526 0.3192738 0.8547787 0.2929036 0.8587669 0.2878959 0.8485336 0.3192738 0.8547787 0.2946493 0.8416755 0.3200984 0.8461085 0.3188201 0.8499526 0.2878959 0.8485336 0.2946493 0.8416755 0.3188201 0.8499526 0.2818124 0.8523949 0.2878959 0.8485336 0.2929036 0.8587669 0.2871727 0.8599059 0.2818124 0.8523949 0.2929036 0.8587669 0.2889773 0.8468968 0.2946493 0.8416755 0.2878959 0.8485336 0.2818124 0.8523949 0.2889773 0.8468968 0.2878959 0.8485336 0.2864028 0.8483061 0.2889773 0.8468968 0.2818124 0.8523949 0.2841303 0.8500376 0.2864028 0.8483061 0.2818124 0.8523949 0.3453208 0.8581528 0.3453308 0.8584818 0.3452499 0.8587481 0.3205521 0.8509346 0.3453308 0.8584818 0.3453208 0.8581528 0.3200984 0.8461085 0.3205521 0.8509346 0.3453208 0.8581528 0.3205521 0.8509346 0.3192738 0.8547787 0.3453308 0.8584818 0.3192738 0.8547787 0.3452499 0.8587481 0.3453308 0.8584818 0.2996569 0.8519088 0.3205521 0.8509346 0.3200984 0.8461085 0.2946493 0.8416755 0.2996569 0.8519088 0.3200984 0.8461085 0.2929036 0.8587669 0.3192738 0.8547787 0.3205521 0.8509346 0.2996569 0.8519088 0.2929036 0.8587669 0.3205521 0.8509346 0.2943376 0.8544077 0.2996569 0.8519088 0.2946493 0.8416755 0.2889773 0.8468968 0.2943376 0.8544077 0.2946493 0.8416755 0.2871727 0.8599059 0.2929036 0.8587669 0.2996569 0.8519088 0.2943376 0.8544077 0.2871727 0.8599059 0.2996569 0.8519088 0.2881394 0.8506304 0.2943376 0.8544077 0.2889773 0.8468968 0.2864028 0.8483061 0.2881394 0.8506304 0.2889773 0.8468968 0.2858668 0.8523619 0.2871727 0.8599059 0.2943376 0.8544077 0.2881394 0.8506304 0.2858668 0.8523619 0.2943376 0.8544077 0.2858668 0.8523619 0.2841303 0.8500376 0.2871727 0.8599059 0.2841303 0.8500376 0.2818124 0.8523949 0.2871727 0.8599059 0.9070504 0.241206 0.9279202 0.2425779 0.925917 0.2531169 0.9084562 0.2526435 0.9070504 0.241206 0.925917 0.2531169 0.925917 0.2531169 0.9279202 0.2425779 0.9395388 0.2539184 0.9279202 0.2425779 0.9389941 0.2426694 0.9395388 0.2539184 0.9266401 0.2586247 0.925917 0.2531169 0.9395388 0.2539184 0.9084562 0.2526435 0.925917 0.2531169 0.9266401 0.2586247 0.9417809 0.2584893 0.9266401 0.2586247 0.9395388 0.2539184 0.9077165 0.2588158 0.9084562 0.2526435 0.9266401 0.2586247 0.9084562 0.2526435 0.9077165 0.2588158 0.9014798 0.2588678 0.9011645 0.2520611 0.9084562 0.2526435 0.9014798 0.2588678 0.9070504 0.241206 0.9084562 0.2526435 0.9011645 0.2520611 0.9070504 0.241206 0.9083219 0.2309892 0.9279202 0.2425779 0.9070504 0.241206 0.8953714 0.241708 0.9083219 0.2309892 0.8953714 0.241708 0.9070504 0.241206 0.9011645 0.2520611 0.8953714 0.241708 0.9010376 0.2303946 0.9083219 0.2309892 0.9083219 0.2309892 0.9010376 0.2303946 0.9070187 0.2232949 0.9083219 0.2309892 0.9070187 0.2232949 0.9264889 0.2238351 0.9268585 0.232185 0.9083219 0.2309892 0.9264889 0.2238351 0.9083219 0.2309892 0.9268585 0.232185 0.9279202 0.2425779 0.9264889 0.2238351 0.9389154 0.2212343 0.9268585 0.232185 0.9389154 0.2212343 0.9380669 0.2310986 0.9268585 0.232185 0.9010376 0.2303946 0.901692 0.2228404 0.9070187 0.2232949 0.9279202 0.2425779 0.9268585 0.232185 0.9380669 0.2310986 0.9389941 0.2426694 0.9279202 0.2425779 0.9380669 0.2310986 0.9076851 0.2193734 0.9070187 0.2232949 0.901692 0.2228404 0.9070187 0.2232949 0.9076851 0.2193734 0.9264889 0.2238351 0.9076851 0.2193734 0.9259179 0.2202143 0.9264889 0.2238351 0.9076851 0.2193734 0.9058153 0.2047935 0.9259179 0.2202143 0.9058153 0.2047935 0.9279845 0.2075281 0.9259179 0.2202143 0.9259179 0.2202143 0.9279845 0.2075281 0.940316 0.2181491 0.9264889 0.2238351 0.9259179 0.2202143 0.940316 0.2181491 0.9279845 0.2075281 0.9387164 0.2069249 0.940316 0.2181491 0.9389154 0.2212343 0.9264889 0.2238351 0.940316 0.2181491 0.9012017 0.218392 0.9076851 0.2193734 0.901692 0.2228404 0.9058153 0.2047935 0.9076851 0.2193734 0.9012017 0.218392 0.9058153 0.2047935 0.9066702 0.1893173 0.9279845 0.2075281 0.9058153 0.2047935 0.8949248 0.2038546 0.9066702 0.1893173 0.8949248 0.2038546 0.9058153 0.2047935 0.9012017 0.218392 0.8949248 0.2038546 0.899905 0.1898716 0.9066702 0.1893173 0.9066702 0.1893173 0.899905 0.1898716 0.9006375 0.1842694 0.9061719 0.1848518 0.9066702 0.1893173 0.9006375 0.1842694 0.9066702 0.1893173 0.9061719 0.1848518 0.9278264 0.1846153 0.9269359 0.1894107 0.9066702 0.1893173 0.9278264 0.1846153 0.9066702 0.1893173 0.9269359 0.1894107 0.9279845 0.2075281 0.9278264 0.1846153 0.9424121 0.1879374 0.9269359 0.1894107 0.9424121 0.1879374 0.9435654 0.1927022 0.9269359 0.1894107 0.9279845 0.2075281 0.9269359 0.1894107 0.9435654 0.1927022 0.9387164 0.2069249 0.9279845 0.2075281 0.9435654 0.1927022 0.9066149 0.1780425 0.9053839 0.1581292 0.9277663 0.164966 0.927994 0.1796773 0.9066149 0.1780425 0.9277663 0.164966 0.9066149 0.1780425 0.927994 0.1796773 0.9278264 0.1846153 0.9278264 0.1846153 0.927994 0.1796773 0.946211 0.1853097 0.9424121 0.1879374 0.9278264 0.1846153 0.946211 0.1853097 0.9061719 0.1848518 0.9066149 0.1780425 0.9278264 0.1846153 0.9458119 0.1714137 0.946211 0.1853097 0.927994 0.1796773 0.9411151 0.1696502 0.9458119 0.1714137 0.927994 0.1796773 0.9411151 0.1696502 0.927994 0.1796773 0.9277663 0.164966 0.9411151 0.1696502 0.9419831 0.1662462 0.9458119 0.1714137 0.9419831 0.1662462 0.9411151 0.1696502 0.9277663 0.164966 0.9419831 0.1662462 0.9473615 0.16636 0.9458119 0.1714137 0.9420801 0.1628408 0.9419831 0.1662462 0.9277663 0.164966 0.9419831 0.1662462 0.9420801 0.1628408 0.9473615 0.16636 0.9303642 0.1496784 0.9420801 0.1628408 0.9277663 0.164966 0.9277663 0.164966 0.9053839 0.1581292 0.9303642 0.1496784 0.9420801 0.1628408 0.9303642 0.1496784 0.9496259 0.147742 0.9469916 0.1612538 0.9420801 0.1628408 0.9496259 0.147742 0.9420801 0.1628408 0.9469916 0.1612538 0.9473615 0.16636 0.9303642 0.1496784 0.9321271 0.1444021 0.9496259 0.147742 0.9321271 0.1444021 0.9303642 0.1496784 0.9092807 0.140514 0.9109433 0.1366605 0.9321271 0.1444021 0.9092807 0.140514 0.9321271 0.1444021 0.9485011 0.1470054 0.9496259 0.147742 0.9051182 0.1356542 0.9109433 0.1366605 0.9092807 0.140514 0.9021099 0.1398847 0.9051182 0.1356542 0.9092807 0.140514 0.8903221 0.1548265 0.9021099 0.1398847 0.9092807 0.140514 0.9053839 0.1581292 0.8903221 0.1548265 0.9092807 0.140514 0.9053839 0.1581292 0.9092807 0.140514 0.9303642 0.1496784 0.8903221 0.1548265 0.9053839 0.1581292 0.899794 0.1767706 0.9053839 0.1581292 0.9066149 0.1780425 0.899794 0.1767706 0.899794 0.1767706 0.9066149 0.1780425 0.9006375 0.1842694 0.9066149 0.1780425 0.9061719 0.1848518 0.9006375 0.1842694 0.9051182 0.1356542 0.9050724 0.130572 0.9115158 0.1330605 0.9050724 0.130572 0.9045073 0.1028485 0.9115158 0.1330605 0.9045073 0.1028485 0.9179953 0.1055871 0.9115158 0.1330605 0.9115158 0.1330605 0.9179953 0.1055871 0.926792 0.1103427 0.932189 0.1405854 0.9115158 0.1330605 0.926792 0.1103427 0.9109433 0.1366605 0.9051182 0.1356542 0.9115158 0.1330605 0.9109433 0.1366605 0.9115158 0.1330605 0.932189 0.1405854 0.9321271 0.1444021 0.9109433 0.1366605 0.932189 0.1405854 0.9321271 0.1444021 0.932189 0.1405854 0.9485011 0.1470054 0.932189 0.1405854 0.9510242 0.1466828 0.9485011 0.1470054 0.9515039 0.1347604 0.9510242 0.1466828 0.932189 0.1405854 0.9389801 0.1336389 0.9515039 0.1347604 0.932189 0.1405854 0.9389801 0.1336389 0.932189 0.1405854 0.926792 0.1103427 0.9389801 0.1336389 0.9364471 0.1126202 0.9515039 0.1347604 0.9364471 0.1126202 0.9389801 0.1336389 0.926792 0.1103427 0.9364471 0.1126202 0.9668218 0.1165397 0.9515039 0.1347604 0.9384977 0.08972907 0.9364471 0.1126202 0.926792 0.1103427 0.9346221 0.08550393 0.9384977 0.08972907 0.926792 0.1103427 0.926792 0.1103427 0.9179953 0.1055871 0.9346221 0.08550393 0.9384977 0.08972907 0.9346221 0.08550393 0.9619225 0.07406723 0.9619225 0.07406723 0.9346221 0.08550393 0.952956 0.05991756 0.9346221 0.08550393 0.9261233 0.07901149 0.952956 0.05991756 0.9179953 0.1055871 0.9261233 0.07901149 0.9346221 0.08550393 0.9261233 0.07901149 0.9217301 0.07624709 0.952956 0.05991756 0.9217301 0.07624709 0.9481354 0.05601561 0.952956 0.05991756 0.9623188 0.0848971 0.9384977 0.08972907 0.9619225 0.07406723 0.9364471 0.1126202 0.9384977 0.08972907 0.9623188 0.0848971 0.9668218 0.1165397 0.9364471 0.1126202 0.9623188 0.0848971 0.9217301 0.07624709 0.9261233 0.07901149 0.9179953 0.1055871 0.9045073 0.1028485 0.9217301 0.07624709 0.9179953 0.1055871 0.863524 0.2415847 0.863916 0.2442197 0.8508 0.2443239 0.8501749 0.2393854 0.863524 0.2415847 0.8508 0.2443239 0.8601819 0.2287442 0.863524 0.2415847 0.8501749 0.2393854 0.8488532 0.2274588 0.8601819 0.2287442 0.8501749 0.2393854 0.8601819 0.2287442 0.8488532 0.2274588 0.8630495 0.2157307 0.8488532 0.2274588 0.8495368 0.2175524 0.8630495 0.2157307 0.8630495 0.2157307 0.8495368 0.2175524 0.8487706 0.211905 0.8639408 0.2120722 0.8630495 0.2157307 0.8487706 0.211905 0.8634616 0.2100412 0.8639408 0.2120722 0.8487706 0.211905 0.8491683 0.2079612 0.8634616 0.2100412 0.8487706 0.211905 0.8593201 0.1930963 0.8634616 0.2100412 0.8491683 0.2079612 0.8471086 0.1918255 0.8593201 0.1930963 0.8491683 0.2079612 0.8593201 0.1930963 0.8471086 0.1918255 0.8631803 0.1751673 0.8471086 0.1918255 0.846825 0.1758707 0.8631803 0.1751673 0.8631803 0.1751673 0.846825 0.1758707 0.8466751 0.1705985 0.8642708 0.1739279 0.8631803 0.1751673 0.8466751 0.1705985 0.8630545 0.171243 0.8642708 0.1739279 0.8466751 0.1705985 0.8469771 0.1663493 0.8630545 0.171243 0.8466751 0.1705985 0.855763 0.1469157 0.8630545 0.171243 0.8469771 0.1663493 0.8489238 0.1466974 0.855763 0.1469157 0.8469771 0.1663493 0.855763 0.1469157 0.8489238 0.1466974 0.8627369 0.1270272 0.8489238 0.1466974 0.8454691 0.1298744 0.8627369 0.1270272 0.8454691 0.1298744 0.8460385 0.1244254 0.8627369 0.1270272 0.8460385 0.1244254 0.8643029 0.1242107 0.8627369 0.1270272 0.8643029 0.1242107 0.8460385 0.1244254 0.8639087 0.1218146 0.8460385 0.1244254 0.8472268 0.1178447 0.8639087 0.1218146 0.8639087 0.1218146 0.8472268 0.1178447 0.8504442 0.09526842 0.8640435 0.09415888 0.8639087 0.1218146 0.8504442 0.09526842 0.8640435 0.09415888 0.8504442 0.09526842 0.8455634 0.05662226 0.8704285 0.06451892 0.8640435 0.09415888 0.8455634 0.05662226 0.8704285 0.06451892 0.8455634 0.05662226 0.8735422 0.02880036 0.8455634 0.05662226 0.8580626 0.022789 0.8735422 0.02880036 0.8580626 0.022789 0.8455634 0.05662226 0.8486848 0.02306079 0.8455634 0.05662226 0.839542 0.05689018 0.8486848 0.02306079 0.8455634 0.05662226 0.8504442 0.09526842 0.839542 0.05689018 0.8504442 0.09526842 0.8417468 0.09459519 0.839542 0.05689018 0.8504442 0.09526842 0.8472268 0.1178447 0.8417468 0.09459519 0.8472268 0.1178447 0.8382767 0.1158415 0.8417468 0.09459519 0.8472268 0.1178447 0.8460385 0.1244254 0.8382767 0.1158415 0.8460385 0.1244254 0.837244 0.1253404 0.8382767 0.1158415 0.8460385 0.1244254 0.8454691 0.1298744 0.837244 0.1253404 0.8454691 0.1298744 0.8367674 0.1302595 0.837244 0.1253404 0.8454691 0.1298744 0.8489238 0.1466974 0.8367674 0.1302595 0.8489238 0.1466974 0.8393862 0.1453253 0.8367674 0.1302595 0.8489238 0.1466974 0.8469771 0.1663493 0.8393862 0.1453253 0.8469771 0.1663493 0.8398313 0.1649962 0.8393862 0.1453253 0.8469771 0.1663493 0.8466751 0.1705985 0.8398313 0.1649962 0.8466751 0.1705985 0.8414165 0.1698722 0.8398313 0.1649962 0.8466751 0.1705985 0.846825 0.1758707 0.8414165 0.1698722 0.846825 0.1758707 0.8398514 0.1765254 0.8414165 0.1698722 0.846825 0.1758707 0.8471086 0.1918255 0.8398514 0.1765254 0.8471086 0.1918255 0.8409678 0.1909084 0.8398514 0.1765254 0.8471086 0.1918255 0.8491683 0.2079612 0.8409678 0.1909084 0.8491683 0.2079612 0.8399631 0.2062185 0.8409678 0.1909084 0.8491683 0.2079612 0.8487706 0.211905 0.8399631 0.2062185 0.8487706 0.211905 0.8392847 0.2118407 0.8399631 0.2062185 0.8487706 0.211905 0.8495368 0.2175524 0.8392847 0.2118407 0.8495368 0.2175524 0.8391594 0.2167862 0.8392847 0.2118407 0.8495368 0.2175524 0.8488532 0.2274588 0.8391594 0.2167862 0.8488532 0.2274588 0.8397586 0.2262403 0.8391594 0.2167862 0.8488532 0.2274588 0.8501749 0.2393854 0.8397586 0.2262403 0.8501749 0.2393854 0.8390606 0.2387539 0.8397586 0.2262403 0.8501749 0.2393854 0.8508 0.2443239 0.8390606 0.2387539 0.8508 0.2443239 0.8386796 0.2444429 0.8390606 0.2387539 0.8386796 0.2444429 0.8508 0.2443239 0.839191 0.2501142 0.8508 0.2443239 0.8502925 0.2492715 0.839191 0.2501142 0.8636031 0.2468618 0.8502925 0.2492715 0.8508 0.2443239 0.863916 0.2442197 0.8636031 0.2468618 0.8508 0.2443239 0.8636031 0.2468618 0.8605331 0.2597741 0.8502925 0.2492715 0.8605331 0.2597741 0.8492217 0.2612088 0.8502925 0.2492715 0.8492217 0.2612088 0.8605331 0.2597741 0.863606 0.2727885 0.8500738 0.2710726 0.8492217 0.2612088 0.863606 0.2727885 0.8500738 0.2710726 0.863606 0.2727885 0.8493774 0.2766843 0.863606 0.2727885 0.8645465 0.2764992 0.8493774 0.2766843 0.8645465 0.2764992 0.8641059 0.2785912 0.8493774 0.2766843 0.8641059 0.2785912 0.8498049 0.2805845 0.8493774 0.2766843 0.8641059 0.2785912 0.8599304 0.2955905 0.8498049 0.2805845 0.8599304 0.2955905 0.8476948 0.296647 0.8498049 0.2805845 0.8476948 0.296647 0.8599304 0.2955905 0.8632404 0.3139153 0.8470387 0.3124883 0.8476948 0.296647 0.8632404 0.3139153 0.8470387 0.3124883 0.8632404 0.3139153 0.8467175 0.3176116 0.8632404 0.3139153 0.8646587 0.3155708 0.8467175 0.3176116 0.8646587 0.3155708 0.8634263 0.3188242 0.8467175 0.3176116 0.8634263 0.3188242 0.846696 0.3217198 0.8467175 0.3176116 0.8634263 0.3188242 0.8528897 0.341295 0.846696 0.3217198 0.8528897 0.341295 0.8464732 0.3412744 0.846696 0.3217198 0.8464732 0.3412744 0.8528897 0.341295 0.8609941 0.3600338 0.8436278 0.3580094 0.8464732 0.3412744 0.8609941 0.3600338 0.8444008 0.3633092 0.8436278 0.3580094 0.8609941 0.3600338 0.863016 0.3631259 0.8444008 0.3633092 0.8609941 0.3600338 0.8444008 0.3633092 0.863016 0.3631259 0.8621852 0.3660653 0.8455205 0.3698021 0.8444008 0.3633092 0.8621852 0.3660653 0.8455205 0.3698021 0.8621852 0.3660653 0.8480426 0.3924177 0.8621852 0.3660653 0.8615629 0.3939672 0.8480426 0.3924177 0.8480426 0.3924177 0.8615629 0.3939672 0.8415563 0.4308097 0.8615629 0.3939672 0.8667203 0.4238848 0.8415563 0.4308097 0.8415563 0.4308097 0.8667203 0.4238848 0.868376 0.45971 0.8526701 0.4651144 0.8415563 0.4308097 0.868376 0.45971 0.8415563 0.4308097 0.8526701 0.4651144 0.8433082 0.4644728 0.8355499 0.4303136 0.8415563 0.4308097 0.8433082 0.4644728 0.8480426 0.3924177 0.8415563 0.4308097 0.8355499 0.4303136 0.8393372 0.392815 0.8480426 0.3924177 0.8355499 0.4303136 0.8455205 0.3698021 0.8480426 0.3924177 0.8393372 0.392815 0.8365158 0.371665 0.8455205 0.3698021 0.8393372 0.392815 0.8444008 0.3633092 0.8455205 0.3698021 0.8365158 0.371665 0.835537 0.3623951 0.8444008 0.3633092 0.8365158 0.371665 0.8436278 0.3580094 0.8444008 0.3633092 0.835537 0.3623951 0.8348951 0.3576547 0.8436278 0.3580094 0.835537 0.3623951 0.8621852 0.3660653 0.863016 0.3631259 0.8678358 0.3639402 0.8657211 0.3680273 0.8621852 0.3660653 0.8678358 0.3639402 0.8615629 0.3939672 0.8621852 0.3660653 0.8657211 0.3680273 0.8685423 0.3931981 0.8615629 0.3939672 0.8657211 0.3680273 0.8667203 0.4238848 0.8615629 0.3939672 0.8685423 0.3931981 0.8703516 0.4232675 0.8667203 0.4238848 0.8685423 0.3931981 0.868376 0.45971 0.8667203 0.4238848 0.8703516 0.4232675 0.8719548 0.4567832 0.868376 0.45971 0.8703516 0.4232675 0.8464732 0.3412744 0.8436278 0.3580094 0.8348951 0.3576547 0.8370905 0.3423137 0.8464732 0.3412744 0.8348951 0.3576547 0.846696 0.3217198 0.8464732 0.3412744 0.8370905 0.3423137 0.8394153 0.322601 0.846696 0.3217198 0.8370905 0.3423137 0.8467175 0.3176116 0.846696 0.3217198 0.8394153 0.322601 0.8413835 0.3180674 0.8467175 0.3176116 0.8394153 0.322601 0.8470387 0.3124883 0.8467175 0.3176116 0.8413835 0.3180674 0.8400897 0.3115943 0.8470387 0.3124883 0.8413835 0.3180674 0.8476948 0.296647 0.8470387 0.3124883 0.8400897 0.3115943 0.8415439 0.2974564 0.8476948 0.296647 0.8400897 0.3115943 0.8498049 0.2805845 0.8476948 0.296647 0.8415439 0.2974564 0.8405956 0.2823078 0.8498049 0.2805845 0.8415439 0.2974564 0.8493774 0.2766843 0.8498049 0.2805845 0.8405956 0.2823078 0.8398913 0.2768079 0.8493774 0.2766843 0.8405956 0.2823078 0.8500738 0.2710726 0.8493774 0.2766843 0.8398913 0.2768079 0.8397059 0.2719634 0.8500738 0.2710726 0.8398913 0.2768079 0.8492217 0.2612088 0.8500738 0.2710726 0.8397059 0.2719634 0.8401479 0.2625747 0.8492217 0.2612088 0.8397059 0.2719634 0.8502925 0.2492715 0.8492217 0.2612088 0.8401479 0.2625747 0.839191 0.2501142 0.8502925 0.2492715 0.8401479 0.2625747 0.863524 0.2415847 0.8668816 0.2379032 0.8710048 0.2441201 0.863916 0.2442197 0.863524 0.2415847 0.8710048 0.2441201 0.863524 0.2415847 0.8601819 0.2287442 0.8668816 0.2379032 0.8601819 0.2287442 0.8650391 0.2279688 0.8668816 0.2379032 0.8601819 0.2287442 0.8630495 0.2157307 0.8650391 0.2279688 0.8630495 0.2157307 0.8664547 0.217091 0.8650391 0.2279688 0.8630495 0.2157307 0.8639408 0.2120722 0.8664547 0.217091 0.8639408 0.2120722 0.8695432 0.209953 0.8664547 0.217091 0.8639408 0.2120722 0.8634616 0.2100412 0.8695432 0.209953 0.8634616 0.2100412 0.8661622 0.2065346 0.8695432 0.209953 0.8634616 0.2100412 0.8593201 0.1930963 0.8661622 0.2065346 0.8593201 0.1930963 0.8640526 0.1924067 0.8661622 0.2065346 0.8593201 0.1930963 0.8631803 0.1751673 0.8640526 0.1924067 0.8631803 0.1751673 0.8663187 0.1792646 0.8640526 0.1924067 0.8631803 0.1751673 0.8642708 0.1739279 0.8663187 0.1792646 0.8642708 0.1739279 0.8699325 0.1745955 0.8663187 0.1792646 0.8662282 0.1676919 0.8699325 0.1745955 0.8642708 0.1739279 0.8630545 0.171243 0.8662282 0.1676919 0.8642708 0.1739279 0.8630545 0.171243 0.855763 0.1469157 0.8662282 0.1676919 0.855763 0.1469157 0.8605235 0.1466445 0.8662282 0.1676919 0.855763 0.1469157 0.8627369 0.1270272 0.8605235 0.1466445 0.8627369 0.1270272 0.8660906 0.1307443 0.8605235 0.1466445 0.8627369 0.1270272 0.8643029 0.1242107 0.8660906 0.1307443 0.8643029 0.1242107 0.8686475 0.1256287 0.8660906 0.1307443 0.8643029 0.1242107 0.8639087 0.1218146 0.8686475 0.1256287 0.8639087 0.1218146 0.8677773 0.1204501 0.8686475 0.1256287 0.8639087 0.1218146 0.8640435 0.09415888 0.8677773 0.1204501 0.8640435 0.09415888 0.8710091 0.0951662 0.8677773 0.1204501 0.8640435 0.09415888 0.8704285 0.06451892 0.8710091 0.0951662 0.8704285 0.06451892 0.8740354 0.06526601 0.8710091 0.0951662 0.8704285 0.06451892 0.8735422 0.02880036 0.8740354 0.06526601 0.8735422 0.02880036 0.8770054 0.03186142 0.8740354 0.06526601 0.9073339 0.2764521 0.9085447 0.264977 0.9259941 0.2641378 0.9281693 0.2746224 0.9073339 0.2764521 0.9259941 0.2641378 0.9281693 0.2746224 0.9259941 0.2641378 0.939602 0.2630911 0.939242 0.2743202 0.9281693 0.2746224 0.939602 0.2630911 0.9259941 0.2641378 0.9266401 0.2586247 0.939602 0.2630911 0.9259941 0.2641378 0.9085447 0.264977 0.9266401 0.2586247 0.9266401 0.2586247 0.9417809 0.2584893 0.939602 0.2630911 0.9085447 0.264977 0.9077165 0.2588158 0.9266401 0.2586247 0.9077165 0.2588158 0.9085447 0.264977 0.9014798 0.2588678 0.9085447 0.264977 0.9012652 0.2656884 0.9014798 0.2588678 0.9085447 0.264977 0.9073339 0.2764521 0.9012652 0.2656884 0.9087961 0.2866676 0.9073339 0.2764521 0.9281693 0.2746224 0.8956491 0.2761687 0.9073339 0.2764521 0.9087961 0.2866676 0.9073339 0.2764521 0.8956491 0.2761687 0.9012652 0.2656884 0.9015248 0.2874164 0.8956491 0.2761687 0.9087961 0.2866676 0.9015248 0.2874164 0.9087961 0.2866676 0.9076582 0.2944306 0.9076582 0.2944306 0.9087961 0.2866676 0.9271101 0.2933354 0.9087961 0.2866676 0.9272979 0.2850074 0.9271101 0.2933354 0.9272979 0.2850074 0.9087961 0.2866676 0.9281693 0.2746224 0.939595 0.2956203 0.9271101 0.2933354 0.9272979 0.2850074 0.9385305 0.2858558 0.939595 0.2956203 0.9272979 0.2850074 0.9281693 0.2746224 0.939242 0.2743202 0.9385305 0.2858558 0.9272979 0.2850074 0.9281693 0.2746224 0.9385305 0.2858558 0.90234 0.2950145 0.9015248 0.2874164 0.9076582 0.2944306 0.9084179 0.2983761 0.9019638 0.299551 0.90234 0.2950145 0.9076582 0.2944306 0.9084179 0.2983761 0.90234 0.2950145 0.9084179 0.2983761 0.9076582 0.2944306 0.9271101 0.2933354 0.9266262 0.296927 0.9084179 0.2983761 0.9271101 0.2933354 0.9070192 0.3130625 0.9084179 0.2983761 0.9266262 0.296927 0.9084179 0.2983761 0.9070192 0.3130625 0.9019638 0.299551 0.9291027 0.309481 0.9070192 0.3130625 0.9266262 0.296927 0.9291027 0.309481 0.9266262 0.296927 0.9410879 0.2985656 0.9266262 0.296927 0.9271101 0.2933354 0.9410879 0.2985656 0.9398835 0.3097434 0.9291027 0.309481 0.9410879 0.2985656 0.9271101 0.2933354 0.939595 0.2956203 0.9410879 0.2985656 0.9083957 0.328586 0.9070192 0.3130625 0.9291027 0.309481 0.8961665 0.3143689 0.9070192 0.3130625 0.9083957 0.328586 0.9070192 0.3130625 0.8961665 0.3143689 0.9019638 0.299551 0.9015859 0.3282853 0.8961665 0.3143689 0.9083957 0.328586 0.9015859 0.3282853 0.9083957 0.328586 0.9024767 0.3340347 0.9083957 0.328586 0.9079828 0.3331813 0.9024767 0.3340347 0.9079828 0.3331813 0.9083957 0.328586 0.9297677 0.3319964 0.9083957 0.328586 0.9287133 0.3274499 0.9297677 0.3319964 0.9287133 0.3274499 0.9083957 0.328586 0.9291027 0.309481 0.944546 0.3288193 0.9297677 0.3319964 0.9287133 0.3274499 0.9453232 0.3238384 0.944546 0.3288193 0.9287133 0.3274499 0.9291027 0.309481 0.9398835 0.3097434 0.9453232 0.3238384 0.9287133 0.3274499 0.9291027 0.309481 0.9453232 0.3238384 0.9086749 0.3400559 0.9297509 0.3362507 0.9302041 0.351131 0.9093081 0.3601713 0.9086749 0.3400559 0.9302041 0.351131 0.9297509 0.3362507 0.9086749 0.3400559 0.9297677 0.3319964 0.9297509 0.3362507 0.9297677 0.3319964 0.9492232 0.331914 0.9297677 0.3319964 0.944546 0.3288193 0.9492232 0.331914 0.9086749 0.3400559 0.9079828 0.3331813 0.9297677 0.3319964 0.9492232 0.331914 0.9463556 0.3446268 0.9297509 0.3362507 0.9463556 0.3446268 0.9492232 0.331914 0.9561938 0.346634 0.9476834 0.347986 0.9463556 0.3446268 0.9561938 0.346634 0.9476834 0.347986 0.9432266 0.3484817 0.9463556 0.3446268 0.9432266 0.3484817 0.9422362 0.3459649 0.9463556 0.3446268 0.9463556 0.3446268 0.9422362 0.3459649 0.9297509 0.3362507 0.9422362 0.3459649 0.9432266 0.3484817 0.9302041 0.351131 0.9297509 0.3362507 0.9422362 0.3459649 0.9302041 0.351131 0.9432266 0.3484817 0.9435957 0.3510646 0.9302041 0.351131 0.9435957 0.3510646 0.9432266 0.3484817 0.9476834 0.347986 0.9435957 0.3510646 0.9354996 0.3659504 0.9302041 0.351131 0.9093081 0.3601713 0.9302041 0.351131 0.9354996 0.3659504 0.9354996 0.3659504 0.9435957 0.3510646 0.9554861 0.3622065 0.9435957 0.3510646 0.9480655 0.3514658 0.9554861 0.3622065 0.9480655 0.3514658 0.9435957 0.3510646 0.9476834 0.347986 0.9480655 0.3514658 0.9476834 0.347986 0.9561938 0.346634 0.9554861 0.3622065 0.9480655 0.3514658 0.9561938 0.346634 0.9382303 0.3701587 0.9354996 0.3659504 0.9554861 0.3622065 0.9354996 0.3659504 0.9382303 0.3701587 0.9156169 0.3772168 0.9156169 0.3772168 0.9093081 0.3601713 0.9354996 0.3659504 0.8948361 0.3651723 0.9093081 0.3601713 0.9156169 0.3772168 0.9086525 0.3788843 0.8948361 0.3651723 0.9156169 0.3772168 0.9382303 0.3701587 0.9181115 0.3807686 0.9156169 0.3772168 0.9537845 0.3638766 0.9382303 0.3701587 0.9554861 0.3622065 0.9125446 0.3827809 0.9086525 0.3788843 0.9156169 0.3772168 0.9181115 0.3807686 0.9125446 0.3827809 0.9156169 0.3772168 0.9093081 0.3601713 0.8948361 0.3651723 0.9019946 0.3418996 0.9086749 0.3400559 0.9093081 0.3601713 0.9019946 0.3418996 0.9086749 0.3400559 0.9019946 0.3418996 0.9024767 0.3340347 0.9079828 0.3331813 0.9086749 0.3400559 0.9024767 0.3340347 0.9505369 0.4273437 0.9793944 0.433954 0.972961 0.4494118 0.9432551 0.4351747 0.9505369 0.4273437 0.972961 0.4494118 0.9393923 0.4386412 0.9432551 0.4351747 0.972961 0.4494118 0.9688738 0.4540727 0.9393923 0.4386412 0.972961 0.4494118 0.9505369 0.4273437 0.9536553 0.4225259 0.9793944 0.433954 0.9536553 0.4225259 0.9779576 0.4232278 0.9793944 0.433954 0.9536553 0.4225259 0.9505369 0.4273437 0.9386017 0.4042149 0.9477704 0.4003275 0.9536553 0.4225259 0.9386017 0.4042149 0.9536553 0.4225259 0.9477704 0.4003275 0.9779576 0.4232278 0.9432551 0.4351747 0.9393923 0.4386412 0.9307019 0.4103496 0.9307019 0.4103496 0.9386017 0.4042149 0.9505369 0.4273437 0.9432551 0.4351747 0.9307019 0.4103496 0.9505369 0.4273437 0.9307019 0.4103496 0.9194932 0.3843257 0.9386017 0.4042149 0.9307019 0.4103496 0.917876 0.4153424 0.9194932 0.3843257 0.9393923 0.4386412 0.917876 0.4153424 0.9307019 0.4103496 0.917876 0.4153424 0.9135412 0.3878998 0.9194932 0.3843257 0.9194932 0.3843257 0.9388402 0.3736475 0.9386017 0.4042149 0.9135412 0.3878998 0.9125446 0.3827809 0.9194932 0.3843257 0.9125446 0.3827809 0.9181115 0.3807686 0.9194932 0.3843257 0.9194932 0.3843257 0.9181115 0.3807686 0.9388402 0.3736475 0.9181115 0.3807686 0.9382303 0.3701587 0.9388402 0.3736475 0.9388402 0.3736475 0.9382303 0.3701587 0.9537845 0.3638766 0.956207 0.3640251 0.9388402 0.3736475 0.9537845 0.3638766 0.956207 0.3640251 0.9588506 0.3758578 0.9388402 0.3736475 0.9477704 0.4003275 0.9467321 0.3791964 0.9588506 0.3758578 0.9588506 0.3758578 0.9467321 0.3791964 0.9388402 0.3736475 0.9467321 0.3791964 0.9477704 0.4003275 0.9386017 0.4042149 0.9388402 0.3736475 0.9467321 0.3791964 0.9386017 0.4042149 0.9770399 0.391272 0.9477704 0.4003275 0.9588506 0.3758578 0.9477704 0.4003275 0.9770399 0.391272 0.9779576 0.4232278 0.8636031 0.2468618 0.863916 0.2442197 0.8710048 0.2441201 0.8670502 0.250464 0.8636031 0.2468618 0.8710048 0.2441201 0.8605331 0.2597741 0.8636031 0.2468618 0.8670502 0.250464 0.8654136 0.2604762 0.8605331 0.2597741 0.8670502 0.250464 0.863606 0.2727885 0.8605331 0.2597741 0.8654136 0.2604762 0.8669913 0.2713869 0.863606 0.2727885 0.8654136 0.2604762 0.8645465 0.2764992 0.863606 0.2727885 0.8669913 0.2713869 0.8701749 0.2785471 0.8645465 0.2764992 0.8669913 0.2713869 0.8641059 0.2785912 0.8645465 0.2764992 0.8701749 0.2785471 0.8668253 0.2820965 0.8641059 0.2785912 0.8701749 0.2785471 0.8599304 0.2955905 0.8641059 0.2785912 0.8668253 0.2820965 0.8646959 0.2963811 0.8599304 0.2955905 0.8668253 0.2820965 0.8632404 0.3139153 0.8599304 0.2955905 0.8646959 0.2963811 0.8659541 0.3095101 0.8632404 0.3139153 0.8646959 0.2963811 0.8646587 0.3155708 0.8632404 0.3139153 0.8659541 0.3095101 0.8699261 0.3128259 0.8646587 0.3155708 0.8659541 0.3095101</float_array>
          <technique_common>
            <accessor source="#Backom_BODY-mesh-map-0-array" count="8124" stride="2">
              <param name="S" type="float"/>
              <param name="T" type="float"/>
            </accessor>
          </technique_common>
        </source>
        <vertices id="Backom_BODY-mesh-vertices">
          <input semantic="POSITION" source="#Backom_BODY-mesh-positions"/>
        </vertices>
        <triangles material="Backom_BODY_d_j-material" count="2708">
          <input semantic="VERTEX" source="#Backom_BODY-mesh-vertices" offset="0"/>
          <input semantic="NORMAL" source="#Backom_BODY-mesh-normals" offset="1"/>
          <input semantic="TEXCOORD" source="#Backom_BODY-mesh-map-0" offset="2" set="0"/>
          <p>1 0 0 0 1 1 20 2 2 18 3 3 1 0 4 20 2 5 22 4 6 0 1 7 1 0 8 2 5 9 22 4 10 1 0 11 3 6 12 22 4 13 2 5 14 4 7 15 3 6 16 2 5 17 26 8 18 3 6 19 4 7 20 5 9 21 26 8 22 4 7 23 99 10 24 26 8 25 5 9 26 6 11 27 99 10 28 5 9 29 6 11 30 7 12 31 99 10 32 7 12 33 100 13 34 99 10 35 100 13 36 7 12 37 101 14 38 7 12 39 8 15 40 101 14 41 7 12 42 9 16 43 8 15 44 9 16 45 523 17 46 8 15 47 8 15 48 523 17 49 10 18 50 11 19 51 8 15 52 10 18 53 101 14 54 8 15 55 11 19 56 52 20 57 101 14 58 11 19 59 12 21 60 11 19 61 10 18 62 52 20 63 11 19 64 12 21 65 13 22 66 12 21 67 10 18 68 14 23 69 12 21 70 13 22 71 15 24 72 14 23 73 13 22 74 12 21 75 14 23 76 54 25 77 53 26 78 12 21 79 54 25 80 53 26 81 52 20 82 12 21 83 14 23 84 15 24 85 529 27 86 16 28 87 14 23 88 529 27 89 14 23 90 16 28 91 59 29 92 54 25 93 14 23 94 59 29 95 16 28 96 17 30 97 59 29 98 17 30 99 90 31 100 59 29 101 90 31 102 17 30 103 20 2 104 17 30 105 18 3 106 20 2 107 18 3 108 17 30 109 528 32 110 16 28 111 529 27 112 528 32 113 17 30 114 16 28 115 528 32 116 527 33 117 18 3 118 528 32 119 20 2 120 0 1 121 19 34 122 617 35 123 20 2 124 19 34 125 21 36 126 19 34 127 0 1 128 22 4 129 21 36 130 0 1 131 23 37 132 21 36 133 22 4 134 23 37 135 22 4 136 3 6 137 24 38 138 23 37 139 3 6 140 25 39 141 24 38 142 3 6 143 26 8 144 25 39 145 3 6 146 27 40 147 23 37 148 24 38 149 21 36 150 23 37 151 27 40 152 27 40 153 24 38 154 28 41 155 29 42 156 27 40 157 28 41 158 29 42 159 28 41 160 30 43 161 25 39 162 30 43 163 28 41 164 31 44 165 29 42 166 30 43 167 31 44 168 30 43 169 32 45 170 32 45 171 30 43 172 33 46 173 33 46 174 25 39 175 26 8 176 33 46 177 30 43 178 25 39 179 34 47 180 32 45 181 33 46 182 34 47 183 33 46 184 35 48 185 33 46 186 36 49 187 35 48 188 32 45 189 34 47 190 37 50 191 37 50 192 34 47 193 35 48 194 38 51 195 32 45 196 37 50 197 564 52 198 31 44 199 32 45 200 39 53 201 38 51 202 37 50 203 38 51 204 39 53 205 40 54 206 41 55 207 38 51 208 40 54 209 32 45 210 38 51 211 41 55 212 564 52 213 32 45 214 41 55 215 42 56 216 39 53 217 37 50 218 43 57 219 37 50 220 35 48 221 44 58 222 43 57 223 35 48 224 45 59 225 44 58 226 35 48 227 45 59 228 35 48 229 36 49 230 46 60 231 44 58 232 45 59 233 47 61 234 46 60 235 45 59 236 48 62 237 46 60 238 47 61 239 47 61 240 594 63 241 48 62 242 47 61 243 49 64 244 594 63 245 47 61 246 50 65 247 49 64 248 50 65 249 51 66 250 49 64 251 50 65 252 52 20 253 51 66 254 52 20 255 597 67 256 51 66 257 52 20 258 53 26 259 597 67 260 53 26 261 598 68 262 597 67 263 599 69 264 598 68 265 53 26 266 54 25 267 599 69 268 53 26 269 47 61 270 45 59 271 55 70 272 50 65 273 47 61 274 55 70 275 44 58 276 46 60 277 56 71 278 57 72 279 44 58 280 56 71 281 599 69 282 54 25 283 58 73 284 54 25 285 59 29 286 58 73 287 57 72 288 56 71 289 60 74 290 61 75 291 57 72 292 60 74 293 62 76 294 57 72 295 61 75 296 63 77 297 62 76 298 61 75 299 64 78 300 62 76 301 63 77 302 65 79 303 64 78 304 63 77 305 66 80 306 64 78 307 65 79 308 67 81 309 66 80 310 65 79 311 67 81 312 68 82 313 66 80 314 68 82 315 212 83 316 66 80 317 212 83 318 69 84 319 66 80 320 69 84 321 70 85 322 66 80 323 71 86 324 70 85 325 69 84 326 251 87 327 71 86 328 69 84 329 71 86 330 40 54 331 70 85 332 40 54 333 39 53 334 70 85 335 65 79 336 72 88 337 67 81 338 65 79 339 63 77 340 72 88 341 72 88 342 73 89 343 67 81 344 67 81 345 73 89 346 68 82 347 73 89 348 72 88 349 74 90 350 216 91 351 73 89 352 74 90 353 73 89 354 216 91 355 68 82 356 217 92 357 216 91 358 74 90 359 72 88 360 75 93 361 74 90 362 72 88 363 76 94 364 75 93 365 76 94 366 587 95 367 75 93 368 63 77 369 76 94 370 72 88 371 63 77 372 77 96 373 76 94 374 119 97 375 77 96 376 63 77 377 61 75 378 119 97 379 63 77 380 117 98 381 119 97 382 61 75 383 60 74 384 117 98 385 61 75 386 117 98 387 60 74 388 78 99 389 60 74 390 79 100 391 78 99 392 80 101 393 78 99 394 79 100 395 611 102 396 80 101 397 79 100 398 77 96 399 81 103 400 76 94 401 81 103 402 82 104 403 76 94 404 76 94 405 82 104 406 587 95 407 82 104 408 616 105 409 587 95 410 83 106 411 611 102 412 79 100 413 84 107 414 83 106 415 79 100 416 84 107 417 79 100 418 85 108 419 86 109 420 84 107 421 85 108 422 84 107 423 494 110 424 83 106 425 494 110 426 87 111 427 83 106 428 88 112 429 494 110 430 84 107 431 86 109 432 88 112 433 84 107 434 497 113 435 88 112 436 86 109 437 89 114 438 497 113 439 86 109 440 604 115 441 497 113 442 89 114 443 602 116 444 604 115 445 89 114 446 602 116 447 89 114 448 48 62 449 48 62 450 89 114 451 86 109 452 85 108 453 48 62 454 86 109 455 46 60 456 48 62 457 85 108 458 56 71 459 46 60 460 85 108 461 594 63 462 602 116 463 48 62 464 85 108 465 79 100 466 56 71 467 79 100 468 60 74 469 56 71 470 20 2 471 617 35 472 618 117 473 90 31 474 20 2 475 618 117 476 90 31 477 618 117 478 58 73 479 59 29 480 90 31 481 58 73 482 28 41 483 96 118 484 25 39 485 91 119 486 96 118 487 28 41 488 24 38 489 91 119 490 28 41 491 92 120 492 91 119 493 24 38 494 93 121 495 96 118 496 91 119 497 94 122 498 93 121 499 91 119 500 94 122 501 91 119 502 92 120 503 95 123 504 94 122 505 92 120 506 92 120 507 24 38 508 25 39 509 96 118 510 92 120 511 25 39 512 95 123 513 92 120 514 96 118 515 93 121 516 95 123 517 96 118 518 97 124 519 94 122 520 95 123 521 98 125 522 97 124 523 95 123 524 93 121 525 98 125 526 95 123 527 98 125 528 93 121 529 94 122 530 97 124 531 98 125 532 94 122 533 26 8 534 99 10 535 33 46 536 33 46 537 99 10 538 36 49 539 99 10 540 100 13 541 36 49 542 55 70 543 36 49 544 100 13 545 101 14 546 55 70 547 100 13 548 50 65 549 55 70 550 101 14 551 52 20 552 50 65 553 101 14 554 55 70 555 45 59 556 36 49 557 102 126 558 631 127 559 616 105 560 82 104 561 102 126 562 616 105 563 631 127 564 102 126 565 103 128 566 633 129 567 631 127 568 103 128 569 103 128 570 104 130 571 633 129 572 104 130 573 105 131 574 633 129 575 104 130 576 103 128 577 106 132 578 134 133 579 104 130 580 106 132 581 134 133 582 106 132 583 107 134 584 108 135 585 107 134 586 106 132 587 107 134 588 108 135 589 109 136 590 110 137 591 107 134 592 109 136 593 110 137 594 134 133 595 107 134 596 146 138 597 110 137 598 109 136 599 146 138 600 109 136 601 111 139 602 112 140 603 146 138 604 111 139 605 112 140 606 111 139 607 113 141 608 145 142 609 112 140 610 113 141 611 145 142 612 113 141 613 114 143 614 115 144 615 145 142 616 114 143 617 113 141 618 116 145 619 114 143 620 116 145 621 644 146 622 114 143 623 116 145 624 78 99 625 644 146 626 117 98 627 78 99 628 116 145 629 118 147 630 117 98 631 116 145 632 118 147 633 116 145 634 113 141 635 111 139 636 118 147 637 113 141 638 119 97 639 117 98 640 118 147 641 120 148 642 119 97 643 118 147 644 120 148 645 118 147 646 111 139 647 109 136 648 120 148 649 111 139 650 119 97 651 120 148 652 77 96 653 120 148 654 108 135 655 77 96 656 78 99 657 80 101 658 644 146 659 81 103 660 77 96 661 108 135 662 121 149 663 81 103 664 108 135 665 108 135 666 120 148 667 109 136 668 121 149 669 108 135 670 106 132 671 121 149 672 106 132 673 103 128 674 102 126 675 121 149 676 103 128 677 82 104 678 81 103 679 121 149 680 102 126 681 82 104 682 121 149 683 123 150 684 122 151 685 650 152 686 124 153 687 123 150 688 650 152 689 124 153 690 650 152 691 125 154 692 126 155 693 124 153 694 125 154 695 124 153 696 126 155 697 127 156 698 128 157 699 124 153 700 127 156 701 124 153 702 128 157 703 129 158 704 123 150 705 124 153 706 129 158 707 126 155 708 125 154 709 130 159 710 131 160 711 126 155 712 130 159 713 127 156 714 126 155 715 131 160 716 131 160 717 130 159 718 132 161 719 133 162 720 131 160 721 132 161 722 133 162 723 132 161 724 104 130 725 132 161 726 105 131 727 104 130 728 133 162 729 104 130 730 134 133 731 135 163 732 133 162 733 134 133 734 133 162 735 135 163 736 136 164 737 131 160 738 133 162 739 136 164 740 136 164 741 127 156 742 131 160 743 135 163 744 137 165 745 136 164 746 137 165 747 138 166 748 136 164 749 138 166 750 128 157 751 127 156 752 136 164 753 138 166 754 127 156 755 129 158 756 128 157 757 138 166 758 138 166 759 137 165 760 139 167 761 139 167 762 129 158 763 138 166 764 137 165 765 140 168 766 139 167 767 141 169 768 139 167 769 140 168 770 139 167 771 141 169 772 129 158 773 142 170 774 141 169 775 140 168 776 141 169 777 142 170 778 143 171 779 142 170 780 144 172 781 143 171 782 144 172 783 142 170 784 115 144 785 142 170 786 145 142 787 115 144 788 135 163 789 134 133 790 110 137 791 137 165 792 135 163 793 110 137 794 142 170 795 140 168 796 112 140 797 145 142 798 142 170 799 112 140 800 140 168 801 137 165 802 146 138 803 112 140 804 140 168 805 146 138 806 137 165 807 110 137 808 146 138 809 143 171 810 122 151 811 141 169 812 122 151 813 123 150 814 141 169 815 141 169 816 123 150 817 129 158 818 149 173 819 148 174 820 147 175 821 150 176 822 149 173 823 147 175 824 151 177 825 149 173 826 150 176 827 152 178 828 151 177 829 150 176 830 150 176 831 187 179 832 152 178 833 187 179 834 153 180 835 152 178 836 153 180 837 187 179 838 154 181 839 187 179 840 184 182 841 154 181 842 154 181 843 184 182 844 155 183 845 184 182 846 156 184 847 155 183 848 152 178 849 153 180 850 157 185 851 153 180 852 158 186 853 157 185 854 158 186 855 153 180 856 154 181 857 159 187 858 158 186 859 154 181 860 159 187 861 154 181 862 155 183 863 396 188 864 159 187 865 155 183 866 181 189 867 157 185 868 158 186 869 160 190 870 181 189 871 158 186 872 158 186 873 159 187 874 183 191 875 160 190 876 158 186 877 183 191 878 181 189 879 161 192 880 157 185 881 161 192 882 162 193 883 157 185 884 157 185 885 162 193 886 152 178 887 159 187 888 396 188 889 163 194 890 183 191 891 159 187 892 163 194 893 164 195 894 162 193 895 161 192 896 162 193 897 164 195 898 151 177 899 164 195 900 165 196 901 151 177 902 164 195 903 166 197 904 165 196 905 166 197 906 167 198 907 165 196 908 149 173 909 165 196 910 167 198 911 149 173 912 151 177 913 165 196 914 168 199 915 149 173 916 167 198 917 168 199 918 169 200 919 149 173 920 169 200 921 168 199 922 170 201 923 168 199 924 485 202 925 170 201 926 485 202 927 168 199 928 167 198 929 171 203 930 169 200 931 170 201 932 172 204 933 169 200 934 171 203 935 169 200 936 172 204 937 149 173 938 173 205 939 172 204 940 171 203 941 174 206 942 171 203 943 170 201 944 174 206 945 233 207 946 171 203 947 233 207 948 175 208 949 171 203 950 173 205 951 171 203 952 175 208 953 148 174 954 172 204 955 173 205 956 148 174 957 149 173 958 172 204 959 176 209 960 148 174 961 173 205 962 177 210 963 173 205 964 175 208 965 173 205 966 177 210 967 176 209 968 176 209 969 177 210 970 178 211 971 177 210 972 179 212 973 178 211 974 177 210 975 175 208 976 180 213 977 161 192 978 177 210 979 180 213 980 179 212 981 177 210 982 161 192 983 147 175 984 148 174 985 176 209 986 178 211 987 147 175 988 176 209 989 181 189 990 179 212 991 161 192 992 190 214 993 179 212 994 181 189 995 160 190 996 190 214 997 181 189 998 190 214 999 160 190 1000 182 215 1001 160 190 1002 183 191 1003 182 215 1004 182 215 1005 183 191 1006 388 216 1007 183 191 1008 163 194 1009 388 216 1010 147 175 1011 178 211 1012 186 217 1013 147 175 1014 186 217 1015 150 176 1016 186 217 1017 187 179 1018 150 176 1019 178 211 1020 189 218 1021 186 217 1022 179 212 1023 190 214 1024 189 218 1025 178 211 1026 179 212 1027 189 218 1028 180 213 1029 175 208 1030 252 219 1031 175 208 1032 233 207 1033 252 219 1034 186 217 1035 185 220 1036 184 182 1037 187 179 1038 186 217 1039 184 182 1040 188 221 1041 185 220 1042 186 217 1043 189 218 1044 188 221 1045 186 217 1046 182 215 1047 188 221 1048 189 218 1049 190 214 1050 182 215 1051 189 218 1052 185 220 1053 191 222 1054 184 182 1055 191 222 1056 192 223 1057 184 182 1058 184 182 1059 192 223 1060 156 184 1061 192 223 1062 193 224 1063 156 184 1064 378 225 1065 191 222 1066 185 220 1067 377 226 1068 378 225 1069 185 220 1070 182 215 1071 194 227 1072 188 221 1073 194 227 1074 195 228 1075 188 221 1076 196 229 1077 194 227 1078 182 215 1079 388 216 1080 196 229 1081 182 215 1082 188 221 1083 195 228 1084 197 230 1085 195 228 1086 198 231 1087 197 230 1088 197 230 1089 383 232 1090 188 221 1091 192 223 1092 199 233 1093 193 224 1094 199 233 1095 200 234 1096 193 224 1097 201 235 1098 199 233 1099 192 223 1100 191 222 1101 201 235 1102 192 223 1103 202 236 1104 201 235 1105 191 222 1106 378 225 1107 202 236 1108 191 222 1109 194 227 1110 203 237 1111 195 228 1112 203 237 1113 204 238 1114 195 228 1115 195 228 1116 204 238 1117 198 231 1118 205 239 1119 203 237 1120 194 227 1121 196 229 1122 205 239 1123 194 227 1124 204 238 1125 206 240 1126 198 231 1127 199 233 1128 207 241 1129 200 234 1130 207 241 1131 208 242 1132 200 234 1133 379 243 1134 208 242 1135 207 241 1136 202 236 1137 379 243 1138 201 235 1139 209 244 1140 379 243 1141 207 241 1142 209 244 1143 207 241 1144 199 233 1145 201 235 1146 209 244 1147 199 233 1148 379 243 1149 209 244 1150 201 235 1151 203 237 1152 210 245 1153 204 238 1154 210 245 1155 211 246 1156 204 238 1157 204 238 1158 211 246 1159 206 240 1160 211 246 1161 210 245 1162 390 247 1163 390 247 1164 210 245 1165 203 237 1166 205 239 1167 390 247 1168 203 237 1169 389 248 1170 211 246 1171 390 247 1172 211 246 1173 389 248 1174 206 240 1175 214 249 1176 213 250 1177 212 83 1178 68 82 1179 214 249 1180 212 83 1181 214 249 1182 68 82 1183 215 251 1184 68 82 1185 216 91 1186 215 251 1187 215 251 1188 216 91 1189 217 92 1190 736 252 1191 215 251 1192 217 92 1193 215 251 1194 736 252 1195 218 253 1196 219 254 1197 215 251 1198 218 253 1199 214 249 1200 215 251 1201 219 254 1202 219 254 1203 218 253 1204 220 255 1205 218 253 1206 739 256 1207 220 255 1208 220 255 1209 221 257 1210 219 254 1211 221 257 1212 222 258 1213 219 254 1214 222 258 1215 214 249 1216 219 254 1217 213 250 1218 214 249 1219 222 258 1220 223 259 1221 220 255 1222 739 256 1223 743 260 1224 223 259 1225 739 256 1226 224 261 1227 221 257 1228 220 255 1229 224 261 1230 225 262 1231 221 257 1232 225 262 1233 226 263 1234 221 257 1235 225 262 1236 227 264 1237 226 263 1238 227 264 1239 228 265 1240 226 263 1241 229 266 1242 224 261 1243 220 255 1244 220 255 1245 223 259 1246 229 266 1247 174 206 1248 224 261 1249 229 266 1250 230 267 1251 174 206 1252 229 266 1253 174 206 1254 230 267 1255 231 268 1256 231 268 1257 230 267 1258 753 269 1259 230 267 1260 232 270 1261 753 269 1262 229 266 1263 232 270 1264 230 267 1265 233 207 1266 174 206 1267 231 268 1268 234 271 1269 222 258 1270 221 257 1271 226 263 1272 234 271 1273 221 257 1274 235 272 1275 228 265 1276 227 264 1277 236 273 1278 235 272 1279 227 264 1280 235 272 1281 236 273 1282 237 274 1283 236 273 1284 238 275 1285 237 274 1286 236 273 1287 368 276 1288 238 275 1289 368 276 1290 239 277 1291 238 275 1292 240 278 1293 235 272 1294 237 274 1295 241 279 1296 240 278 1297 237 274 1298 241 279 1299 237 274 1300 762 280 1301 762 280 1302 237 274 1303 238 275 1304 242 281 1305 241 279 1306 762 280 1307 243 282 1308 762 280 1309 238 275 1310 239 277 1311 368 276 1312 244 283 1313 368 276 1314 245 284 1315 244 283 1316 246 285 1317 239 277 1318 244 283 1319 247 286 1320 246 285 1321 244 283 1322 247 286 1323 244 283 1324 773 287 1325 244 283 1326 255 288 1327 773 287 1328 238 275 1329 367 289 1330 243 282 1331 367 289 1332 248 290 1333 243 282 1334 246 285 1335 766 291 1336 239 277 1337 766 291 1338 249 292 1339 239 277 1340 241 279 1341 242 281 1342 250 293 1343 242 281 1344 768 294 1345 250 293 1346 250 293 1347 768 294 1348 251 87 1349 69 84 1350 250 293 1351 251 87 1352 250 293 1353 69 84 1354 507 295 1355 69 84 1356 258 296 1357 507 295 1358 252 219 1359 255 288 1360 244 283 1361 245 284 1362 252 219 1363 244 283 1364 367 289 1365 238 275 1366 249 292 1367 238 275 1368 239 277 1369 249 292 1370 250 293 1371 507 295 1372 241 279 1373 507 295 1374 240 278 1375 241 279 1376 228 265 1377 235 272 1378 240 278 1379 508 297 1380 228 265 1381 240 278 1382 226 263 1383 228 265 1384 508 297 1385 234 271 1386 226 263 1387 508 297 1388 508 297 1389 253 298 1390 234 271 1391 253 298 1392 213 250 1393 234 271 1394 234 271 1395 213 250 1396 222 258 1397 253 298 1398 257 299 1399 213 250 1400 257 299 1401 212 83 1402 213 250 1403 254 300 1404 775 301 1405 773 287 1406 255 288 1407 254 300 1408 773 287 1409 254 300 1410 231 268 1411 775 301 1412 231 268 1413 753 269 1414 775 301 1415 254 300 1416 252 219 1417 231 268 1418 252 219 1419 254 300 1420 255 288 1421 252 219 1422 233 207 1423 231 268 1424 258 296 1425 257 299 1426 256 302 1427 259 303 1428 258 296 1429 256 302 1430 260 304 1431 259 303 1432 256 302 1433 260 304 1434 261 305 1435 259 303 1436 262 306 1437 261 305 1438 260 304 1439 262 306 1440 260 304 1441 263 307 1442 264 308 1443 262 306 1444 263 307 1445 263 307 1446 260 304 1447 265 309 1448 265 309 1449 260 304 1450 256 302 1451 266 310 1452 263 307 1453 265 309 1454 266 310 1455 265 309 1456 267 311 1457 268 312 1458 267 311 1459 265 309 1460 269 313 1461 267 311 1462 268 312 1463 270 314 1464 267 311 1465 269 313 1466 270 314 1467 266 310 1468 267 311 1469 273 315 1470 270 314 1471 269 313 1472 271 316 1473 261 305 1474 262 306 1475 262 306 1476 264 308 1477 271 316 1478 264 308 1479 272 317 1480 271 316 1481 271 316 1482 272 317 1483 269 313 1484 272 317 1485 273 315 1486 269 313 1487 271 316 1488 269 313 1489 274 318 1490 269 313 1491 275 319 1492 274 318 1493 269 313 1494 268 312 1495 275 319 1496 268 312 1497 276 320 1498 275 319 1499 268 312 1500 265 309 1501 276 320 1502 265 309 1503 256 302 1504 276 320 1505 271 316 1506 274 318 1507 277 321 1508 261 305 1509 271 316 1510 277 321 1511 261 305 1512 277 321 1513 259 303 1514 278 322 1515 273 315 1516 272 317 1517 279 323 1518 278 322 1519 272 317 1520 280 324 1521 278 322 1522 279 323 1523 281 325 1524 280 324 1525 279 323 1526 281 325 1527 279 323 1528 282 326 1529 279 323 1530 283 327 1531 282 326 1532 282 326 1533 283 327 1534 284 328 1535 285 329 1536 282 326 1537 284 328 1538 285 329 1539 284 328 1540 286 330 1541 287 331 1542 285 329 1543 286 330 1544 288 332 1545 287 331 1546 286 330 1547 289 333 1548 288 332 1549 286 330 1550 402 334 1551 280 324 1552 281 325 1553 278 322 1554 280 324 1555 402 334 1556 401 335 1557 402 334 1558 281 325 1559 401 335 1560 281 325 1561 282 326 1562 290 336 1563 401 335 1564 282 326 1565 293 337 1566 278 322 1567 402 334 1568 283 327 1569 279 323 1570 264 308 1571 279 323 1572 272 317 1573 264 308 1574 283 327 1575 264 308 1576 263 307 1577 284 328 1578 283 327 1579 263 307 1580 284 328 1581 263 307 1582 266 310 1583 286 330 1584 284 328 1585 266 310 1586 286 330 1587 266 310 1588 289 333 1589 266 310 1590 270 314 1591 289 333 1592 289 333 1593 270 314 1594 278 322 1595 289 333 1596 278 322 1597 291 338 1598 292 339 1599 289 333 1600 291 338 1601 291 338 1602 278 322 1603 293 337 1604 407 340 1605 291 338 1606 293 337 1607 270 314 1608 273 315 1609 278 322 1610 294 341 1611 292 339 1612 291 338 1613 407 340 1614 294 341 1615 291 338 1616 294 341 1617 407 340 1618 449 342 1619 295 343 1620 294 341 1621 449 342 1622 294 341 1623 295 343 1624 296 344 1625 297 345 1626 296 344 1627 295 343 1628 298 346 1629 297 345 1630 295 343 1631 296 344 1632 297 345 1633 445 347 1634 445 347 1635 299 348 1636 296 344 1637 299 348 1638 300 349 1639 296 344 1640 300 349 1641 294 341 1642 296 344 1643 297 345 1644 301 350 1645 445 347 1646 298 346 1647 302 351 1648 297 345 1649 302 351 1650 303 352 1651 297 345 1652 297 345 1653 303 352 1654 301 350 1655 304 353 1656 303 352 1657 302 351 1658 305 354 1659 304 353 1660 302 351 1661 304 353 1662 306 355 1663 303 352 1664 306 355 1665 307 356 1666 303 352 1667 303 352 1668 307 356 1669 301 350 1670 308 357 1671 298 346 1672 295 343 1673 449 342 1674 308 357 1675 295 343 1676 302 351 1677 298 346 1678 308 357 1679 305 354 1680 302 351 1681 452 358 1682 452 358 1683 302 351 1684 308 357 1685 453 359 1686 305 354 1687 452 358 1688 300 349 1689 299 348 1690 309 360 1691 309 360 1692 288 332 1693 300 349 1694 288 332 1695 310 361 1696 300 349 1697 300 349 1698 310 361 1699 294 341 1700 310 361 1701 292 339 1702 294 341 1703 289 333 1704 292 339 1705 310 361 1706 288 332 1707 289 333 1708 310 361 1709 287 331 1710 288 332 1711 309 360 1712 311 362 1713 287 331 1714 309 360 1715 311 362 1716 309 360 1717 312 363 1718 309 360 1719 313 364 1720 312 363 1721 312 363 1722 314 365 1723 311 362 1724 314 365 1725 315 366 1726 311 362 1727 314 365 1728 316 367 1729 315 366 1730 316 367 1731 317 368 1732 315 366 1733 316 367 1734 318 369 1735 317 368 1736 318 369 1737 319 370 1738 317 368 1739 320 371 1740 319 370 1741 318 369 1742 321 372 1743 320 371 1744 318 369 1745 322 373 1746 311 362 1747 315 366 1748 311 362 1749 322 373 1750 287 331 1751 323 374 1752 322 373 1753 315 366 1754 315 366 1755 317 368 1756 323 374 1757 322 373 1758 323 374 1759 324 375 1760 325 376 1761 324 375 1762 323 374 1763 326 377 1764 325 376 1765 323 374 1766 317 368 1767 326 377 1768 323 374 1769 317 368 1770 319 370 1771 326 377 1772 324 375 1773 325 376 1774 327 378 1775 325 376 1776 328 379 1777 327 378 1778 329 380 1779 325 376 1780 326 377 1781 325 376 1782 329 380 1783 328 379 1784 330 381 1785 329 380 1786 326 377 1787 319 370 1788 330 381 1789 326 377 1790 329 380 1791 331 382 1792 328 379 1793 329 380 1794 332 383 1795 331 382 1796 329 380 1797 330 381 1798 332 383 1799 332 383 1800 333 384 1801 331 382 1802 327 378 1803 334 385 1804 324 375 1805 334 385 1806 335 386 1807 324 375 1808 335 386 1809 322 373 1810 324 375 1811 336 387 1812 335 386 1813 334 385 1814 337 388 1815 336 387 1816 334 385 1817 337 388 1818 430 389 1819 336 387 1820 430 389 1821 338 390 1822 336 387 1823 339 391 1824 338 390 1825 430 389 1826 433 392 1827 339 391 1828 430 389 1829 335 386 1830 336 387 1831 340 393 1832 336 387 1833 341 394 1834 340 393 1835 336 387 1836 338 390 1837 341 394 1838 340 393 1839 341 394 1840 342 395 1841 341 394 1842 343 396 1843 342 395 1844 344 397 1845 342 395 1846 343 396 1847 428 398 1848 344 397 1849 343 396 1850 345 399 1851 343 396 1852 341 394 1853 343 396 1854 345 399 1855 428 398 1856 346 400 1857 345 399 1858 341 394 1859 338 390 1860 346 400 1861 341 394 1862 338 390 1863 339 391 1864 346 400 1865 346 400 1866 347 401 1867 345 399 1868 339 391 1869 347 401 1870 346 400 1871 347 401 1872 348 402 1873 345 399 1874 348 402 1875 435 403 1876 345 399 1877 435 403 1878 434 404 1879 345 399 1880 345 399 1881 434 404 1882 428 398 1883 349 405 1884 348 402 1885 347 401 1886 350 406 1887 349 405 1888 347 401 1889 351 407 1890 435 403 1891 348 402 1892 349 405 1893 351 407 1894 348 402 1895 350 406 1896 347 401 1897 352 408 1898 347 401 1899 339 391 1900 352 408 1901 352 408 1902 339 391 1903 437 409 1904 339 391 1905 433 392 1906 437 409 1907 350 406 1908 352 408 1909 353 410 1910 354 411 1911 350 406 1912 353 410 1913 353 410 1914 355 412 1915 354 411 1916 352 408 1917 437 409 1918 355 412 1919 353 410 1920 352 408 1921 355 412 1922 355 412 1923 438 413 1924 354 411 1925 438 413 1926 356 414 1927 354 411 1928 356 414 1929 351 407 1930 349 405 1931 356 414 1932 357 415 1933 354 411 1934 357 415 1935 349 405 1936 350 406 1937 354 411 1938 357 415 1939 350 406 1940 357 415 1941 356 414 1942 349 405 1943 360 416 1944 359 417 1945 358 418 1946 361 419 1947 360 416 1948 358 418 1949 358 418 1950 359 417 1951 872 420 1952 362 421 1953 358 418 1954 872 420 1955 358 418 1956 362 421 1957 361 419 1958 360 416 1959 361 419 1960 363 422 1961 362 421 1962 363 422 1963 361 419 1964 875 423 1965 360 416 1966 363 422 1967 363 422 1968 364 424 1969 875 423 1970 363 422 1971 362 421 1972 364 424 1973 364 424 1974 877 425 1975 875 423 1976 766 291 1977 877 425 1978 364 424 1979 249 292 1980 766 291 1981 364 424 1982 872 420 1983 365 426 1984 362 421 1985 365 426 1986 366 427 1987 362 421 1988 362 421 1989 366 427 1990 364 424 1991 249 292 1992 364 424 1993 366 427 1994 367 289 1995 366 427 1996 365 426 1997 367 289 1998 249 292 1999 366 427 2000 248 290 2001 367 289 2002 365 426 2003 252 219 2004 245 284 2005 166 197 2006 180 213 2007 252 219 2008 166 197 2009 166 197 2010 164 195 2011 180 213 2012 164 195 2013 161 192 2014 180 213 2015 245 284 2016 368 276 2017 166 197 2018 368 276 2019 167 198 2020 166 197 2021 368 276 2022 485 202 2023 167 198 2024 43 57 2025 44 58 2026 57 72 2027 62 76 2028 43 57 2029 57 72 2030 43 57 2031 62 76 2032 64 78 2033 37 50 2034 43 57 2035 64 78 2036 37 50 2037 64 78 2038 42 56 2039 64 78 2040 66 80 2041 42 56 2042 42 56 2043 66 80 2044 70 85 2045 39 53 2046 42 56 2047 70 85 2048 386 428 2049 385 429 2050 369 430 2051 370 431 2052 386 428 2053 369 430 2054 370 431 2055 369 430 2056 371 432 2057 372 433 2058 370 431 2059 371 432 2060 386 428 2061 370 431 2062 372 433 2063 372 433 2064 371 432 2065 373 434 2066 374 435 2067 372 433 2068 373 434 2069 374 435 2070 373 434 2071 185 220 2072 188 221 2073 374 435 2074 185 220 2075 383 232 2076 374 435 2077 188 221 2078 185 220 2079 373 434 2080 377 226 2081 373 434 2082 375 436 2083 377 226 2084 373 434 2085 371 432 2086 375 436 2087 376 437 2088 372 433 2089 374 435 2090 383 232 2091 376 437 2092 374 435 2093 376 437 2094 386 428 2095 372 433 2096 371 432 2097 384 438 2098 375 436 2099 369 430 2100 385 429 2101 384 438 2102 371 432 2103 369 430 2104 384 438 2105 193 224 2106 378 225 2107 377 226 2108 156 184 2109 193 224 2110 377 226 2111 193 224 2112 200 234 2113 378 225 2114 200 234 2115 202 236 2116 378 225 2117 200 234 2118 208 242 2119 202 236 2120 208 242 2121 379 243 2122 202 236 2123 377 226 2124 380 439 2125 156 184 2126 380 439 2127 381 440 2128 156 184 2129 382 441 2130 380 439 2131 377 226 2132 197 230 2133 382 441 2134 377 226 2135 377 226 2136 375 436 2137 197 230 2138 375 436 2139 383 232 2140 197 230 2141 375 436 2142 384 438 2143 383 232 2144 384 438 2145 376 437 2146 383 232 2147 384 438 2148 385 429 2149 376 437 2150 385 429 2151 386 428 2152 376 437 2153 387 442 2154 382 441 2155 197 230 2156 388 216 2157 387 442 2158 197 230 2159 382 441 2160 387 442 2161 388 216 2162 197 230 2163 198 231 2164 388 216 2165 198 231 2166 196 229 2167 388 216 2168 198 231 2169 206 240 2170 196 229 2171 206 240 2172 205 239 2173 196 229 2174 206 240 2175 389 248 2176 205 239 2177 389 248 2178 390 247 2179 205 239 2180 391 443 2181 382 441 2182 388 216 2183 388 216 2184 392 444 2185 391 443 2186 393 445 2187 392 444 2188 388 216 2189 394 446 2190 392 444 2191 393 445 2192 392 444 2193 394 446 2194 391 443 2195 395 447 2196 394 446 2197 393 445 2198 163 194 2199 393 445 2200 388 216 2201 395 447 2202 393 445 2203 163 194 2204 396 188 2205 395 447 2206 163 194 2207 397 448 2208 395 447 2209 396 188 2210 397 448 2211 398 449 2212 395 447 2213 398 449 2214 399 450 2215 395 447 2216 399 450 2217 394 446 2218 395 447 2219 155 183 2220 397 448 2221 396 188 2222 398 449 2223 397 448 2224 155 183 2225 156 184 2226 398 449 2227 155 183 2228 399 450 2229 398 449 2230 156 184 2231 400 451 2232 399 450 2233 156 184 2234 394 446 2235 399 450 2236 400 451 2237 391 443 2238 394 446 2239 400 451 2240 400 451 2241 380 439 2242 391 443 2243 380 439 2244 382 441 2245 391 443 2246 381 440 2247 380 439 2248 400 451 2249 156 184 2250 381 440 2251 400 451 2252 403 452 2253 402 334 2254 401 335 2255 404 453 2256 403 452 2257 401 335 2258 402 334 2259 403 452 2260 293 337 2261 403 452 2262 405 454 2263 293 337 2264 405 454 2265 406 455 2266 293 337 2267 406 455 2268 407 340 2269 293 337 2270 405 454 2271 403 452 2272 408 456 2273 403 452 2274 404 453 2275 408 456 2276 409 457 2277 405 454 2278 408 456 2279 410 458 2280 406 455 2281 405 454 2282 409 457 2283 410 458 2284 405 454 2285 404 453 2286 411 459 2287 408 456 2288 411 459 2289 404 453 2290 401 335 2291 290 336 2292 411 459 2293 401 335 2294 411 459 2295 290 336 2296 473 460 2297 412 461 2298 411 459 2299 473 460 2300 411 459 2301 412 461 2302 413 462 2303 414 463 2304 411 459 2305 413 462 2306 408 456 2307 414 463 2308 409 457 2309 411 459 2310 414 463 2311 408 456 2312 473 460 2313 474 464 2314 412 461 2315 474 464 2316 415 465 2317 412 461 2318 412 461 2319 415 465 2320 413 462 2321 474 464 2322 476 466 2323 415 465 2324 476 466 2325 416 467 2326 415 465 2327 417 468 2328 416 467 2329 476 466 2330 477 469 2331 417 468 2332 476 466 2333 414 463 2334 413 462 2335 418 470 2336 419 471 2337 418 470 2338 413 462 2339 420 472 2340 419 471 2341 413 462 2342 415 465 2343 420 472 2344 413 462 2345 415 465 2346 416 467 2347 420 472 2348 421 473 2349 419 471 2350 420 472 2351 422 474 2352 421 473 2353 420 472 2354 416 467 2355 422 474 2356 420 472 2357 344 397 2358 414 463 2359 418 470 2360 422 474 2361 423 475 2362 421 473 2363 416 467 2364 417 468 2365 423 475 2366 422 474 2367 416 467 2368 423 475 2369 423 475 2370 417 468 2371 461 476 2372 424 477 2373 423 475 2374 461 476 2375 423 475 2376 424 477 2377 463 478 2378 425 479 2379 423 475 2380 463 478 2381 423 475 2382 425 479 2383 421 473 2384 417 468 2385 477 469 2386 426 480 2387 461 476 2388 417 468 2389 426 480 2390 344 397 2391 428 398 2392 427 481 2393 429 482 2394 344 397 2395 427 481 2396 334 385 2397 429 482 2398 427 481 2399 337 388 2400 334 385 2401 427 481 2402 430 389 2403 337 388 2404 427 481 2405 431 483 2406 430 389 2407 427 481 2408 431 483 2409 432 484 2410 430 389 2411 432 484 2412 433 392 2413 430 389 2414 434 404 2415 431 483 2416 427 481 2417 428 398 2418 434 404 2419 427 481 2420 435 403 2421 432 484 2422 431 483 2423 434 404 2424 435 403 2425 431 483 2426 432 484 2427 436 485 2428 433 392 2429 432 484 2430 435 403 2431 436 485 2432 436 485 2433 437 409 2434 433 392 2435 355 412 2436 437 409 2437 436 485 2438 438 413 2439 355 412 2440 436 485 2441 438 413 2442 436 485 2443 356 414 2444 436 485 2445 351 407 2446 356 414 2447 435 403 2448 351 407 2449 436 485 2450 334 385 2451 409 457 2452 429 482 2453 439 486 2454 409 457 2455 334 385 2456 440 487 2457 439 486 2458 334 385 2459 312 363 2460 439 486 2461 440 487 2462 314 365 2463 312 363 2464 440 487 2465 316 367 2466 314 365 2467 440 487 2468 441 488 2469 316 367 2470 440 487 2471 318 369 2472 316 367 2473 441 488 2474 442 489 2475 318 369 2476 441 488 2477 328 379 2478 441 488 2479 440 487 2480 442 489 2481 441 488 2482 328 379 2483 327 378 2484 328 379 2485 440 487 2486 327 378 2487 440 487 2488 334 385 2489 331 382 2490 442 489 2491 328 379 2492 442 489 2493 443 490 2494 318 369 2495 443 490 2496 321 372 2497 318 369 2498 484 491 2499 321 372 2500 443 490 2501 480 492 2502 484 491 2503 443 490 2504 480 492 2505 443 490 2506 479 493 2507 443 490 2508 333 384 2509 479 493 2510 333 384 2511 443 490 2512 442 489 2513 331 382 2514 333 384 2515 442 489 2516 312 363 2517 410 458 2518 439 486 2519 410 458 2520 409 457 2521 439 486 2522 312 363 2523 313 364 2524 410 458 2525 410 458 2526 313 364 2527 299 348 2528 444 494 2529 410 458 2530 299 348 2531 444 494 2532 299 348 2533 445 347 2534 446 495 2535 444 494 2536 445 347 2537 444 494 2538 446 495 2539 447 496 2540 448 497 2541 447 496 2542 446 495 2543 447 496 2544 448 497 2545 449 342 2546 447 496 2547 449 342 2548 407 340 2549 406 455 2550 447 496 2551 407 340 2552 406 455 2553 444 494 2554 447 496 2555 406 455 2556 410 458 2557 444 494 2558 448 497 2559 308 357 2560 449 342 2561 450 498 2562 448 497 2563 446 495 2564 448 497 2565 451 499 2566 308 357 2567 451 499 2568 448 497 2569 450 498 2570 451 499 2571 452 358 2572 308 357 2573 453 359 2574 452 358 2575 451 499 2576 454 500 2577 453 359 2578 451 499 2579 454 500 2580 451 499 2581 455 501 2582 455 501 2583 451 499 2584 450 498 2585 456 502 2586 454 500 2587 455 501 2588 301 350 2589 450 498 2590 446 495 2591 445 347 2592 301 350 2593 446 495 2594 455 501 2595 450 498 2596 301 350 2597 306 355 2598 456 502 2599 455 501 2600 307 356 2601 306 355 2602 455 501 2603 307 356 2604 455 501 2605 301 350 2606 456 502 2607 306 355 2608 487 503 2609 457 504 2610 456 502 2611 487 503 2612 457 504 2613 487 503 2614 458 505 2615 487 503 2616 459 506 2617 458 505 2618 460 507 2619 457 504 2620 458 505 2621 460 507 2622 454 500 2623 456 502 2624 457 504 2625 460 507 2626 456 502 2627 453 359 2628 454 500 2629 460 507 2630 486 508 2631 460 507 2632 458 505 2633 486 508 2634 453 359 2635 460 507 2636 424 477 2637 461 476 2638 426 480 2639 462 509 2640 424 477 2641 426 480 2642 463 478 2643 424 477 2644 462 509 2645 464 510 2646 463 478 2647 462 509 2648 462 509 2649 465 511 2650 464 510 2651 462 509 2652 426 480 2653 465 511 2654 465 511 2655 466 512 2656 464 510 2657 465 511 2658 467 513 2659 466 512 2660 467 513 2661 468 514 2662 466 512 2663 466 512 2664 468 514 2665 425 479 2666 464 510 2667 466 512 2668 425 479 2669 463 478 2670 464 510 2671 425 479 2672 468 514 2673 421 473 2674 425 479 2675 421 473 2676 468 514 2677 419 471 2678 468 514 2679 469 515 2680 419 471 2681 419 471 2682 469 515 2683 470 516 2684 418 470 2685 419 471 2686 470 516 2687 418 470 2688 470 516 2689 344 397 2690 470 516 2691 342 395 2692 344 397 2693 342 395 2694 470 516 2695 471 517 2696 470 516 2697 472 518 2698 471 517 2699 470 516 2700 469 515 2701 472 518 2702 472 518 2703 473 460 2704 471 517 2705 473 460 2706 290 336 2707 471 517 2708 474 464 2709 473 460 2710 472 518 2711 475 519 2712 474 464 2713 472 518 2714 469 515 2715 475 519 2716 472 518 2717 468 514 2718 467 513 2719 475 519 2720 469 515 2721 468 514 2722 475 519 2723 476 466 2724 474 464 2725 475 519 2726 467 513 2727 476 466 2728 475 519 2729 467 513 2730 465 511 2731 476 466 2732 465 511 2733 477 469 2734 476 466 2735 426 480 2736 477 469 2737 465 511 2738 342 395 2739 471 517 2740 285 329 2741 471 517 2742 282 326 2743 285 329 2744 290 336 2745 282 326 2746 471 517 2747 342 395 2748 285 329 2749 340 393 2750 335 386 2751 340 393 2752 285 329 2753 335 386 2754 285 329 2755 322 373 2756 322 373 2757 285 329 2758 287 331 2759 480 492 2760 479 493 2761 478 520 2762 481 521 2763 480 492 2764 478 520 2765 481 521 2766 478 520 2767 482 522 2768 478 520 2769 332 383 2770 482 522 2771 481 521 2772 482 522 2773 483 523 2774 480 492 2775 481 521 2776 483 523 2777 482 522 2778 320 371 2779 483 523 2780 484 491 2781 480 492 2782 483 523 2783 330 381 2784 482 522 2785 332 383 2786 319 370 2787 320 371 2788 482 522 2789 330 381 2790 319 370 2791 482 522 2792 333 384 2793 332 383 2794 478 520 2795 479 493 2796 333 384 2797 478 520 2798 483 523 2799 320 371 2800 321 372 2801 484 491 2802 483 523 2803 321 372 2804 485 202 2805 368 276 2806 236 273 2807 227 264 2808 485 202 2809 236 273 2810 227 264 2811 225 262 2812 485 202 2813 225 262 2814 170 201 2815 485 202 2816 225 262 2817 224 261 2818 170 201 2819 224 261 2820 174 206 2821 170 201 2822 162 193 2823 151 177 2824 152 178 2825 299 348 2826 313 364 2827 309 360 2828 305 354 2829 453 359 2830 486 508 2831 458 505 2832 305 354 2833 486 508 2834 458 505 2835 459 506 2836 305 354 2837 459 506 2838 304 353 2839 305 354 2840 459 506 2841 487 503 2842 304 353 2843 487 503 2844 306 355 2845 304 353 2846 490 524 2847 489 525 2848 488 526 2849 491 527 2850 490 524 2851 488 526 2852 488 526 2853 489 525 2854 492 528 2855 493 529 2856 488 526 2857 492 528 2858 491 527 2859 488 526 2860 493 529 2861 493 529 2862 492 528 2863 87 111 2864 494 110 2865 493 529 2866 87 111 2867 495 530 2868 493 529 2869 494 110 2870 495 530 2871 491 527 2872 493 529 2873 88 112 2874 495 530 2875 494 110 2876 496 531 2877 495 530 2878 88 112 2879 497 113 2880 496 531 2881 88 112 2882 498 532 2883 496 531 2884 497 113 2885 604 115 2886 498 532 2887 497 113 2888 498 532 2889 499 533 2890 496 531 2891 499 533 2892 500 534 2893 496 531 2894 500 534 2895 491 527 2896 495 530 2897 496 531 2898 500 534 2899 495 530 2900 490 524 2901 491 527 2902 500 534 2903 499 533 2904 490 524 2905 500 534 2906 489 525 2907 490 524 2908 501 535 2909 489 525 2910 501 535 2911 492 528 2912 490 524 2913 502 536 2914 501 535 2915 498 532 2916 604 115 2917 605 537 2918 503 538 2919 498 532 2920 605 537 2921 499 533 2922 498 532 2923 503 538 2924 492 528 2925 504 539 2926 87 111 2927 501 535 2928 504 539 2929 492 528 2930 501 535 2931 502 536 2932 504 539 2933 504 539 2934 615 540 2935 87 111 2936 504 539 2937 505 541 2938 615 540 2939 502 536 2940 505 541 2941 504 539 2942 505 541 2943 607 542 2944 615 540 2945 503 538 2946 605 537 2947 607 542 2948 505 541 2949 503 538 2950 607 542 2951 506 543 2952 499 533 2953 503 538 2954 506 543 2955 503 538 2956 505 541 2957 502 536 2958 506 543 2959 505 541 2960 490 524 2961 499 533 2962 506 543 2963 502 536 2964 490 524 2965 506 543 2966 507 295 2967 277 321 2968 274 318 2969 240 278 2970 507 295 2971 274 318 2972 240 278 2973 274 318 2974 508 297 2975 274 318 2976 275 319 2977 508 297 2978 507 295 2979 258 296 2980 277 321 2981 258 296 2982 259 303 2983 277 321 2984 258 296 2985 69 84 2986 257 299 2987 69 84 2988 212 83 2989 257 299 2990 256 302 2991 257 299 2992 253 298 2993 276 320 2994 256 302 2995 253 298 2996 275 319 2997 276 320 2998 253 298 2999 508 297 3000 275 319 3001 253 298 3002 223 259 3003 509 544 3004 229 266 3005 509 544 3006 223 259 3007 510 545 3008 511 546 3009 509 544 3010 510 545 3011 512 547 3012 511 546 3013 510 545 3014 510 545 3015 223 259 3016 512 547 3017 509 544 3018 511 546 3019 1018 548 3020 1018 548 3021 511 546 3022 512 547 3023 513 549 3024 509 544 3025 1018 548 3026 509 544 3027 513 549 3028 229 266 3029 223 259 3030 743 260 3031 512 547 3032 513 549 3033 232 270 3034 229 266 3035 515 550 3036 514 551 3037 525 552 3038 524 553 3039 515 550 3040 525 552 3041 525 552 3042 514 551 3043 526 554 3044 514 551 3045 516 555 3046 526 554 3047 517 556 3048 515 550 3049 524 553 3050 518 557 3051 517 556 3052 524 553 3053 519 558 3054 517 556 3055 518 557 3056 520 559 3057 519 558 3058 518 557 3059 515 550 3060 4 7 3061 514 551 3062 4 7 3063 2 5 3064 514 551 3065 1 0 3066 516 555 3067 514 551 3068 2 5 3069 1 0 3070 514 551 3071 1 0 3072 18 3 3073 516 555 3074 516 555 3075 18 3 3076 527 33 3077 526 554 3078 516 555 3079 527 33 3080 519 558 3081 520 559 3082 521 560 3083 6 11 3084 519 558 3085 521 560 3086 7 12 3087 6 11 3088 521 560 3089 5 9 3090 517 556 3091 519 558 3092 6 11 3093 5 9 3094 519 558 3095 5 9 3096 4 7 3097 515 550 3098 517 556 3099 5 9 3100 515 550 3101 9 16 3102 7 12 3103 521 560 3104 523 17 3105 9 16 3106 522 561 3107 9 16 3108 521 560 3109 522 561 3110 521 560 3111 520 559 3112 522 561 3113 520 559 3114 518 557 3115 522 561 3116 518 557 3117 524 553 3118 522 561 3119 524 553 3120 525 552 3121 522 561 3122 525 552 3123 526 554 3124 522 561 3125 526 554 3126 527 33 3127 522 561 3128 527 33 3129 528 32 3130 522 561 3131 528 32 3132 529 27 3133 522 561 3134 529 27 3135 15 24 3136 522 561 3137 15 24 3138 13 22 3139 522 561 3140 13 22 3141 10 18 3142 522 561 3143 10 18 3144 523 17 3145 522 561 3146 619 562 3147 552 563 3148 530 564 3149 531 565 3150 619 562 3151 530 564 3152 530 564 3153 552 563 3154 532 566 3155 533 567 3156 530 564 3157 532 566 3158 532 566 3159 570 568 3160 533 567 3161 570 568 3162 534 569 3163 533 567 3164 570 568 3165 569 570 3166 534 569 3167 569 570 3168 535 571 3169 534 569 3170 536 572 3171 535 571 3172 569 570 3173 568 573 3174 536 572 3175 569 570 3176 536 572 3177 568 573 3178 567 574 3179 537 575 3180 536 572 3181 567 574 3182 567 574 3183 574 576 3184 537 575 3185 574 576 3186 538 577 3187 537 575 3188 537 575 3189 538 577 3190 539 578 3191 540 579 3192 537 575 3193 539 578 3194 539 578 3195 538 577 3196 541 580 3197 541 580 3198 538 577 3199 574 576 3200 542 581 3201 539 578 3202 541 580 3203 596 582 3204 541 580 3205 574 576 3206 1032 583 3207 542 581 3208 541 580 3209 543 584 3210 1032 583 3211 541 580 3212 543 584 3213 541 580 3214 596 582 3215 544 585 3216 1032 583 3217 543 584 3218 545 586 3219 544 585 3220 543 584 3221 600 587 3222 545 586 3223 543 584 3224 546 588 3225 600 587 3226 543 584 3227 546 588 3228 543 584 3229 596 582 3230 544 585 3231 545 586 3232 547 589 3233 545 586 3234 600 587 3235 547 589 3236 1031 590 3237 544 585 3238 547 589 3239 600 587 3240 601 591 3241 547 589 3242 547 589 3243 601 591 3244 548 592 3245 549 593 3246 547 589 3247 548 592 3248 548 592 3249 619 562 3250 549 593 3251 619 562 3252 531 565 3253 549 593 3254 549 593 3255 531 565 3256 550 594 3257 547 589 3258 549 593 3259 550 594 3260 1031 590 3261 547 589 3262 550 594 3263 531 565 3264 551 595 3265 550 594 3266 617 35 3267 19 34 3268 552 563 3269 619 562 3270 617 35 3271 552 563 3272 21 36 3273 552 563 3274 19 34 3275 532 566 3276 552 563 3277 21 36 3278 553 596 3279 532 566 3280 21 36 3281 553 596 3282 554 597 3283 532 566 3284 553 596 3285 27 40 3286 554 597 3287 21 36 3288 27 40 3289 553 596 3290 554 597 3291 27 40 3292 555 598 3293 27 40 3294 29 42 3295 555 598 3296 555 598 3297 29 42 3298 556 599 3299 29 42 3300 31 44 3301 556 599 3302 556 599 3303 31 44 3304 557 600 3305 556 599 3306 557 600 3307 558 601 3308 557 600 3309 559 602 3310 558 601 3311 559 602 3312 560 603 3313 558 601 3314 560 603 3315 561 604 3316 558 601 3317 559 602 3318 557 600 3319 562 605 3320 559 602 3321 562 605 3322 560 603 3323 557 600 3324 563 606 3325 562 605 3326 31 44 3327 564 52 3328 557 600 3329 563 606 3330 565 607 3331 562 605 3332 565 607 3333 563 606 3334 40 54 3335 563 606 3336 41 55 3337 40 54 3338 557 600 3339 564 52 3340 41 55 3341 563 606 3342 557 600 3343 41 55 3344 565 607 3345 566 608 3346 562 605 3347 561 604 3348 567 574 3349 558 601 3350 567 574 3351 568 573 3352 558 601 3353 558 601 3354 568 573 3355 569 570 3356 569 570 3357 620 609 3358 558 601 3359 620 609 3360 569 570 3361 570 568 3362 554 597 3363 620 609 3364 570 568 3365 562 605 3366 571 610 3367 560 603 3368 571 610 3369 572 611 3370 560 603 3371 561 604 3372 573 612 3373 567 574 3374 573 612 3375 574 576 3376 567 574 3377 565 607 3378 40 54 3379 575 613 3380 566 608 3381 565 607 3382 575 613 3383 40 54 3384 71 86 3385 575 613 3386 575 613 3387 71 86 3388 1013 614 3389 575 613 3390 1013 614 3391 576 615 3392 576 615 3393 566 608 3394 575 613 3395 1013 614 3396 1014 616 3397 576 615 3398 1014 616 3399 731 617 3400 576 615 3401 731 617 3402 577 618 3403 576 615 3404 71 86 3405 251 87 3406 1013 614 3407 576 615 3408 577 618 3409 578 619 3410 579 620 3411 576 615 3412 578 619 3413 579 620 3414 578 619 3415 580 621 3416 581 622 3417 579 620 3418 580 621 3419 582 623 3420 581 622 3421 580 621 3422 583 624 3423 582 623 3424 580 621 3425 584 625 3426 578 619 3427 577 618 3428 580 621 3429 578 619 3430 584 625 3431 585 626 3432 584 625 3433 577 618 3434 585 626 3435 577 618 3436 731 617 3437 585 626 3438 74 90 3439 584 625 3440 585 626 3441 735 627 3442 74 90 3443 735 627 3444 585 626 3445 731 617 3446 735 627 3447 217 92 3448 74 90 3449 74 90 3450 75 93 3451 584 625 3452 586 628 3453 584 625 3454 75 93 3455 586 628 3456 580 621 3457 584 625 3458 587 95 3459 586 628 3460 75 93 3461 582 623 3462 583 624 3463 588 629 3464 589 630 3465 582 623 3466 588 629 3467 572 611 3468 582 623 3469 589 630 3470 590 631 3471 572 611 3472 589 630 3473 572 611 3474 590 631 3475 591 632 3476 572 611 3477 591 632 3478 560 603 3479 590 631 3480 592 633 3481 591 632 3482 592 633 3483 590 631 3484 593 634 3485 593 634 3486 594 63 3487 592 633 3488 594 63 3489 49 64 3490 592 633 3491 592 633 3492 49 64 3493 595 635 3494 49 64 3495 51 66 3496 595 635 3497 596 582 3498 595 635 3499 51 66 3500 597 67 3501 596 582 3502 51 66 3503 546 588 3504 596 582 3505 597 67 3506 598 68 3507 546 588 3508 597 67 3509 546 588 3510 598 68 3511 599 69 3512 600 587 3513 546 588 3514 599 69 3515 592 633 3516 595 635 3517 573 612 3518 591 632 3519 592 633 3520 573 612 3521 600 587 3522 599 69 3523 601 591 3524 599 69 3525 58 73 3526 601 591 3527 595 635 3528 596 582 3529 574 576 3530 573 612 3531 595 635 3532 574 576 3533 602 116 3534 594 63 3535 593 634 3536 603 636 3537 602 116 3538 593 634 3539 604 115 3540 602 116 3541 603 636 3542 605 537 3543 604 115 3544 603 636 3545 605 537 3546 603 636 3547 606 637 3548 607 542 3549 605 537 3550 606 637 3551 607 542 3552 606 637 3553 608 638 3554 608 638 3555 606 637 3556 609 639 3557 610 640 3558 608 638 3559 609 639 3560 83 106 3561 608 638 3562 610 640 3563 611 102 3564 83 106 3565 610 640 3566 611 102 3567 610 640 3568 80 101 3569 610 640 3570 612 641 3571 80 101 3572 610 640 3573 588 629 3574 612 641 3575 588 629 3576 645 642 3577 612 641 3578 588 629 3579 583 624 3580 645 642 3581 583 624 3582 613 643 3583 645 642 3584 583 624 3585 580 621 3586 613 643 3587 580 621 3588 648 644 3589 613 643 3590 580 621 3591 586 628 3592 648 644 3593 586 628 3594 614 645 3595 648 644 3596 614 645 3597 586 628 3598 629 646 3599 615 540 3600 608 638 3601 83 106 3602 87 111 3603 615 540 3604 83 106 3605 588 629 3606 610 640 3607 589 630 3608 610 640 3609 609 639 3610 589 630 3611 590 631 3612 589 630 3613 609 639 3614 593 634 3615 590 631 3616 609 639 3617 593 634 3618 609 639 3619 606 637 3620 603 636 3621 593 634 3622 606 637 3623 586 628 3624 587 95 3625 629 646 3626 629 646 3627 587 95 3628 616 105 3629 615 540 3630 607 542 3631 608 638 3632 548 592 3633 618 117 3634 617 35 3635 619 562 3636 548 592 3637 617 35 3638 618 117 3639 548 592 3640 58 73 3641 548 592 3642 601 591 3643 58 73 3644 628 647 3645 555 598 3646 620 609 3647 628 647 3648 621 648 3649 555 598 3650 621 648 3651 554 597 3652 555 598 3653 621 648 3654 622 649 3655 554 597 3656 628 647 3657 623 650 3658 621 648 3659 623 650 3660 624 651 3661 621 648 3662 621 648 3663 624 651 3664 622 649 3665 624 651 3666 625 652 3667 622 649 3668 624 651 3669 626 653 3670 625 652 3671 625 652 3672 626 653 3673 627 654 3674 623 650 3675 625 652 3676 627 654 3677 627 654 3678 626 653 3679 624 651 3680 623 650 3681 627 654 3682 624 651 3683 625 652 3684 623 650 3685 628 647 3686 622 649 3687 625 652 3688 628 647 3689 622 649 3690 628 647 3691 620 609 3692 554 597 3693 622 649 3694 620 609 3695 620 609 3696 556 599 3697 558 601 3698 556 599 3699 620 609 3700 555 598 3701 630 655 3702 629 646 3703 616 105 3704 631 127 3705 630 655 3706 616 105 3707 630 655 3708 631 127 3709 632 656 3710 631 127 3711 633 129 3712 632 656 3713 634 657 3714 632 656 3715 633 129 3716 105 131 3717 634 657 3718 633 129 3719 632 656 3720 634 657 3721 635 658 3722 634 657 3723 636 659 3724 635 658 3725 635 658 3726 636 659 3727 637 660 3728 637 660 3729 638 661 3730 635 658 3731 638 661 3732 637 660 3733 639 662 3734 639 662 3735 637 660 3736 667 663 3737 636 659 3738 667 663 3739 637 660 3740 669 664 3741 639 662 3742 667 663 3743 639 662 3744 669 664 3745 640 665 3746 669 664 3747 668 666 3748 640 665 3749 640 665 3750 668 666 3751 641 667 3752 668 666 3753 642 668 3754 641 667 3755 641 667 3756 642 668 3757 114 143 3758 642 668 3759 115 144 3760 114 143 3761 643 669 3762 641 667 3763 114 143 3764 644 146 3765 643 669 3766 114 143 3767 612 641 3768 643 669 3769 644 146 3770 612 641 3771 645 642 3772 643 669 3773 645 642 3774 646 670 3775 643 669 3776 646 670 3777 640 665 3778 641 667 3779 643 669 3780 646 670 3781 641 667 3782 645 642 3783 613 643 3784 646 670 3785 638 661 3786 647 671 3787 613 643 3788 613 643 3789 647 671 3790 646 670 3791 646 670 3792 647 671 3793 640 665 3794 648 644 3795 638 661 3796 613 643 3797 80 101 3798 612 641 3799 644 146 3800 648 644 3801 614 645 3802 638 661 3803 614 645 3804 649 672 3805 638 661 3806 647 671 3807 638 661 3808 639 662 3809 647 671 3810 639 662 3811 640 665 3812 638 661 3813 649 672 3814 635 658 3815 635 658 3816 649 672 3817 632 656 3818 649 672 3819 630 655 3820 632 656 3821 629 646 3822 630 655 3823 649 672 3824 614 645 3825 629 646 3826 649 672 3827 652 673 3828 651 674 3829 650 152 3830 122 151 3831 652 673 3832 650 152 3833 650 152 3834 651 674 3835 125 154 3836 651 674 3837 653 675 3838 125 154 3839 653 675 3840 651 674 3841 654 676 3842 651 674 3843 655 677 3844 654 676 3845 651 674 3846 652 673 3847 656 678 3848 655 677 3849 651 674 3850 656 678 3851 125 154 3852 653 675 3853 130 159 3854 653 675 3855 657 679 3856 130 159 3857 653 675 3858 654 676 3859 657 679 3860 130 159 3861 657 679 3862 132 161 3863 657 679 3864 658 680 3865 132 161 3866 132 161 3867 658 680 3868 634 657 3869 105 131 3870 132 161 3871 634 657 3872 634 657 3873 658 680 3874 636 659 3875 658 680 3876 659 681 3877 636 659 3878 658 680 3879 657 679 3880 660 682 3881 659 681 3882 658 680 3883 660 682 3884 654 676 3885 660 682 3886 657 679 3887 661 683 3888 659 681 3889 660 682 3890 662 684 3891 661 683 3892 660 682 3893 662 684 3894 660 682 3895 654 676 3896 655 677 3897 662 684 3898 654 676 3899 655 677 3900 656 678 3901 662 684 3902 661 683 3903 662 684 3904 663 685 3905 656 678 3906 663 685 3907 662 684 3908 664 686 3909 661 683 3910 663 685 3911 663 685 3912 665 687 3913 664 686 3914 665 687 3915 663 685 3916 656 678 3917 665 687 3918 666 688 3919 664 686 3920 666 688 3921 665 687 3922 143 171 3923 144 172 3924 666 688 3925 143 171 3926 666 688 3927 144 172 3928 115 144 3929 642 668 3930 666 688 3931 115 144 3932 659 681 3933 661 683 3934 667 663 3935 636 659 3936 659 681 3937 667 663 3938 666 688 3939 642 668 3940 668 666 3941 664 686 3942 666 688 3943 668 666 3944 664 686 3945 668 666 3946 669 664 3947 661 683 3948 664 686 3949 669 664 3950 661 683 3951 669 664 3952 667 663 3953 122 151 3954 143 171 3955 665 687 3956 652 673 3957 122 151 3958 665 687 3959 652 673 3960 665 687 3961 656 678 3962 672 689 3963 671 690 3964 670 691 3965 673 692 3966 672 689 3967 670 691 3968 672 689 3969 674 693 3970 671 690 3971 674 693 3972 675 694 3973 671 690 3974 676 695 3975 671 690 3976 675 694 3977 677 696 3978 676 695 3979 675 694 3980 676 695 3981 677 696 3982 678 697 3983 679 698 3984 676 695 3985 678 697 3986 679 698 3987 678 697 3988 917 699 3989 890 700 3990 679 698 3991 917 699 3992 677 696 3993 675 694 3994 680 701 3995 681 702 3996 677 696 3997 680 701 3998 677 696 3999 681 702 4000 678 697 4001 681 702 4002 682 703 4003 678 697 4004 678 697 4005 682 703 4006 917 699 4007 682 703 4008 913 704 4009 917 699 4010 680 701 4011 683 705 4012 681 702 4013 683 705 4014 684 706 4015 681 702 4016 681 702 4017 684 706 4018 685 707 4019 682 703 4020 681 702 4021 685 707 4022 686 708 4023 683 705 4024 680 701 4025 687 709 4026 686 708 4027 680 701 4028 687 709 4029 680 701 4030 675 694 4031 682 703 4032 685 707 4033 688 710 4034 913 704 4035 682 703 4036 688 710 4037 687 709 4038 689 711 4039 686 708 4040 689 711 4041 687 709 4042 674 693 4043 690 712 4044 689 711 4045 674 693 4046 691 713 4047 689 711 4048 690 712 4049 692 714 4050 691 713 4051 690 712 4052 690 712 4053 672 689 4054 692 714 4055 674 693 4056 672 689 4057 690 712 4058 672 689 4059 693 715 4060 692 714 4061 694 716 4062 693 715 4063 672 689 4064 693 715 4065 694 716 4066 695 717 4067 1009 718 4068 693 715 4069 695 717 4070 693 715 4071 1009 718 4072 692 714 4073 694 716 4074 696 719 4075 695 717 4076 694 716 4077 697 720 4078 696 719 4079 697 720 4080 694 716 4081 672 689 4082 697 720 4083 698 721 4084 696 719 4085 696 719 4086 750 722 4087 695 717 4088 750 722 4089 696 719 4090 699 723 4091 696 719 4092 698 721 4093 699 723 4094 700 724 4095 750 722 4096 699 723 4097 697 720 4098 673 692 4099 698 721 4100 673 692 4101 697 720 4102 672 689 4103 673 692 4104 701 725 4105 698 721 4106 698 721 4107 702 726 4108 699 723 4109 702 726 4110 698 721 4111 701 725 4112 702 726 4113 701 725 4114 703 727 4115 704 728 4116 702 726 4117 703 727 4118 699 723 4119 702 726 4120 705 729 4121 702 726 4122 686 708 4123 705 729 4124 702 726 4125 704 728 4126 686 708 4127 670 691 4128 703 727 4129 701 725 4130 673 692 4131 670 691 4132 701 725 4133 704 728 4134 683 705 4135 686 708 4136 704 728 4137 712 730 4138 683 705 4139 712 730 4140 684 706 4141 683 705 4142 684 706 4143 712 730 4144 711 731 4145 685 707 4146 684 706 4147 711 731 4148 685 707 4149 711 731 4150 904 732 4151 688 710 4152 685 707 4153 904 732 4154 703 727 4155 670 691 4156 708 733 4157 708 733 4158 670 691 4159 671 690 4160 676 695 4161 708 733 4162 671 690 4163 706 734 4164 703 727 4165 708 733 4166 704 728 4167 703 727 4168 706 734 4169 712 730 4170 704 728 4171 706 734 4172 699 723 4173 705 729 4174 707 735 4175 700 724 4176 699 723 4177 707 735 4178 708 733 4179 676 695 4180 679 698 4181 709 736 4182 708 733 4183 679 698 4184 709 736 4185 710 737 4186 708 733 4187 710 737 4188 706 734 4189 708 733 4190 710 737 4191 711 731 4192 706 734 4193 711 731 4194 712 730 4195 706 734 4196 713 738 4197 709 736 4198 679 698 4199 714 739 4200 713 738 4201 679 698 4202 714 739 4203 679 698 4204 890 700 4205 715 740 4206 714 739 4207 890 700 4208 713 738 4209 891 741 4210 709 736 4211 891 741 4212 716 742 4213 709 736 4214 717 743 4215 711 731 4216 710 737 4217 718 744 4218 717 743 4219 710 737 4220 717 743 4221 905 745 4222 711 731 4223 905 745 4224 904 732 4225 711 731 4226 718 744 4227 710 737 4228 719 746 4229 720 747 4230 718 744 4231 719 746 4232 899 748 4233 719 746 4234 710 737 4235 721 749 4236 714 739 4237 715 740 4238 892 750 4239 721 749 4240 715 740 4241 722 751 4242 713 738 4243 714 739 4244 721 749 4245 722 751 4246 714 739 4247 893 752 4248 891 741 4249 713 738 4250 722 751 4251 893 752 4252 713 738 4253 723 753 4254 717 743 4255 718 744 4256 724 754 4257 723 753 4258 718 744 4259 724 754 4260 718 744 4261 720 747 4262 906 755 4263 905 745 4264 717 743 4265 723 753 4266 906 755 4267 717 743 4268 725 756 4269 724 754 4270 720 747 4271 726 757 4272 721 749 4273 892 750 4274 894 758 4275 726 757 4276 892 750 4277 894 758 4278 895 759 4279 726 757 4280 895 759 4281 893 752 4282 722 751 4283 895 759 4284 727 760 4285 726 757 4286 727 760 4287 722 751 4288 721 749 4289 726 757 4290 727 760 4291 721 749 4292 727 760 4293 895 759 4294 722 751 4295 728 761 4296 723 753 4297 724 754 4298 729 762 4299 728 761 4300 724 754 4301 729 762 4302 724 754 4303 725 756 4304 728 761 4305 729 762 4306 907 763 4307 907 763 4308 906 755 4309 723 753 4310 728 761 4311 907 763 4312 723 753 4313 729 762 4314 730 764 4315 907 763 4316 730 764 4317 729 762 4318 725 756 4319 732 765 4320 731 617 4321 1014 616 4322 733 766 4323 732 765 4324 1014 616 4325 731 617 4326 732 765 4327 734 767 4328 735 627 4329 731 617 4330 734 767 4331 734 767 4332 736 252 4333 735 627 4334 736 252 4335 217 92 4336 735 627 4337 218 253 4338 736 252 4339 734 767 4340 737 768 4341 218 253 4342 734 767 4343 734 767 4344 732 765 4345 737 768 4346 737 768 4347 738 769 4348 218 253 4349 738 769 4350 739 256 4351 218 253 4352 740 770 4353 738 769 4354 737 768 4355 741 771 4356 740 770 4357 737 768 4358 732 765 4359 741 771 4360 737 768 4361 732 765 4362 733 766 4363 741 771 4364 739 256 4365 738 769 4366 742 772 4367 743 260 4368 739 256 4369 742 772 4370 740 770 4371 744 773 4372 738 769 4373 745 774 4374 744 773 4375 740 770 4376 746 775 4377 745 774 4378 740 770 4379 747 776 4380 745 774 4381 746 775 4382 748 777 4383 747 776 4384 746 775 4385 744 773 4386 749 778 4387 738 769 4388 738 769 4389 749 778 4390 742 772 4391 744 773 4392 750 722 4393 749 778 4394 750 722 4395 751 779 4396 749 778 4397 751 779 4398 750 722 4399 752 780 4400 751 779 4401 752 780 4402 232 270 4403 232 270 4404 749 778 4405 751 779 4406 752 780 4407 753 269 4408 232 270 4409 750 722 4410 700 724 4411 752 780 4412 754 781 4413 746 775 4414 740 770 4415 741 771 4416 754 781 4417 740 770 4418 748 777 4419 755 782 4420 747 776 4421 755 782 4422 756 783 4423 747 776 4424 756 783 4425 755 782 4426 757 784 4427 758 785 4428 756 783 4429 757 784 4430 881 786 4431 756 783 4432 758 785 4433 759 787 4434 881 786 4435 758 785 4436 755 782 4437 760 788 4438 757 784 4439 760 788 4440 761 789 4441 757 784 4442 757 784 4443 761 789 4444 762 280 4445 757 784 4446 762 280 4447 758 785 4448 761 789 4449 242 281 4450 762 280 4451 762 280 4452 243 282 4453 758 785 4454 881 786 4455 759 787 4456 763 790 4457 764 791 4458 881 786 4459 763 790 4460 759 787 4461 246 285 4462 763 790 4463 246 285 4464 247 286 4465 763 790 4466 763 790 4467 247 286 4468 773 287 4469 765 792 4470 763 790 4471 773 287 4472 880 793 4473 758 785 4474 243 282 4475 248 290 4476 880 793 4477 243 282 4478 766 291 4479 246 285 4480 759 787 4481 878 794 4482 766 291 4483 759 787 4484 242 281 4485 761 789 4486 767 795 4487 768 294 4488 242 281 4489 767 795 4490 768 294 4491 767 795 4492 251 87 4493 767 795 4494 1013 614 4495 251 87 4496 1013 614 4497 767 795 4498 1012 796 4499 769 797 4500 1013 614 4501 1012 796 4502 707 735 4503 764 791 4504 763 790 4505 765 792 4506 707 735 4507 763 790 4508 758 785 4509 880 793 4510 878 794 4511 759 787 4512 758 785 4513 878 794 4514 1012 796 4515 767 795 4516 761 789 4517 760 788 4518 1012 796 4519 761 789 4520 748 777 4521 770 798 4522 760 788 4523 755 782 4524 748 777 4525 760 788 4526 748 777 4527 746 775 4528 770 798 4529 746 775 4530 754 781 4531 770 798 4532 771 799 4533 770 798 4534 754 781 4535 733 766 4536 771 799 4537 754 781 4538 733 766 4539 754 781 4540 741 771 4541 772 800 4542 771 799 4543 733 766 4544 1014 616 4545 772 800 4546 733 766 4547 774 801 4548 765 792 4549 773 287 4550 775 301 4551 774 801 4552 773 287 4553 752 780 4554 774 801 4555 775 301 4556 753 269 4557 752 780 4558 775 301 4559 707 735 4560 774 801 4561 752 780 4562 774 801 4563 707 735 4564 765 792 4565 700 724 4566 707 735 4567 752 780 4568 769 797 4569 777 802 4570 776 803 4571 772 800 4572 769 797 4573 776 803 4574 777 802 4575 778 804 4576 776 803 4577 779 805 4578 778 804 4579 777 802 4580 779 805 4581 780 806 4582 778 804 4583 778 804 4584 780 806 4585 781 807 4586 780 806 4587 782 808 4588 781 807 4589 778 804 4590 781 807 4591 783 809 4592 778 804 4593 783 809 4594 776 803 4595 781 807 4596 784 810 4597 783 809 4598 783 809 4599 784 810 4600 785 811 4601 785 811 4602 786 812 4603 783 809 4604 787 813 4605 786 812 4606 785 811 4607 785 811 4608 788 814 4609 787 813 4610 784 810 4611 788 814 4612 785 811 4613 788 814 4614 789 815 4615 787 813 4616 790 816 4617 780 806 4618 779 805 4619 782 808 4620 780 806 4621 790 816 4622 791 817 4623 782 808 4624 790 816 4625 791 817 4626 790 816 4627 787 813 4628 789 815 4629 791 817 4630 787 813 4631 787 813 4632 790 816 4633 792 818 4634 793 819 4635 787 813 4636 792 818 4637 786 812 4638 787 813 4639 793 819 4640 794 820 4641 786 812 4642 793 819 4643 783 809 4644 786 812 4645 794 820 4646 776 803 4647 783 809 4648 794 820 4649 792 818 4650 790 816 4651 795 821 4652 790 816 4653 779 805 4654 795 821 4655 795 821 4656 779 805 4657 777 802 4658 789 815 4659 808 822 4660 791 817 4661 808 822 4662 796 823 4663 791 817 4664 808 822 4665 797 824 4666 796 823 4667 797 824 4668 798 825 4669 796 823 4670 796 823 4671 798 825 4672 799 826 4673 800 827 4674 796 823 4675 799 826 4676 800 827 4677 799 826 4678 801 828 4679 799 826 4680 802 829 4681 801 828 4682 801 828 4683 802 829 4684 803 830 4685 802 829 4686 804 831 4687 803 830 4688 804 831 4689 805 832 4690 803 830 4691 805 832 4692 806 833 4693 803 830 4694 797 824 4695 807 834 4696 798 825 4697 797 824 4698 808 822 4699 807 834 4700 807 834 4701 919 835 4702 798 825 4703 798 825 4704 919 835 4705 799 826 4706 919 835 4707 929 836 4708 799 826 4709 808 822 4710 811 837 4711 807 834 4712 796 823 4713 800 827 4714 782 808 4715 791 817 4716 796 823 4717 782 808 4718 800 827 4719 801 828 4720 781 807 4721 782 808 4722 800 827 4723 781 807 4724 801 828 4725 803 830 4726 784 810 4727 781 807 4728 801 828 4729 784 810 4730 784 810 4731 803 830 4732 806 833 4733 788 814 4734 784 810 4735 806 833 4736 788 814 4737 806 833 4738 808 822 4739 808 822 4740 806 833 4741 809 838 4742 806 833 4743 810 839 4744 809 838 4745 808 822 4746 809 838 4747 811 837 4748 809 838 4749 924 840 4750 811 837 4751 789 815 4752 788 814 4753 808 822 4754 812 841 4755 924 840 4756 809 838 4757 810 839 4758 812 841 4759 809 838 4760 924 840 4761 812 841 4762 813 842 4763 812 841 4764 814 843 4765 813 842 4766 814 843 4767 812 841 4768 815 844 4769 815 844 4770 816 845 4771 814 843 4772 816 845 4773 817 846 4774 814 843 4775 816 845 4776 815 844 4777 969 847 4778 818 848 4779 969 847 4780 815 844 4781 819 849 4782 818 848 4783 815 844 4784 812 841 4785 819 849 4786 815 844 4787 820 850 4788 816 845 4789 969 847 4790 821 851 4791 817 846 4792 816 845 4793 822 852 4794 821 851 4795 816 845 4796 822 852 4797 816 845 4798 820 850 4799 822 852 4800 823 853 4801 821 851 4802 823 853 4803 824 854 4804 821 851 4805 825 855 4806 823 853 4807 822 852 4808 826 856 4809 825 855 4810 822 852 4811 826 856 4812 822 852 4813 820 850 4814 827 857 4815 813 842 4816 814 843 4817 817 846 4818 827 857 4819 814 843 4820 817 846 4821 821 851 4822 827 857 4823 821 851 4824 824 854 4825 975 858 4826 821 851 4827 975 858 4828 827 857 4829 824 854 4830 976 859 4831 975 858 4832 818 848 4833 819 849 4834 828 860 4835 805 832 4836 828 860 4837 819 849 4838 829 861 4839 805 832 4840 819 849 4841 829 861 4842 819 849 4843 812 841 4844 810 839 4845 829 861 4846 812 841 4847 806 833 4848 805 832 4849 829 861 4850 810 839 4851 806 833 4852 829 861 4853 805 832 4854 804 831 4855 828 860 4856 804 831 4857 830 862 4858 828 860 4859 828 860 4860 830 862 4861 831 863 4862 967 864 4863 828 860 4864 831 863 4865 958 865 4866 831 863 4867 830 862 4868 832 866 4869 958 865 4870 830 862 4871 833 867 4872 958 865 4873 832 866 4874 834 868 4875 833 867 4876 832 866 4877 835 869 4878 833 867 4879 834 868 4880 836 870 4881 835 869 4882 834 868 4883 836 870 4884 837 871 4885 835 869 4886 837 871 4887 963 872 4888 835 869 4889 830 862 4890 838 873 4891 832 866 4892 838 873 4893 830 862 4894 804 831 4895 838 873 4896 839 874 4897 832 866 4898 834 868 4899 832 866 4900 839 874 4901 839 874 4902 838 873 4903 840 875 4904 840 875 4905 841 876 4906 839 874 4907 841 876 4908 842 877 4909 839 874 4910 842 877 4911 834 868 4912 839 874 4913 836 870 4914 834 868 4915 842 877 4916 841 876 4917 840 875 4918 961 878 4919 843 879 4920 841 876 4921 961 878 4922 841 876 4923 844 880 4924 842 877 4925 844 880 4926 841 876 4927 843 879 4928 844 880 4929 845 881 4930 842 877 4931 845 881 4932 836 870 4933 842 877 4934 846 882 4935 844 880 4936 843 879 4937 847 883 4938 844 880 4939 846 882 4940 845 881 4941 844 880 4942 847 883 4943 966 884 4944 847 883 4945 846 882 4946 848 885 4947 961 878 4948 840 875 4949 849 886 4950 848 885 4951 840 875 4952 838 873 4953 849 886 4954 840 875 4955 849 886 4956 850 887 4957 848 885 4958 850 887 4959 945 888 4960 848 885 4961 946 889 4962 945 888 4963 850 887 4964 851 890 4965 946 889 4966 850 887 4967 851 890 4968 852 891 4969 946 889 4970 852 891 4971 949 892 4972 946 889 4973 850 887 4974 849 886 4975 853 893 4976 854 894 4977 850 887 4978 853 893 4979 851 890 4980 850 887 4981 854 894 4982 854 894 4983 853 893 4984 855 895 4985 856 896 4986 854 894 4987 855 895 4988 855 895 4989 857 897 4990 856 896 4991 857 897 4992 944 898 4993 856 896 4994 856 896 4995 858 899 4996 854 894 4997 858 899 4998 856 896 4999 944 898 5000 858 899 5001 859 900 5002 854 894 5003 859 900 5004 851 890 5005 854 894 5006 852 891 5007 851 890 5008 859 900 5009 860 901 5010 859 900 5011 858 899 5012 860 901 5013 852 891 5014 859 900 5015 861 902 5016 860 901 5017 858 899 5018 951 903 5019 861 902 5020 858 899 5021 950 904 5022 951 903 5023 858 899 5024 950 904 5025 858 899 5026 944 898 5027 861 902 5028 862 905 5029 860 901 5030 862 905 5031 863 906 5032 860 901 5033 864 907 5034 862 905 5035 861 902 5036 951 903 5037 864 907 5038 861 902 5039 860 901 5040 863 906 5041 865 908 5042 852 891 5043 860 901 5044 865 908 5045 852 891 5046 865 908 5047 866 909 5048 949 892 5049 852 891 5050 866 909 5051 865 908 5052 863 906 5053 867 910 5054 863 906 5055 868 911 5056 867 910 5057 953 912 5058 867 910 5059 868 911 5060 865 908 5061 867 910 5062 953 912 5063 866 909 5064 865 908 5065 953 912 5066 954 913 5067 953 912 5068 868 911 5069 955 914 5070 954 913 5071 868 911 5072 864 907 5073 955 914 5074 862 905 5075 869 915 5076 955 914 5077 868 911 5078 869 915 5079 868 911 5080 863 906 5081 862 905 5082 869 915 5083 863 906 5084 955 914 5085 869 915 5086 862 905 5087 360 416 5088 871 916 5089 870 917 5090 359 417 5091 360 416 5092 870 917 5093 359 417 5094 870 917 5095 872 420 5096 870 917 5097 873 918 5098 872 420 5099 873 918 5100 870 917 5101 871 916 5102 871 916 5103 360 416 5104 874 919 5105 874 919 5106 873 918 5107 871 916 5108 360 416 5109 875 423 5110 874 919 5111 876 920 5112 874 919 5113 875 423 5114 873 918 5115 874 919 5116 876 920 5117 877 425 5118 876 920 5119 875 423 5120 877 425 5121 766 291 5122 876 920 5123 766 291 5124 878 794 5125 876 920 5126 365 426 5127 872 420 5128 873 918 5129 879 921 5130 365 426 5131 873 918 5132 879 921 5133 873 918 5134 876 920 5135 876 920 5136 878 794 5137 879 921 5138 879 921 5139 880 793 5140 365 426 5141 878 794 5142 880 793 5143 879 921 5144 880 793 5145 248 290 5146 365 426 5147 707 735 5148 705 729 5149 691 713 5150 764 791 5151 707 735 5152 691 713 5153 689 711 5154 691 713 5155 705 729 5156 686 708 5157 689 711 5158 705 729 5159 881 786 5160 764 791 5161 691 713 5162 692 714 5163 881 786 5164 691 713 5165 1009 718 5166 881 786 5167 692 714 5168 554 597 5169 570 568 5170 532 566 5171 582 623 5172 572 611 5173 571 610 5174 581 622 5175 582 623 5176 571 610 5177 581 622 5178 571 610 5179 579 620 5180 571 610 5181 562 605 5182 579 620 5183 579 620 5184 562 605 5185 566 608 5186 576 615 5187 579 620 5188 566 608 5189 902 922 5190 883 923 5191 882 924 5192 901 925 5193 902 922 5194 882 924 5195 882 924 5196 883 923 5197 884 926 5198 883 923 5199 885 927 5200 884 926 5201 883 923 5202 902 922 5203 885 927 5204 884 926 5205 885 927 5206 886 928 5207 885 927 5208 887 929 5209 886 928 5210 886 928 5211 887 929 5212 709 736 5213 887 929 5214 710 737 5215 709 736 5216 887 929 5217 899 748 5218 710 737 5219 886 928 5220 709 736 5221 716 742 5222 888 930 5223 886 928 5224 716 742 5225 884 926 5226 886 928 5227 888 930 5228 900 931 5229 899 748 5230 887 929 5231 885 927 5232 900 931 5233 887 929 5234 902 922 5235 900 931 5236 885 927 5237 889 932 5238 884 926 5239 888 930 5240 882 924 5241 884 926 5242 889 932 5243 901 925 5244 882 924 5245 889 932 5246 715 740 5247 890 700 5248 716 742 5249 891 741 5250 715 740 5251 716 742 5252 892 750 5253 715 740 5254 891 741 5255 893 752 5256 892 750 5257 891 741 5258 894 758 5259 892 750 5260 893 752 5261 895 759 5262 894 758 5263 893 752 5264 896 933 5265 716 742 5266 890 700 5267 897 934 5268 896 933 5269 890 700 5270 896 933 5271 898 935 5272 716 742 5273 898 935 5274 719 746 5275 716 742 5276 888 930 5277 716 742 5278 719 746 5279 899 748 5280 888 930 5281 719 746 5282 889 932 5283 888 930 5284 899 748 5285 900 931 5286 889 932 5287 899 748 5288 901 925 5289 889 932 5290 900 931 5291 902 922 5292 901 925 5293 900 931 5294 898 935 5295 903 936 5296 719 746 5297 903 936 5298 904 732 5299 719 746 5300 903 936 5301 898 935 5302 904 732 5303 720 747 5304 719 746 5305 904 732 5306 905 745 5307 720 747 5308 904 732 5309 725 756 5310 720 747 5311 905 745 5312 906 755 5313 725 756 5314 905 745 5315 730 764 5316 725 756 5317 906 755 5318 907 763 5319 730 764 5320 906 755 5321 898 935 5322 908 937 5323 904 732 5324 909 938 5325 904 732 5326 908 937 5327 909 938 5328 910 939 5329 904 732 5330 909 938 5331 911 940 5332 910 939 5333 911 940 5334 909 938 5335 908 937 5336 911 940 5337 912 941 5338 910 939 5339 910 939 5340 688 710 5341 904 732 5342 910 939 5343 912 941 5344 688 710 5345 912 941 5346 913 704 5347 688 710 5348 912 941 5349 914 942 5350 913 704 5351 915 943 5352 914 942 5353 912 941 5354 916 944 5355 915 943 5356 912 941 5357 911 940 5358 916 944 5359 912 941 5360 914 942 5361 917 699 5362 913 704 5363 914 942 5364 915 943 5365 917 699 5366 915 943 5367 890 700 5368 917 699 5369 915 943 5370 916 944 5371 890 700 5372 916 944 5373 918 945 5374 890 700 5375 911 940 5376 908 937 5377 918 945 5378 916 944 5379 911 940 5380 918 945 5381 896 933 5382 918 945 5383 908 937 5384 898 935 5385 896 933 5386 908 937 5387 897 934 5388 890 700 5389 918 945 5390 896 933 5391 897 934 5392 918 945 5393 921 946 5394 920 947 5395 919 835 5396 807 834 5397 921 946 5398 919 835 5399 921 946 5400 807 834 5401 811 837 5402 922 948 5403 921 946 5404 811 837 5405 923 949 5406 922 948 5407 811 837 5408 924 840 5409 923 949 5410 811 837 5411 921 946 5412 922 948 5413 925 950 5414 920 947 5415 921 946 5416 925 950 5417 922 948 5418 926 951 5419 925 950 5420 927 952 5421 926 951 5422 922 948 5423 923 949 5424 927 952 5425 922 948 5426 928 953 5427 920 947 5428 925 950 5429 920 947 5430 928 953 5431 919 835 5432 928 953 5433 929 836 5434 919 835 5435 929 836 5436 928 953 5437 1000 954 5438 928 953 5439 930 955 5440 1000 954 5441 930 955 5442 928 953 5443 931 956 5444 928 953 5445 932 957 5446 931 956 5447 932 957 5448 925 950 5449 926 951 5450 932 957 5451 928 953 5452 925 950 5453 933 958 5454 1000 954 5455 930 955 5456 934 959 5457 933 958 5458 930 955 5459 934 959 5460 930 955 5461 931 956 5462 1002 960 5463 933 958 5464 934 959 5465 935 961 5466 1002 960 5467 934 959 5468 935 961 5469 936 962 5470 1002 960 5471 936 962 5472 1003 963 5473 1002 960 5474 931 956 5475 932 957 5476 937 964 5477 937 964 5478 995 965 5479 931 956 5480 995 965 5481 938 966 5482 931 956 5483 938 966 5484 934 959 5485 931 956 5486 935 961 5487 934 959 5488 938 966 5489 995 965 5490 994 967 5491 938 966 5492 994 967 5493 939 968 5494 938 966 5495 939 968 5496 935 961 5497 938 966 5498 932 957 5499 857 897 5500 937 964 5501 940 969 5502 939 968 5503 994 967 5504 935 961 5505 939 968 5506 940 969 5507 936 962 5508 935 961 5509 940 969 5510 936 962 5511 940 969 5512 941 970 5513 940 969 5514 986 971 5515 941 970 5516 986 971 5517 940 969 5518 987 972 5519 940 969 5520 993 973 5521 987 972 5522 993 973 5523 940 969 5524 994 967 5525 936 962 5526 941 970 5527 984 974 5528 1003 963 5529 936 962 5530 984 974 5531 857 897 5532 943 975 5533 942 976 5534 944 898 5535 857 897 5536 942 976 5537 943 975 5538 848 885 5539 942 976 5540 848 885 5541 945 888 5542 942 976 5543 945 888 5544 946 889 5545 942 976 5546 946 889 5547 947 977 5548 942 976 5549 948 978 5550 947 977 5551 946 889 5552 949 892 5553 948 978 5554 946 889 5555 950 904 5556 944 898 5557 942 976 5558 947 977 5559 950 904 5560 942 976 5561 951 903 5562 950 904 5563 947 977 5564 948 978 5565 951 903 5566 947 977 5567 952 979 5568 948 978 5569 949 892 5570 951 903 5571 948 978 5572 952 979 5573 866 909 5574 952 979 5575 949 892 5576 866 909 5577 953 912 5578 952 979 5579 953 912 5580 954 913 5581 952 979 5582 952 979 5583 954 913 5584 955 914 5585 864 907 5586 952 979 5587 955 914 5588 864 907 5589 951 903 5590 952 979 5591 926 951 5592 848 885 5593 943 975 5594 926 951 5595 956 980 5596 848 885 5597 956 980 5598 957 981 5599 848 885 5600 956 980 5601 831 863 5602 957 981 5603 831 863 5604 958 865 5605 957 981 5606 958 865 5607 833 867 5608 957 981 5609 833 867 5610 959 982 5611 957 981 5612 833 867 5613 835 869 5614 959 982 5615 835 869 5616 960 983 5617 959 982 5618 959 982 5619 843 879 5620 957 981 5621 959 982 5622 960 983 5623 843 879 5624 843 879 5625 961 878 5626 957 981 5627 957 981 5628 961 878 5629 848 885 5630 960 983 5631 846 882 5632 843 879 5633 962 984 5634 960 983 5635 835 869 5636 963 872 5637 962 984 5638 835 869 5639 963 872 5640 1008 985 5641 962 984 5642 1008 985 5643 964 986 5644 962 984 5645 962 984 5646 964 986 5647 965 987 5648 966 884 5649 962 984 5650 965 987 5651 966 884 5652 846 882 5653 960 983 5654 962 984 5655 966 884 5656 960 983 5657 927 952 5658 831 863 5659 956 980 5660 926 951 5661 927 952 5662 956 980 5663 967 864 5664 831 863 5665 927 952 5666 967 864 5667 927 952 5668 818 848 5669 927 952 5670 968 988 5671 818 848 5672 818 848 5673 968 988 5674 969 847 5675 968 988 5676 970 989 5677 969 847 5678 970 989 5679 968 988 5680 971 990 5681 971 990 5682 972 991 5683 970 989 5684 972 991 5685 971 990 5686 813 842 5687 813 842 5688 971 990 5689 924 840 5690 971 990 5691 923 949 5692 924 840 5693 968 988 5694 923 949 5695 971 990 5696 927 952 5697 923 949 5698 968 988 5699 827 857 5700 972 991 5701 813 842 5702 972 991 5703 973 992 5704 970 989 5705 974 993 5706 972 991 5707 827 857 5708 972 991 5709 974 993 5710 973 992 5711 975 858 5712 974 993 5713 827 857 5714 975 858 5715 976 859 5716 974 993 5717 976 859 5718 977 994 5719 974 993 5720 974 993 5721 977 994 5722 978 995 5723 974 993 5724 978 995 5725 973 992 5726 977 994 5727 979 996 5728 978 995 5729 820 850 5730 969 847 5731 970 989 5732 973 992 5733 820 850 5734 970 989 5735 973 992 5736 978 995 5737 820 850 5738 979 996 5739 825 855 5740 978 995 5741 825 855 5742 826 856 5743 978 995 5744 978 995 5745 826 856 5746 820 850 5747 825 855 5748 979 996 5749 980 997 5750 979 996 5751 981 998 5752 980 997 5753 980 997 5754 981 998 5755 982 999 5756 1011 1000 5757 980 997 5758 982 999 5759 981 998 5760 983 1001 5761 982 999 5762 983 1001 5763 981 998 5764 979 996 5765 977 994 5766 983 1001 5767 979 996 5768 977 994 5769 976 859 5770 983 1001 5771 983 1001 5772 1010 1002 5773 982 999 5774 976 859 5775 1010 1002 5776 983 1001 5777 986 971 5778 985 1003 5779 984 974 5780 941 970 5781 986 971 5782 984 974 5783 986 971 5784 987 972 5785 985 1003 5786 987 972 5787 988 1004 5788 985 1003 5789 989 1005 5790 985 1003 5791 988 1004 5792 984 974 5793 985 1003 5794 989 1005 5795 990 1006 5796 989 1005 5797 988 1004 5798 991 1007 5799 989 1005 5800 990 1006 5801 992 1008 5802 991 1007 5803 990 1006 5804 992 1008 5805 990 1006 5806 993 973 5807 988 1004 5808 987 972 5809 993 973 5810 990 1006 5811 988 1004 5812 993 973 5813 994 967 5814 992 1008 5815 993 973 5816 992 1008 5817 994 967 5818 995 965 5819 996 1009 5820 992 1008 5821 995 965 5822 996 1009 5823 995 965 5824 997 1010 5825 995 965 5826 937 964 5827 997 1010 5828 997 1010 5829 937 964 5830 857 897 5831 855 895 5832 997 1010 5833 857 897 5834 997 1010 5835 855 895 5836 998 1011 5837 999 1012 5838 997 1010 5839 998 1011 5840 996 1009 5841 997 1010 5842 999 1012 5843 1000 954 5844 999 1012 5845 998 1011 5846 929 836 5847 1000 954 5848 998 1011 5849 1000 954 5850 933 958 5851 999 1012 5852 933 958 5853 1001 1013 5854 999 1012 5855 1001 1013 5856 996 1009 5857 999 1012 5858 992 1008 5859 996 1009 5860 1001 1013 5861 991 1007 5862 992 1008 5863 1001 1013 5864 1002 960 5865 991 1007 5866 1001 1013 5867 933 958 5868 1002 960 5869 1001 1013 5870 998 1011 5871 855 895 5872 802 829 5873 799 826 5874 998 1011 5875 802 829 5876 799 826 5877 929 836 5878 998 1011 5879 802 829 5880 855 895 5881 853 893 5882 853 893 5883 849 886 5884 802 829 5885 802 829 5886 849 886 5887 838 873 5888 802 829 5889 838 873 5890 804 831 5891 989 1005 5892 991 1007 5893 1002 960 5894 1003 963 5895 989 1005 5896 1002 960 5897 1003 963 5898 984 974 5899 989 1005 5900 964 986 5901 1005 1014 5902 1004 1015 5903 965 987 5904 964 986 5905 1004 1015 5906 1004 1015 5907 1005 1014 5908 1006 1016 5909 847 883 5910 1004 1015 5911 1006 1016 5912 1006 1016 5913 1005 1014 5914 1007 1017 5915 1005 1014 5916 964 986 5917 1007 1017 5918 837 871 5919 1006 1016 5920 1007 1017 5921 964 986 5922 1008 985 5923 1007 1017 5924 1006 1016 5925 845 881 5926 847 883 5927 836 870 5928 845 881 5929 1006 1016 5930 837 871 5931 836 870 5932 1006 1016 5933 966 884 5934 965 987 5935 1004 1015 5936 847 883 5937 966 884 5938 1004 1015 5939 1007 1017 5940 1008 985 5941 963 872 5942 837 871 5943 1007 1017 5944 963 872 5945 1009 718 5946 747 776 5947 756 783 5948 881 786 5949 1009 718 5950 756 783 5951 745 774 5952 747 776 5953 1009 718 5954 695 717 5955 745 774 5956 1009 718 5957 744 773 5958 745 774 5959 695 717 5960 750 722 5961 744 773 5962 695 717 5963 674 693 5964 687 709 5965 675 694 5966 967 864 5967 818 848 5968 828 860 5969 824 854 5970 982 999 5971 1010 1002 5972 976 859 5973 824 854 5974 1010 1002 5975 1011 1000 5976 982 999 5977 824 854 5978 823 853 5979 1011 1000 5980 824 854 5981 980 997 5982 1011 1000 5983 823 853 5984 825 855 5985 980 997 5986 823 853 5987 1012 796 5988 760 788 5989 792 818 5990 795 821 5991 1012 796 5992 792 818 5993 792 818 5994 760 788 5995 770 798 5996 793 819 5997 792 818 5998 770 798 5999 769 797 6000 1012 796 6001 795 821 6002 777 802 6003 769 797 6004 795 821 6005 1013 614 6006 769 797 6007 772 800 6008 1014 616 6009 1013 614 6010 772 800 6011 772 800 6012 776 803 6013 771 799 6014 776 803 6015 794 820 6016 771 799 6017 794 820 6018 793 819 6019 771 799 6020 793 819 6021 770 798 6022 771 799 6023 749 778 6024 1015 1018 6025 742 772 6026 742 772 6027 1015 1018 6028 1016 1019 6029 1015 1018 6030 1017 1020 6031 1016 1019 6032 1017 1020 6033 512 547 6034 1016 1019 6035 742 772 6036 1016 1019 6037 512 547 6038 1018 548 6039 1017 1020 6040 1015 1018 6041 1018 548 6042 512 547 6043 1017 1020 6044 513 549 6045 1018 548 6046 1015 1018 6047 1015 1018 6048 749 778 6049 513 549 6050 743 260 6051 742 772 6052 512 547 6053 749 778 6054 232 270 6055 513 549 6056 1029 1021 6057 1020 1022 6058 1019 1023 6059 1021 1024 6060 1029 1021 6061 1019 1023 6062 1029 1021 6063 1030 1025 6064 1020 1022 6065 1030 1025 6066 1022 1026 6067 1020 1022 6068 1021 1024 6069 1019 1023 6070 1023 1027 6071 1024 1028 6072 1021 1024 6073 1023 1027 6074 1024 1028 6075 1023 1027 6076 1025 1029 6077 1026 1030 6078 1024 1028 6079 1025 1029 6080 1019 1023 6081 1020 1022 6082 533 567 6083 533 567 6084 1020 1022 6085 1022 1026 6086 534 569 6087 1019 1023 6088 533 567 6089 530 564 6090 533 567 6091 1022 1026 6092 530 564 6093 1022 1026 6094 531 565 6095 1022 1026 6096 1030 1025 6097 551 595 6098 531 565 6099 1022 1026 6100 551 595 6101 536 572 6102 1025 1029 6103 1023 1027 6104 535 571 6105 536 572 6106 1023 1027 6107 535 571 6108 1023 1027 6109 1019 1023 6110 534 569 6111 535 571 6112 1019 1023 6113 1026 1030 6114 1025 1029 6115 1027 1031 6116 1025 1029 6117 536 572 6118 1027 1031 6119 536 572 6120 537 575 6121 1027 1031 6122 537 575 6123 540 579 6124 1027 1031 6125 539 578 6126 1028 1032 6127 540 579 6128 540 579 6129 1028 1032 6130 1027 1031 6131 1027 1031 6132 1028 1032 6133 1026 1030 6134 1026 1030 6135 1028 1032 6136 1024 1028 6137 1024 1028 6138 1028 1032 6139 1021 1024 6140 1021 1024 6141 1028 1032 6142 1029 1021 6143 1029 1021 6144 1028 1032 6145 1030 1025 6146 1030 1025 6147 1028 1032 6148 551 595 6149 551 595 6150 1028 1032 6151 550 594 6152 550 594 6153 1028 1032 6154 1031 590 6155 1031 590 6156 1028 1032 6157 544 585 6158 544 585 6159 1028 1032 6160 1032 583 6161 1032 583 6162 1028 1032 6163 542 581 6164 542 581 6165 1028 1032 6166 539 578 6167 409 457 6168 414 463 6169 344 397 6170 429 482 6171 409 457 6172 344 397 6173 932 957 6174 926 951 6175 857 897 6176 926 951 6177 943 975 6178 857 897 6179 573 612 6180 561 604 6181 591 632 6182 591 632 6183 561 604 6184 560 603 6185 1035 1033 6186 1034 1034 6187 1033 1035 6188 1034 1034 6189 1036 1036 6190 1033 1035 6191 1036 1036 6192 1037 1037 6193 1033 1035 6194 1037 1037 6195 1038 1038 6196 1033 1035 6197 1038 1038 6198 1039 1039 6199 1033 1035 6200 1039 1039 6201 1040 1040 6202 1033 1035 6203 1040 1040 6204 1035 1033 6205 1033 1035 6206 1041 1041 6207 1034 1034 6208 1035 1033 6209 1042 1042 6210 1041 1041 6211 1035 1033 6212 1042 1042 6213 1035 1033 6214 1040 1040 6215 1043 1043 6216 1036 1036 6217 1034 1034 6218 1041 1041 6219 1043 1043 6220 1034 1034 6221 1044 1044 6222 1037 1037 6223 1036 1036 6224 1043 1043 6225 1044 1044 6226 1036 1036 6227 1045 1045 6228 1038 1038 6229 1037 1037 6230 1044 1044 6231 1045 1045 6232 1037 1037 6233 1046 1046 6234 1039 1039 6235 1038 1038 6236 1045 1045 6237 1046 1046 6238 1038 1038 6239 1047 1047 6240 1040 1040 6241 1039 1039 6242 1046 1046 6243 1047 1047 6244 1039 1039 6245 1047 1047 6246 1042 1042 6247 1040 1040 6248 1048 1048 6249 1041 1041 6250 1042 1042 6251 1049 1049 6252 1048 1048 6253 1042 1042 6254 1049 1049 6255 1042 1042 6256 1047 1047 6257 1050 1050 6258 1043 1043 6259 1041 1041 6260 1048 1048 6261 1050 1050 6262 1041 1041 6263 1051 1051 6264 1044 1044 6265 1043 1043 6266 1050 1050 6267 1051 1051 6268 1043 1043 6269 1052 1052 6270 1045 1045 6271 1044 1044 6272 1051 1051 6273 1052 1052 6274 1044 1044 6275 1053 1053 6276 1046 1046 6277 1045 1045 6278 1052 1052 6279 1053 1053 6280 1045 1045 6281 1054 1054 6282 1047 1047 6283 1046 1046 6284 1053 1053 6285 1054 1054 6286 1046 1046 6287 1054 1054 6288 1049 1049 6289 1047 1047 6290 1057 1055 6291 1056 1056 6292 1055 1057 6293 1058 1058 6294 1057 1055 6295 1055 1057 6296 1059 1059 6297 1058 1058 6298 1055 1057 6299 1060 1060 6300 1059 1059 6301 1055 1057 6302 1061 1061 6303 1060 1060 6304 1055 1057 6305 1062 1062 6306 1061 1061 6307 1055 1057 6308 1056 1056 6309 1062 1062 6310 1055 1057 6311 1057 1055 6312 1063 1063 6313 1056 1056 6314 1063 1063 6315 1064 1064 6316 1056 1056 6317 1056 1056 6318 1064 1064 6319 1062 1062 6320 1065 1065 6321 1063 1063 6322 1057 1055 6323 1058 1058 6324 1065 1065 6325 1057 1055 6326 1066 1066 6327 1065 1065 6328 1058 1058 6329 1059 1059 6330 1066 1066 6331 1058 1058 6332 1067 1067 6333 1066 1066 6334 1059 1059 6335 1060 1060 6336 1067 1067 6337 1059 1059 6338 1068 1068 6339 1067 1067 6340 1060 1060 6341 1061 1061 6342 1068 1068 6343 1060 1060 6344 1069 1069 6345 1068 1068 6346 1061 1061 6347 1062 1062 6348 1069 1069 6349 1061 1061 6350 1064 1064 6351 1069 1069 6352 1062 1062 6353 1070 1070 6354 1064 1064 6355 1063 1063 6356 1064 1064 6357 1070 1070 6358 1069 1069 6359 1071 1071 6360 1070 1070 6361 1063 1063 6362 1072 1072 6363 1071 1071 6364 1063 1063 6365 1065 1065 6366 1072 1072 6367 1063 1063 6368 1073 1073 6369 1072 1072 6370 1065 1065 6371 1066 1066 6372 1073 1073 6373 1065 1065 6374 1074 1074 6375 1073 1073 6376 1066 1066 6377 1067 1067 6378 1074 1074 6379 1066 1066 6380 1075 1075 6381 1074 1074 6382 1067 1067 6383 1068 1068 6384 1075 1075 6385 1067 1067 6386 1076 1076 6387 1075 1075 6388 1068 1068 6389 1069 1069 6390 1076 1076 6391 1068 1068 6392 1070 1070 6393 1076 1076 6394 1069 1069 6395 1079 1077 6396 1078 1078 6397 1077 1079 6398 1080 1080 6399 1079 1077 6400 1077 1079 6401 1080 1080 6402 1077 1079 6403 1081 1081 6404 1082 1082 6405 1080 1080 6406 1081 1081 6407 1077 1079 6408 1083 1083 6409 1081 1081 6410 1077 1079 6411 1078 1078 6412 1083 1083 6413 1083 1083 6414 1139 1084 6415 1081 1081 6416 1078 1078 6417 1140 1085 6418 1083 1083 6419 1084 1086 6420 1079 1077 6421 1080 1080 6422 1085 1087 6423 1084 1086 6424 1080 1080 6425 1084 1086 6426 1085 1087 6427 1086 1088 6428 1095 1089 6429 1084 1086 6430 1086 1088 6431 1087 1090 6432 1086 1088 6433 1085 1087 6434 1088 1091 6435 1087 1090 6436 1085 1087 6437 1080 1080 6438 1082 1082 6439 1088 1091 6440 1085 1087 6441 1080 1080 6442 1088 1091 6443 1091 1092 6444 1090 1093 6445 1089 1094 6446 1092 1095 6447 1091 1092 6448 1089 1094 6449 1092 1095 6450 1089 1094 6451 1093 1096 6452 1094 1097 6453 1092 1095 6454 1093 1096 6455 1089 1094 6456 1086 1088 6457 1093 1096 6458 1089 1094 6459 1090 1093 6460 1086 1088 6461 1086 1088 6462 1087 1090 6463 1093 1096 6464 1090 1093 6465 1095 1089 6466 1086 1088 6467 1096 1098 6468 1091 1092 6469 1092 1095 6470 1097 1099 6471 1096 1098 6472 1092 1095 6473 1096 1098 6474 1097 1099 6475 1098 1100 6476 1099 1101 6477 1096 1098 6478 1098 1100 6479 1106 1102 6480 1098 1100 6481 1097 1099 6482 1100 1103 6483 1106 1102 6484 1097 1099 6485 1092 1095 6486 1094 1097 6487 1100 1103 6488 1097 1099 6489 1092 1095 6490 1100 1103 6491 1103 1104 6492 1102 1105 6493 1101 1106 6494 1104 1107 6495 1103 1104 6496 1101 1106 6497 1102 1105 6498 1103 1104 6499 1098 1100 6500 1102 1105 6501 1098 1100 6502 1105 1108 6503 1098 1100 6504 1106 1102 6505 1105 1108 6506 1103 1104 6507 1099 1101 6508 1098 1100 6509 1105 1108 6510 1107 1109 6511 1102 1105 6512 1107 1109 6513 1108 1110 6514 1102 1105 6515 1102 1105 6516 1108 1110 6517 1101 1106 6518 1104 1107 6519 1101 1106 6520 1109 1111 6521 1116 1112 6522 1109 1111 6523 1101 1106 6524 1109 1111 6525 1116 1112 6526 1110 1113 6527 1116 1112 6528 1115 1114 6529 1110 1113 6530 1111 1115 6531 1116 1112 6532 1101 1106 6533 1108 1110 6534 1111 1115 6535 1101 1106 6536 1112 1116 6537 1109 1111 6538 1110 1113 6539 1109 1111 6540 1112 1116 6541 1113 1117 6542 1113 1117 6543 1104 1107 6544 1109 1111 6545 1112 1116 6546 1128 1118 6547 1113 1117 6548 1114 1119 6549 1112 1116 6550 1110 1113 6551 1107 1109 6552 1115 1114 6553 1108 1110 6554 1115 1114 6555 1116 1112 6556 1108 1110 6557 1119 1120 6558 1118 1121 6559 1117 1122 6560 1120 1123 6561 1119 1120 6562 1117 1122 6563 1119 1120 6564 1121 1124 6565 1118 1121 6566 1121 1124 6567 1122 1125 6568 1118 1121 6569 1121 1124 6570 1119 1120 6571 1123 1126 6572 1124 1127 6573 1121 1124 6574 1123 1126 6575 1121 1124 6576 1124 1127 6577 1122 1125 6578 1125 1128 6579 1123 1126 6580 1119 1120 6581 1120 1123 6582 1125 1128 6583 1119 1120 6584 1125 1128 6585 1126 1129 6586 1123 1126 6587 1126 1129 6588 1127 1130 6589 1123 1126 6590 1126 1129 6591 1128 1118 6592 1127 1130 6593 1128 1118 6594 1112 1116 6595 1127 1130 6596 1127 1130 6597 1112 1116 6598 1114 1119 6599 1129 1131 6600 1127 1130 6601 1114 1119 6602 1129 1131 6603 1130 1132 6604 1127 1130 6605 1124 1127 6606 1131 1133 6607 1130 1132 6608 1130 1132 6609 1131 1133 6610 1127 1130 6611 1131 1133 6612 1124 1127 6613 1123 1126 6614 1127 1130 6615 1131 1133 6616 1123 1126 6617 1132 1134 6618 1124 1127 6619 1130 1132 6620 1124 1127 6621 1132 1134 6622 1122 1125 6623 1135 1135 6624 1134 1136 6625 1133 1137 6626 1136 1138 6627 1135 1135 6628 1133 1137 6629 1133 1137 6630 1134 1136 6631 1137 1139 6632 1134 1136 6633 1138 1140 6634 1137 1139 6635 1083 1083 6636 1133 1137 6637 1137 1139 6638 1136 1138 6639 1133 1137 6640 1083 1083 6641 1139 1084 6642 1083 1083 6643 1137 1139 6644 1140 1085 6645 1136 1138 6646 1083 1083 6647 1135 1135 6648 1141 1141 6649 1134 1136 6650 1141 1141 6651 1142 1142 6652 1134 1136 6653 1142 1142 6654 1141 1141 6655 1150 1143 6656 1141 1141 6657 1152 1144 6658 1150 1143 6659 1150 1143 6660 1151 1145 6661 1142 1142 6662 1151 1145 6663 1143 1146 6664 1142 1142 6665 1134 1136 6666 1142 1142 6667 1143 1146 6668 1138 1140 6669 1134 1136 6670 1143 1146 6671 1146 1147 6672 1145 1148 6673 1144 1149 6674 1147 1150 6675 1146 1147 6676 1144 1149 6677 1144 1149 6678 1145 1148 6679 1148 1151 6680 1145 1148 6681 1149 1152 6682 1148 1151 6683 1150 1143 6684 1144 1149 6685 1148 1151 6686 1147 1150 6687 1144 1149 6688 1150 1143 6689 1151 1145 6690 1150 1143 6691 1148 1151 6692 1152 1144 6693 1147 1150 6694 1150 1143 6695 1146 1147 6696 1153 1153 6697 1145 1148 6698 1153 1153 6699 1154 1154 6700 1145 1148 6701 1145 1148 6702 1154 1154 6703 1155 1155 6704 1149 1152 6705 1145 1148 6706 1155 1155 6707 1158 1156 6708 1157 1157 6709 1156 1158 6710 1171 1159 6711 1158 1156 6712 1156 1158 6713 1163 1160 6714 1171 1159 6715 1169 1161 6716 1159 1162 6717 1163 1160 6718 1169 1161 6719 1159 1162 6720 1169 1161 6721 1168 1163 6722 1172 1164 6723 1159 1162 6724 1168 1163 6725 1172 1164 6726 1168 1163 6727 1158 1156 6728 1160 1165 6729 1172 1164 6730 1158 1156 6731 1161 1166 6732 1172 1164 6733 1160 1165 6734 1162 1167 6735 1161 1166 6736 1160 1165 6737 1162 1167 6738 1160 1165 6739 1163 1160 6740 1164 1168 6741 1162 1167 6742 1163 1160 6743 1162 1167 6744 1164 1168 6745 1165 1169 6746 1164 1168 6747 1166 1170 6748 1165 1169 6749 1162 1167 6750 1165 1169 6751 1166 1170 6752 1161 1166 6753 1162 1167 6754 1166 1170 6755 1168 1163 6756 1167 1171 6757 1157 1157 6758 1158 1156 6759 1168 1163 6760 1157 1157 6761 1168 1163 6762 1169 1161 6763 1167 1171 6764 1169 1161 6765 1170 1172 6766 1167 1171 6767 1169 1161 6768 1171 1159 6769 1170 1172 6770 1171 1159 6771 1156 1158 6772 1170 1172 6773 1160 1165 6774 1158 1156 6775 1171 1159 6776 1163 1160 6777 1160 1165 6778 1171 1159 6779 1173 1173 6780 1159 1162 6781 1172 1164 6782 1161 1166 6783 1173 1173 6784 1172 1164 6785 1173 1173 6786 1164 1168 6787 1159 1162 6788 1164 1168 6789 1163 1160 6790 1159 1162 6791 1173 1173 6792 1161 1166 6793 1166 1170 6794 1164 1168 6795 1173 1173 6796 1166 1170 6797 1176 1174 6798 1175 1175 6799 1174 1176 6800 1177 1177 6801 1176 1174 6802 1174 1176 6803 1176 1174 6804 1184 1178 6805 1175 1175 6806 1184 1178 6807 1181 1179 6808 1175 1175 6809 1175 1175 6810 1181 1179 6811 1174 1176 6812 1178 1180 6813 1176 1174 6814 1177 1177 6815 1187 1181 6816 1178 1180 6817 1177 1177 6818 1186 1182 6819 1184 1178 6820 1176 1174 6821 1178 1180 6822 1186 1182 6823 1176 1174 6824 1179 1183 6825 1178 1180 6826 1187 1181 6827 1190 1184 6828 1179 1183 6829 1187 1181 6830 1189 1185 6831 1186 1182 6832 1178 1180 6833 1179 1183 6834 1189 1185 6835 1178 1180 6836 1180 1186 6837 1189 1185 6838 1179 1183 6839 1193 1187 6840 1180 1186 6841 1179 1183 6842 1181 1179 6843 1182 1188 6844 1174 1176 6845 1183 1189 6846 1182 1188 6847 1181 1179 6848 1184 1178 6849 1183 1189 6850 1181 1179 6851 1183 1189 6852 1177 1177 6853 1182 1188 6854 1177 1177 6855 1174 1176 6856 1182 1188 6857 1185 1190 6858 1183 1189 6859 1184 1178 6860 1186 1182 6861 1185 1190 6862 1184 1178 6863 1187 1181 6864 1177 1177 6865 1183 1189 6866 1185 1190 6867 1187 1181 6868 1183 1189 6869 1188 1191 6870 1185 1190 6871 1186 1182 6872 1189 1185 6873 1188 1191 6874 1186 1182 6875 1190 1184 6876 1187 1181 6877 1185 1190 6878 1188 1191 6879 1190 1184 6880 1185 1190 6881 1191 1192 6882 1188 1191 6883 1189 1185 6884 1180 1186 6885 1191 1192 6886 1189 1185 6887 1192 1193 6888 1190 1184 6889 1188 1191 6890 1191 1192 6891 1192 1193 6892 1188 1191 6893 1192 1193 6894 1193 1187 6895 1190 1184 6896 1193 1187 6897 1179 1183 6898 1190 1184 6899 1196 1194 6900 1195 1195 6901 1194 1196 6902 1197 1197 6903 1196 1194 6904 1194 1196 6905 1194 1196 6906 1195 1195 6907 1198 1198 6908 1195 1195 6909 1199 1199 6910 1198 1198 6911 1376 1200 6912 1194 1196 6913 1198 1198 6914 1197 1197 6915 1194 1196 6916 1376 1200 6917 1200 1201 6918 1376 1200 6919 1198 1198 6920 1201 1202 6921 1197 1197 6922 1376 1200 6923 1197 1197 6924 1201 1202 6925 1377 1203 6926 1202 1204 6927 1197 1197 6928 1377 1203 6929 1196 1194 6930 1197 1197 6931 1202 1204 6932 1196 1194 6933 1203 1205 6934 1195 1195 6935 1196 1194 6936 1363 1206 6937 1203 1205 6938 1363 1206 6939 1196 1194 6940 1202 1204 6941 1363 1206 6942 1364 1207 6943 1203 1205 6944 1203 1205 6945 1364 1207 6946 1207 1208 6947 1203 1205 6948 1207 1208 6949 1204 1209 6950 1205 1210 6951 1203 1205 6952 1204 1209 6953 1203 1205 6954 1205 1210 6955 1195 1195 6956 1204 1209 6957 1214 1211 6958 1205 1210 6959 1214 1211 6960 1206 1212 6961 1205 1210 6962 1364 1207 6963 1365 1213 6964 1207 1208 6965 1195 1195 6966 1205 1210 6967 1206 1212 6968 1199 1199 6969 1195 1195 6970 1206 1212 6971 1208 1214 6972 1207 1208 6973 1365 1213 6974 1207 1208 6975 1208 1214 6976 1204 1209 6977 1208 1214 6978 1209 1215 6979 1204 1209 6980 1208 1214 6981 1210 1216 6982 1209 1215 6983 1210 1216 6984 1211 1217 6985 1209 1215 6986 1209 1215 6987 1211 1217 6988 1212 1218 6989 1204 1209 6990 1209 1215 6991 1212 1218 6992 1211 1217 6993 1213 1219 6994 1212 1218 6995 1214 1211 6996 1204 1209 6997 1212 1218 6998 1215 1220 6999 1208 1214 7000 1365 1213 7001 1210 1216 7002 1208 1214 7003 1215 1220 7004 1210 1216 7005 1216 1221 7006 1211 1217 7007 1210 1216 7008 1217 1222 7009 1216 1221 7010 1217 1222 7011 1210 1216 7012 1215 1220 7013 1217 1222 7014 1366 1223 7015 1216 1221 7016 1216 1221 7017 1366 1223 7018 1242 1224 7019 1218 1225 7020 1216 1221 7021 1242 1224 7022 1216 1221 7023 1218 1225 7024 1226 1226 7025 1219 1227 7026 1216 1221 7027 1226 1226 7028 1216 1221 7029 1219 1227 7030 1211 1217 7031 1226 1226 7032 1220 1228 7033 1219 1227 7034 1220 1228 7035 1221 1229 7036 1219 1227 7037 1211 1217 7038 1219 1227 7039 1221 1229 7040 1213 1219 7041 1211 1217 7042 1221 1229 7043 1224 1230 7044 1223 1231 7045 1222 1232 7046 1225 1233 7047 1224 1230 7048 1222 1232 7049 1224 1230 7050 1225 1233 7051 1226 1226 7052 1226 1226 7053 1225 1233 7054 1227 1234 7055 1220 1228 7056 1226 1226 7057 1227 1234 7058 1218 1225 7059 1224 1230 7060 1226 1226 7061 1228 1235 7062 1227 1234 7063 1225 1233 7064 1229 1236 7065 1228 1235 7066 1225 1233 7067 1229 1236 7068 1225 1233 7069 1222 1232 7070 1229 1236 7071 1230 1237 7072 1228 1235 7073 1230 1237 7074 1229 1236 7075 1222 1232 7076 1230 1237 7077 1231 1238 7078 1228 1235 7079 1232 1239 7080 1230 1237 7081 1222 1232 7082 1230 1237 7083 1232 1239 7084 1231 1238 7085 1233 1240 7086 1232 1239 7087 1222 1232 7088 1222 1232 7089 1223 1231 7090 1233 1240 7091 1232 1239 7092 1233 1240 7093 1234 1241 7094 1235 1242 7095 1232 1239 7096 1234 1241 7097 1232 1239 7098 1235 1242 7099 1231 1238 7100 1233 1240 7101 1236 1243 7102 1234 1241 7103 1236 1243 7104 1233 1240 7105 1237 1244 7106 1238 1245 7107 1236 1243 7108 1237 1244 7109 1236 1243 7110 1239 1246 7111 1234 1241 7112 1368 1247 7113 1238 1245 7114 1237 1244 7115 1367 1248 7116 1368 1247 7117 1237 1244 7118 1240 1249 7119 1367 1248 7120 1237 1244 7121 1223 1231 7122 1240 1249 7123 1237 1244 7124 1223 1231 7125 1237 1244 7126 1233 1240 7127 1240 1249 7128 1223 1231 7129 1241 1250 7130 1223 1231 7131 1224 1230 7132 1241 1250 7133 1241 1250 7134 1224 1230 7135 1242 1224 7136 1224 1230 7137 1218 1225 7138 1242 1224 7139 1368 1247 7140 1244 1251 7141 1243 1252 7142 1244 1251 7143 1369 1253 7144 1243 1252 7145 1369 1253 7146 1245 1254 7147 1243 1252 7148 1243 1252 7149 1245 1254 7150 1246 1255 7151 1247 1256 7152 1243 1252 7153 1246 1255 7154 1238 1245 7155 1368 1247 7156 1243 1252 7157 1238 1245 7158 1243 1252 7159 1247 1256 7160 1236 1243 7161 1238 1245 7162 1247 1256 7163 1236 1243 7164 1247 1256 7165 1239 1246 7166 1247 1256 7167 1248 1257 7168 1239 1246 7169 1249 1258 7170 1248 1257 7171 1247 1256 7172 1250 1259 7173 1249 1258 7174 1247 1256 7175 1250 1259 7176 1247 1256 7177 1246 1255 7178 1250 1259 7179 1251 1260 7180 1249 1258 7181 1251 1260 7182 1250 1259 7183 1246 1255 7184 1251 1260 7185 1252 1261 7186 1249 1258 7187 1253 1262 7188 1251 1260 7189 1246 1255 7190 1254 1263 7191 1253 1262 7192 1246 1255 7193 1246 1255 7194 1245 1254 7195 1254 1263 7196 1253 1262 7197 1254 1263 7198 1255 1264 7199 1255 1264 7200 1254 1263 7201 1256 1265 7202 1254 1263 7203 1257 1266 7204 1256 1265 7205 1245 1254 7206 1257 1266 7207 1254 1263 7208 1257 1266 7209 1258 1267 7210 1256 1265 7211 1258 1267 7212 1259 1268 7213 1256 1265 7214 1260 1269 7215 1253 1262 7216 1255 1264 7217 1251 1260 7218 1253 1262 7219 1260 1269 7220 1252 1261 7221 1251 1260 7222 1260 1269 7223 1258 1267 7224 1257 1266 7225 1245 1254 7226 1369 1253 7227 1258 1267 7228 1245 1254 7229 1263 1270 7230 1262 1271 7231 1261 1272 7232 1264 1273 7233 1263 1270 7234 1261 1272 7235 1265 1274 7236 1263 1270 7237 1264 1273 7238 1266 1275 7239 1265 1274 7240 1264 1273 7241 1265 1274 7242 1266 1275 7243 1267 1276 7244 1266 1275 7245 1268 1277 7246 1267 1276 7247 1267 1276 7248 1268 1277 7249 1269 1278 7250 1270 1279 7251 1267 1276 7252 1269 1278 7253 1271 1280 7254 1270 1279 7255 1269 1278 7256 1272 1281 7257 1271 1280 7258 1269 1278 7259 1273 1282 7260 1271 1280 7261 1272 1281 7262 1274 1283 7263 1273 1282 7264 1272 1281 7265 1273 1282 7266 1274 1283 7267 1275 1284 7268 1274 1283 7269 1276 1285 7270 1275 1284 7271 1275 1284 7272 1276 1285 7273 1277 1286 7274 1278 1287 7275 1275 1284 7276 1277 1286 7277 1279 1288 7278 1278 1287 7279 1277 1286 7280 1280 1289 7281 1279 1288 7282 1277 1286 7283 1281 1290 7284 1279 1288 7285 1280 1289 7286 1282 1291 7287 1281 1290 7288 1280 1289 7289 1281 1290 7290 1282 1291 7291 1283 1292 7292 1282 1291 7293 1284 1293 7294 1283 1292 7295 1284 1293 7296 1285 1294 7297 1283 1292 7298 1285 1294 7299 1286 1295 7300 1283 1292 7301 1286 1295 7302 1285 1294 7303 1287 1296 7304 1285 1294 7305 1288 1297 7306 1287 1296 7307 1287 1296 7308 1288 1297 7309 1289 1298 7310 1290 1299 7311 1287 1296 7312 1289 1298 7313 1290 1299 7314 1289 1298 7315 1291 1300 7316 1292 1301 7317 1290 1299 7318 1291 1300 7319 1292 1301 7320 1291 1300 7321 1293 1302 7322 1291 1300 7323 1294 1303 7324 1293 1302 7325 1294 1303 7326 1291 1300 7327 1295 1304 7328 1291 1300 7329 1296 1305 7330 1295 1304 7331 1291 1300 7332 1289 1298 7333 1296 1305 7334 1289 1298 7335 1297 1306 7336 1296 1305 7337 1289 1298 7338 1288 1297 7339 1297 1306 7340 1288 1297 7341 1298 1307 7342 1297 1306 7343 1288 1297 7344 1285 1294 7345 1298 1307 7346 1285 1294 7347 1299 1308 7348 1298 1307 7349 1285 1294 7350 1284 1293 7351 1299 1308 7352 1284 1293 7353 1300 1309 7354 1299 1308 7355 1284 1293 7356 1282 1291 7357 1300 1309 7358 1282 1291 7359 1301 1310 7360 1300 1309 7361 1282 1291 7362 1280 1289 7363 1301 1310 7364 1280 1289 7365 1302 1311 7366 1301 1310 7367 1280 1289 7368 1277 1286 7369 1302 1311 7370 1277 1286 7371 1303 1312 7372 1302 1311 7373 1277 1286 7374 1276 1285 7375 1303 1312 7376 1276 1285 7377 1304 1313 7378 1303 1312 7379 1276 1285 7380 1274 1283 7381 1304 1313 7382 1274 1283 7383 1305 1314 7384 1304 1313 7385 1274 1283 7386 1272 1281 7387 1305 1314 7388 1272 1281 7389 1306 1315 7390 1305 1314 7391 1272 1281 7392 1269 1278 7393 1306 1315 7394 1269 1278 7395 1307 1316 7396 1306 1315 7397 1269 1278 7398 1268 1277 7399 1307 1316 7400 1268 1277 7401 1308 1317 7402 1307 1316 7403 1268 1277 7404 1266 1275 7405 1308 1317 7406 1266 1275 7407 1309 1318 7408 1308 1317 7409 1266 1275 7410 1264 1273 7411 1309 1318 7412 1264 1273 7413 1310 1319 7414 1309 1318 7415 1264 1273 7416 1261 1272 7417 1310 1319 7418 1261 1272 7419 1311 1320 7420 1310 1319 7421 1311 1320 7422 1261 1272 7423 1312 1321 7424 1261 1272 7425 1313 1322 7426 1312 1321 7427 1314 1323 7428 1313 1322 7429 1261 1272 7430 1262 1271 7431 1314 1323 7432 1261 1272 7433 1314 1323 7434 1315 1324 7435 1313 1322 7436 1315 1324 7437 1316 1325 7438 1313 1322 7439 1316 1325 7440 1315 1324 7441 1317 1326 7442 1318 1327 7443 1316 1325 7444 1317 1326 7445 1318 1327 7446 1317 1326 7447 1319 1328 7448 1317 1326 7449 1320 1329 7450 1319 1328 7451 1320 1329 7452 1321 1330 7453 1319 1328 7454 1321 1330 7455 1322 1331 7456 1319 1328 7457 1321 1330 7458 1323 1332 7459 1322 1331 7460 1323 1332 7461 1324 1333 7462 1322 1331 7463 1324 1333 7464 1323 1332 7465 1325 1334 7466 1326 1335 7467 1324 1333 7468 1325 1334 7469 1326 1335 7470 1325 1334 7471 1327 1336 7472 1325 1334 7473 1328 1337 7474 1327 1336 7475 1328 1337 7476 1329 1338 7477 1327 1336 7478 1329 1338 7479 1330 1339 7480 1327 1336 7481 1329 1338 7482 1331 1340 7483 1330 1339 7484 1331 1340 7485 1332 1341 7486 1330 1339 7487 1332 1341 7488 1331 1340 7489 1333 1342 7490 1334 1343 7491 1332 1341 7492 1333 1342 7493 1335 1344 7494 1334 1343 7495 1333 1342 7496 1336 1345 7497 1335 1344 7498 1333 1342 7499 1335 1344 7500 1336 1345 7501 1337 1346 7502 1338 1347 7503 1335 1344 7504 1337 1346 7505 1338 1347 7506 1337 1346 7507 1339 1348 7508 1337 1346 7509 1340 1349 7510 1339 1348 7511 1339 1348 7512 1340 1349 7513 1341 1350 7514 1340 1349 7515 1342 1351 7516 1341 1350 7517 1341 1350 7518 1342 1351 7519 1343 1352 7520 1344 1353 7521 1341 1350 7522 1343 1352 7523 1341 1350 7524 1344 1353 7525 1345 1354 7526 1346 1355 7527 1341 1350 7528 1345 1354 7529 1339 1348 7530 1341 1350 7531 1346 1355 7532 1347 1356 7533 1339 1348 7534 1346 1355 7535 1338 1347 7536 1339 1348 7537 1347 1356 7538 1348 1357 7539 1338 1347 7540 1347 1356 7541 1335 1344 7542 1338 1347 7543 1348 1357 7544 1349 1358 7545 1335 1344 7546 1348 1357 7547 1334 1343 7548 1335 1344 7549 1349 1358 7550 1350 1359 7551 1334 1343 7552 1349 1358 7553 1337 1346 7554 1336 1345 7555 1414 1360 7556 1427 1361 7557 1337 1346 7558 1414 1360 7559 1340 1349 7560 1337 1346 7561 1427 1361 7562 1351 1362 7563 1340 1349 7564 1427 1361 7565 1342 1351 7566 1340 1349 7567 1351 1362 7568 1352 1363 7569 1342 1351 7570 1351 1362 7571 1343 1352 7572 1342 1351 7573 1352 1363 7574 1353 1364 7575 1343 1352 7576 1352 1363 7577 1332 1341 7578 1334 1343 7579 1350 1359 7580 1354 1365 7581 1332 1341 7582 1350 1359 7583 1330 1339 7584 1332 1341 7585 1354 1365 7586 1355 1366 7587 1330 1339 7588 1354 1365 7589 1327 1336 7590 1330 1339 7591 1355 1366 7592 1356 1367 7593 1327 1336 7594 1355 1366 7595 1326 1335 7596 1327 1336 7597 1356 1367 7598 1357 1368 7599 1326 1335 7600 1356 1367 7601 1324 1333 7602 1326 1335 7603 1357 1368 7604 1358 1369 7605 1324 1333 7606 1357 1368 7607 1322 1331 7608 1324 1333 7609 1358 1369 7610 1359 1370 7611 1322 1331 7612 1358 1369 7613 1319 1328 7614 1322 1331 7615 1359 1370 7616 1360 1371 7617 1319 1328 7618 1359 1370 7619 1318 1327 7620 1319 1328 7621 1360 1371 7622 1361 1372 7623 1318 1327 7624 1360 1371 7625 1316 1325 7626 1318 1327 7627 1361 1372 7628 1362 1373 7629 1316 1325 7630 1361 1372 7631 1313 1322 7632 1316 1325 7633 1362 1373 7634 1312 1321 7635 1313 1322 7636 1362 1373 7637 1263 1270 7638 1202 1204 7639 1377 1203 7640 1262 1271 7641 1263 1270 7642 1377 1203 7643 1263 1270 7644 1265 1274 7645 1202 1204 7646 1265 1274 7647 1363 1206 7648 1202 1204 7649 1265 1274 7650 1267 1276 7651 1363 1206 7652 1267 1276 7653 1364 1207 7654 1363 1206 7655 1267 1276 7656 1270 1279 7657 1364 1207 7658 1270 1279 7659 1365 1213 7660 1364 1207 7661 1270 1279 7662 1271 1280 7663 1365 1213 7664 1271 1280 7665 1215 1220 7666 1365 1213 7667 1271 1280 7668 1273 1282 7669 1215 1220 7670 1273 1282 7671 1217 1222 7672 1215 1220 7673 1273 1282 7674 1275 1284 7675 1217 1222 7676 1275 1284 7677 1366 1223 7678 1217 1222 7679 1275 1284 7680 1278 1287 7681 1366 1223 7682 1278 1287 7683 1242 1224 7684 1366 1223 7685 1241 1250 7686 1242 1224 7687 1278 1287 7688 1279 1288 7689 1241 1250 7690 1278 1287 7691 1279 1288 7692 1281 1290 7693 1241 1250 7694 1281 1290 7695 1240 1249 7696 1241 1250 7697 1281 1290 7698 1283 1292 7699 1240 1249 7700 1283 1292 7701 1367 1248 7702 1240 1249 7703 1283 1292 7704 1286 1295 7705 1367 1248 7706 1286 1295 7707 1368 1247 7708 1367 1248 7709 1286 1295 7710 1287 1296 7711 1368 1247 7712 1287 1296 7713 1244 1251 7714 1368 1247 7715 1287 1296 7716 1290 1299 7717 1244 1251 7718 1290 1299 7719 1369 1253 7720 1244 1251 7721 1290 1299 7722 1292 1301 7723 1369 1253 7724 1292 1301 7725 1258 1267 7726 1369 1253 7727 1292 1301 7728 1293 1302 7729 1258 1267 7730 1293 1302 7731 1259 1268 7732 1258 1267 7733 1372 1374 7734 1371 1375 7735 1370 1376 7736 1373 1377 7737 1372 1374 7738 1370 1376 7739 1373 1377 7740 1370 1376 7741 1374 1378 7742 1375 1379 7743 1373 1377 7744 1374 1378 7745 1370 1376 7746 1376 1200 7747 1374 1378 7748 1370 1376 7749 1371 1375 7750 1376 1200 7751 1376 1200 7752 1200 1201 7753 1374 1378 7754 1371 1375 7755 1201 1202 7756 1376 1200 7757 1201 1202 7758 1371 1375 7759 1377 1203 7760 1371 1375 7761 1435 1380 7762 1377 1203 7763 1371 1375 7764 1372 1374 7765 1435 1380 7766 1378 1381 7767 1372 1374 7768 1373 1377 7769 1436 1382 7770 1372 1374 7771 1378 1381 7772 1372 1374 7773 1436 1382 7774 1435 1380 7775 1437 1383 7776 1436 1382 7777 1378 1381 7778 1437 1383 7779 1378 1381 7780 1383 1384 7781 1383 1384 7782 1378 1381 7783 1384 1385 7784 1378 1381 7785 1379 1386 7786 1384 1385 7787 1379 1386 7788 1378 1381 7789 1373 1377 7790 1380 1387 7791 1384 1385 7792 1379 1386 7793 1381 1388 7794 1380 1387 7795 1379 1386 7796 1373 1377 7797 1375 1379 7798 1381 1388 7799 1379 1386 7800 1373 1377 7801 1381 1388 7802 1438 1389 7803 1437 1383 7804 1383 1384 7805 1382 1390 7806 1439 1391 7807 1438 1389 7808 1383 1384 7809 1382 1390 7810 1438 1389 7811 1382 1390 7812 1383 1384 7813 1384 1385 7814 1385 1392 7815 1382 1390 7816 1384 1385 7817 1386 1393 7818 1382 1390 7819 1385 1392 7820 1382 1390 7821 1386 1393 7822 1439 1391 7823 1387 1394 7824 1386 1393 7825 1385 1392 7826 1387 1394 7827 1385 1392 7828 1388 1395 7829 1385 1392 7830 1384 1385 7831 1388 1395 7832 1389 1396 7833 1387 1394 7834 1388 1395 7835 1384 1385 7836 1380 1387 7837 1388 1395 7838 1390 1397 7839 1386 1393 7840 1387 1394 7841 1440 1398 7842 1386 1393 7843 1390 1397 7844 1386 1393 7845 1440 1398 7846 1439 1391 7847 1441 1399 7848 1440 1398 7849 1390 1397 7850 1441 1399 7851 1390 1397 7852 1416 1400 7853 1390 1397 7854 1400 1401 7855 1416 1400 7856 1400 1401 7857 1390 1397 7858 1398 1402 7859 1390 1397 7860 1391 1403 7861 1398 1402 7862 1391 1403 7863 1390 1397 7864 1387 1394 7865 1392 1404 7866 1398 1402 7867 1391 1403 7868 1393 1405 7869 1392 1404 7870 1391 1403 7871 1387 1394 7872 1389 1396 7873 1393 1405 7874 1391 1403 7875 1387 1394 7876 1393 1405 7877 1396 1406 7878 1395 1407 7879 1394 1408 7880 1397 1409 7881 1396 1406 7882 1394 1408 7883 1395 1407 7884 1396 1406 7885 1398 1402 7886 1395 1407 7887 1398 1402 7888 1399 1410 7889 1398 1402 7890 1392 1404 7891 1399 1410 7892 1396 1406 7893 1400 1401 7894 1398 1402 7895 1399 1410 7896 1401 1411 7897 1395 1407 7898 1401 1411 7899 1399 1410 7900 1402 1412 7901 1403 1413 7902 1401 1411 7903 1402 1412 7904 1403 1413 7905 1404 1414 7906 1401 1411 7907 1404 1414 7908 1405 1415 7909 1401 1411 7910 1401 1411 7911 1405 1415 7912 1395 1407 7913 1405 1415 7914 1404 1414 7915 1394 1408 7916 1395 1407 7917 1405 1415 7918 1394 1408 7919 1404 1414 7920 1406 1416 7921 1394 1408 7922 1406 1416 7923 1404 1414 7924 1403 1413 7925 1406 1416 7926 1407 1417 7927 1394 1408 7928 1397 1409 7929 1394 1408 7930 1407 1417 7931 1407 1417 7932 1406 1416 7933 1408 1418 7934 1406 1416 7935 1409 1419 7936 1408 1418 7937 1409 1419 7938 1406 1416 7939 1403 1413 7940 1409 1419 7941 1403 1413 7942 1402 1412 7943 1408 1418 7944 1409 1419 7945 1402 1412 7946 1410 1420 7947 1407 1417 7948 1408 1418 7949 1407 1417 7950 1410 1420 7951 1411 1421 7952 1411 1421 7953 1397 1409 7954 1407 1417 7955 1412 1422 7956 1397 1409 7957 1411 1421 7958 1413 1423 7959 1412 1422 7960 1411 1421 7961 1410 1420 7962 1429 1424 7963 1411 1421 7964 1430 1425 7965 1410 1420 7966 1408 1418 7967 1414 1360 7968 1413 1423 7969 1411 1421 7970 1429 1424 7971 1414 1360 7972 1411 1421 7973 1397 1409 7974 1412 1422 7975 1415 1426 7976 1396 1406 7977 1397 1409 7978 1415 1426 7979 1396 1406 7980 1415 1426 7981 1416 1400 7982 1400 1401 7983 1396 1406 7984 1416 1400 7985 1419 1427 7986 1418 1428 7987 1417 1429 7988 1420 1430 7989 1419 1427 7990 1417 1429 7991 1352 1363 7992 1420 1430 7993 1417 1429 7994 1353 1364 7995 1352 1363 7996 1417 1429 7997 1419 1427 7998 1421 1431 7999 1418 1428 8000 1421 1431 8001 1422 1432 8002 1418 1428 8003 1421 1431 8004 1419 1427 8005 1423 1433 8006 1424 1434 8007 1421 1431 8008 1423 1433 8009 1421 1431 8010 1424 1434 8011 1422 1432 8012 1420 1430 8013 1352 1363 8014 1425 1435 8015 1425 1435 8016 1423 1433 8017 1419 1427 8018 1420 1430 8019 1425 1435 8020 1419 1427 8021 1425 1435 8022 1426 1436 8023 1423 1433 8024 1425 1435 8025 1351 1362 8026 1426 1436 8027 1352 1363 8028 1351 1362 8029 1425 1435 8030 1351 1362 8031 1427 1361 8032 1426 1436 8033 1426 1436 8034 1428 1437 8035 1423 1433 8036 1427 1361 8037 1414 1360 8038 1426 1436 8039 1414 1360 8040 1429 1424 8041 1426 1436 8042 1426 1436 8043 1429 1424 8044 1428 1437 8045 1429 1424 8046 1410 1420 8047 1428 1437 8048 1428 1437 8049 1410 1420 8050 1430 1425 8051 1431 1438 8052 1428 1437 8053 1430 1425 8054 1431 1438 8055 1432 1439 8056 1428 1437 8057 1424 1434 8058 1433 1440 8059 1432 1439 8060 1432 1439 8061 1433 1440 8062 1428 1437 8063 1433 1440 8064 1424 1434 8065 1423 1433 8066 1428 1437 8067 1433 1440 8068 1423 1433 8069 1434 1441 8070 1424 1434 8071 1432 1439 8072 1424 1434 8073 1434 1441 8074 1422 1432 8075 1314 1323 8076 1262 1271 8077 1377 1203 8078 1435 1380 8079 1314 1323 8080 1377 1203 8081 1315 1324 8082 1314 1323 8083 1435 1380 8084 1436 1382 8085 1315 1324 8086 1435 1380 8087 1317 1326 8088 1315 1324 8089 1436 1382 8090 1437 1383 8091 1317 1326 8092 1436 1382 8093 1320 1329 8094 1317 1326 8095 1437 1383 8096 1438 1389 8097 1320 1329 8098 1437 1383 8099 1321 1330 8100 1320 1329 8101 1438 1389 8102 1439 1391 8103 1321 1330 8104 1438 1389 8105 1323 1332 8106 1321 1330 8107 1439 1391 8108 1440 1398 8109 1323 1332 8110 1439 1391 8111 1325 1334 8112 1323 1332 8113 1440 1398 8114 1441 1399 8115 1325 1334 8116 1440 1398 8117 1328 1337 8118 1325 1334 8119 1441 1399 8120 1416 1400 8121 1328 1337 8122 1441 1399 8123</p>
        </triangles>
      </mesh>
    </geometry>
  </library_geometries>
  <library_controllers>
    <controller id="Player_1_Backom_BODY-skin" name="Player_1">
      <skin source="#Backom_BODY-mesh">
        <bind_shape_matrix>1 0 0 0 0 -1.62921e-7 1 0 0 -1 -1.62921e-7 0 0 0 0 1</bind_shape_matrix>
        <source id="Player_1_Backom_BODY-skin-joints">
          <Name_array id="Player_1_Backom_BODY-skin-joints-array" count="50">Backom_Bip_01 Backom_Bip_Pelvis Backom_Bip_L_Thigh Backom_Bip_L_Calf Backom_Bip_L_Foot Backom_Bip_L_Toe0 Backom_Bip_L_Toe2 Backom_Bip_R_Thigh Backom_Bip_R_Calf Backom_Bip_R_Foot Backom_Bip_Spine Backom_Bip_Spine1 Backom_Bip_Spine2 Backom_Bip_L_Clavicle Backom_Bip_L_UpperArm Backom_Bip_L_Forearm Backom_Bip_L_Hand Backom_Bip_L_Finger0 Backom_Bip_L_Finger01 Backom_Bip_L_Finger02 Backom_Bip_L_Finger1 Backom_Bip_L_Finger11 Backom_Bip_L_Finger12 Backom_Bip_L_Finger2 Backom_Bip_L_Finger21 Backom_Bip_L_Finger22 Backom_Bip_L_Finger3 Backom_Bip_L_Finger31 Backom_Bip_L_Finger32 Backom_Bip_Neck Backom_Bip_Head Backom_Bip_Ponytail1 Backom_Bip_Ponytail2 Backom_Bip_R_Clavicle Backom_Bip_R_UpperArm Backom_Bip_R_Forearm Backom_Bip_R_Hand Backom_Bip_R_Finger0 Backom_Bip_R_Finger01 Backom_Bip_R_Finger02 Backom_Bip_R_Finger1 Backom_Bip_R_Finger11 Backom_Bip_R_Finger12 Backom_Bip_R_Finger2 Backom_Bip_R_Finger21 Backom_Bip_R_Finger22 Backom_Bip_R_Finger3 Backom_Bip_R_Finger31 Backom_Bip_R_Finger32 Backom_tail_bone00</Name_array>
          <technique_common>
            <accessor source="#Player_1_Backom_BODY-skin-joints-array" count="50" stride="1">
              <param name="JOINT" type="name"/>
            </accessor>
          </technique_common>
        </source>
        <source id="Player_1_Backom_BODY-skin-bind_poses">
          <float_array id="Player_1_Backom_BODY-skin-bind_poses-array" count="800">1.5055e-6 -1 0 -0.269992 1 1.46552e-6 0 -0.05128872 0 0 1 -0.2541421 0 0 0 1 1.44393e-6 -1.73114e-7 1 -0.2215123 2.88035e-6 -1 -2.28774e-7 0.1011813 1 2.84038e-6 -1.44393e-6 0 0 0 0 1 0.02319353 0.1095438 -0.9937112 0.2066661 0.3923799 -0.9152171 -0.09173256 0.07284057 -0.9195107 -0.387785 -0.06420993 0.1473894 0 0 0 1 -0.0372309 0.2485474 -0.967904 0.09085816 0.3912977 -0.8876071 -0.2429797 0.08780652 -0.9195107 -0.3877852 -0.06420964 0.1473894 0 0 0 1 0 0 -1 0.04045844 0.3826828 -0.9238795 0 0.08366084 -0.9238798 -0.382683 0 0.1445586 0 0 0 1 0.8038569 -0.5948225 0 -0.0752564 0 -1.72437e-7 1 -0.004714012 -0.5948229 -0.8038569 -1.28019e-7 0.1565198 0 0 0 1 0 -0.9999998 -1.64608e-7 0.05493551 0 -2.671e-7 1 -0.003124535 -1 -3.8743e-7 0 0.1010063 0 0 0 1 -0.02319377 0.1095438 -0.9937114 0.2066662 -0.3923777 -0.9152187 -0.09173268 0.07284063 -0.9195118 0.3877825 0.06420987 -0.1473891 0 0 0 1 0.03723037 0.2485476 -0.9679041 0.09085816 -0.3912955 -0.8876087 -0.2429797 0.08780664 -0.9195117 0.3877827 0.06420952 -0.1473891 0 0 0 1 -1.9523e-7 1.78326e-7 -1 0.04045838 -0.3826801 -0.9238811 0 0.08366107 -0.9238809 0.3826801 2.30767e-7 -0.1445583 0 0 0 1 1.81359e-7 0.06604045 0.997817 -0.2834141 -1.24679e-6 -0.997817 0.06604039 0.08277249 1 -1.29602e-6 0 1.57348e-7 0 0 0 1 0 0.0108146 0.9999415 -0.4384509 -1.24359e-6 -0.9999417 0.01081454 0.1072862 1 -1.28476e-6 0 2.10157e-7 0 0 0 1 2.38032e-7 -0.1486259 0.9888934 -0.5739995 -1.26064e-6 -0.9888936 -0.1486259 0.2014297 1 -1.25124e-6 -4.22752e-7 4.15897e-7 0 0 0 1 0.9745297 0.03315496 -0.2217922 0.1015553 1.017e-6 0.98901 0.1478484 -0.2317986 0.2242567 -0.1440721 0.9638214 -0.6270492 0 0 0 1 0.8927838 -0.008723437 -0.4504002 0.1866645 0.007791042 0.9999603 -0.003918409 -0.1364896 0.4504169 -4.90574e-7 0.8928196 -0.6277167 0 0 0 1 0.8664515 -0.241231 -0.4371156 0.1052744 0.2153783 0.9704662 -0.1086444 -0.1151481 0.4504146 2.08616e-7 0.8928209 -0.6277171 0 0 0 1 0.9373558 -0.2323667 -0.2595557 -0.135107 -0.2877548 -0.09647637 -0.9528347 0.6184429 0.1963683 0.96783 -0.1572877 -0.08243733 0 0 0 1 -0.1139771 -0.6482557 -0.7528509 0.4629343 0.744224 0.4462814 -0.4969502 -0.02172255 0.658133 -0.6169229 0.4315769 -0.401528 0 0 0 1 -0.1334173 -0.6597183 -0.7395824 0.4337265 0.7409852 0.429159 -0.5164876 -0.01037222 0.6581336 -0.6169204 0.4315795 -0.4015298 0 0 0 1 0.04324901 -0.5413038 -0.8397202 0.4016674 0.7516573 0.5713103 -0.3295638 -0.1070993 0.6581338 -0.6169208 0.4315789 -0.4015295 0 0 0 1 0.7207163 -0.6822718 -0.1227633 -0.1651411 -0.0534231 0.1218883 -0.9911052 0.5408571 0.6911681 0.7208644 0.05140578 -0.3305315 0 0 0 1 0.7184121 -0.677603 -0.1572778 -0.1680958 -0.07854318 0.1456252 -0.986217 0.5470567 0.6911689 0.7208636 0.05140572 -0.3305317 0 0 0 1 0.6758665 -0.6195546 -0.3991973 -0.04666256 -0.255918 0.3106449 -0.9154244 0.5771224 0.6911656 0.7208665 0.05140727 -0.3305314 0 0 0 1 0.9751895 -0.1783413 -0.131143 -0.2959721 -0.159844 -0.1574516 -0.9745074 0.5882171 0.1531485 0.9712879 -0.1820424 -0.05460155 0 0 0 1 0.9751894 -0.1783421 -0.1311426 -0.3231157 -0.1598438 -0.1574512 -0.9745075 0.588217 0.1531494 0.9712878 -0.182042 -0.05460202 0 0 0 1 0.8896331 -0.2157167 -0.4025164 -0.1621046 -0.4302293 -0.1003156 -0.8971307 0.6614974 0.1531497 0.9712877 -0.1820423 -0.05460208 0 0 0 1 0.8715123 0.4678207 -0.1470013 -0.3224105 0.005245864 -0.3086614 -0.9511618 0.5229518 -0.4903449 0.8281719 -0.2714489 0.2237503 0 0 0 1 0.8715245 0.4651101 -0.1552963 -0.3422627 -0.002359569 -0.3127321 -0.9498429 0.5259587 -0.4903455 0.8281716 -0.2714487 0.2237506 0 0 0 1 0.7856096 0.2851696 -0.5490844 -0.09555023 -0.3773291 -0.4825006 -0.7904593 0.6282993 -0.4903464 0.8281716 -0.2714468 0.2237499 0 0 0 1 7.98615e-7 -0.423366 0.9059587 -0.6468396 -1.38779e-6 -0.9059589 -0.423366 0.4017338 1 -9.59153e-7 -1.31106e-6 1.06359e-6 0 0 0 1 6.35514e-7 -0.492423 0.870356 -0.6768975 -1.44233e-6 -0.8703562 -0.492423 0.4556605 1 -9.82378e-7 -1.26336e-6 1.03109e-6 0 0 0 1 0.6239849 0.3403871 0.7034057 -0.7614187 -0.5133196 -0.5001497 0.6973901 -0.6703927 0.5891907 -0.7962331 -0.1373586 0.1246251 0 0 0 1 -0.6706355 0.2653409 0.6927067 -0.755159 0.5215816 -0.4953268 0.6946974 -0.6672767 0.5274475 0.8271917 0.1937867 -0.1886268 0 0 0 1 -0.97453 0.03315228 -0.2217916 0.1015552 9.49949e-7 0.9890131 0.1478283 -0.2317855 0.2242558 0.1440736 -0.9638215 0.6270491 0 0 0 1 -0.892784 -0.008726119 -0.4503995 0.1866643 -0.007789313 0.9999637 -0.003938555 -0.1364765 0.4504171 1.89128e-6 -0.8928166 0.6277148 0 0 0 1 -0.8664497 -0.2412332 -0.4371151 0.1052746 -0.2153756 0.9704689 -0.108663 -0.1151363 0.4504194 2.81632e-6 -0.8928154 0.6277145 0 0 0 1 -0.9373551 -0.2323687 -0.2595557 -0.1351068 0.2877554 -0.09645599 -0.9528315 0.618439 0.1963703 -0.967835 0.1572882 0.08243727 0 0 0 1 0.1139722 -0.6482526 -0.7528401 0.4629262 -0.7442218 0.446288 -0.4969544 -0.02171969 0.6581364 0.6169273 -0.431584 0.4015333 0 0 0 1 0.1334171 -0.659711 -0.7395746 0.4337216 -0.740983 0.4291659 -0.5164917 -0.01036936 0.6581363 0.6169293 -0.4315812 0.4015317 0 0 0 1 -0.04324823 -0.5412984 -0.8397113 0.4016627 -0.7516546 0.5713142 -0.3295724 -0.1070938 0.658137 0.6169277 -0.4315824 0.4015326 0 0 0 1 -0.7207207 -0.6822702 -0.1227633 -0.1651436 0.05342286 0.1219098 -0.9911019 0.5408541 0.6911633 -0.7208668 -0.05140644 0.3305295 0 0 0 1 -0.7184106 -0.6776069 -0.157278 -0.1680957 0.07854264 0.1456469 -0.9862138 0.5470539 0.6911702 -0.7208602 -0.05140566 0.3305311 0 0 0 1 -0.6758632 -0.6195552 -0.3991963 -0.04666256 0.2559169 0.3106664 -0.9154214 0.5771201 0.691169 -0.7208614 -0.05140566 0.3305308 0 0 0 1 -0.9751893 -0.178345 -0.131143 -0.2959721 0.1598443 -0.1574326 -0.9745041 0.5882135 0.1531495 -0.9712939 0.1820433 0.05460089 0 0 0 1 -0.975189 -0.1783467 -0.1311423 -0.3231157 0.1598438 -0.1574323 -0.9745042 0.5882133 0.1531513 -0.9712936 0.1820432 0.05460155 0 0 0 1 -0.8896312 -0.2157188 -0.402517 -0.1621038 0.4302316 -0.1002952 -0.8971269 0.6614946 0.1531543 -0.971293 0.1820441 0.0546022 0 0 0 1 -0.8715133 0.4678189 -0.1470023 -0.3224098 -0.005246579 -0.3086473 -0.9511574 0.5229471 -0.4903429 -0.8281823 0.2714522 -0.2237508 0 0 0 1 -0.8715295 0.4651011 -0.155296 -0.3422633 0.002359747 -0.3127186 -0.9498382 0.5259541 -0.4903364 -0.8281857 0.2714535 -0.2237484 0 0 0 1 -0.7856118 0.2851685 -0.5490849 -0.09555065 0.3773313 -0.4824888 -0.7904529 0.6282945 -0.4903409 -0.8281832 0.2714533 -0.2237505 0 0 0 1 -4.68459e-7 0.6167448 -0.7871631 0.05591446 -1.50371e-7 0.7871633 0.6167448 -0.3917074 1 3.67311e-7 -2.76014e-7 0 0 0 0 1</float_array>
          <technique_common>
            <accessor source="#Player_1_Backom_BODY-skin-bind_poses-array" count="50" stride="16">
              <param name="TRANSFORM" type="float4x4"/>
            </accessor>
          </technique_common>
        </source>
        <source id="Player_1_Backom_BODY-skin-weights">
          <float_array id="Player_1_Backom_BODY-skin-weights-array" count="2654">1 1 1 1 1 1 1 1 1 1 1 1 1 1 1 1 1 1 1 1 1 1 1 1 1 0.06389188 0.9361081 1 8.454e-4 0.9991546 0.0076797 0.9923203 1 0.01819145 0.9818086 0.01363819 0.9863618 0.02178263 0.9782174 4.48603e-4 0.9995514 0.004943847 0.9950562 1 1.02738e-4 0.9998973 0.02392363 0.2088766 0.7671997 0.04271394 0.2569219 0.7003641 0.1056943 0.3202335 0.5740723 0.1347509 0.3139941 0.55098 2.75058e-4 1 0.06137579 0.3886342 0.5499901 0.08131974 0.9186802 1 1 1 1 1 1 1 1 1 1 1 1 1 1 1 1 1 1 0.002267241 0.163375 0.8343578 0.006838202 0.04637753 0.9467842 0.05684524 0.2941281 0.6490266 0.006839036 0.3851407 0.6080202 0.09958261 0.3578737 0.5425437 0.1702921 0.3098974 0.5198104 0.7138487 0.2861513 0.01859396 0.5004174 0.2108271 0.2701614 0.3896552 0.2406721 0.3696727 0.6485139 0.1529 0.1985861 0.06192457 0.2363218 0.7017537 0.1248993 0.2841911 0.5909096 0.1552959 0.2927212 0.5519829 0.08230698 0.2490961 0.6685969 0.00729686 0.05597782 0.9367253 1 1 1 1 1 1 1 1 1 1 1 1 1 1 0.1 0.9 0.1 0.9 0.01907426 0.9809257 1 1 0.03107666 0.9689233 0.01428955 0.9857104 0.01357388 0.9864261 1 1 1 1 1 1 1 1 1 1 1 1 1 1 1 1 1 1 1 1 1 1 1 1 1 0.06545341 0.9345466 0.1143312 0.8856688 0.07135623 0.9286438 0.0243532 0.9756468 0.003518402 0.9964816 1 0.02176088 0.9782391 0.03106319 0.9689368 1 1 1 1 1 1 1 1 1 1 1 1 1 1 1 1 0.5 0.5 0.5 0.5 1 0.5 0.5 1 0.5 0.5 1 1 1 1 0.5 0.5 1 0.5 0.5 0.5 0.5 0.5 0.5 1 0.75 0.25 0.75 0.25 0.2117551 0.7882449 0.2022079 0.797792 0.3302739 0.5075406 0.1033676 0.0588178 0.1235287 0.8764713 0.699211 0.1517975 0.09253376 0.05645763 0.2890797 0.7109203 0.75 0.25 0.75 0.25 0.7626348 0.1695452 0.04482764 0.02299231 0.680351 0.2952226 0.02442634 0.5 0.5 0.5 0.5 1 1 0.2878882 0.7121118 1 1 1 1 1 0.5 0.5 0.5 0.5 1 0.5 0.5 0.5 0.5 1 1 1 1 1 1 1 1 1 1 1 1 1 1 1 1 1 1 1 1 1 0.5870301 0.07337063 0.1877601 0.1518391 0.2984449 0.6575291 0.04402607 0.39223 0.60777 0.3417636 0.6430227 0.01521366 0.3767683 0.2771652 0.3460665 0.2767842 0.2738118 0.449404 0.350259 0.6497411 0.3310235 0.5990079 0.06996858 0.2368398 0.2296674 0.2639395 0.2695531 0.2892544 0.2451849 0.2490715 0.216489 0.3182763 0.5057783 0.1759454 0.2992495 0.4570456 0.2437049 0.4566938 0.2947374 0.2485688 0.3918493 0.4194203 0.1887304 0.307712 0.2498802 0.2443726 0.1980351 0.3435499 0.5535439 0.1029062 0.307712 0.2498803 0.2443726 0.1980352 0.4566938 0.2947374 0.2485688 0.703715 0.2122494 0.05872958 0.02530598 0.8035864 0.1958158 5.97807e-4 0.4852917 0.1663032 0.1647795 0.1836255 0.6362496 0.3637504 0.2789974 0.3798003 0.3412023 0.1640886 0.5328944 0.192638 0.1103789 0.3435499 0.5535439 0.1029062 0.1640886 0.5328944 0.192638 0.1103789 0.1843621 0.7696599 0.045978 0.6831418 0.2293983 0.0807287 0.006730973 0.2223302 0.4365075 0.3411623 0.220039 0.5356394 0.2443215 0.2218652 0.5430919 0.2350428 0.1257295 0.5584611 0.1476546 0.1681547 0.5351383 0.4648618 0.4069649 0.5930351 0.4048978 0.120938 0.1118352 0.362329 0.6810396 0.1782294 0.1407309 0.02039963 0.3619834 0.01999998 0.5976169 0.04390686 0.2904684 0.003099203 0.6625255 0.06131935 0.6190829 0.2780339 0.04156368 0.7281562 0.06411832 0.08253043 0.125195 0.538542 0.461458 0.351468 0.370926 0.2776061 0.763449 0.134321 0.1022299 0.6672511 0.2578406 0.07490825 0.03865283 0.5411212 0.4029551 0.0172708 0.8120867 0.1879132 0.5388478 0.2472378 0.1004849 0.1134296 0.5103608 0.376211 0.05964022 0.05378776 0.5 0.5 0.75 0.25 0.5 0.5 1 1 0.5 0.5 1 0.25 0.75 0.75 0.25 0.5 0.5 1 0.5 0.5 1 1 0.1724109 0.361405 0.4661841 0.1906798 0.280907 0.5284132 0.2284066 0.3757015 0.3958919 0.07692301 0.5288239 0.3942531 0.5 0.5 0.5 0.5 0.3374314 0.6625686 0.3381209 0.6618791 0.3218134 0.6765732 0.001613318 0.5 0.5 0.5 0.5 0.08275777 0.635198 0.08121663 0.2008276 0.5 0.5 0.1333623 0.6710678 0.1955698 0.1773725 0.4444042 0.3782232 0.5 0.5 0.2828724 0.3831741 0.3197216 0.0142318 0.3031703 0.5132727 0.183557 0.146468 0.4057488 0.4477832 0.09216117 0.4761316 0.4288104 0.002896666 0.09130495 0.3176708 0.439832 0.151192 0.688108 0.2999486 0.01194351 0.06818181 0.7954546 0.06818181 0.06818181 0.06818181 0.7954546 0.06818181 0.06818181 0.638088 0.3527383 0.009173691 0.05174362 0.5675143 0.3125529 0.0681892 0.3129172 0.6818485 0.00523436 0.5972511 0.3891843 0.01356464 0.005417287 0.4285183 0.5660644 0.00393629 0.3866361 0.6094276 0.3673943 0.6326057 0.00157696 0.4051999 0.5932232 0.2397263 0.3097671 0.4505066 0.3934951 0.3099805 0.2965244 0.3905033 0.5627236 0.04677307 0.2531061 0.4482227 0.2986712 0.1903601 0.4065478 0.4030921 0.1476141 0.7684824 0.08390349 0.03428715 0.01828032 0.9474325 0.1293588 0.5460015 0.3245034 1.362e-4 0.0482456 0.0482456 0.8552632 0.0482456 0.06 0.5372533 0.4027468 0.08313006 0.9164175 4.52392e-4 0.6745858 0.3254142 0.03823971 0.8258242 0.1359361 0.1167919 0.5439118 0.3392963 0.00551337 0.5504565 0.4440301 0.7322004 0.2677996 0.2766057 0.6579617 0.0654326 0.05999994 0.6035195 0.3364805 0.563105 0.436895 0.00163871 0.6527678 0.3455935 0.6327646 0.3672354 0.2928793 0.7007346 0.00638616 0.001120984 0.3687123 0.624432 0.005734622 0.129764 0.5449351 0.3253008 0.09499907 0.5515685 0.3534324 0.008783876 0.9132011 0.07801502 0.01065093 0.5600671 0.429282 0.7558203 0.2441797 0.5929199 0.1435523 0.01160454 0.2519232 0.3891075 0.4358568 0.03617453 0.1388611 0.1014155 0.4371045 0.46148 0.05124562 0.4383638 0.5103905 0.006184995 0.6542875 0.3395275 0.1855005 0.3496506 0.4648489 0.6824724 0.3175277 0.07426607 0.4724662 0.4532678 0.5539155 0.295082 0.002856671 0.1481459 0.03377914 0.4453951 0.5208257 0.3850513 0.1772426 0.4366613 0.001044809 0.1705557 0.5116389 0.3178054 0.2055526 0.5231748 0.2712726 0.1113224 0.3129662 0.5757114 0.1499112 0.4008508 0.449238 0.01946067 0.4870449 0.4934943 0.006237804 0.4678096 0.5259525 0.1071196 0.08807224 0.8048081 0.01216876 0.4367207 0.5511106 1 1 0.04284089 0.03113609 0.926023 1 0.002242565 0.1681836 0.8295738 0.006805896 0.04049742 4.35155e-4 0.9522615 0.005969166 0.0345394 2.96615e-4 0.9591947 0.002325177 0.01377499 1.46704e-4 0.9837532 1 0.01745396 0.1029278 0.001022458 0.8785957 0.01519519 0.1707748 1.71124e-4 0.8138588 0.03333926 0.2918971 0.6747636 0.03269678 0.293489 0.009770393 0.6640438 0.04599452 0.2749167 0.00301373 0.6760751 0.0424959 0.3004342 0.006422221 0.6506476 0.5519872 0.3021286 0.1197425 0.02614158 1 1 1 1 1 1 1 1 1 1 1 1 1 1 1 1 1 1 1 1 1 1 1 1 1 1 1 1 1 1 1 1 0.3539648 0.6460351 0.2397981 0.7602019 0.1448341 0.6721265 0.1655979 0.01744145 0.1254146 0.5949737 0.2789378 6.73841e-4 0.08687722 0.4669638 0.4431657 0.002993106 0.04244637 0.9511308 0.006422877 0.08650189 0.3528553 0.5531911 0.007451593 0.7189346 0.2810654 0.4213516 0.319495 0.1384758 0.1206776 0.09699285 0.8830396 0.01996755 0.2154931 0.7818831 0.002623856 0.004414081 0.1808699 0.8147159 0.001349806 0.5611286 0.4375216 0.2561224 0.7397462 0.004131376 7.17781e-4 0.4231459 0.5761364 0.7547675 0.2452324 0.517203 0.482797 0.3180627 0.6819373 4.48398e-4 0.5407821 0.4587696 1.86664e-4 0.5114524 0.488361 0.657242 0.3427581 0.5197299 0.468784 0.01148605 0.1796171 0.4434852 0.3768977 0.001483678 0.9985163 0.286972 0.01695024 0.6960778 2.64266e-4 0.9997357 0.1251379 0.5170331 0.3578289 0.04786396 0.3679403 0.5837451 4.50591e-4 0.6628028 0.327871 0.008636653 6.89528e-4 0.05421406 0.5714906 0.3742952 0.1107499 0.5201792 0.3690708 0.4451776 0.464449 0.09037333 0.5098773 0.3067723 0.1833505 0.1498922 0.5483475 0.3017603 0.5442296 0.2975453 0.1582252 0.1269273 0.4789814 0.3940912 0.1125071 0.08176839 0.8057245 1 0.3854075 0.5498492 0.04610937 0.01863396 0.5527065 0.4373328 0.009960651 0.001369416 0.4980972 0.4980972 0.002436161 0.1943459 0.4899302 0.3157239 0.02949869 0.4852506 0.4852506 0.1371014 0.6742778 0.1886208 0.7 0.2885797 0.0114203 0.7 0.2814867 0.01851326 0.6196517 0.3670108 0.01333755 0.6196517 0.3670108 0.01333755 0.3905032 0.5627236 0.04677307 0.4936607 0.4845734 0.02176576 0.3027208 0.2114031 0.4858762 0.01561599 0.4670249 0.517359 0.4362542 0.5637458 1 0.3178947 0.3625415 0.3195638 0.005268871 0.4977517 0.4969794 1 1 1 1 0.115845 0.001415669 0.8827393 0.01044541 0.1333192 0.8562353 1 0.006146609 0.9938533 0.04873949 0.6137758 0.3374847 0.09138983 0.5855618 0.3230484 0.2737132 0.4655766 0.2607101 0.3252816 0.4380611 0.2366574 0.310368 0.6896319 0.1399999 0.2669165 0.5930835 0.2601564 0.4334781 0.3030022 0.003363072 0.1084693 0.4862267 0.405304 0.0071159 0.3862036 0.6066805 0.01379638 0.5594213 0.4267824 0.02166378 0.630255 0.3480812 0.2122878 0.527912 0.2598002 0.08168524 0.6082129 0.3101019 0.08610981 0.9138902 0.01633548 0.9836645 1 0.03692585 0.9630741 0.004654407 0.5509346 0.4444111 0.09209132 0.9079087 0.02021503 0.979785 0.6294518 0.1698501 0.1296431 0.07105499 1 1 1 1 1 1 1 1 1 1 1 1 1 1 1 1 1 1 1 1 1 0.05791687 0.5996795 0.2841493 0.0582543 0.07133018 0.1991812 0.2820952 0.4473933 0.2992495 0.4569976 0.2437528 0.2992495 0.4570247 0.2437257 0.2992495 0.4570224 0.243728 0.2992495 0.4570448 0.2437056 0.2992495 0.4570004 0.24375 1 1 1 1 1 1 1 1 1 1 1 1 1 1 1 1 0.9972866 0.002713441 1 0.9744046 0.02559542 0.9902622 0.00973773 0.9811353 0.01886469 0.9896019 0.01039814 0.998401 0.001599013 1 1 1 1 1 1 1 1 1 1 1 1 1 1 1 1 0.4027182 0.5972818 0.1231642 0.8768358 0.00107795 0.1538484 0.8450736 0.008791804 0.9912081 0.03159683 0.9684031 0.001932501 0.9980675 1 0.002762854 0.9972371 3.81399e-4 0.9996186 0.5173459 0.4826541 0.02362084 0.2493273 0.7270517 0.0117408 0.9882592 0.07291245 0.307605 0.6192949 1.87675e-4 0.05457806 0.4075738 0.5378482 1 1 0.8066133 0.1933867 0.7879312 0.2120688 0.1959289 0.8040711 1 1 1 0.3607729 0.2560045 0.3693982 0.01382446 0.08074057 0.3652845 0.5539749 0.1702789 0.3104847 0.5192363 0.006839036 0.3851407 0.6080202 0.4024375 0.5975625 0.00643897 0.07250511 0.9210559 0.04050934 0.9594906 1 1 0.05992704 0.229238 0.7108349 0.1251158 0.2852454 0.5896388 0.004658937 0.04595994 0.9493811 0.004257023 0.09820425 0.8975387 1 1 1 1 1 1 1 1 1 1 1 1 1 1 1 1 1 1 1 1 1 1 1 1 1 1 1 1 1 1 1 1 0.02836287 0.9716371 0.05366933 0.9463306 0.1822441 0.8177559 0.01854342 0.9814565 1 1 0.01557731 0.9844227 0.01461637 0.9853836 0.0260902 0.9739098 1 1 1 1 1 1 1 1 1 1 1 1 1 1 1 1 1 1 1 1 1 0.1066243 0.8933757 0.06545311 0.9345469 1 0.07135623 0.9286438 0.0243532 0.9756468 0.003518283 0.9964817 1 0.03106319 0.9689368 1 1 1 1 1 1 1 1 1 1 1 1 1 1 0.5 0.5 0.5 0.5 0.5 0.5 1 0.5 0.5 0.5 0.5 1 1 1 0.5 0.5 1 1 0.5 0.5 1 0.5 0.5 0.5 0.5 1 0.75 0.25 0.75 0.25 0.1713009 0.8149375 0.01376157 0.1713009 0.8149375 0.01376157 0.2156447 0.644985 0.0937696 0.04560065 0.2520226 0.7479773 0.4396429 0.2826568 0.1712553 0.106445 0.5303606 0.3966127 0.02325087 0.04977583 1 1 0.7153405 0.2646504 0.02000916 0.6362496 0.3637504 0.5 0.5 0.5 0.5 1 1 0.2878882 0.7121118 0.5 0.5 0.538542 0.461458 0.5 0.5 1 1 1 0.5 0.5 1 1 1 1 1 1 1 1 1 1 1 1 1 1 1 1 1 1 0.7138487 0.2861513 0.39223 0.60777 0.3322439 0.5531678 0.1145883 0.3253282 0.669817 0.004854857 0.3351473 0.2829249 0.3819277 0.2942788 0.7057213 0.3312072 0.6001173 0.06867545 0.2187565 0.2236763 0.2717865 0.2857806 0.2598283 0.3130613 0.247459 0.1796513 0.2882812 0.2446144 0.2501022 0.217002 0.3182585 0.5057501 0.1758279 1.63356e-4 0.2992495 0.4570478 0.2437025 0.2992495 0.4570509 0.2436996 0.4566938 0.2947373 0.2485688 0.4566938 0.2947373 0.2485688 0.3066362 0.2492562 0.2455184 0.1985891 0.4566938 0.2947373 0.2485688 0.3241456 0.2857604 0.2269895 0.1631045 0.4566938 0.2947373 0.2485688 0.6398959 0.2558346 0.06872463 0.03554487 0.7583688 0.1641072 0.05405265 0.02347129 0.8069902 0.1905236 0.002486288 0.9085426 0.0514574 0.03999996 0.2746452 0.39193 0.3325968 8.27895e-4 0.1868578 0.4536471 0.2017461 0.1577489 0.6775529 0.1171569 0.2052902 0.1868578 0.4536471 0.2017461 0.1577489 0.1857941 0.7667483 0.04745751 0.7210768 0.1782155 0.0925225 0.008185207 0.5127968 0.4845039 0.002699315 0.2218652 0.5430919 0.2350428 0.1481953 0.5323179 0.1916055 0.1278812 0.530457 0.469543 0.2504832 0.7495168 0.7174819 0.2825181 0.3546435 0.6453565 0.1219512 0.8780488 0.05816155 0.6381459 0.256426 0.04726648 0.5447506 0.1118752 0.1317064 0.2116677 0.05773049 0.1920983 0.2746125 0.4755586 0.1930527 0.416441 0.3905063 0.8120867 0.1879132 0.7911882 0.09999996 0.1088117 0.8437243 0.1560817 1.93982e-4 0.7962175 0.09671735 0.1070652 0.03933238 0.5506342 0.4100333 0.5283005 0.07719916 0.07480585 0.3196943 0.5 0.5 0.75 0.25 0.5 0.5 1 1 0.5 0.5 1 0.25 0.75 0.75 0.25 0.5 0.5 1 1 0.5 0.5 1 0.1757249 0.3547539 0.4663028 0.003218233 0.168065 0.2490694 0.577586 0.0052796 0.120534 0.2413529 0.6376026 5.1048e-4 0.09623974 0.5220869 0.3804255 0.001247942 0.3117464 0.6882536 0.3374314 0.6625686 0.2916639 0.7082228 1.13451e-4 0.3053671 0.5329057 0.1570324 0.004694759 0.305617 0.6411442 0.02297288 0.03026598 0.1453967 0.6248381 0.135291 0.09447413 0.08275777 0.635198 0.08121663 0.2008276 0.3733589 0.6266412 0.1333623 0.6710678 0.1955698 0.1773725 0.4444042 0.3782232 0.2319688 0.5898247 0.1782064 0.2397981 0.7602019 0.1457304 0.5071109 0.3448016 0.002357065 0.3031703 0.5132727 0.183557 0.146468 0.4057488 0.4477832 0.09216117 0.4761317 0.4288104 0.002896666 0.09130495 0.3176708 0.439832 0.151192 0.3905032 0.5627236 0.04677307 0.688108 0.2999486 0.01194351 0.0724914 0.5699871 0.1844215 0.1730999 0.06818181 0.7954546 0.06818181 0.06818181 0.638088 0.3527383 0.009173691 0.05174362 0.5675143 0.3125529 0.0681892 0.107523 0.3213043 0.4919777 0.07919496 0.5972511 0.3891843 0.01356464 0.005482137 0.4329274 0.5615904 0.00393629 0.3866361 0.6094276 0.3673943 0.6326057 0.4361775 0.5638225 0.3062952 0.2639631 0.4297417 0.4505087 0.2699655 0.2795258 0.3905033 0.5627236 0.04677307 0.2531061 0.4482227 0.2986712 0.1903601 0.4065478 0.4030921 0.1476141 0.7684824 0.08390349 0.03428715 0.01828032 0.9474325 0.06 0.5372533 0.4027468 0.08313006 0.9164175 4.52392e-4 0.6745858 0.3254142 0.01202994 0.04077202 0.7866769 0.1605211 0.06463718 0.5777766 0.3575862 0.03697693 0.5306584 0.4323646 0.2766057 0.6579617 0.0654326 0.05999994 0.6035195 0.3364805 0.563105 0.436895 0.00163871 0.6527678 0.3455935 0.6327646 0.3672354 0.001120984 0.3687123 0.624432 0.005734622 0.129764 0.5449351 0.3253008 0.09499907 0.5515685 0.3534324 0.008783876 0.9132011 0.07801502 0.05928045 0.4916357 0.4490838 0.5929199 0.1435523 0.01160454 0.2519232 0.3891075 0.4358568 0.03617453 0.1388611 0.09520512 0.07019835 0.5089899 0.3256065 0.006184995 0.6542875 0.3395275 0.1855005 0.3496506 0.4648489 0.6824724 0.3175277 0.07426607 0.4724662 0.4532678 0.5539155 0.295082 0.002856671 0.1481459 0.1448117 0.4998715 0.3553168 0.3850513 0.1772426 0.4366613 0.001044809 0.1705557 0.5116389 0.3178054 0.2055526 0.5231748 0.2712726 0.1113224 0.3129662 0.5757114 0.1499112 0.4008508 0.449238 0.01946067 0.4870449 0.4934943 0.006237804 0.4678096 0.5259525 0.392623 0.3282702 0.2405029 0.0386039 0.09496897 0.3831739 0.5218571 0.1125071 0.08176839 0.8057245 1 1 1 0.008501768 0.05196964 6.32614e-4 0.938896 0.007340312 0.04485231 5.45249e-4 0.9472621 0.01710784 0.1169687 0.002242267 0.8636811 0.02951228 0.1811426 0.002235591 0.7871096 1 1 0.03333926 0.2918971 0.6747636 0.01153075 0.3157805 0.6726887 0.07957053 0.2954708 0.6249586 0.04599452 0.2749166 0.00301373 0.6760751 0.0424959 0.3004342 0.006422221 0.6506476 0.6310197 0.2481603 0.09919333 0.02162665 1 1 1 1 1 1 1 1 1 1 1 1 1 1 1 1 1 1 1 1 1 1 1 1 1 1 1 1 1 1 1 1 1 1 1 1 1 0.3539648 0.6460351 0.1479188 0.8520812 0.1289542 0.8710458 0.08687722 0.466964 0.4431657 0.002993106 0.04244637 0.9511308 0.006422877 0.08650189 0.3528553 0.5531911 0.007451593 0.7189346 0.2810654 0.4213516 0.319495 0.1384758 0.1206776 0.09699285 0.8830396 0.01996755 0.2154931 0.7818831 0.002623856 0.2828724 0.3831741 0.3197216 0.0142318 0.004414081 0.1808699 0.8147159 0.001349806 0.5611286 0.4375216 0.2561224 0.7397462 0.004131376 0.01379638 0.5594213 0.4267824 7.17781e-4 0.4231459 0.5761364 0.7547675 0.2452324 0.517203 0.482797 0.3180627 0.6819373 1.86664e-4 0.5114524 0.488361 0.5197299 0.468784 0.01148605 0.1796171 0.4434852 0.3768977 1 0.1251379 0.5170331 0.3578289 0.6628028 0.327871 0.008636653 6.89528e-4 0.04786396 0.3679403 0.5837451 4.50591e-4 0.05124562 0.4383638 0.5103905 0.05421406 0.5714906 0.3742952 0.1107499 0.5201792 0.3690708 0.4451776 0.464449 0.09037333 0.5098773 0.3067723 0.1833505 0.1498922 0.5483475 0.3017603 0.5442296 0.2975453 0.1582252 0.3493633 0.3037996 0.3468371 1 1 1 0.3854075 0.5498492 0.04610937 0.01863396 0.5527065 0.4373328 0.009960651 0.0482456 0.0482456 0.8552632 0.0482456 0.001369416 0.4980972 0.4980972 0.002436161 0.1943459 0.4899302 0.3157239 0.2928793 0.7007346 0.00638616 0.08126211 0.623491 0.2952469 0.7322004 0.2677996 1 0.01633548 0.9836645 0.09419405 0.756307 0.1478744 0.001624524 0.1293588 0.5460015 0.3245034 1.362e-4 0.1371014 0.6742778 0.1886208 0.7 0.2885797 0.0114203 0.7 0.2814867 0.01851326 0.00239551 0.5910805 0.3303658 0.0761581 0.6196517 0.3670108 0.01333755 0.4936607 0.4845734 0.02176576 0.00215125 0.3377703 0.2003832 0.4596952 0.01561599 0.4670249 0.517359 0.4362542 0.5637458 1 0.5112552 0.3532529 0.1354918 0.1465092 0.2261522 0.6273386 1 1 1 1 2.64266e-4 0.9997357 1 1 1 0.006146609 0.9938533 0.04873949 0.6137758 0.3374847 0.09138983 0.5855618 0.3230484 0.2737132 0.4655766 0.2607101 0.3252816 0.4380611 0.2366574 0.286972 0.01695024 0.6960778 0.657242 0.3427581 4.48398e-4 0.5407821 0.4587696 0.310368 0.6896319 0.1399999 0.2669165 0.5930835 0.2601564 0.4334781 0.3030022 0.003363072 0.1084693 0.4862267 0.405304 0.0071159 0.3862036 0.6066805 0.02166378 0.630255 0.3480812 0.2122878 0.527912 0.2598002 0.08168524 0.6082129 0.3101019 9.68858e-4 0.1135729 0.8854582 0.03692585 0.9630741 0.004654407 0.5509346 0.4444111 0.09209132 0.9079087 0.02021503 0.979785 0.4642795 0.273612 0.1716188 0.09048968 1 1 0.08570891 0.6135756 0.0259484 0.2747671 0.01689505 0.4280904 0.3217173 0.2332972 0.7593346 0.1938553 0.04681003 0.2992495 0.4570099 0.2437406 0.2992495 0.4570402 0.2437102 0.2992495 0.4570265 0.2437239 0.2992495 0.4570001 0.2437503 1 1 1 1 1 1 1 1 1 0.9959042 0.004095852 1 1 1 1 1 1 1 1 1 1 1 1 1 1 1 1 1 1 1 0.9914315 0.008568465 1 0.9988806 0.001119434 1 1 1 1 1 1 1 1 1 1 1 1 1 0.997799 0.002200961 1 1 1 1 1 0.9272288 0.07277119 1 1 1 1 0.9991965 8.03503e-4 0.9505763 0.04942375 1 1 1 1 1 1 1 1 1 1 1 1 1 1 1 1 1 1 1 1 1 1 1 1 1 1 1 1 1 1 1 1 1 1 1 1 1 1 1 1 1 0.01849496 0.981505 0.01716363 0.9828364 1 0.01685768 0.9831423 0.01810246 0.9818975 1 1 1 1 1 1 1 1 1 0.01468926 0.9853107 1 1 1 1 1 1 1 1 1 1 1 1 1 1 1 1 1 1 1 1 1 1 1 1 1 1 1 1 1 1 1 1 1 1 1 1 1 1 1 1 1 1 1 1 1 1 1 1 1 1 1 1 1 1 1 1 1 1 1 1 1 1 1 1 1 1 1 1 1 1 1 1 1 1 1 1 1 1 1 1 1 1 1 1 1 1 1 1 1 1 1 1 1 1 1 1 1 1 1 1 1 1 1 1 0.01581585 0.9841841 0.01580071 0.9841993 1 1 1 1 0.01570683 0.9842932 0.01649767 0.9835023 0.01765275 0.9823473 0.01767128 0.9823287 1 1 1 1 0.02538102 0.9746189 0.03812295 0.9618771 1 1 0.06290334 0.9370966 0.06358981 0.9364102 0.02628314 0.9737169 0.02594053 0.9740595 0.06758111 0.9324189 1 1 1 1 1 1 1 1 1 1 1 1 1 1 1 1 1 1 1 1 1 1 1 1 0.01107466 0.9889253 0.01250237 0.9874976 0.01586222 0.9841378 0.01596879 0.9840312 0.01262265 0.9873774 0.017627 0.982373 0.01763159 0.9823684 0.03721213 0.9627878 0.02607619 0.9739238 0.06392562 0.9360744 0.06598931 0.9340107 0.04591202 0.954088 0.03301924 0.9669808 0.01764303 0.982357 0.01650685 0.9834932 0.01675856 0.9832414 0.01620209 0.9837979 1 1 1 1 1 1 1 1 1 1 1 1 1 1 1 1 1 1 1 1 1 1 1 1 1 1 1 1 1 1 1 1 1 0.01107466 0.9889253 0.01250237 0.9874976 0.01586216 0.9841378 0.01596873 0.9840312 0.01262265 0.9873774 0.017627 0.982373 0.01763159 0.9823684 0.03721213 0.9627879 0.02810978 0.9718902 0.05998462 0.9400154 0.05585408 0.9441459 0.04177469 0.9582253 0.03301924 0.9669808 0.01764297 0.982357 0.01650679 0.9834932 0.01675856 0.9832414 0.01620209 0.9837979 0.01767325 0.9823267 0.02789568 0.9721043 0.05974513 0.9402549 1 1 1 1 1 1 1 1 1 1 1 1 1 0.0161578 0.9838422 0.01617741 0.9838226 0.01767325 0.9823267 1 1 1 1 1 1 1 1 1 1 1 1 1 1 1 1 1 1 1 1 1 1 1 1 1 1 1 1 1 1 1 1 1 1 1 1 1 1 1 1 1 0.01581585 0.9841842 1 0.0161578 0.9838423 0.01617741 0.9838226 1 1 0.05980336 0.9401966 0.05944204 0.940558 1 0.02837228 0.9716277 1 1 0.01767128 0.9823287 0.02810639 0.9718936 0.01765275 0.9823473 0.01570683 0.9842932 0.01649767 0.9835023 1 0.01580071 0.9841993 1 1 1 1 0.03297394 0.967026 1 1 1 1 1 1 1</float_array>
          <technique_common>
            <accessor source="#Player_1_Backom_BODY-skin-weights-array" count="2654" stride="1">
              <param name="WEIGHT" type="float"/>
            </accessor>
          </technique_common>
        </source>
        <joints>
          <input semantic="JOINT" source="#Player_1_Backom_BODY-skin-joints"/>
          <input semantic="INV_BIND_MATRIX" source="#Player_1_Backom_BODY-skin-bind_poses"/>
        </joints>
        <vertex_weights count="1442">
          <input semantic="JOINT" source="#Player_1_Backom_BODY-skin-joints" offset="0"/>
          <input semantic="WEIGHT" source="#Player_1_Backom_BODY-skin-weights" offset="1"/>
          <vcount>1 1 1 1 1 1 1 1 1 1 1 1 1 1 1 1 1 1 1 1 1 1 1 1 1 2 1 2 2 1 2 2 2 2 2 1 2 3 3 3 4 1 3 2 1 1 1 1 1 1 1 1 1 1 1 1 1 1 1 1 1 1 3 3 3 3 3 3 2 4 3 3 3 3 3 3 3 1 1 1 1 1 1 1 1 1 1 1 1 1 1 2 2 2 1 1 2 2 2 1 1 1 1 1 1 1 1 1 1 1 1 1 1 1 1 1 1 1 1 1 1 1 1 1 2 2 2 2 2 1 2 2 1 1 1 1 1 1 1 1 1 1 1 1 1 1 1 1 2 2 1 2 1 2 1 1 1 1 2 1 2 2 2 1 2 2 2 2 4 2 4 2 2 2 4 3 2 2 1 1 2 1 1 1 1 1 2 2 1 2 2 1 1 1 1 1 1 1 1 1 1 1 1 1 1 1 1 1 1 1 1 1 4 3 2 3 3 3 2 3 4 4 3 3 3 3 4 3 4 3 4 3 4 2 3 4 3 4 3 4 3 3 3 4 2 2 4 3 4 4 4 4 2 3 3 3 4 2 4 4 2 2 2 1 1 2 1 2 2 2 1 2 1 1 3 3 3 3 2 2 2 2 3 2 2 4 2 3 3 2 4 3 3 4 4 3 4 4 3 4 3 3 3 3 2 3 3 3 3 3 3 3 3 4 4 3 3 2 3 3 3 2 3 3 2 3 2 3 4 3 3 3 3 2 4 4 3 3 3 3 2 3 4 3 4 3 3 3 3 3 3 3 3 1 1 3 1 3 4 4 4 1 4 4 3 4 4 4 4 1 1 1 1 1 1 1 1 1 1 1 1 1 1 1 1 1 1 1 1 1 1 1 1 1 1 1 1 1 1 1 1 2 2 4 4 4 3 4 2 4 3 3 3 3 3 3 2 2 2 3 3 2 3 3 2 3 2 3 4 4 3 3 3 3 3 3 3 3 1 4 3 4 3 3 3 3 3 3 3 3 3 3 3 2 1 3 3 1 1 1 1 3 3 1 2 3 3 3 3 2 3 4 3 3 3 3 3 3 2 2 1 2 3 2 2 4 1 1 1 1 1 1 1 1 1 1 1 1 1 1 1 1 1 1 1 1 1 4 4 3 3 3 3 3 1 1 1 1 1 1 1 1 1 1 1 1 1 1 1 1 2 1 2 2 2 2 2 1 1 1 1 1 1 1 1 1 1 1 1 1 1 1 1 2 2 3 2 2 2 1 2 2 2 3 2 4 3 1 1 2 2 2 1 1 1 4 3 3 3 2 3 2 1 1 3 3 3 3 1 1 1 1 1 1 1 1 1 1 1 1 1 1 1 1 1 1 1 1 1 1 1 1 1 1 1 1 1 1 1 1 2 2 2 2 1 1 2 2 2 1 1 1 1 1 1 1 1 1 1 1 1 1 1 1 1 1 1 1 1 1 2 2 1 2 2 2 1 2 1 1 1 1 1 1 1 1 1 1 1 1 1 1 2 2 2 1 2 2 1 1 1 2 1 1 2 1 2 2 1 2 2 3 3 4 2 4 4 1 1 3 2 2 2 1 1 2 2 2 2 1 1 1 2 1 1 1 1 1 1 1 1 1 1 1 1 1 1 1 1 1 1 2 2 3 3 3 2 3 4 4 4 4 3 3 3 3 4 3 4 3 4 4 3 3 4 4 3 4 3 4 3 3 4 2 2 2 2 2 4 4 4 3 2 3 3 3 3 4 2 2 2 1 1 2 1 2 2 2 1 1 2 1 4 4 4 4 2 2 3 4 4 4 4 2 3 3 3 2 4 3 3 4 4 3 3 4 4 3 4 4 3 3 3 2 2 3 3 3 3 3 3 3 3 3 2 4 3 3 3 3 2 3 2 4 3 3 3 3 4 4 4 3 3 2 3 4 3 4 3 3 3 3 3 3 4 3 3 1 1 1 4 4 4 4 1 1 3 3 3 4 4 4 1 1 1 1 1 1 1 1 1 1 1 1 1 1 1 1 1 1 1 1 1 1 1 1 1 1 1 1 1 1 1 1 1 1 1 1 1 2 2 2 4 3 4 2 4 3 3 4 3 3 3 3 3 2 2 2 3 3 3 1 3 4 4 3 3 3 3 3 3 3 3 1 1 1 4 3 4 4 3 3 3 2 1 2 4 4 3 3 3 4 3 3 4 3 2 1 3 3 1 1 1 1 2 1 1 1 2 3 3 3 3 3 2 3 2 3 4 3 3 3 3 3 3 2 3 2 2 4 1 1 4 4 3 3 3 3 3 1 1 1 1 1 1 1 1 1 2 1 1 1 1 1 1 1 1 1 1 1 1 1 1 1 1 1 1 1 2 1 2 1 1 1 1 1 1 1 1 1 1 1 1 1 2 1 1 1 1 1 2 1 1 1 1 2 2 1 1 1 1 1 1 1 1 1 1 1 1 1 1 1 1 1 1 1 1 1 1 1 1 1 1 1 1 1 1 1 1 1 1 1 1 1 1 1 1 1 2 2 1 2 2 1 1 1 1 1 1 1 1 1 2 1 1 1 1 1 1 1 1 1 1 1 1 1 1 1 1 1 1 1 1 1 1 1 1 1 1 1 1 1 1 1 1 1 1 1 1 1 1 1 1 1 1 1 1 1 1 1 1 1 1 1 1 1 1 1 1 1 1 1 1 1 1 1 1 1 1 1 1 1 1 1 1 1 1 1 1 1 1 1 1 1 1 1 1 1 1 1 1 1 1 1 1 1 1 1 1 1 1 1 1 1 1 1 1 2 2 1 1 1 1 2 2 2 2 1 1 1 1 2 2 1 1 2 2 2 2 2 1 1 1 1 1 1 1 1 1 1 1 1 1 1 1 1 1 1 1 1 1 1 1 1 2 2 2 2 2 2 2 2 2 2 2 2 2 2 2 2 2 1 1 1 1 1 1 1 1 1 1 1 1 1 1 1 1 1 1 1 1 1 1 1 1 1 1 1 1 1 1 1 1 1 2 2 2 2 2 2 2 2 2 2 2 2 2 2 2 2 2 2 2 2 1 1 1 1 1 1 1 1 1 1 1 1 1 2 2 2 1 1 1 1 1 1 1 1 1 1 1 1 1 1 1 1 1 1 1 1 1 1 1 1 1 1 1 1 1 1 1 1 1 1 1 1 1 1 1 1 1 2 1 2 2 1 1 2 2 1 2 1 1 2 2 2 2 2 1 2 1 1 1 1 2 1 1 1 1 1 1 1 </vcount>
          <v>30 0 30 1 30 2 30 3 30 4 30 5 30 6 30 7 30 8 30 9 30 10 30 11 30 12 30 13 30 14 30 15 30 16 30 17 30 18 30 19 30 20 30 21 30 22 30 23 30 24 30 25 31 26 30 27 12 28 30 29 12 30 30 31 30 32 12 33 30 34 12 35 30 36 12 37 30 38 12 39 30 40 12 41 30 42 30 43 12 44 30 45 12 46 29 47 30 48 12 49 29 50 30 51 12 52 29 53 30 54 12 55 29 56 30 57 36 58 30 59 12 60 29 61 30 62 29 63 30 64 30 65 30 66 30 67 30 68 30 69 30 70 30 71 30 72 30 73 30 74 30 75 30 76 30 77 30 78 30 79 30 80 30 81 30 82 12 83 29 84 30 85 12 86 29 87 30 88 12 89 29 90 30 91 12 92 29 93 30 94 12 95 29 96 30 97 12 98 29 99 30 100 12 101 29 102 11 103 12 104 29 105 30 106 12 107 29 108 30 109 12 110 29 111 30 112 12 113 29 114 30 115 12 116 29 117 30 118 12 119 29 120 30 121 12 122 29 123 30 124 12 125 29 126 30 127 30 128 30 129 30 130 30 131 30 132 30 133 30 134 30 135 30 136 30 137 30 138 30 139 30 140 30 141 30 142 31 143 30 144 31 145 30 146 31 147 31 148 31 149 30 150 31 151 30 152 31 153 30 154 31 155 30 156 30 157 30 158 30 159 30 160 30 161 30 162 30 163 30 164 30 165 30 166 30 167 30 168 30 169 30 170 30 171 30 172 30 173 30 174 30 175 30 176 30 177 30 178 30 179 30 180 29 181 30 182 29 183 30 184 29 185 30 186 29 187 30 188 29 189 30 190 30 191 29 192 30 193 29 194 30 195 30 196 30 197 30 198 30 199 30 200 30 201 30 202 30 203 30 204 30 205 30 206 30 207 30 208 30 209 30 210 3 211 2 212 3 213 2 214 3 215 3 216 2 217 3 218 3 219 3 220 4 221 4 222 4 223 4 224 3 225 3 226 4 227 4 228 3 229 4 230 2 231 3 232 2 233 3 234 4 235 2 236 3 237 2 238 3 239 1 240 2 241 1 242 2 243 1 244 2 245 10 246 11 247 1 248 2 249 1 250 2 251 10 252 11 253 1 254 2 255 2 256 3 257 2 258 3 259 1 260 2 261 10 262 11 263 1 264 2 265 6 266 2 267 3 268 2 269 3 270 3 271 3 272 1 273 2 274 3 275 4 276 4 277 4 278 4 279 3 280 4 281 3 282 4 283 4 284 3 285 4 286 3 287 4 288 4 289 4 290 4 291 4 292 4 293 4 294 4 295 4 296 4 297 4 298 4 299 4 300 4 301 4 302 4 303 4 304 4 305 4 306 4 307 4 308 4 309 12 310 14 311 29 312 30 313 11 314 12 315 14 316 11 317 12 318 11 319 12 320 14 321 12 322 29 323 30 324 12 325 29 326 30 327 11 328 12 329 11 330 12 331 14 332 1 333 10 334 11 335 12 336 1 337 10 338 11 339 12 340 11 341 12 342 14 343 1 344 10 345 11 346 1 347 10 348 11 349 1 350 10 351 11 352 1 353 10 354 11 355 12 356 1 357 10 358 11 359 1 360 10 361 11 362 12 363 1 364 10 365 11 366 1 367 2 368 10 369 11 370 1 371 2 372 6 373 1 374 2 375 7 376 10 377 1 378 2 379 11 380 12 381 14 382 1 383 10 384 11 385 12 386 1 387 10 388 11 389 1 390 10 391 11 392 12 393 1 394 10 395 11 396 1 397 2 398 10 399 11 400 11 401 12 402 14 403 11 404 12 405 14 406 11 407 12 408 14 409 1 410 10 411 11 412 49 413 1 414 2 415 1 416 2 417 1 418 2 419 7 420 10 421 1 422 2 423 7 424 1 425 10 426 11 427 49 428 1 429 10 430 11 431 49 432 11 433 12 434 14 435 30 436 12 437 14 438 29 439 30 440 1 441 2 442 11 443 12 444 14 445 1 446 2 447 7 448 1 449 2 450 7 451 11 452 12 453 14 454 29 455 12 456 14 457 12 458 14 459 29 460 30 461 12 462 14 463 29 464 30 465 14 466 15 467 14 468 15 469 14 470 15 471 15 472 15 473 14 474 15 475 15 476 14 477 15 478 14 479 15 480 14 481 15 482 15 483 14 484 15 485 15 486 15 487 11 488 12 489 14 490 11 491 12 492 14 493 11 494 12 495 14 496 11 497 12 498 14 499 15 500 16 501 15 502 16 503 15 504 16 505 15 506 16 507 15 508 16 509 26 510 15 511 16 512 15 513 16 514 15 515 16 516 20 517 23 518 15 519 16 520 15 521 16 522 17 523 15 524 16 525 17 526 15 527 16 528 15 529 16 530 26 531 27 532 15 533 16 534 17 535 15 536 16 537 17 538 15 539 16 540 17 541 18 542 15 543 16 544 17 545 18 546 17 547 18 548 19 549 16 550 17 551 18 552 19 553 16 554 17 555 18 556 19 557 17 558 18 559 19 560 16 561 17 562 18 563 20 564 16 565 17 566 18 567 17 568 18 569 19 570 17 571 18 572 19 573 17 574 18 575 19 576 18 577 19 578 17 579 18 580 19 581 17 582 18 583 19 584 17 585 18 586 19 587 17 588 18 589 19 590 16 591 17 592 20 593 15 594 16 595 17 596 16 597 20 598 21 599 16 600 17 601 20 602 16 603 17 604 20 605 21 606 16 607 20 608 21 609 22 610 16 611 20 612 21 613 20 614 21 615 22 616 20 617 21 618 20 619 21 620 22 621 20 622 21 623 22 624 20 625 21 626 22 627 21 628 22 629 16 630 20 631 21 632 16 633 20 634 21 635 20 636 21 637 16 638 20 639 21 640 20 641 21 642 20 643 21 644 24 645 16 646 20 647 21 648 24 649 20 650 21 651 22 652 20 653 21 654 22 655 20 656 21 657 22 658 20 659 21 660 22 661 21 662 22 663 16 664 20 665 21 666 23 667 16 668 20 669 21 670 23 671 16 672 23 673 24 674 16 675 23 676 24 677 20 678 23 679 24 680 23 681 24 682 25 683 16 684 23 685 16 686 23 687 24 688 16 689 23 690 24 691 26 692 16 693 23 694 24 695 16 696 23 697 26 698 27 699 16 700 23 701 24 702 16 703 23 704 24 705 23 706 24 707 25 708 23 709 24 710 25 711 23 712 24 713 25 714 23 715 24 716 25 717 23 718 24 719 25 720 23 721 24 722 25 723 25 724 25 725 23 726 24 727 25 728 25 729 23 730 24 731 25 732 1 733 10 734 11 735 49 736 1 737 10 738 11 739 49 740 1 741 10 742 11 743 49 744 49 745 1 746 10 747 11 748 49 749 1 750 10 751 11 752 49 753 1 754 10 755 49 756 1 757 10 758 11 759 49 760 1 761 10 762 11 763 49 764 1 765 10 766 11 767 49 768 1 769 2 770 10 771 11 772 4 773 4 774 4 775 4 776 4 777 4 778 4 779 4 780 4 781 4 782 4 783 4 784 4 785 4 786 4 787 4 788 4 789 4 790 4 791 4 792 4 793 4 794 4 795 4 796 4 797 4 798 4 799 4 800 4 801 4 802 4 803 4 804 15 805 16 806 15 807 16 808 15 809 16 810 17 811 26 812 15 813 16 814 26 815 27 816 15 817 16 818 17 819 18 820 16 821 17 822 18 823 15 824 16 825 17 826 18 827 16 828 26 829 16 830 17 831 23 832 26 833 16 834 17 835 20 836 16 837 26 838 27 839 16 840 26 841 27 842 16 843 26 844 27 845 16 846 26 847 27 848 16 849 26 850 27 851 26 852 27 853 26 854 28 855 26 856 27 857 16 858 26 859 27 860 16 861 26 862 27 863 26 864 27 865 26 866 27 867 28 868 26 869 27 870 28 871 27 872 28 873 26 874 27 875 28 876 27 877 28 878 16 879 23 880 24 881 16 882 23 883 24 884 27 885 16 886 23 887 24 888 26 889 16 890 23 891 24 892 16 893 23 894 24 895 23 896 24 897 25 898 23 899 24 900 25 901 16 902 23 903 24 904 23 905 24 906 25 907 23 908 24 909 25 910 23 911 24 912 25 913 25 914 16 915 20 916 21 917 23 918 20 919 21 920 22 921 16 922 20 923 21 924 22 925 20 926 21 927 22 928 20 929 21 930 22 931 16 932 17 933 18 934 17 935 18 936 19 937 17 938 18 939 19 940 17 941 18 942 19 943 17 944 18 945 19 946 17 947 18 948 19 949 17 950 18 951 19 952 17 953 18 954 19 955 17 956 18 957 19 958 18 959 19 960 19 961 17 962 18 963 19 964 17 965 18 966 19 967 19 968 19 969 19 970 19 971 26 972 27 973 28 974 26 975 27 976 28 977 28 978 27 979 28 980 26 981 27 982 28 983 26 984 27 985 28 986 26 987 27 988 28 989 26 990 27 991 28 992 26 993 27 994 16 995 26 996 27 997 15 998 16 999 26 1000 27 1001 16 1002 26 1003 27 1004 16 1005 26 1006 27 1007 16 1008 26 1009 27 1010 16 1011 26 1012 27 1013 26 1014 27 1015 28 1016 26 1017 27 1018 28 1019 21 1020 22 1021 21 1022 22 1023 22 1024 21 1025 22 1026 20 1027 21 1028 22 1029 21 1030 22 1031 21 1032 22 1033 1 1034 2 1035 10 1036 11 1037 19 1038 19 1039 30 1040 30 1041 30 1042 30 1043 30 1044 30 1045 30 1046 30 1047 30 1048 30 1049 30 1050 30 1051 30 1052 30 1053 30 1054 30 1055 30 1056 30 1057 30 1058 11 1059 12 1060 14 1061 30 1062 10 1063 11 1064 12 1065 14 1066 1 1067 10 1068 11 1069 1 1070 10 1071 11 1072 1 1073 10 1074 11 1075 1 1076 10 1077 11 1078 1 1079 10 1080 11 1081 30 1082 30 1083 30 1084 30 1085 30 1086 30 1087 30 1088 30 1089 30 1090 30 1091 30 1092 30 1093 30 1094 30 1095 30 1096 30 1097 30 1098 32 1099 30 1100 30 1101 32 1102 30 1103 32 1104 30 1105 32 1106 30 1107 32 1108 30 1109 32 1110 30 1111 30 1112 30 1113 30 1114 30 1115 30 1116 30 1117 30 1118 30 1119 30 1120 30 1121 30 1122 30 1123 30 1124 30 1125 30 1126 30 1127 32 1128 30 1129 32 1130 12 1131 30 1132 32 1133 12 1134 30 1135 12 1136 30 1137 12 1138 30 1139 30 1140 12 1141 30 1142 12 1143 30 1144 29 1145 30 1146 12 1147 29 1148 30 1149 12 1150 30 1151 12 1152 29 1153 30 1154 36 1155 12 1156 29 1157 30 1158 30 1159 30 1160 30 1161 32 1162 30 1163 32 1164 29 1165 30 1166 30 1167 30 1168 30 1169 12 1170 29 1171 30 1172 35 1173 12 1174 29 1175 30 1176 12 1177 29 1178 30 1179 12 1180 29 1181 30 1182 29 1183 30 1184 12 1185 29 1186 30 1187 29 1188 30 1189 30 1190 30 1191 12 1192 29 1193 30 1194 12 1195 29 1196 30 1197 12 1198 29 1199 30 1200 12 1201 29 1202 30 1203 30 1204 30 1205 30 1206 30 1207 30 1208 30 1209 30 1210 30 1211 30 1212 30 1213 30 1214 30 1215 30 1216 30 1217 30 1218 30 1219 30 1220 30 1221 30 1222 30 1223 30 1224 30 1225 30 1226 30 1227 30 1228 30 1229 30 1230 30 1231 30 1232 30 1233 30 1234 30 1235 30 1236 32 1237 30 1238 32 1239 30 1240 32 1241 30 1242 32 1243 32 1244 32 1245 30 1246 32 1247 30 1248 32 1249 30 1250 32 1251 30 1252 30 1253 30 1254 30 1255 30 1256 30 1257 30 1258 30 1259 30 1260 30 1261 30 1262 30 1263 30 1264 30 1265 30 1266 30 1267 30 1268 30 1269 30 1270 30 1271 30 1272 29 1273 30 1274 29 1275 30 1276 30 1277 29 1278 30 1279 29 1280 30 1281 29 1282 30 1283 30 1284 29 1285 30 1286 30 1287 30 1288 30 1289 30 1290 30 1291 30 1292 30 1293 30 1294 30 1295 30 1296 30 1297 30 1298 8 1299 8 1300 7 1301 8 1302 7 1303 8 1304 7 1305 8 1306 8 1307 8 1308 9 1309 8 1310 9 1311 9 1312 9 1313 8 1314 8 1315 9 1316 9 1317 8 1318 8 1319 9 1320 9 1321 7 1322 8 1323 7 1324 8 1325 9 1326 7 1327 8 1328 7 1329 8 1330 1 1331 7 1332 9 1333 1 1334 7 1335 9 1336 1 1337 7 1338 10 1339 11 1340 1 1341 7 1342 1 1343 7 1344 10 1345 11 1346 1 1347 7 1348 9 1349 10 1350 7 1351 7 1352 1 1353 7 1354 9 1355 1 1356 7 1357 7 1358 8 1359 7 1360 8 1361 8 1362 8 1363 1 1364 7 1365 8 1366 9 1367 1 1368 7 1369 8 1370 9 1371 9 1372 9 1373 9 1374 8 1375 9 1376 9 1377 9 1378 9 1379 9 1380 9 1381 9 1382 9 1383 9 1384 9 1385 9 1386 9 1387 9 1388 9 1389 9 1390 9 1391 9 1392 9 1393 9 1394 12 1395 29 1396 11 1397 12 1398 11 1399 12 1400 34 1401 11 1402 12 1403 34 1404 12 1405 29 1406 30 1407 11 1408 12 1409 11 1410 12 1411 34 1412 1 1413 10 1414 11 1415 12 1416 1 1417 10 1418 11 1419 12 1420 1 1421 10 1422 11 1423 12 1424 11 1425 12 1426 34 1427 37 1428 1 1429 10 1430 11 1431 1 1432 10 1433 11 1434 1 1435 10 1436 11 1437 1 1438 10 1439 11 1440 1 1441 10 1442 11 1443 12 1444 1 1445 10 1446 11 1447 1 1448 10 1449 11 1450 12 1451 1 1452 10 1453 11 1454 1 1455 7 1456 10 1457 11 1458 1 1459 7 1460 10 1461 11 1462 1 1463 7 1464 9 1465 1 1466 2 1467 7 1468 11 1469 12 1470 34 1471 37 1472 1 1473 10 1474 11 1475 12 1476 1 1477 10 1478 11 1479 1 1480 10 1481 11 1482 12 1483 1 1484 10 1485 11 1486 1 1487 7 1488 10 1489 11 1490 11 1491 12 1492 37 1493 11 1494 12 1495 14 1496 1 1497 10 1498 11 1499 12 1500 1 1501 7 1502 1 1503 7 1504 1 1505 7 1506 10 1507 49 1508 11 1509 12 1510 11 1511 12 1512 14 1513 30 1514 12 1515 29 1516 30 1517 34 1518 10 1519 11 1520 12 1521 34 1522 11 1523 12 1524 34 1525 12 1526 34 1527 1 1528 2 1529 7 1530 1 1531 7 1532 9 1533 1 1534 2 1535 7 1536 11 1537 12 1538 34 1539 12 1540 29 1541 30 1542 34 1543 34 1544 35 1545 34 1546 35 1547 34 1548 35 1549 35 1550 35 1551 34 1552 35 1553 35 1554 34 1555 35 1556 34 1557 35 1558 34 1559 35 1560 35 1561 35 1562 34 1563 35 1564 35 1565 11 1566 12 1567 34 1568 37 1569 11 1570 12 1571 34 1572 37 1573 11 1574 12 1575 34 1576 37 1577 11 1578 12 1579 34 1580 37 1581 35 1582 36 1583 35 1584 36 1585 35 1586 36 1587 46 1588 35 1589 36 1590 46 1591 47 1592 35 1593 36 1594 43 1595 46 1596 35 1597 36 1598 43 1599 46 1600 35 1601 36 1602 40 1603 43 1604 35 1605 36 1606 35 1607 36 1608 37 1609 35 1610 36 1611 37 1612 35 1613 36 1614 37 1615 35 1616 36 1617 35 1618 36 1619 37 1620 38 1621 35 1622 36 1623 37 1624 35 1625 36 1626 37 1627 35 1628 36 1629 37 1630 38 1631 35 1632 36 1633 37 1634 38 1635 37 1636 38 1637 39 1638 37 1639 38 1640 39 1641 36 1642 37 1643 38 1644 39 1645 35 1646 37 1647 38 1648 39 1649 37 1650 38 1651 39 1652 36 1653 37 1654 38 1655 40 1656 35 1657 36 1658 37 1659 40 1660 37 1661 38 1662 39 1663 37 1664 38 1665 39 1666 37 1667 38 1668 39 1669 38 1670 39 1671 38 1672 39 1673 37 1674 38 1675 39 1676 37 1677 38 1678 39 1679 37 1680 38 1681 39 1682 36 1683 37 1684 40 1685 35 1686 36 1687 37 1688 36 1689 40 1690 41 1691 36 1692 37 1693 40 1694 36 1695 40 1696 41 1697 40 1698 41 1699 42 1700 40 1701 41 1702 36 1703 40 1704 41 1705 42 1706 40 1707 41 1708 42 1709 40 1710 41 1711 42 1712 36 1713 40 1714 41 1715 36 1716 40 1717 41 1718 40 1719 41 1720 36 1721 40 1722 41 1723 40 1724 41 1725 36 1726 40 1727 41 1728 44 1729 40 1730 41 1731 42 1732 40 1733 41 1734 42 1735 40 1736 41 1737 42 1738 40 1739 41 1740 42 1741 36 1742 40 1743 41 1744 43 1745 36 1746 40 1747 41 1748 43 1749 36 1750 40 1751 43 1752 44 1753 40 1754 43 1755 44 1756 43 1757 44 1758 45 1759 36 1760 43 1761 36 1762 43 1763 44 1764 36 1765 43 1766 44 1767 46 1768 36 1769 43 1770 44 1771 36 1772 43 1773 46 1774 47 1775 36 1776 43 1777 44 1778 36 1779 43 1780 44 1781 43 1782 44 1783 45 1784 43 1785 44 1786 45 1787 43 1788 44 1789 45 1790 43 1791 44 1792 45 1793 43 1794 44 1795 45 1796 46 1797 43 1798 44 1799 45 1800 43 1801 44 1802 45 1803 45 1804 45 1805 45 1806 1 1807 10 1808 11 1809 49 1810 1 1811 10 1812 11 1813 49 1814 1 1815 10 1816 11 1817 49 1818 1 1819 10 1820 11 1821 49 1822 49 1823 49 1824 1 1825 10 1826 49 1827 1 1828 10 1829 49 1830 1 1831 10 1832 49 1833 1 1834 10 1835 11 1836 49 1837 1 1838 10 1839 11 1840 49 1841 1 1842 7 1843 10 1844 11 1845 9 1846 9 1847 9 1848 9 1849 9 1850 9 1851 9 1852 9 1853 9 1854 9 1855 9 1856 9 1857 9 1858 9 1859 9 1860 9 1861 9 1862 9 1863 9 1864 9 1865 9 1866 9 1867 9 1868 9 1869 9 1870 9 1871 9 1872 9 1873 9 1874 9 1875 9 1876 9 1877 9 1878 9 1879 9 1880 9 1881 9 1882 35 1883 36 1884 35 1885 36 1886 35 1887 36 1888 35 1889 36 1890 37 1891 38 1892 36 1893 37 1894 38 1895 35 1896 36 1897 37 1898 38 1899 36 1900 46 1901 36 1902 37 1903 43 1904 46 1905 36 1906 37 1907 40 1908 36 1909 46 1910 47 1911 35 1912 36 1913 46 1914 47 1915 36 1916 46 1917 47 1918 36 1919 46 1920 47 1921 36 1922 46 1923 47 1924 36 1925 46 1926 47 1927 36 1928 46 1929 47 1930 46 1931 47 1932 46 1933 48 1934 46 1935 47 1936 36 1937 46 1938 47 1939 46 1940 47 1941 48 1942 46 1943 47 1944 48 1945 48 1946 36 1947 43 1948 44 1949 36 1950 43 1951 44 1952 46 1953 36 1954 43 1955 44 1956 47 1957 36 1958 43 1959 44 1960 36 1961 43 1962 44 1963 36 1964 43 1965 44 1966 43 1967 44 1968 45 1969 43 1970 44 1971 45 1972 36 1973 43 1974 44 1975 43 1976 44 1977 45 1978 43 1979 44 1980 45 1981 45 1982 45 1983 45 1984 36 1985 40 1986 41 1987 43 1988 40 1989 41 1990 42 1991 36 1992 40 1993 41 1994 42 1995 36 1996 40 1997 41 1998 42 1999 40 2000 41 2001 42 2002 40 2003 41 2004 44 2005 40 2006 41 2007 42 2008 41 2009 42 2010 42 2011 41 2012 42 2013 40 2014 41 2015 42 2016 44 2017 36 2018 37 2019 40 2020 41 2021 36 2022 37 2023 38 2024 37 2025 38 2026 39 2027 37 2028 38 2029 39 2030 36 2031 37 2032 38 2033 39 2034 37 2035 38 2036 39 2037 37 2038 38 2039 39 2040 36 2041 37 2042 38 2043 39 2044 37 2045 38 2046 39 2047 38 2048 39 2049 39 2050 37 2051 38 2052 39 2053 37 2054 38 2055 39 2056 39 2057 39 2058 39 2059 39 2060 47 2061 48 2062 48 2063 48 2064 48 2065 47 2066 48 2067 46 2068 47 2069 48 2070 46 2071 47 2072 48 2073 46 2074 47 2075 48 2076 46 2077 47 2078 48 2079 46 2080 47 2081 48 2082 46 2083 47 2084 36 2085 46 2086 47 2087 46 2088 47 2089 36 2090 46 2091 47 2092 35 2093 36 2094 46 2095 47 2096 36 2097 46 2098 47 2099 36 2100 46 2101 47 2102 36 2103 46 2104 47 2105 46 2106 47 2107 48 2108 46 2109 47 2110 48 2111 40 2112 41 2113 42 2114 41 2115 42 2116 40 2117 41 2118 42 2119 41 2120 42 2121 41 2122 42 2123 1 2124 7 2125 10 2126 11 2127 39 2128 39 2129 11 2130 12 2131 30 2132 34 2133 11 2134 12 2135 29 2136 30 2137 12 2138 29 2139 34 2140 1 2141 10 2142 11 2143 1 2144 10 2145 11 2146 1 2147 10 2148 11 2149 1 2150 10 2151 11 2152 30 2153 30 2154 30 2155 30 2156 30 2157 30 2158 30 2159 30 2160 30 2161 30 2162 32 2163 30 2164 30 2165 30 2166 30 2167 30 2168 30 2169 30 2170 30 2171 30 2172 30 2173 30 2174 30 2175 30 2176 30 2177 30 2178 30 2179 30 2180 30 2181 30 2182 30 2183 32 2184 30 2185 30 2186 32 2187 30 2188 30 2189 30 2190 30 2191 30 2192 30 2193 30 2194 30 2195 30 2196 30 2197 30 2198 30 2199 30 2200 30 2201 32 2202 30 2203 30 2204 30 2205 30 2206 30 2207 30 2208 32 2209 30 2210 30 2211 30 2212 30 2213 30 2214 32 2215 30 2216 32 2217 30 2218 30 2219 30 2220 30 2221 30 2222 30 2223 30 2224 30 2225 30 2226 30 2227 30 2228 30 2229 30 2230 30 2231 30 2232 30 2233 30 2234 30 2235 30 2236 30 2237 30 2238 30 2239 30 2240 30 2241 30 2242 30 2243 30 2244 30 2245 30 2246 30 2247 30 2248 30 2249 30 2250 30 2251 30 2252 30 2253 30 2254 30 2255 30 2256 30 2257 30 2258 29 2259 30 2260 29 2261 30 2262 30 2263 29 2264 30 2265 29 2266 30 2267 30 2268 30 2269 30 2270 30 2271 30 2272 30 2273 30 2274 30 2275 30 2276 29 2277 30 2278 30 2279 30 2280 30 2281 30 2282 30 2283 30 2284 30 2285 30 2286 30 2287 30 2288 30 2289 30 2290 30 2291 30 2292 30 2293 30 2294 30 2295 30 2296 30 2297 30 2298 30 2299 30 2300 30 2301 30 2302 30 2303 30 2304 30 2305 30 2306 30 2307 30 2308 30 2309 30 2310 30 2311 30 2312 30 2313 30 2314 30 2315 30 2316 30 2317 30 2318 30 2319 30 2320 30 2321 30 2322 30 2323 30 2324 30 2325 30 2326 30 2327 30 2328 30 2329 30 2330 30 2331 30 2332 30 2333 30 2334 30 2335 30 2336 30 2337 30 2338 30 2339 30 2340 30 2341 30 2342 30 2343 30 2344 30 2345 30 2346 30 2347 30 2348 30 2349 30 2350 30 2351 30 2352 30 2353 30 2354 30 2355 30 2356 30 2357 30 2358 30 2359 30 2360 30 2361 30 2362 30 2363 30 2364 30 2365 30 2366 30 2367 30 2368 30 2369 30 2370 30 2371 30 2372 30 2373 30 2374 30 2375 30 2376 30 2377 30 2378 30 2379 30 2380 30 2381 30 2382 29 2383 30 2384 29 2385 30 2386 30 2387 30 2388 30 2389 30 2390 29 2391 30 2392 29 2393 30 2394 29 2395 30 2396 29 2397 30 2398 30 2399 30 2400 30 2401 30 2402 29 2403 30 2404 29 2405 30 2406 30 2407 30 2408 29 2409 30 2410 29 2411 30 2412 29 2413 30 2414 29 2415 30 2416 29 2417 30 2418 30 2419 30 2420 30 2421 30 2422 30 2423 30 2424 30 2425 30 2426 30 2427 30 2428 30 2429 30 2430 30 2431 30 2432 30 2433 30 2434 30 2435 30 2436 30 2437 30 2438 30 2439 30 2440 30 2441 30 2442 29 2443 30 2444 29 2445 30 2446 29 2447 30 2448 29 2449 30 2450 29 2451 30 2452 29 2453 30 2454 29 2455 30 2456 29 2457 30 2458 29 2459 30 2460 29 2461 30 2462 29 2463 30 2464 29 2465 30 2466 29 2467 30 2468 29 2469 30 2470 29 2471 30 2472 29 2473 30 2474 29 2475 30 2476 30 2477 30 2478 30 2479 30 2480 30 2481 30 2482 30 2483 30 2484 30 2485 30 2486 30 2487 30 2488 30 2489 30 2490 30 2491 30 2492 30 2493 30 2494 30 2495 30 2496 30 2497 30 2498 30 2499 30 2500 30 2501 30 2502 30 2503 30 2504 30 2505 30 2506 30 2507 30 2508 30 2509 29 2510 30 2511 29 2512 30 2513 29 2514 30 2515 29 2516 30 2517 29 2518 30 2519 29 2520 30 2521 29 2522 30 2523 29 2524 30 2525 29 2526 30 2527 29 2528 30 2529 29 2530 30 2531 29 2532 30 2533 29 2534 30 2535 29 2536 30 2537 29 2538 30 2539 29 2540 30 2541 29 2542 30 2543 29 2544 30 2545 29 2546 30 2547 29 2548 30 2549 30 2550 30 2551 30 2552 30 2553 30 2554 30 2555 30 2556 30 2557 30 2558 30 2559 30 2560 30 2561 30 2562 29 2563 30 2564 29 2565 30 2566 29 2567 30 2568 30 2569 30 2570 30 2571 30 2572 30 2573 30 2574 30 2575 30 2576 30 2577 30 2578 30 2579 30 2580 30 2581 30 2582 30 2583 30 2584 30 2585 30 2586 30 2587 30 2588 30 2589 30 2590 30 2591 30 2592 30 2593 30 2594 30 2595 30 2596 30 2597 30 2598 30 2599 30 2600 30 2601 30 2602 30 2603 30 2604 30 2605 30 2606 30 2607 30 2608 30 2609 29 2610 30 2611 30 2612 29 2613 30 2614 29 2615 30 2616 30 2617 30 2618 29 2619 30 2620 29 2621 30 2622 30 2623 29 2624 30 2625 30 2626 30 2627 29 2628 30 2629 29 2630 30 2631 29 2632 30 2633 29 2634 30 2635 29 2636 30 2637 30 2638 29 2639 30 2640 30 2641 30 2642 30 2643 30 2644 29 2645 30 2646 30 2647 30 2648 30 2649 30 2650 30 2651 30 2652 30 2653</v>
        </vertex_weights>
      </skin>
    </controller>
  </library_controllers>
  <library_visual_scenes>
    <visual_scene id="Scene" name="Scene">
      <node id="Player_1" name="Player_1" type="NODE">
        <matrix sid="transform">1 0 0 0 0 -1.62921e-7 -1 0 0 1 -1.62921e-7 0 0 0 0 1</matrix>
        <node id="Player_1_Backom_Bip_01" name="Backom_Bip 01" sid="Backom_Bip_01" type="JOINT">
          <matrix sid="transform">1.46552e-6 1 7.92364e-8 0.05128915 1.18696e-7 -7.92367e-8 1 0.254142 1 -1.5055e-6 -1.18696e-7 0.2699919 0 0 0 1</matrix>
          <node id="Player_1_Backom_Bip_Pelvis" name="Backom_Bip Pelvis" sid="Backom_Bip_Pelvis" type="JOINT">
            <matrix sid="transform">1.84546e-7 0.9999999 -1.37486e-6 -0.3711733 1.3647e-6 1.37486e-6 1 -0.05128861 1 -1.28893e-7 -1.3647e-6 -0.03262976 0 0 0 1</matrix>
            <node id="Player_1_Backom_Bip_L_Thigh" name="Backom_Bip L Thigh" sid="Backom_Bip_L_Thigh" type="JOINT">
              <matrix sid="transform">-0.9937114 -0.09173194 -0.06421122 1.3411e-7 -0.1095436 0.915219 0.3877823 1.23183e-7 0.02319529 0.3923779 -0.9195116 0.1021517 0 0 0 1</matrix>
              <node id="Player_1_Backom_Bip_L_Calf" name="Backom_Bip L Calf" sid="Backom_Bip_L_Calf" type="JOINT">
                <matrix sid="transform">0.9881804 0.1532953 -3.61353e-7 0.1034217 -0.1532953 0.9881805 1.19209e-7 -1.11759e-8 3.7998e-7 -5.96046e-8 1 4.47035e-8 0 0 0 1</matrix>
                <node id="Player_1_Backom_Bip_L_Foot" name="Backom_Bip L Foot" sid="Backom_Bip_L_Foot" type="JOINT">
                  <matrix sid="transform">0.9679039 -0.2438757 -0.06071797 0.08087841 0.2429797 0.9697855 -0.02183995 6.51926e-8 0.06420965 0.006385833 0.997916 1.49012e-8 0 0 0 1</matrix>
                  <node id="Player_1_Backom_Bip_L_Toe0" name="Backom_Bip L Toe0" sid="Backom_Bip_L_Toe0" type="JOINT">
                    <matrix sid="transform">4.80647e-8 -1 1.67686e-7 0.03574442 0.857167 1.77705e-7 0.5150386 0.06755444 -0.5150386 8.88524e-8 0.857167 -0.02836499 0 0 0 1</matrix>
                    <extra>
                      <technique profile="blender">
                        <layer sid="layer" type="string">0</layer>
                        <roll sid="roll" type="float">-0.6370452</roll>
                        <tip_x sid="tip_x" type="float">0</tip_x>
                        <tip_y sid="tip_y" type="float">0.08385342</tip_y>
                        <tip_z sid="tip_z" type="float">0</tip_z>
                      </technique>
                    </extra>
                  </node>
                  <node id="Player_1_Backom_Bip_L_Toe2" name="Backom_Bip L Toe2" sid="Backom_Bip_L_Toe2" type="JOINT">
                    <matrix sid="transform">2.58048e-7 -1 9.8341e-9 0.03733388 0.9238798 1.88811e-7 -0.3826827 0.07156038 0.3826827 8.88524e-8 0.9238798 0.03021801 0 0 0 1</matrix>
                    <extra>
                      <technique profile="blender">
                        <layer sid="layer" type="string">0</layer>
                        <roll sid="roll" type="float">-1.570796</roll>
                        <tip_x sid="tip_x" type="float">0</tip_x>
                        <tip_y sid="tip_y" type="float">0.08385342</tip_y>
                        <tip_z sid="tip_z" type="float">0</tip_z>
                      </technique>
                    </extra>
                  </node>
                  <extra>
                    <technique profile="blender">
                      <layer sid="layer" type="string">0</layer>
                      <roll sid="roll" type="float">-1.178098</roll>
                      <tip_x sid="tip_x" type="float">0.03208929</tip_x>
                      <tip_y sid="tip_y" type="float">0</tip_y>
                      <tip_z sid="tip_z" type="float">0.07747048</tip_z>
                    </technique>
                  </extra>
                </node>
                <extra>
                  <technique profile="blender">
                    <layer sid="layer" type="string">0</layer>
                    <roll sid="roll" type="float">-1.089339</roll>
                    <tip_x sid="tip_x" type="float">0.0316475</tip_x>
                    <tip_y sid="tip_y" type="float">-0.01965177</tip_y>
                    <tip_z sid="tip_z" type="float">0.07178825</tip_z>
                  </technique>
                </extra>
              </node>
              <extra>
                <technique profile="blender">
                  <layer sid="layer" type="string">0</layer>
                  <roll sid="roll" type="float">-1.101245</roll>
                  <tip_x sid="tip_x" type="float">0.04058057</tip_x>
                  <tip_y sid="tip_y" type="float">-0.009487092</tip_y>
                  <tip_z sid="tip_z" type="float">0.09465324</tip_z>
                </technique>
              </extra>
            </node>
            <node id="Player_1_Backom_Bip_R_Thigh" name="Backom_Bip R Thigh" sid="Backom_Bip_R_Thigh" type="JOINT">
              <matrix sid="transform">-0.9937114 -0.09173302 0.06420851 -1.63913e-7 -0.1095436 0.9152173 -0.3877852 -1.22555e-7 -0.02319202 -0.3923801 -0.9195108 -0.1021517 0 0 0 1</matrix>
              <node id="Player_1_Backom_Bip_R_Calf" name="Backom_Bip R Calf" sid="Backom_Bip_R_Calf" type="JOINT">
                <matrix sid="transform">0.9881803 0.1532952 3.94881e-7 0.1034216 -0.1532953 0.9881805 -1.19209e-7 -6.33299e-8 -4.09782e-7 5.96046e-8 1 -7.45058e-9 0 0 0 1</matrix>
                <node id="Player_1_Backom_Bip_R_Foot" name="Backom_Bip R Foot" sid="Backom_Bip_R_Foot" type="JOINT">
                  <matrix sid="transform">0.9679041 -0.2438756 0.06071753 0.08087846 0.2429796 0.9697856 0.02184024 1.86265e-8 -0.06420927 -0.006386131 0.9979161 3.72529e-8 0 0 0 1</matrix>
                  <extra>
                    <technique profile="blender">
                      <layer sid="layer" type="string">0</layer>
                      <roll sid="roll" type="float">-1.963492</roll>
                      <tip_x sid="tip_x" type="float">-0.03095054</tip_x>
                      <tip_y sid="tip_y" type="float">0</tip_y>
                      <tip_z sid="tip_z" type="float">0.07472199</tip_z>
                    </technique>
                  </extra>
                </node>
                <extra>
                  <technique profile="blender">
                    <layer sid="layer" type="string">0</layer>
                    <roll sid="roll" type="float">-2.05225</roll>
                    <tip_x sid="tip_x" type="float">-0.03164732</tip_x>
                    <tip_y sid="tip_y" type="float">-0.01965177</tip_y>
                    <tip_z sid="tip_z" type="float">0.07178837</tip_z>
                  </technique>
                </extra>
              </node>
              <extra>
                <technique profile="blender">
                  <layer sid="layer" type="string">0</layer>
                  <roll sid="roll" type="float">-2.040345</roll>
                  <tip_x sid="tip_x" type="float">-0.04058033</tip_x>
                  <tip_y sid="tip_y" type="float">-0.009487092</tip_y>
                  <tip_z sid="tip_z" type="float">0.09465336</tip_z>
                </technique>
              </extra>
            </node>
            <node id="Player_1_Backom_Bip_Spine" name="Backom_Bip Spine" sid="Backom_Bip_Spine" type="JOINT">
              <matrix sid="transform">0.9978169 0.06604062 1.34531e-6 0.05581672 -0.06604062 0.997817 4.13639e-6 -1.27356e-4 -1.0692e-6 -4.21621e-6 1 -7.89328e-8 0 0 0 1</matrix>
              <node id="Player_1_Backom_Bip_Spine1" name="Backom_Bip Spine1" sid="Backom_Bip_Spine1" type="JOINT">
                <matrix sid="transform">0.9984729 -0.05524554 -4.20859e-9 0.1602943 0.05524554 0.9984728 -1.15645e-8 -1.27457e-4 4.84105e-9 1.13142e-8 1 -5.19005e-8 0 0 0 1</matrix>
                <node id="Player_1_Backom_Bip_Spine2" name="Backom_Bip Spine2" sid="Backom_Bip_Spine2" type="JOINT">
                  <matrix sid="transform">0.9872284 -0.1593118 -3.18783e-7 0.1603079 0.1593118 0.9872283 -3.6969e-8 -1.26027e-4 3.20601e-7 -1.42888e-8 1 -1.88368e-8 0 0 0 1</matrix>
                  <node id="Player_1_Backom_Bip_L_Clavicle" name="Backom_Bip L Clavicle" sid="Backom_Bip_L_Clavicle" type="JOINT">
                    <matrix sid="transform">-0.2242566 -7.96914e-4 0.97453 0.05966854 1.7608e-4 -0.9999999 -7.66277e-4 -0.03086716 0.9745306 -2.74098e-6 0.2242566 0.04165091 0 0 0 1</matrix>
                    <node id="Player_1_Backom_Bip_L_UpperArm" name="Backom_Bip L UpperArm" sid="Backom_Bip_L_UpperArm" type="JOINT">
                      <matrix sid="transform">0.9696512 0.04161547 0.2409244 0.07746822 -0.07521507 0.9883931 0.1319914 -5.96046e-8 -0.2326351 -0.1461068 0.9615267 -1.19209e-7 0 0 0 1</matrix>
                      <node id="Player_1_Backom_Bip_L_Forearm" name="Backom_Bip L Forearm" sid="Backom_Bip_L_Forearm" type="JOINT">
                        <matrix sid="transform">0.9725349 0.2327564 -2.68486e-6 0.1110812 -0.2327564 0.972535 6.70475e-7 -2.40747e-7 2.79525e-6 -2.93914e-8 0.9999999 0 0 0 0 1</matrix>
                        <node id="Player_1_Backom_Bip_L_Hand" name="Backom_Bip L Hand" sid="Backom_Bip_L_Hand" type="JOINT">
                          <matrix sid="transform">0.9816833 0.1904427 0.005427286 0.1205763 0.004581049 -0.05207337 0.9986328 -2.01166e-7 0.1904649 -0.9803162 -0.05199206 -4.17233e-7 0 0 0 1</matrix>
                          <node id="Player_1_Backom_Bip_L_Finger0" name="Backom_Bip L Finger0" sid="Backom_Bip_L_Finger0" type="JOINT">
                            <matrix sid="transform">0.2392007 0.7228876 0.6482413 0.03014883 0.8126719 0.2163049 -0.5410884 0.02966577 -0.5313638 0.6562362 -0.5357302 -0.03730634 0 0 0 1</matrix>
                            <node id="Player_1_Backom_Bip_L_Finger01" name="Backom_Bip L Finger01" sid="Backom_Bip_L_Finger01" type="JOINT">
                              <matrix sid="transform">0.9996573 0.02617729 -3.72529e-6 0.02962637 -0.02617732 0.9996573 2.38419e-7 -2.23517e-8 3.72529e-6 -2.08616e-7 0.9999999 1.49012e-7 0 0 0 1</matrix>
                              <node id="Player_1_Backom_Bip_L_Finger02" name="Backom_Bip L Finger02" sid="Backom_Bip_L_Finger02" type="JOINT">
                                <matrix sid="transform">0.9723696 -0.2334467 6.85453e-7 0.01815575 0.2334467 0.9723695 2.08616e-7 1.30385e-8 -7.7486e-7 -5.96046e-8 0.9999999 -5.96046e-8 0 0 0 1</matrix>
                                <extra>
                                  <technique profile="blender">
                                    <layer sid="layer" type="string">0</layer>
                                    <roll sid="roll" type="float">0.1751633</roll>
                                    <tip_x sid="tip_x" type="float">0.01364678</tip_x>
                                    <tip_y sid="tip_y" type="float">-0.005983531</tip_y>
                                    <tip_z sid="tip_z" type="float">-0.01037251</tip_z>
                                  </technique>
                                </extra>
                              </node>
                              <extra>
                                <technique profile="blender">
                                  <layer sid="layer" type="string">0</layer>
                                  <roll sid="roll" type="float">-0.003265082</roll>
                                  <tip_x sid="tip_x" type="float">0.013453</tip_x>
                                  <tip_y sid="tip_y" type="float">-0.009377181</tip_y>
                                  <tip_z sid="tip_z" type="float">-0.007791697</tip_z>
                                </technique>
                              </extra>
                            </node>
                            <extra>
                              <technique profile="blender">
                                <layer sid="layer" type="string">0</layer>
                                <roll sid="roll" type="float">0.01964455</roll>
                                <tip_x sid="tip_x" type="float">0.02204847</tip_x>
                                <tip_y sid="tip_y" type="float">-0.01472282</tip_y>
                                <tip_z sid="tip_z" type="float">-0.01322174</tip_z>
                              </technique>
                            </extra>
                          </node>
                          <node id="Player_1_Backom_Bip_L_Finger1" name="Backom_Bip L Finger1" sid="Backom_Bip_L_Finger1" type="JOINT">
                            <matrix sid="transform">0.8659695 0.1788449 0.4670237 0.06553663 -0.02460047 0.9479703 -0.3174067 -0.00324887 -0.4994912 0.2633755 0.8253132 -0.03458038 0 0 0 1</matrix>
                            <node id="Player_1_Backom_Bip_L_Finger11" name="Backom_Bip L Finger11" sid="Backom_Bip_L_Finger11" type="JOINT">
                              <matrix sid="transform">0.999391 -0.03489965 9.83477e-7 0.02194488 0.03489963 0.9993908 -5.21541e-8 1.78814e-7 -1.07288e-6 9.68575e-8 1 0 0 0 0 1</matrix>
                              <node id="Player_1_Backom_Bip_L_Finger12" name="Backom_Bip L Finger12" sid="Backom_Bip_L_Finger12" type="JOINT">
                                <matrix sid="transform">0.9681474 -0.2503804 -4.52995e-6 0.02157901 0.2503804 0.9681475 -8.49366e-7 1.19209e-7 4.61936e-6 -2.98023e-7 1 1.49012e-7 0 0 0 1</matrix>
                                <extra>
                                  <technique profile="blender">
                                    <layer sid="layer" type="string">0</layer>
                                    <roll sid="roll" type="float">2.131813</roll>
                                    <tip_x sid="tip_x" type="float">-0.005522429</tip_x>
                                    <tip_y sid="tip_y" type="float">-0.01975393</tip_y>
                                    <tip_z sid="tip_z" type="float">-0.006703615</tip_z>
                                  </technique>
                                </extra>
                              </node>
                              <extra>
                                <technique profile="blender">
                                  <layer sid="layer" type="string">0</layer>
                                  <roll sid="roll" type="float">1.749496</roll>
                                  <tip_x sid="tip_x" type="float">-0.001694858</tip_x>
                                  <tip_y sid="tip_y" type="float">-0.02128159</tip_y>
                                  <tip_z sid="tip_z" type="float">-0.003142654</tip_z>
                                </technique>
                              </extra>
                            </node>
                            <extra>
                              <technique profile="blender">
                                <layer sid="layer" type="string">0</layer>
                                <roll sid="roll" type="float">1.587281</roll>
                                <tip_x sid="tip_x" type="float">-0.001172363</tip_x>
                                <tip_y sid="tip_y" type="float">-0.02174967</tip_y>
                                <tip_z sid="tip_z" type="float">-0.002675056</tip_z>
                              </technique>
                            </extra>
                          </node>
                          <node id="Player_1_Backom_Bip_L_Finger2" name="Backom_Bip L Finger2" sid="Backom_Bip_L_Finger2" type="JOINT">
                            <matrix sid="transform">0.9895802 0.1396919 -0.03489071 0.07370687 -0.1384541 0.9897256 0.0356902 -0.00276053 0.03951786 -0.03048754 0.9987537 0.001725636 0 0 0 1</matrix>
                            <node id="Player_1_Backom_Bip_L_Finger21" name="Backom_Bip L Finger21" sid="Backom_Bip_L_Finger21" type="JOINT">
                              <matrix sid="transform">0.9999999 1.9744e-7 8.49366e-7 0.02714357 -1.86265e-7 0.9999999 -5.06639e-7 2.38419e-7 -8.64267e-7 5.36442e-7 1 -8.19564e-8 0 0 0 1</matrix>
                              <node id="Player_1_Backom_Bip_L_Finger22" name="Backom_Bip L Finger22" sid="Backom_Bip_L_Finger22" type="JOINT">
                                <matrix sid="transform">0.95882 -0.2840145 2.83122e-7 0.02018824 0.2840145 0.9588201 1.49012e-7 -1.19209e-7 -3.12924e-7 -7.45058e-8 1 5.96046e-8 0 0 0 1</matrix>
                                <extra>
                                  <technique profile="blender">
                                    <layer sid="layer" type="string">0</layer>
                                    <roll sid="roll" type="float">-2.487805</roll>
                                    <tip_x sid="tip_x" type="float">-0.008685588</tip_x>
                                    <tip_y sid="tip_y" type="float">-0.01811152</tip_y>
                                    <tip_z sid="tip_z" type="float">0.002025008</tip_z>
                                  </technique>
                                </extra>
                              </node>
                              <extra>
                                <technique profile="blender">
                                  <layer sid="layer" type="string">0</layer>
                                  <roll sid="roll" type="float">-1.417251</roll>
                                  <tip_x sid="tip_x" type="float">-0.003226935</tip_x>
                                  <tip_y sid="tip_y" type="float">-0.01967358</tip_y>
                                  <tip_z sid="tip_z" type="float">0.003178477</tip_z>
                                </technique>
                              </extra>
                            </node>
                            <extra>
                              <technique profile="blender">
                                <layer sid="layer" type="string">0</layer>
                                <roll sid="roll" type="float">-1.417251</roll>
                                <tip_x sid="tip_x" type="float">-0.004338741</tip_x>
                                <tip_y sid="tip_y" type="float">-0.02645158</tip_y>
                                <tip_z sid="tip_z" type="float">0.004273533</tip_z>
                              </technique>
                            </extra>
                          </node>
                          <node id="Player_1_Backom_Bip_L_Finger3" name="Backom_Bip L Finger3" sid="Backom_Bip_L_Finger3" type="JOINT">
                            <matrix sid="transform">0.7463668 0.323517 -0.5816128 0.06648175 -0.155843 0.9345624 0.3198533 0.007899165 0.6470314 -0.1480876 0.7479442 0.0362623 0 0 0 1</matrix>
                            <node id="Player_1_Backom_Bip_L_Finger31" name="Backom_Bip L Finger31" sid="Backom_Bip_L_Finger31" type="JOINT">
                              <matrix sid="transform">0.9999619 -0.008726537 -8.64267e-7 0.02442917 0.008726537 0.9999619 -8.9407e-8 -5.96046e-8 8.04663e-7 0 1 -5.96046e-8 0 0 0 1</matrix>
                              <node id="Player_1_Backom_Bip_L_Finger32" name="Backom_Bip L Finger32" sid="Backom_Bip_L_Finger32" type="JOINT">
                                <matrix sid="transform">0.9025865 -0.4305086 -9.83477e-7 0.01446819 0.4305086 0.9025865 -1.81794e-6 -1.78814e-7 1.68383e-6 1.16229e-6 1 2.98023e-8 0 0 0 1</matrix>
                                <extra>
                                  <technique profile="blender">
                                    <layer sid="layer" type="string">0</layer>
                                    <roll sid="roll" type="float">-1.775356</roll>
                                    <tip_x sid="tip_x" type="float">-0.005459249</tip_x>
                                    <tip_y sid="tip_y" type="float">-0.01143646</tip_y>
                                    <tip_z sid="tip_z" type="float">0.006980836</tip_z>
                                  </technique>
                                </extra>
                              </node>
                              <extra>
                                <technique profile="blender">
                                  <layer sid="layer" type="string">0</layer>
                                  <roll sid="roll" type="float">-0.5271932</roll>
                                  <tip_x sid="tip_x" type="float">-3.41237e-5</tip_x>
                                  <tip_y sid="tip_y" type="float">-0.01374244</tip_y>
                                  <tip_z sid="tip_z" type="float">0.004524528</tip_z>
                                </technique>
                              </extra>
                            </node>
                            <extra>
                              <technique profile="blender">
                                <layer sid="layer" type="string">0</layer>
                                <roll sid="roll" type="float">-0.4793277</roll>
                                <tip_x sid="tip_x" type="float">1.2818e-4</tip_x>
                                <tip_y sid="tip_y" type="float">-0.02323603</tip_y>
                                <tip_z sid="tip_z" type="float">0.007540106</tip_z>
                              </technique>
                            </extra>
                          </node>
                          <extra>
                            <technique profile="blender">
                              <layer sid="layer" type="string">0</layer>
                              <roll sid="roll" type="float">-2.273317</roll>
                              <tip_x sid="tip_x" type="float">-0.0201779</tip_x>
                              <tip_y sid="tip_y" type="float">-0.06681448</tip_y>
                              <tip_z sid="tip_z" type="float">0.006764411</tip_z>
                            </technique>
                          </extra>
                        </node>
                        <extra>
                          <technique profile="blender">
                            <layer sid="layer" type="string">0</layer>
                            <roll sid="roll" type="float">0.2368953</roll>
                            <tip_x sid="tip_x" type="float">0.02596914</tip_x>
                            <tip_y sid="tip_y" type="float">-0.0131011</tip_y>
                            <tip_z sid="tip_z" type="float">-0.1170153</tip_z>
                          </technique>
                        </extra>
                      </node>
                      <extra>
                        <technique profile="blender">
                          <layer sid="layer" type="string">0</layer>
                          <roll sid="roll" type="float">0.4594283</roll>
                          <tip_x sid="tip_x" type="float">8.65184e-4</tip_x>
                          <tip_y sid="tip_y" type="float">-4.36425e-4</tip_y>
                          <tip_z sid="tip_z" type="float">-0.111077</tip_z>
                        </technique>
                      </extra>
                    </node>
                    <extra>
                      <technique profile="blender">
                        <layer sid="layer" type="string">0</layer>
                        <roll sid="roll" type="float">0.2261815</roll>
                        <tip_x sid="tip_x" type="float">0</tip_x>
                        <tip_y sid="tip_y" type="float">0.01145273</tip_y>
                        <tip_z sid="tip_z" type="float">-0.076617</tip_z>
                      </technique>
                    </extra>
                  </node>
                  <node id="Player_1_Backom_Bip_Neck" name="Backom_Bip Neck" sid="Backom_Bip_Neck" type="JOINT">
                    <matrix sid="transform">0.9588199 -0.2840149 -9.2185e-7 0.1603015 0.2840149 0.9588199 -1.56815e-7 -4.84288e-5 9.28426e-7 -1.11462e-7 1 -2.36824e-9 0 0 0 1</matrix>
                    <node id="Player_1_Backom_Bip_Head" name="Backom_Bip Head" sid="Backom_Bip_Head" type="JOINT">
                      <matrix sid="transform">0.9969818 -0.07763577 5.30424e-8 0.06339043 0.07763574 0.9969817 8.48502e-10 0 -5.29482e-8 3.27202e-9 1 -4.83283e-9 0 0 0 1</matrix>
                      <node id="Player_1_Backom_Bip_Ponytail1" name="Backom_Bip Ponytail1" sid="Backom_Bip_Ponytail1" type="JOINT">
                        <matrix sid="transform">0.4445994 0.8532629 0.2725329 0.1996855 -0.6426319 0.0918982 0.7606438 -0.06683886 0.6239837 -0.5133202 0.5891917 0.05755978 0 0 0 1</matrix>
                        <extra>
                          <technique profile="blender">
                            <layer sid="layer" type="string">0</layer>
                            <roll sid="roll" type="float">0.5795545</roll>
                            <tip_x sid="tip_x" type="float">-0.112749</tip_x>
                            <tip_y sid="tip_y" type="float">0.1531795</tip_y>
                            <tip_z sid="tip_z" type="float">0.1098563</tip_z>
                          </technique>
                        </extra>
                      </node>
                      <node id="Player_1_Backom_Bip_Ponytail2" name="Backom_Bip Ponytail2" sid="Backom_Bip_Ponytail2" type="JOINT">
                        <matrix sid="transform">0.472241 0.8485444 -0.2386644 0.2009147 -0.5720447 0.08902481 -0.8153769 -0.07072192 -0.6706366 0.5215811 0.5274465 -0.05890668 0 0 0 1</matrix>
                        <extra>
                          <technique profile="blender">
                            <layer sid="layer" type="string">0</layer>
                            <roll sid="roll" type="float">2.654787</roll>
                            <tip_x sid="tip_x" type="float">0.1145637</tip_x>
                            <tip_y sid="tip_y" type="float">0.1525881</tip_y>
                            <tip_z sid="tip_z" type="float">0.1087969</tip_z>
                          </technique>
                        </extra>
                      </node>
                      <extra>
                        <technique profile="blender">
                          <layer sid="layer" type="string">0</layer>
                          <roll sid="roll" type="float">1.570793</roll>
                          <tip_x sid="tip_x" type="float">-3.24446e-7</tip_x>
                          <tip_y sid="tip_y" type="float">-0.1081591</tip_y>
                          <tip_z sid="tip_z" type="float">0.191171</tip_z>
                        </technique>
                      </extra>
                    </node>
                    <extra>
                      <technique profile="blender">
                        <layer sid="layer" type="string">0</layer>
                        <roll sid="roll" type="float">1.570793</roll>
                        <tip_x sid="tip_x" type="float">0</tip_x>
                        <tip_y sid="tip_y" type="float">-0.02683734</tip_y>
                        <tip_z sid="tip_z" type="float">0.05742913</tip_z>
                      </technique>
                    </extra>
                  </node>
                  <node id="Player_1_Backom_Bip_R_Clavicle" name="Backom_Bip R Clavicle" sid="Backom_Bip_R_Clavicle" type="JOINT">
                    <matrix sid="transform">-0.224256 -7.96065e-4 -0.9745301 0.05966854 1.81179e-4 -0.9999998 7.85947e-4 -0.03086694 -0.9745306 -2.6929e-6 0.224256 -0.0416511 0 0 0 1</matrix>
                    <node id="Player_1_Backom_Bip_R_UpperArm" name="Backom_Bip R UpperArm" sid="Backom_Bip_R_UpperArm" type="JOINT">
                      <matrix sid="transform">0.9696509 0.04161559 -0.2409258 0.07746822 -0.07521543 0.9883929 -0.1319915 -3.72529e-8 0.2326365 0.1461071 0.9615264 5.96046e-8 0 0 0 1</matrix>
                      <node id="Player_1_Backom_Bip_R_Forearm" name="Backom_Bip R Forearm" sid="Backom_Bip_R_Forearm" type="JOINT">
                        <matrix sid="transform">0.9725355 0.2327553 -2.55951e-6 0.1110812 -0.2327552 0.9725354 8.98105e-7 2.24565e-7 2.6783e-6 -2.87652e-7 1 -1.19209e-7 0 0 0 1</matrix>
                        <node id="Player_1_Backom_Bip_R_Hand" name="Backom_Bip R Hand" sid="Backom_Bip_R_Hand" type="JOINT">
                          <matrix sid="transform">0.9816833 0.1904435 -0.005423173 0.1205761 0.004581705 -0.05205483 -0.9986336 1.37836e-7 -0.1904656 0.9803171 -0.05197373 -4.76837e-7 0 0 0 1</matrix>
                          <node id="Player_1_Backom_Bip_R_Finger0" name="Backom_Bip R Finger0" sid="Backom_Bip_R_Finger0" type="JOINT">
                            <matrix sid="transform">0.2392072 0.7228857 -0.6482407 0.03014888 0.8126635 0.2163099 0.541099 0.02966475 0.5313737 -0.6562362 -0.53572 0.03730655 0 0 0 1</matrix>
                            <node id="Player_1_Backom_Bip_R_Finger01" name="Backom_Bip R Finger01" sid="Backom_Bip_R_Finger01" type="JOINT">
                              <matrix sid="transform">0.9996573 0.02617735 -3.33786e-6 0.02962607 -0.02617723 0.9996573 -3.8743e-7 -1.32248e-7 3.36766e-6 5.66244e-7 1 0 0 0 0 1</matrix>
                              <node id="Player_1_Backom_Bip_R_Finger02" name="Backom_Bip R Finger02" sid="Backom_Bip_R_Finger02" type="JOINT">
                                <matrix sid="transform">0.9723704 -0.2334438 1.99676e-6 0.01815554 0.2334438 0.9723704 -3.8743e-7 4.47035e-8 -1.81794e-6 9.83477e-7 1 0 0 0 0 1</matrix>
                                <extra>
                                  <technique profile="blender">
                                    <layer sid="layer" type="string">0</layer>
                                    <roll sid="roll" type="float">2.966433</roll>
                                    <tip_x sid="tip_x" type="float">-0.01364678</tip_x>
                                    <tip_y sid="tip_y" type="float">-0.005983471</tip_y>
                                    <tip_z sid="tip_z" type="float">-0.01037245</tip_z>
                                  </technique>
                                </extra>
                              </node>
                              <extra>
                                <technique profile="blender">
                                  <layer sid="layer" type="string">0</layer>
                                  <roll sid="roll" type="float">3.144861</roll>
                                  <tip_x sid="tip_x" type="float">-0.013453</tip_x>
                                  <tip_y sid="tip_y" type="float">-0.009377181</tip_y>
                                  <tip_z sid="tip_z" type="float">-0.007791638</tip_z>
                                </technique>
                              </extra>
                            </node>
                            <extra>
                              <technique profile="blender">
                                <layer sid="layer" type="string">0</layer>
                                <roll sid="roll" type="float">3.121951</roll>
                                <tip_x sid="tip_x" type="float">-0.02204853</tip_x>
                                <tip_y sid="tip_y" type="float">-0.01472282</tip_y>
                                <tip_z sid="tip_z" type="float">-0.01322168</tip_z>
                              </technique>
                            </extra>
                          </node>
                          <node id="Player_1_Backom_Bip_R_Finger1" name="Backom_Bip R Finger1" sid="Backom_Bip_R_Finger1" type="JOINT">
                            <matrix sid="transform">0.8659737 0.178845 -0.467016 0.0655366 -0.02460273 0.9479701 0.3174075 -0.003249884 0.4994839 -0.2633767 0.8253173 0.03458061 0 0 0 1</matrix>
                            <node id="Player_1_Backom_Bip_R_Finger11" name="Backom_Bip R Finger11" sid="Backom_Bip_R_Finger11" type="JOINT">
                              <matrix sid="transform">0.9993908 -0.03489951 -9.53674e-6 0.02194488 0.03489951 0.9993908 3.57628e-7 -1.19209e-7 9.62615e-6 -7.07805e-7 0.9999999 2.38419e-7 0 0 0 1</matrix>
                              <node id="Player_1_Backom_Bip_R_Finger12" name="Backom_Bip R Finger12" sid="Backom_Bip_R_Finger12" type="JOINT">
                                <matrix sid="transform">0.9681476 -0.2503799 1.84774e-6 0.02157922 0.2503799 0.9681476 -2.01166e-7 -5.96046e-8 -1.66893e-6 6.55651e-7 1 -5.96046e-8 0 0 0 1</matrix>
                                <extra>
                                  <technique profile="blender">
                                    <layer sid="layer" type="string">0</layer>
                                    <roll sid="roll" type="float">1.009783</roll>
                                    <tip_x sid="tip_x" type="float">0.005522489</tip_x>
                                    <tip_y sid="tip_y" type="float">-0.01975411</tip_y>
                                    <tip_z sid="tip_z" type="float">-0.006703674</tip_z>
                                  </technique>
                                </extra>
                              </node>
                              <extra>
                                <technique profile="blender">
                                  <layer sid="layer" type="string">0</layer>
                                  <roll sid="roll" type="float">1.392099</roll>
                                  <tip_x sid="tip_x" type="float">0.001694858</tip_x>
                                  <tip_y sid="tip_y" type="float">-0.02128177</tip_y>
                                  <tip_z sid="tip_z" type="float">-0.003142714</tip_z>
                                </technique>
                              </extra>
                            </node>
                            <extra>
                              <technique profile="blender">
                                <layer sid="layer" type="string">0</layer>
                                <roll sid="roll" type="float">1.554314</roll>
                                <tip_x sid="tip_x" type="float">0.001172363</tip_x>
                                <tip_y sid="tip_y" type="float">-0.02174967</tip_y>
                                <tip_z sid="tip_z" type="float">-0.002675056</tip_z>
                              </technique>
                            </extra>
                          </node>
                          <node id="Player_1_Backom_Bip_R_Finger2" name="Backom_Bip R Finger2" sid="Backom_Bip_R_Finger2" type="JOINT">
                            <matrix sid="transform">0.98958 0.1396925 0.03489149 0.07370704 -0.1384546 0.9897255 -0.03569093 -0.002760768 -0.03951874 0.03048816 0.9987536 -0.00172551 0 0 0 1</matrix>
                            <node id="Player_1_Backom_Bip_R_Finger21" name="Backom_Bip R Finger21" sid="Backom_Bip_R_Finger21" type="JOINT">
                              <matrix sid="transform">1 4.63799e-7 -1.77324e-6 0.02714351 -4.39584e-7 0.9999999 3.72529e-7 5.96046e-8 1.77324e-6 -3.42727e-7 1 1.30385e-7 0 0 0 1</matrix>
                              <node id="Player_1_Backom_Bip_R_Finger22" name="Backom_Bip R Finger22" sid="Backom_Bip_R_Finger22" type="JOINT">
                                <matrix sid="transform">0.9588191 -0.284017 -3.12924e-6 0.02018839 0.284017 0.9588192 -5.06639e-7 -5.96046e-8 3.14415e-6 -3.8743e-7 0.9999999 7.07805e-8 0 0 0 1</matrix>
                                <extra>
                                  <technique profile="blender">
                                    <layer sid="layer" type="string">0</layer>
                                    <roll sid="roll" type="float">-0.653784</roll>
                                    <tip_x sid="tip_x" type="float">0.008685648</tip_x>
                                    <tip_y sid="tip_y" type="float">-0.01811158</tip_y>
                                    <tip_z sid="tip_z" type="float">0.002024948</tip_z>
                                  </technique>
                                </extra>
                              </node>
                              <extra>
                                <technique profile="blender">
                                  <layer sid="layer" type="string">0</layer>
                                  <roll sid="roll" type="float">-1.724339</roll>
                                  <tip_x sid="tip_x" type="float">0.003226995</tip_x>
                                  <tip_y sid="tip_y" type="float">-0.0196737</tip_y>
                                  <tip_z sid="tip_z" type="float">0.003178477</tip_z>
                                </technique>
                              </extra>
                            </node>
                            <extra>
                              <technique profile="blender">
                                <layer sid="layer" type="string">0</layer>
                                <roll sid="roll" type="float">-1.724338</roll>
                                <tip_x sid="tip_x" type="float">0.004338741</tip_x>
                                <tip_y sid="tip_y" type="float">-0.02645146</tip_y>
                                <tip_z sid="tip_z" type="float">0.004273474</tip_z>
                              </technique>
                            </extra>
                          </node>
                          <node id="Player_1_Backom_Bip_R_Finger3" name="Backom_Bip R Finger3" sid="Backom_Bip_R_Finger3" type="JOINT">
                            <matrix sid="transform">0.7463671 0.3235191 0.5816112 0.0664818 -0.1558428 0.9345611 -0.3198572 0.007899523 -0.647031 0.148091 0.7479438 -0.03626248 0 0 0 1</matrix>
                            <node id="Player_1_Backom_Bip_R_Finger31" name="Backom_Bip R Finger31" sid="Backom_Bip_R_Finger31" type="JOINT">
                              <matrix sid="transform">0.9999619 -0.00872761 -7.42078e-6 0.02442917 0.008727595 0.9999618 -2.08616e-7 1.78814e-7 7.45058e-6 1.49012e-7 0.9999999 5.96046e-8 0 0 0 1</matrix>
                              <node id="Player_1_Backom_Bip_R_Finger32" name="Backom_Bip R Finger32" sid="Backom_Bip_R_Finger32" type="JOINT">
                                <matrix sid="transform">0.9025855 -0.4305108 5.24521e-6 0.01446807 0.4305108 0.9025855 -6.25849e-7 5.96046e-8 -4.38094e-6 2.80142e-6 1 -8.9407e-8 0 0 0 1</matrix>
                                <extra>
                                  <technique profile="blender">
                                    <layer sid="layer" type="string">0</layer>
                                    <roll sid="roll" type="float">-1.366232</roll>
                                    <tip_x sid="tip_x" type="float">0.005459249</tip_x>
                                    <tip_y sid="tip_y" type="float">-0.01143634</tip_y>
                                    <tip_z sid="tip_z" type="float">0.006980717</tip_z>
                                  </technique>
                                </extra>
                              </node>
                              <extra>
                                <technique profile="blender">
                                  <layer sid="layer" type="string">0</layer>
                                  <roll sid="roll" type="float">-2.614397</roll>
                                  <tip_x sid="tip_x" type="float">3.41535e-5</tip_x>
                                  <tip_y sid="tip_y" type="float">-0.01374232</tip_y>
                                  <tip_z sid="tip_z" type="float">0.004524528</tip_z>
                                </technique>
                              </extra>
                            </node>
                            <extra>
                              <technique profile="blender">
                                <layer sid="layer" type="string">0</layer>
                                <roll sid="roll" type="float">-2.662262</roll>
                                <tip_x sid="tip_x" type="float">-1.2815e-4</tip_x>
                                <tip_y sid="tip_y" type="float">-0.02323597</tip_y>
                                <tip_z sid="tip_z" type="float">0.007540106</tip_z>
                              </technique>
                            </extra>
                          </node>
                          <extra>
                            <technique profile="blender">
                              <layer sid="layer" type="string">0</layer>
                              <roll sid="roll" type="float">-0.8682728</roll>
                              <tip_x sid="tip_x" type="float">0.02017796</tip_x>
                              <tip_y sid="tip_y" type="float">-0.0668146</tip_y>
                              <tip_z sid="tip_z" type="float">0.006764352</tip_z>
                            </technique>
                          </extra>
                        </node>
                        <extra>
                          <technique profile="blender">
                            <layer sid="layer" type="string">0</layer>
                            <roll sid="roll" type="float">2.9047</roll>
                            <tip_x sid="tip_x" type="float">-0.0259695</tip_x>
                            <tip_y sid="tip_y" type="float">-0.0131011</tip_y>
                            <tip_z sid="tip_z" type="float">-0.1170152</tip_z>
                          </technique>
                        </extra>
                      </node>
                      <extra>
                        <technique profile="blender">
                          <layer sid="layer" type="string">0</layer>
                          <roll sid="roll" type="float">2.682167</roll>
                          <tip_x sid="tip_x" type="float">-8.65519e-4</tip_x>
                          <tip_y sid="tip_y" type="float">-4.36425e-4</tip_y>
                          <tip_z sid="tip_z" type="float">-0.111077</tip_z>
                        </technique>
                      </extra>
                    </node>
                    <extra>
                      <technique profile="blender">
                        <layer sid="layer" type="string">0</layer>
                        <roll sid="roll" type="float">2.915415</roll>
                        <tip_x sid="tip_x" type="float">0</tip_x>
                        <tip_y sid="tip_y" type="float">0.01145279</tip_y>
                        <tip_z sid="tip_z" type="float">-0.07661694</tip_z>
                      </technique>
                    </extra>
                  </node>
                  <extra>
                    <technique profile="blender">
                      <layer sid="layer" type="string">0</layer>
                      <roll sid="roll" type="float">1.570795</roll>
                      <tip_x sid="tip_x" type="float">-1.37987e-7</tip_x>
                      <tip_y sid="tip_y" type="float">-0.01577359</tip_y>
                      <tip_z sid="tip_z" type="float">0.1049509</tip_z>
                    </technique>
                  </extra>
                </node>
                <extra>
                  <technique profile="blender">
                    <layer sid="layer" type="string">0</layer>
                    <roll sid="roll" type="float">1.570795</roll>
                    <tip_x sid="tip_x" type="float">-2.05765e-7</tip_x>
                    <tip_y sid="tip_y" type="float">0.00173366</tip_y>
                    <tip_z sid="tip_z" type="float">0.1602985</tip_z>
                  </technique>
                </extra>
              </node>
              <node id="Player_1_Backom_tail_bone00" name="Backom_tail_bone00" sid="Backom_tail_bone00" type="JOINT">
                <matrix sid="transform">-0.7447149 0.667383 -6.71536e-8 0.01964512 -0.667383 -0.7447147 -1.67141e-6 -0.1716214 -1.16548e-6 -1.19991e-6 1 -2.63004e-7 0 0 0 1</matrix>
                <extra>
                  <technique profile="blender">
                    <layer sid="layer" type="string">0</layer>
                    <roll sid="roll" type="float">1.570797</roll>
                    <tip_x sid="tip_x" type="float">0</tip_x>
                    <tip_y sid="tip_y" type="float">0.1026992</tip_y>
                    <tip_z sid="tip_z" type="float">-0.131077</tip_z>
                  </technique>
                </extra>
              </node>
              <extra>
                <technique profile="blender">
                  <layer sid="layer" type="string">0</layer>
                  <roll sid="roll" type="float">1.570795</roll>
                  <tip_x sid="tip_x" type="float">-2.14255e-7</tip_x>
                  <tip_y sid="tip_y" type="float">0.01099693</tip_y>
                  <tip_z sid="tip_z" type="float">0.1661547</tip_z>
                </technique>
              </extra>
            </node>
            <extra>
              <technique profile="blender">
                <layer sid="layer" type="string">0</layer>
                <roll sid="roll" type="float">1.570798</roll>
                <tip_x sid="tip_x" type="float">2.49448e-7</tip_x>
                <tip_y sid="tip_y" type="float">0</tip_y>
                <tip_z sid="tip_z" type="float">0.08670669</tip_z>
              </technique>
            </extra>
          </node>
          <extra>
            <technique profile="blender">
              <layer sid="layer" type="string">0</layer>
              <roll sid="roll" type="float">-1.570795</roll>
              <tip_x sid="tip_x" type="float">0.3761181</tip_x>
              <tip_y sid="tip_y" type="float">0</tip_y>
              <tip_z sid="tip_z" type="float">-5.66244e-7</tip_z>
            </technique>
          </extra>
        </node>
        <node id="Backom_BODY" name="Backom_BODY" type="NODE">
          <matrix sid="transform">1 0 0 0 0 1 0 0 0 0 1 0 0 0 0 1</matrix>
          <instance_controller url="#Player_1_Backom_BODY-skin">
            <skeleton>#Player_1_Backom_Bip_01</skeleton>
            <bind_material>
              <technique_common>
                <instance_material symbol="Backom_BODY_d_j-material" target="#Backom_BODY_d_j-material">
                  <bind_vertex_input semantic="UV0" input_semantic="TEXCOORD" input_set="0"/>
                </instance_material>
              </technique_common>
            </bind_material>
          </instance_controller>
        </node>
      </node>
    </visual_scene>
  </library_visual_scenes>
  <scene>
    <instance_visual_scene url="#Scene"/>
  </scene>
</COLLADA>