# This file uses centimeters as units for non-parametric coordinates.

mtllib Holly.mtl
g default
v 0.700600 1.859597 -0.503562
v 0.119291 1.728286 -0.459349
v -0.148535 1.713529 0.014081
v 0.164953 1.830078 0.443296
v 0.746263 1.961389 0.399081
v 1.014086 1.976146 -0.074348
v 0.790781 2.229777 -0.848242
v -0.169055 2.012964 -0.775236
v -0.611274 1.988596 0.006471
v -0.093660 2.181039 0.715172
v 0.866176 2.397852 0.642167
v 1.308394 2.422219 -0.139540
v 0.742498 2.733162 -1.019610
v -0.365822 2.482811 -0.935311
v -0.876454 2.454671 -0.032674
v -0.278762 2.676885 0.785664
v 0.829559 2.927237 0.701365
v 1.340188 2.955375 -0.201271
v 0.557397 3.229008 -0.949119
v -0.402437 3.012196 -0.876113
v -0.844659 2.987829 -0.094406
v -0.327044 3.180268 0.614294
v 0.632790 3.397078 0.541289
v 1.075009 3.421450 -0.240417
v 0.298786 3.579966 -0.677242
v -0.282526 3.448654 -0.633027
v -0.550348 3.433901 -0.159599
v -0.236864 3.550446 0.269616
v 0.344446 3.681759 0.225402
v 0.612272 3.696518 -0.248027
v 0.466059 1.702337 -0.015747
v -0.002324 3.707704 -0.218199
v 0.334501 3.733329 -0.238128
v 0.184477 3.725064 0.027071
v -0.141153 3.651507 0.051836
v -0.316755 3.586223 -0.188593
v -0.166730 3.594486 -0.453791
v 0.158898 3.668041 -0.478558
v 0.780493 1.823824 -0.045354
v 0.630466 1.815557 0.219844
v 0.304839 1.742004 0.244611
v 0.129236 1.676716 0.004180
v 0.279260 1.684984 -0.261016
v 0.604890 1.758539 -0.285783
v 0.848399 3.587963 -0.247730
v 0.488333 3.568121 0.388753
v -0.293187 3.391584 0.448196
v -0.714642 3.234895 -0.128845
v -0.354575 3.254735 -0.765330
v 0.426945 3.431268 -0.824773
v 1.240814 3.204998 -0.224395
v 0.748157 3.177851 0.646469
v -0.321150 2.936313 0.727800
v -0.897799 2.721921 -0.061732
v -0.405144 2.749068 -0.932595
v 0.664163 2.990607 -1.013926
v 1.361537 2.688126 -0.172215
v 0.868881 2.660977 0.698649
v -0.200426 2.419438 0.779980
v -0.777077 2.205049 -0.009551
v -0.284421 2.232196 -0.880415
v 0.784888 2.473737 -0.961747
v 1.178380 2.175152 -0.105102
v 0.818313 2.155309 0.531384
v 0.036791 1.978775 0.590826
v -0.384661 1.822085 0.013783
v -0.024595 1.841924 -0.622700
v 0.756926 2.018458 -0.682142
v 0.479127 3.663680 -0.482025
v 0.503485 3.717977 -0.000512
v 0.050517 3.640061 0.275625
v -0.426809 3.507839 0.070247
v -0.451168 3.453542 -0.411266
v 0.001802 3.531462 -0.687400
v 0.916402 3.342738 -0.655913
v 0.959488 3.438794 0.195868
v 0.158202 3.300953 0.684342
v -0.686171 3.067065 0.321036
v -0.729259 2.971011 -0.530744
v 0.072026 3.108843 -1.019220
v 1.157156 2.864190 -0.681041
v 1.206913 2.975110 0.302554
v 0.281626 2.815944 0.866624
v -0.693421 2.545855 0.447094
v -0.743177 2.434935 -0.536502
v 0.182112 2.594103 -1.100571
v 1.149908 2.342979 -0.554983
v 1.192995 2.439036 0.296798
v 0.391711 2.301203 0.785273
v -0.452665 2.067310 0.421967
v -0.495753 1.971250 -0.429814
v 0.305532 2.109091 -0.918288
v 0.890545 1.902199 -0.304195
v 0.914904 1.956501 0.177319
v 0.461934 1.878584 0.453454
v -0.015391 1.746361 0.248078
v -0.039749 1.692063 -0.233436
v 0.413219 1.769986 -0.509571
v 0.719112 3.524021 -0.585991
v 0.754190 3.602220 0.107440
v 0.101867 3.490008 0.505103
v -0.585533 3.299596 0.209339
v -0.620611 3.221399 -0.484092
v 0.031711 3.333610 -0.881758
v 1.064179 3.117154 -0.687280
v 1.112185 3.224167 0.261677
v 0.219481 3.070605 0.805881
v -0.721226 2.810029 0.401126
v -0.769230 2.703017 -0.547831
v 0.123472 2.856579 -1.092035
v 1.184962 2.600016 -0.635072
v 1.232966 2.707030 0.313885
v 0.340265 2.553469 0.858090
v -0.600442 2.292894 0.453334
v -0.648447 2.185876 -0.495624
v 0.244256 2.339440 -1.039827
v 1.049271 2.110450 -0.443286
v 1.084348 2.188649 0.250146
v 0.432026 2.076435 0.647811
v -0.255377 1.886027 0.352046
v -0.290454 1.807827 -0.341386
v 0.361871 1.920038 -0.739050
vt 0.246100 0.036059
vt 0.328932 0.033380
vt 0.327580 0.090203
vt 0.233631 0.086199
vt 0.411542 0.039994
vt 0.482062 0.023074
vt 0.509205 0.083440
vt 0.421613 0.090671
vt 0.546702 0.010329
vt 0.172804 0.515806
vt 0.143760 0.575281
vt 0.587042 0.060239
vt 0.242751 0.534953
vt 0.325530 0.530961
vt 0.325080 0.587797
vt 0.231079 0.585285
vt 0.408235 0.536263
vt 0.478477 0.518226
vt 0.506576 0.578153
vt 0.419109 0.586774
vt 0.542908 0.504457
vt 0.176466 0.015804
vt 0.146482 0.074811
vt 0.584033 0.553721
vt 0.222632 0.141015
vt 0.326303 0.143906
vt 0.325014 0.198065
vt 0.215424 0.195528
vt 0.429994 0.145949
vt 0.528613 0.141292
vt 0.539741 0.199506
vt 0.434601 0.200741
vt 0.622544 0.123523
vt 0.122529 0.632489
vt 0.109561 0.690321
vt 0.642864 0.191260
vt 0.220951 0.640269
vt 0.324655 0.641513
vt 0.324226 0.695686
vt 0.214609 0.694888
vt 0.428365 0.641911
vt 0.526898 0.635690
vt 0.538949 0.693721
vt 0.433841 0.696625
vt 0.620536 0.616433
vt 0.124345 0.131675
vt 0.110461 0.189293
vt 0.641928 0.683840
vt 0.211795 0.250211
vt 0.323710 0.252874
vt 0.322406 0.307681
vt 0.212820 0.305004
vt 0.435625 0.255536
vt 0.542868 0.258087
vt 0.536959 0.316454
vt 0.431996 0.310219
vt 0.647420 0.260575
vt 0.104579 0.748774
vt 0.108635 0.807297
vt 0.639573 0.329594
vt 0.211848 0.749622
vt 0.323791 0.750509
vt 0.323358 0.805330
vt 0.213742 0.804393
vt 0.435735 0.751395
vt 0.543004 0.752246
vt 0.538022 0.810697
vt 0.432974 0.806129
vt 0.647583 0.753073
vt 0.104553 0.247660
vt 0.107679 0.306242
vt 0.640832 0.822208
vt 0.217427 0.359799
vt 0.321118 0.361841
vt 0.319840 0.415545
vt 0.225807 0.415074
vt 0.424789 0.364732
vt 0.523076 0.374072
vt 0.500938 0.430936
vt 0.413790 0.419546
vt 0.616055 0.396287
vt 0.120685 0.865327
vt 0.141008 0.922864
vt 0.577583 0.457813
vt 0.219219 0.859107
vt 0.322928 0.859504
vt 0.322503 0.913221
vt 0.228474 0.914243
vt 0.426633 0.860748
vt 0.525054 0.868529
vt 0.503823 0.925737
vt 0.416505 0.915732
vt 0.618375 0.889266
vt 0.118807 0.364454
vt 0.138215 0.422306
vt 0.580884 0.951394
vt 0.894348 0.257650
vt 0.830128 0.268904
vt 0.814715 0.332255
vt 0.863649 0.384486
vt 0.927868 0.373232
vt 0.943281 0.309881
vt 0.768025 0.235781
vt 0.318489 0.472367
vt 0.757351 0.181869
vt 0.645902 0.186595
vt 0.470953 0.489943
vt 0.690961 0.155130
vt 0.622928 0.068911
vt 0.169107 0.982792
vt 0.678235 0.091186
vt 0.721053 0.000000
vt 0.322053 0.970057
vt 0.731727 0.053911
vt 0.843177 0.049185
vt 0.474779 0.985212
vt 0.798117 0.080649
vt 0.866150 0.166868
vt 0.165359 0.482673
vt 0.810844 0.144594
vt 0.744539 0.117890
vt 0.878998 0.321068
vt 0.704606 0.217040
vt 0.401320 0.469688
vt 0.627650 0.128208
vt 0.104676 0.996561
vt 0.667430 0.029439
vt 0.239349 0.964755
vt 0.784472 0.018739
vt 0.404832 0.966064
vt 0.861428 0.107572
vt 0.100718 0.495418
vt 0.821648 0.206341
vt 0.235878 0.465752
vt 0.957003 0.247988
vt 0.907392 0.204262
vt 0.846356 0.208356
vt 0.789364 0.225393
vt 0.768652 0.281155
vt 0.760592 0.341795
vt 0.800993 0.394148
vt 0.850604 0.437873
vt 0.911640 0.433779
vt 0.968633 0.416743
vt 0.989344 0.360980
vt 0.997405 0.300341
vt 0.066699 0.549625
vt 0.029208 0.611751
vt 0.006751 0.678810
vt 0.000000 0.747946
vt 0.005656 0.817179
vt 0.027047 0.884584
vt 0.063550 0.947298
vt 0.534917 0.505748
vt 0.108599 0.501017
vt 0.069837 0.047935
vt 0.031365 0.109459
vt 0.007847 0.176154
vt 0.000000 0.245173
vt 0.004556 0.314488
vt 0.024876 0.382224
vt 0.060379 0.445508
vt 0.538983 1.000000
vt 0.112503 0.000000
vn 0.412331 -0.783506 -0.464867
vn 0.155839 -0.855919 -0.493069
vn 0.112471 -0.726259 -0.678158
vn 0.443405 -0.656236 -0.610530
vn -0.099979 -0.899229 -0.425901
vn -0.265560 -0.946228 -0.184744
vn -0.446061 -0.849957 -0.280362
vn -0.203086 -0.802268 -0.561358
vn -0.351838 -0.928016 0.122457
vn -0.235177 -0.878498 0.415851
vn -0.406325 -0.761367 0.505193
vn -0.523959 -0.843022 0.121576
vn -0.046929 -0.780963 0.622812
vn 0.213806 -0.726691 0.652846
vn 0.187646 -0.558679 0.807878
vn -0.137111 -0.655185 0.742922
vn 0.465386 -0.665239 0.583843
vn 0.645297 -0.679611 0.348884
vn 0.760830 -0.497726 0.416421
vn 0.509386 -0.509151 0.693751
vn 0.728353 -0.684016 0.040297
vn 0.614912 -0.747344 -0.251714
vn 0.721091 -0.586315 -0.369137
vn 0.845507 -0.533680 0.017416
vn 0.456068 -0.467393 -0.757328
vn 0.061997 -0.554008 -0.830200
vn 0.005860 -0.342317 -0.939566
vn 0.440841 -0.241372 -0.864522
vn -0.316245 -0.641849 -0.698584
vn -0.613433 -0.698727 -0.368078
vn -0.752777 -0.490473 -0.439049
vn -0.414703 -0.434628 -0.799450
vn -0.715992 -0.688756 0.113893
vn -0.565812 -0.592559 0.573351
vn -0.699718 -0.372193 0.609810
vn -0.874734 -0.474637 0.097775
vn -0.237825 -0.467027 0.851660
vn 0.150642 -0.356403 0.922108
vn 0.103307 -0.125086 0.986753
vn -0.328064 -0.241485 0.913269
vn 0.534493 -0.292574 0.792917
vn 0.840818 -0.274825 0.466365
vn 0.871375 -0.017307 0.490312
vn 0.527483 -0.048231 0.848195
vn 0.949841 -0.312470 -0.012810
vn 0.793195 -0.380989 -0.475068
vn 0.818317 -0.135584 -0.558546
vn 0.997665 -0.051691 -0.044639
vn 0.397451 0.000193 -0.917624
vn -0.050206 -0.111918 -0.992448
vn -0.103307 0.125085 -0.986753
vn 0.328064 0.241483 -0.913269
vn -0.486888 -0.199566 -0.850361
vn -0.841753 -0.245159 -0.480988
vn -0.871374 0.017309 -0.490314
vn -0.527482 0.048230 -0.848196
vn -0.972752 -0.219727 0.073984
vn -0.786823 -0.122709 0.604856
vn -0.818317 0.135587 0.558547
vn -0.997665 0.051693 0.044636
vn -0.397451 -0.000192 0.917623
vn 0.050205 0.111919 0.992448
vn -0.005861 0.342321 0.939565
vn -0.440839 0.241374 0.864523
vn 0.486890 0.199567 0.850359
vn 0.841754 0.245160 0.480985
vn 0.752777 0.490474 0.439048
vn 0.414701 0.434632 0.799448
vn 0.972751 0.219728 -0.073988
vn 0.786824 0.122711 -0.604855
vn 0.699720 0.372191 -0.609808
vn 0.874734 0.474638 -0.097776
vn 0.237825 0.467028 -0.851660
vn -0.150641 0.356403 -0.922108
vn -0.187645 0.558683 -0.807876
vn 0.137106 0.655186 -0.742922
vn -0.534493 0.292575 -0.792917
vn -0.840818 0.274826 -0.466365
vn -0.760828 0.497730 -0.416420
vn -0.509386 0.509154 -0.693749
vn -0.949841 0.312470 0.012813
vn -0.793194 0.380990 0.475068
vn -0.721087 0.586319 0.369139
vn -0.845504 0.533684 -0.017412
vn -0.456070 0.467396 0.757325
vn -0.061999 0.554012 0.830197
vn -0.112470 0.726259 0.678159
vn -0.443407 0.656237 0.610527
vn 0.316244 0.641849 0.698584
vn 0.613433 0.698724 0.368083
vn 0.446062 0.849955 0.280368
vn 0.203089 0.802267 0.561358
vn 0.715993 0.688755 -0.113888
vn 0.565811 0.592560 -0.573350
vn 0.406322 0.761370 -0.505192
vn 0.523962 0.843021 -0.121569
vn 0.090784 -0.987606 -0.128034
vn -0.012856 -0.993547 0.112693
vn 0.114182 -0.935444 0.334524
vn 0.346133 -0.883049 0.316885
vn 0.452420 -0.888448 0.077302
vn 0.322730 -0.935212 -0.145682
vn 0.046931 0.780963 -0.622811
vn -0.213805 0.726692 -0.652845
vn -0.114182 0.935445 -0.334523
vn -0.465385 0.665240 -0.583843
vn -0.645293 0.679614 -0.348887
vn -0.346133 0.883050 -0.316884
vn -0.728348 0.684022 -0.040292
vn -0.614911 0.747344 0.251717
vn -0.452420 0.888448 -0.077302
vn -0.412337 0.783505 0.464864
vn -0.155841 0.855917 0.493072
vn -0.322739 0.935210 0.145676
vn 0.099980 0.899232 0.425894
vn 0.265556 0.946229 0.184745
vn -0.090779 0.987607 0.128028
vn 0.351832 0.928020 -0.122443
vn 0.235173 0.878499 -0.415853
vn 0.012859 0.993547 -0.112691
vn -0.226350 0.969120 -0.097839
vn 0.226350 -0.969120 0.097839
s 1
g holly1 holly
usemtl initialShadingGroup
f 1/1/1 98/2/2 122/3/3 68/4/4
f 2/5/5 97/6/6 121/7/7 67/8/8
f 3/155/9 96/10/10 120/11/11 66/147/12
f 4/13/13 95/14/14 119/15/15 65/16/16
f 5/17/17 94/18/18 118/19/19 64/20/20
f 6/164/21 93/22/22 117/23/23 63/156/24
f 7/25/25 92/26/26 116/27/27 62/28/28
f 8/29/29 91/30/30 115/31/31 61/32/32
f 9/148/33 90/34/34 114/35/35 60/149/36
f 10/37/37 89/38/38 113/39/39 59/40/40
f 11/41/41 88/42/42 112/43/43 58/44/44
f 12/157/45 87/46/46 111/47/47 57/158/48
f 13/49/49 86/50/50 110/51/51 56/52/52
f 14/53/53 85/54/54 109/55/55 55/56/56
f 15/150/57 84/58/58 108/59/59 54/151/60
f 16/61/61 83/62/62 107/63/63 53/64/64
f 17/65/65 82/66/66 106/67/67 52/68/68
f 18/159/69 81/70/70 105/71/71 51/160/72
f 19/73/73 80/74/74 104/75/75 50/76/76
f 20/77/77 79/78/78 103/79/79 49/80/80
f 21/152/81 78/82/82 102/83/83 48/153/84
f 22/85/85 77/86/86 101/87/87 47/88/88
f 23/89/89 76/90/90 100/91/91 46/92/92
f 24/161/93 75/94/94 99/95/95 45/162/96
f 2/136/5 98/135/2 43/97/97
f 3/138/9 97/137/6 42/98/98
f 4/140/13 96/139/10 41/99/99
f 5/142/17 95/141/14 40/100/100
f 6/144/21 94/143/18 39/101/101
f 1/146/1 93/145/22 44/102/102
f 25/103/103 74/123/104 38/105/105
f 26/106/106 73/125/107 37/108/108
f 27/109/109 72/127/110 36/111/111
f 28/112/112 71/129/113 35/114/114
f 29/115/115 70/131/116 34/117/117
f 30/118/118 69/133/119 33/120/120
f 33/120/120 38/105/105 32/121/121
f 38/105/105 69/133/119 25/103/103
f 33/120/120 69/133/119 38/105/105
f 34/117/117 33/120/120 32/121/121
f 33/120/120 70/131/116 30/118/118
f 34/117/117 70/131/116 33/120/120
f 35/114/114 34/117/117 32/121/121
f 34/117/117 71/129/113 29/115/115
f 35/114/114 71/129/113 34/117/117
f 36/111/111 35/114/114 32/121/121
f 35/114/114 72/127/110 28/112/112
f 36/111/111 72/127/110 35/114/114
f 37/108/108 36/111/111 32/121/121
f 36/111/111 73/125/107 27/109/109
f 37/108/108 73/125/107 36/111/111
f 38/105/105 37/108/108 32/121/121
f 37/108/108 74/123/104 26/106/106
f 38/105/105 74/123/104 37/108/108
f 44/102/102 39/101/101 31/122/122
f 39/101/101 93/145/22 6/144/21
f 44/102/102 93/145/22 39/101/101
f 39/101/101 40/100/100 31/122/122
f 40/100/100 94/143/18 5/142/17
f 39/101/101 94/143/18 40/100/100
f 40/100/100 41/99/99 31/122/122
f 41/99/99 95/141/14 4/140/13
f 40/100/100 95/141/14 41/99/99
f 41/99/99 42/98/98 31/122/122
f 42/98/98 96/139/10 3/138/9
f 41/99/99 96/139/10 42/98/98
f 42/98/98 43/97/97 31/122/122
f 43/97/97 97/137/6 2/136/5
f 42/98/98 97/137/6 43/97/97
f 43/97/97 44/102/102 31/122/122
f 44/102/102 98/135/2 1/146/1
f 43/97/97 98/135/2 44/102/102
f 69/119/119 99/95/95 50/76/76 25/134/103
f 50/76/76 99/95/95 75/94/94 19/73/73
f 45/162/96 99/95/95 69/119/119 30/132/118
f 70/116/116 100/91/91 45/96/96 30/163/118
f 45/96/96 100/91/91 76/90/90 24/93/93
f 46/92/92 100/91/91 70/116/116 29/130/115
f 71/113/113 101/87/87 46/92/92 29/130/115
f 46/92/92 101/87/87 77/86/86 23/89/89
f 47/88/88 101/87/87 71/113/113 28/128/112
f 72/110/110 102/83/83 47/88/88 28/128/112
f 47/88/88 102/83/83 78/82/82 22/85/85
f 48/153/84 102/83/83 72/110/110 27/126/109
f 73/107/107 103/79/79 48/84/84 27/154/109
f 48/84/84 103/79/79 79/78/78 21/81/81
f 49/80/80 103/79/79 73/107/107 26/124/106
f 74/104/104 104/75/75 49/80/80 26/124/106
f 49/80/80 104/75/75 80/74/74 20/77/77
f 50/76/76 104/75/75 74/104/104 25/134/103
f 75/94/94 105/71/71 56/52/52 19/73/73
f 56/52/52 105/71/71 81/70/70 13/49/49
f 51/160/72 105/71/71 75/94/94 24/161/93
f 76/90/90 106/67/67 51/72/72 24/93/93
f 51/72/72 106/67/67 82/66/66 18/69/69
f 52/68/68 106/67/67 76/90/90 23/89/89
f 77/86/86 107/63/63 52/68/68 23/89/89
f 52/68/68 107/63/63 83/62/62 17/65/65
f 53/64/64 107/63/63 77/86/86 22/85/85
f 78/82/82 108/59/59 53/64/64 22/85/85
f 53/64/64 108/59/59 84/58/58 16/61/61
f 54/151/60 108/59/59 78/82/82 21/152/81
f 79/78/78 109/55/55 54/60/60 21/81/81
f 54/60/60 109/55/55 85/54/54 15/57/57
f 55/56/56 109/55/55 79/78/78 20/77/77
f 80/74/74 110/51/51 55/56/56 20/77/77
f 55/56/56 110/51/51 86/50/50 14/53/53
f 56/52/52 110/51/51 80/74/74 19/73/73
f 81/70/70 111/47/47 62/28/28 13/49/49
f 62/28/28 111/47/47 87/46/46 7/25/25
f 57/158/48 111/47/47 81/70/70 18/159/69
f 82/66/66 112/43/43 57/48/48 18/69/69
f 57/48/48 112/43/43 88/42/42 12/45/45
f 58/44/44 112/43/43 82/66/66 17/65/65
f 83/62/62 113/39/39 58/44/44 17/65/65
f 58/44/44 113/39/39 89/38/38 11/41/41
f 59/40/40 113/39/39 83/62/62 16/61/61
f 84/58/58 114/35/35 59/40/40 16/61/61
f 59/40/40 114/35/35 90/34/34 10/37/37
f 60/149/36 114/35/35 84/58/58 15/150/57
f 85/54/54 115/31/31 60/36/36 15/57/57
f 60/36/36 115/31/31 91/30/30 9/33/33
f 61/32/32 115/31/31 85/54/54 14/53/53
f 86/50/50 116/27/27 61/32/32 14/53/53
f 61/32/32 116/27/27 92/26/26 8/29/29
f 62/28/28 116/27/27 86/50/50 13/49/49
f 87/46/46 117/23/23 68/4/4 7/25/25
f 68/4/4 117/23/23 93/22/22 1/1/1
f 63/156/24 117/23/23 87/46/46 12/157/45
f 88/42/42 118/19/19 63/24/24 12/45/45
f 63/24/24 118/19/19 94/18/18 6/21/21
f 64/20/20 118/19/19 88/42/42 11/41/41
f 89/38/38 119/15/15 64/20/20 11/41/41
f 64/20/20 119/15/15 95/14/14 5/17/17
f 65/16/16 119/15/15 89/38/38 10/37/37
f 90/34/34 120/11/11 65/16/16 10/37/37
f 65/16/16 120/11/11 96/10/10 4/13/13
f 66/147/12 120/11/11 90/34/34 9/148/33
f 91/30/30 121/7/7 66/12/12 9/33/33
f 66/12/12 121/7/7 97/6/6 3/9/9
f 67/8/8 121/7/7 91/30/30 8/29/29
f 92/26/26 122/3/3 67/8/8 8/29/29
f 67/8/8 122/3/3 98/2/2 2/5/5
f 68/4/4 122/3/3 92/26/26 7/25/25
g default
v 1.594118 0.342452 -0.111544
v 1.012810 0.211139 -0.067334
v 0.744987 0.196380 0.406095
v 1.058470 0.312933 0.835312
v 1.639781 0.444242 0.791097
v 1.907604 0.459000 0.317667
v 1.684298 0.712627 -0.456224
v 0.724462 0.495814 -0.383220
v 0.282246 0.471444 0.398486
v 0.799860 0.663893 1.107188
v 1.759694 0.880705 1.034182
v 2.201913 0.905068 0.252476
v 1.636019 1.216018 -0.627593
v 0.527696 0.965664 -0.543295
v 0.017064 0.937524 0.359342
v 0.614755 1.159732 1.177680
v 1.723077 1.410086 1.093383
v 2.233708 1.438229 0.190744
v 1.450915 1.711862 -0.557101
v 0.491079 1.495050 -0.484096
v 0.048859 1.470676 0.297608
v 0.566478 1.663123 1.006309
v 1.526314 1.879932 0.933304
v 1.968528 1.904300 0.151599
v 1.192303 2.062818 -0.285228
v 0.610994 1.931510 -0.241012
v 0.343166 1.916753 0.232419
v 0.656658 2.033305 0.661630
v 1.237969 2.164610 0.617417
v 1.505787 2.179372 0.143990
v 1.359578 0.185187 0.376268
v 0.891199 2.190564 0.173816
v 1.228020 2.216183 0.153887
v 1.077994 2.207915 0.419086
v 0.752366 2.134361 0.443853
v 0.576764 2.069075 0.203422
v 0.726790 2.077342 -0.061774
v 1.052419 2.150898 -0.086540
v 1.674009 0.306679 0.346663
v 1.523984 0.298414 0.611861
v 1.198358 0.224860 0.636627
v 1.022754 0.159571 0.396198
v 1.172780 0.167831 0.131000
v 1.498408 0.241385 0.106231
v 1.741917 2.070816 0.144285
v 1.381852 2.050973 0.780769
v 0.600333 1.874440 0.840210
v 0.178873 1.717748 0.263170
v 0.538944 1.737584 -0.373315
v 1.320462 1.914116 -0.432756
v 2.134331 1.687854 0.167621
v 1.641675 1.660700 1.038484
v 0.572367 1.419161 1.119816
v -0.004283 1.204774 0.330284
v 0.488375 1.231917 -0.540580
v 1.557680 1.473457 -0.621910
v 2.255057 1.170981 0.219800
v 1.762399 1.143834 1.090665
v 0.693092 0.902291 1.171996
v 0.116442 0.687898 0.382463
v 0.609099 0.715045 -0.488398
v 1.678406 0.956588 -0.569730
v 2.071897 0.658006 0.286915
v 1.711829 0.638163 0.923400
v 0.930311 0.461629 0.982841
v 0.508857 0.304938 0.405800
v 0.868924 0.324774 -0.230685
v 1.650444 0.501307 -0.290127
v 1.372646 2.146540 -0.090007
v 1.397008 2.200835 0.391504
v 0.944039 2.122919 0.667641
v 0.466713 1.990697 0.462263
v 0.442351 1.936400 -0.019249
v 0.895317 2.014316 -0.295383
v 1.809922 1.825587 -0.263898
v 1.853010 1.921645 0.587885
v 1.051720 1.783807 1.076359
v 0.207351 1.549919 0.713052
v 0.164260 1.453858 -0.138727
v 0.965545 1.591696 -0.627202
v 2.050677 1.347042 -0.289026
v 2.100434 1.457970 0.694573
v 1.175144 1.298799 1.258642
v 0.200099 1.028711 0.839111
v 0.150341 0.917784 -0.144486
v 1.075630 1.076955 -0.708555
v 2.043429 0.825833 -0.162969
v 2.086516 0.921888 0.688812
v 1.285229 0.784056 1.177289
v 0.440854 0.550162 0.813982
v 0.397769 0.454103 -0.037800
v 1.199050 0.591944 -0.526272
v 1.784064 0.385052 0.087822
v 1.808422 0.439356 0.569334
v 1.355453 0.361438 0.845471
v 0.878127 0.229215 0.640093
v 0.853768 0.174916 0.158580
v 1.306734 0.252839 -0.117554
v 1.612633 2.006872 -0.193976
v 1.647711 2.085072 0.499453
v 0.995386 1.972862 0.897119
v 0.307985 1.782449 0.601352
v 0.272907 1.704248 -0.092077
v 0.925231 1.816467 -0.489742
v 1.957699 1.600008 -0.295266
v 2.005704 1.707016 0.653693
v 1.113002 1.553453 1.197895
v 0.172290 1.292881 0.793144
v 0.124287 1.185869 -0.155817
v 1.016990 1.339427 -0.700019
v 2.078482 1.082866 -0.243057
v 2.126487 1.189887 0.705900
v 1.233785 1.036321 1.250104
v 0.293073 0.775747 0.845350
v 0.245071 0.668730 -0.103608
v 1.137775 0.822294 -0.647811
v 1.942792 0.593298 -0.051269
v 1.977866 0.671499 0.642161
v 1.325545 0.559288 1.039825
v 0.638141 0.368880 0.744061
v 0.603067 0.290674 0.050629
v 1.255388 0.402893 -0.347033
vt 0.246100 0.036059
vt 0.328932 0.033380
vt 0.327580 0.090203
vt 0.233631 0.086199
vt 0.411542 0.039994
vt 0.482062 0.023074
vt 0.509205 0.083440
vt 0.421613 0.090671
vt 0.546702 0.010329
vt 0.172804 0.515806
vt 0.143760 0.575281
vt 0.587042 0.060239
vt 0.242751 0.534953
vt 0.325530 0.530961
vt 0.325080 0.587797
vt 0.231079 0.585285
vt 0.408235 0.536263
vt 0.478477 0.518226
vt 0.506576 0.578153
vt 0.419109 0.586774
vt 0.542908 0.504457
vt 0.176466 0.015804
vt 0.146482 0.074811
vt 0.584033 0.553721
vt 0.222632 0.141015
vt 0.326303 0.143906
vt 0.325014 0.198065
vt 0.215424 0.195528
vt 0.429994 0.145949
vt 0.528613 0.141292
vt 0.539741 0.199506
vt 0.434601 0.200741
vt 0.622544 0.123523
vt 0.122529 0.632489
vt 0.109561 0.690321
vt 0.642864 0.191260
vt 0.220951 0.640269
vt 0.324655 0.641513
vt 0.324226 0.695686
vt 0.214609 0.694888
vt 0.428365 0.641911
vt 0.526898 0.635690
vt 0.538949 0.693721
vt 0.433841 0.696625
vt 0.620536 0.616433
vt 0.124345 0.131675
vt 0.110461 0.189293
vt 0.641928 0.683840
vt 0.211795 0.250211
vt 0.323710 0.252874
vt 0.322406 0.307681
vt 0.212820 0.305004
vt 0.435625 0.255536
vt 0.542868 0.258087
vt 0.536959 0.316454
vt 0.431996 0.310219
vt 0.647420 0.260575
vt 0.104579 0.748774
vt 0.108635 0.807297
vt 0.639573 0.329594
vt 0.211848 0.749622
vt 0.323791 0.750509
vt 0.323358 0.805330
vt 0.213742 0.804393
vt 0.435735 0.751395
vt 0.543004 0.752246
vt 0.538022 0.810697
vt 0.432974 0.806129
vt 0.647583 0.753073
vt 0.104553 0.247660
vt 0.107679 0.306242
vt 0.640832 0.822208
vt 0.217427 0.359799
vt 0.321118 0.361841
vt 0.319840 0.415545
vt 0.225807 0.415074
vt 0.424789 0.364732
vt 0.523076 0.374072
vt 0.500938 0.430936
vt 0.413790 0.419546
vt 0.616055 0.396287
vt 0.120685 0.865327
vt 0.141008 0.922864
vt 0.577583 0.457813
vt 0.219219 0.859107
vt 0.322928 0.859504
vt 0.322503 0.913221
vt 0.228474 0.914243
vt 0.426633 0.860748
vt 0.525054 0.868529
vt 0.503823 0.925737
vt 0.416505 0.915732
vt 0.618375 0.889266
vt 0.118807 0.364454
vt 0.138215 0.422306
vt 0.580884 0.951394
vt 0.894348 0.257650
vt 0.830128 0.268904
vt 0.814715 0.332255
vt 0.863649 0.384486
vt 0.927868 0.373232
vt 0.943281 0.309881
vt 0.768025 0.235781
vt 0.318489 0.472367
vt 0.757351 0.181869
vt 0.645902 0.186595
vt 0.470953 0.489943
vt 0.690961 0.155130
vt 0.622928 0.068911
vt 0.169107 0.982792
vt 0.678235 0.091186
vt 0.721053 0.000000
vt 0.322053 0.970057
vt 0.731727 0.053911
vt 0.843177 0.049185
vt 0.474779 0.985212
vt 0.798117 0.080649
vt 0.866150 0.166868
vt 0.165359 0.482673
vt 0.810844 0.144594
vt 0.744539 0.117890
vt 0.878998 0.321068
vt 0.704606 0.217040
vt 0.401320 0.469688
vt 0.627650 0.128208
vt 0.104676 0.996561
vt 0.667430 0.029439
vt 0.239349 0.964755
vt 0.784472 0.018739
vt 0.404832 0.966064
vt 0.861428 0.107572
vt 0.100718 0.495418
vt 0.821648 0.206341
vt 0.235878 0.465752
vt 0.957003 0.247988
vt 0.907392 0.204262
vt 0.846356 0.208356
vt 0.789364 0.225393
vt 0.768652 0.281155
vt 0.760592 0.341795
vt 0.800993 0.394148
vt 0.850604 0.437873
vt 0.911640 0.433779
vt 0.968633 0.416743
vt 0.989344 0.360980
vt 0.997405 0.300341
vt 0.066699 0.549625
vt 0.029208 0.611751
vt 0.006751 0.678810
vt 0.000000 0.747946
vt 0.005656 0.817179
vt 0.027047 0.884584
vt 0.063550 0.947298
vt 0.534917 0.505748
vt 0.108599 0.501017
vt 0.069837 0.047935
vt 0.031365 0.109459
vt 0.007847 0.176154
vt 0.000000 0.245173
vt 0.004556 0.314488
vt 0.024876 0.382224
vt 0.060379 0.445508
vt 0.538983 1.000000
vt 0.112503 0.000000
vn 0.412326 -0.783510 -0.464865
vn 0.155840 -0.855917 -0.493072
vn 0.112473 -0.726260 -0.678157
vn 0.443402 -0.656240 -0.610528
vn -0.099969 -0.899232 -0.425896
vn -0.265554 -0.946232 -0.184734
vn -0.446061 -0.849957 -0.280362
vn -0.203081 -0.802268 -0.561359
vn -0.351836 -0.928017 0.122454
vn -0.235176 -0.878499 0.415851
vn -0.406322 -0.761367 0.505195
vn -0.523960 -0.843021 0.121576
vn -0.046931 -0.780963 0.622811
vn 0.213804 -0.726692 0.652845
vn 0.187644 -0.558680 0.807877
vn -0.137109 -0.655184 0.742923
vn 0.465386 -0.665240 0.583842
vn 0.645294 -0.679616 0.348880
vn 0.760828 -0.497731 0.416419
vn 0.509386 -0.509152 0.693751
vn 0.728349 -0.684020 0.040296
vn 0.614910 -0.747349 -0.251705
vn 0.721091 -0.586318 -0.369133
vn 0.845506 -0.533682 0.017417
vn 0.456065 -0.467394 -0.757329
vn 0.061996 -0.554006 -0.830201
vn 0.005860 -0.342314 -0.939567
vn 0.440837 -0.241371 -0.864525
vn -0.316246 -0.641845 -0.698587
vn -0.613434 -0.698723 -0.368081
vn -0.752776 -0.490473 -0.439049
vn -0.414702 -0.434627 -0.799451
vn -0.715990 -0.688758 0.113890
vn -0.565807 -0.592560 0.573354
vn -0.699718 -0.372194 0.609808
vn -0.874732 -0.474640 0.097774
vn -0.237822 -0.467029 0.851660
vn 0.150641 -0.356404 0.922108
vn 0.103308 -0.125090 0.986752
vn -0.328061 -0.241488 0.913269
vn 0.534494 -0.292574 0.792917
vn 0.840817 -0.274826 0.466366
vn 0.871376 -0.017310 0.490311
vn 0.527483 -0.048234 0.848195
vn 0.949841 -0.312472 -0.012807
vn 0.793195 -0.380989 -0.475067
vn 0.818316 -0.135585 -0.558548
vn 0.997665 -0.051691 -0.044638
vn 0.397451 0.000194 -0.917624
vn -0.050205 -0.111918 -0.992448
vn -0.103307 0.125087 -0.986753
vn 0.328057 0.241484 -0.913271
vn -0.486888 -0.199569 -0.850360
vn -0.841752 -0.245162 -0.480988
vn -0.871373 0.017309 -0.490315
vn -0.527481 0.048232 -0.848196
vn -0.972751 -0.219730 0.073986
vn -0.786823 -0.122712 0.604857
vn -0.818316 0.135590 0.558547
vn -0.997665 0.051695 0.044639
vn -0.397449 -0.000194 0.917624
vn 0.050204 0.111920 0.992448
vn -0.005860 0.342320 0.939565
vn -0.440839 0.241376 0.864522
vn 0.486886 0.199570 0.850361
vn 0.841752 0.245167 0.480985
vn 0.752775 0.490476 0.439049
vn 0.414699 0.434631 0.799450
vn 0.972750 0.219733 -0.073991
vn 0.786822 0.122711 -0.604857
vn 0.699717 0.372195 -0.609810
vn 0.874732 0.474642 -0.097775
vn 0.237824 0.467027 -0.851660
vn -0.150641 0.356401 -0.922110
vn -0.187643 0.558682 -0.807876
vn 0.137110 0.655184 -0.742923
vn -0.534492 0.292575 -0.792917
vn -0.840816 0.274827 -0.466367
vn -0.760830 0.497723 -0.416426
vn -0.509388 0.509149 -0.693751
vn -0.949840 0.312474 0.012811
vn -0.793191 0.380995 0.475069
vn -0.721091 0.586313 0.369141
vn -0.845510 0.533676 -0.017414
vn -0.456069 0.467395 0.757326
vn -0.061999 0.554008 0.830199
vn -0.112469 0.726261 0.678156
vn -0.443411 0.656234 0.610528
vn 0.316249 0.641845 0.698585
vn 0.613436 0.698721 0.368083
vn 0.446063 0.849956 0.280362
vn 0.203089 0.802269 0.561355
vn 0.715992 0.688756 -0.113887
vn 0.565809 0.592560 -0.573352
vn 0.406325 0.761367 -0.505193
vn 0.523966 0.843018 -0.121574
vn 0.090773 -0.987607 -0.128035
vn -0.012862 -0.993546 0.112699
vn 0.114181 -0.935443 0.334529
vn 0.346135 -0.883049 0.316883
vn 0.452428 -0.888443 0.077317
vn 0.322741 -0.935209 -0.145681
vn 0.046938 0.780959 -0.622816
vn -0.213805 0.726693 -0.652844
vn -0.114180 0.935443 -0.334529
vn -0.465389 0.665234 -0.583846
vn -0.645295 0.679610 -0.348890
vn -0.346135 0.883049 -0.316885
vn -0.728350 0.684020 -0.040289
vn -0.614910 0.747344 0.251719
vn -0.452421 0.888448 -0.077301
vn -0.412336 0.783501 0.464871
vn -0.155832 0.855917 0.493074
vn -0.322739 0.935211 0.145670
vn 0.099987 0.899229 0.425899
vn 0.265556 0.946229 0.184745
vn -0.090775 0.987607 0.128035
vn 0.351839 0.928017 -0.122449
vn 0.235177 0.878495 -0.415858
vn 0.012859 0.993548 -0.112685
vn -0.226349 0.969120 -0.097835
vn 0.226350 -0.969118 0.097851
s 1
g holly holly2
usemtl initialShadingGroup
f 123/165/123 220/166/124 244/167/125 190/168/126
f 124/169/127 219/170/128 243/171/129 189/172/130
f 125/319/131 218/174/132 242/175/133 188/311/134
f 126/177/135 217/178/136 241/179/137 187/180/138
f 127/181/139 216/182/140 240/183/141 186/184/142
f 128/328/143 215/186/144 239/187/145 185/320/146
f 129/189/147 214/190/148 238/191/149 184/192/150
f 130/193/151 213/194/152 237/195/153 183/196/154
f 131/312/155 212/198/156 236/199/157 182/313/158
f 132/201/159 211/202/160 235/203/161 181/204/162
f 133/205/163 210/206/164 234/207/165 180/208/166
f 134/321/167 209/210/168 233/211/169 179/322/170
f 135/213/171 208/214/172 232/215/173 178/216/174
f 136/217/175 207/218/176 231/219/177 177/220/178
f 137/314/179 206/222/180 230/223/181 176/315/182
f 138/225/183 205/226/184 229/227/185 175/228/186
f 139/229/187 204/230/188 228/231/189 174/232/190
f 140/323/191 203/234/192 227/235/193 173/324/194
f 141/237/195 202/238/196 226/239/197 172/240/198
f 142/241/199 201/242/200 225/243/201 171/244/202
f 143/316/203 200/246/204 224/247/205 170/317/206
f 144/249/207 199/250/208 223/251/209 169/252/210
f 145/253/211 198/254/212 222/255/213 168/256/214
f 146/325/215 197/258/216 221/259/217 167/326/218
f 124/300/127 220/299/124 165/261/219
f 125/302/131 219/301/128 164/262/220
f 126/304/135 218/303/132 163/263/221
f 127/306/139 217/305/136 162/264/222
f 128/308/143 216/307/140 161/265/223
f 123/310/123 215/309/144 166/266/224
f 147/267/225 196/287/226 160/269/227
f 148/270/228 195/289/229 159/272/230
f 149/273/231 194/291/232 158/275/233
f 150/276/234 193/293/235 157/278/236
f 151/279/237 192/295/238 156/281/239
f 152/282/240 191/297/241 155/284/242
f 155/284/242 160/269/227 154/285/243
f 160/269/227 191/297/241 147/267/225
f 155/284/242 191/297/241 160/269/227
f 156/281/239 155/284/242 154/285/243
f 155/284/242 192/295/238 152/282/240
f 156/281/239 192/295/238 155/284/242
f 157/278/236 156/281/239 154/285/243
f 156/281/239 193/293/235 151/279/237
f 157/278/236 193/293/235 156/281/239
f 158/275/233 157/278/236 154/285/243
f 157/278/236 194/291/232 150/276/234
f 158/275/233 194/291/232 157/278/236
f 159/272/230 158/275/233 154/285/243
f 158/275/233 195/289/229 149/273/231
f 159/272/230 195/289/229 158/275/233
f 160/269/227 159/272/230 154/285/243
f 159/272/230 196/287/226 148/270/228
f 160/269/227 196/287/226 159/272/230
f 166/266/224 161/265/223 153/286/244
f 161/265/223 215/309/144 128/308/143
f 166/266/224 215/309/144 161/265/223
f 161/265/223 162/264/222 153/286/244
f 162/264/222 216/307/140 127/306/139
f 161/265/223 216/307/140 162/264/222
f 162/264/222 163/263/221 153/286/244
f 163/263/221 217/305/136 126/304/135
f 162/264/222 217/305/136 163/263/221
f 163/263/221 164/262/220 153/286/244
f 164/262/220 218/303/132 125/302/131
f 163/263/221 218/303/132 164/262/220
f 164/262/220 165/261/219 153/286/244
f 165/261/219 219/301/128 124/300/127
f 164/262/220 219/301/128 165/261/219
f 165/261/219 166/266/224 153/286/244
f 166/266/224 220/299/124 123/310/123
f 165/261/219 220/299/124 166/266/224
f 191/283/241 221/259/217 172/240/198 147/298/225
f 172/240/198 221/259/217 197/258/216 141/237/195
f 167/326/218 221/259/217 191/283/241 152/296/240
f 192/280/238 222/255/213 167/260/218 152/327/240
f 167/260/218 222/255/213 198/254/212 146/257/215
f 168/256/214 222/255/213 192/280/238 151/294/237
f 193/277/235 223/251/209 168/256/214 151/294/237
f 168/256/214 223/251/209 199/250/208 145/253/211
f 169/252/210 223/251/209 193/277/235 150/292/234
f 194/274/232 224/247/205 169/252/210 150/292/234
f 169/252/210 224/247/205 200/246/204 144/249/207
f 170/317/206 224/247/205 194/274/232 149/290/231
f 195/271/229 225/243/201 170/248/206 149/318/231
f 170/248/206 225/243/201 201/242/200 143/245/203
f 171/244/202 225/243/201 195/271/229 148/288/228
f 196/268/226 226/239/197 171/244/202 148/288/228
f 171/244/202 226/239/197 202/238/196 142/241/199
f 172/240/198 226/239/197 196/268/226 147/298/225
f 197/258/216 227/235/193 178/216/174 141/237/195
f 178/216/174 227/235/193 203/234/192 135/213/171
f 173/324/194 227/235/193 197/258/216 146/325/215
f 198/254/212 228/231/189 173/236/194 146/257/215
f 173/236/194 228/231/189 204/230/188 140/233/191
f 174/232/190 228/231/189 198/254/212 145/253/211
f 199/250/208 229/227/185 174/232/190 145/253/211
f 174/232/190 229/227/185 205/226/184 139/229/187
f 175/228/186 229/227/185 199/250/208 144/249/207
f 200/246/204 230/223/181 175/228/186 144/249/207
f 175/228/186 230/223/181 206/222/180 138/225/183
f 176/315/182 230/223/181 200/246/204 143/316/203
f 201/242/200 231/219/177 176/224/182 143/245/203
f 176/224/182 231/219/177 207/218/176 137/221/179
f 177/220/178 231/219/177 201/242/200 142/241/199
f 202/238/196 232/215/173 177/220/178 142/241/199
f 177/220/178 232/215/173 208/214/172 136/217/175
f 178/216/174 232/215/173 202/238/196 141/237/195
f 203/234/192 233/211/169 184/192/150 135/213/171
f 184/192/150 233/211/169 209/210/168 129/189/147
f 179/322/170 233/211/169 203/234/192 140/323/191
f 204/230/188 234/207/165 179/212/170 140/233/191
f 179/212/170 234/207/165 210/206/164 134/209/167
f 180/208/166 234/207/165 204/230/188 139/229/187
f 205/226/184 235/203/161 180/208/166 139/229/187
f 180/208/166 235/203/161 211/202/160 133/205/163
f 181/204/162 235/203/161 205/226/184 138/225/183
f 206/222/180 236/199/157 181/204/162 138/225/183
f 181/204/162 236/199/157 212/198/156 132/201/159
f 182/313/158 236/199/157 206/222/180 137/314/179
f 207/218/176 237/195/153 182/200/158 137/221/179
f 182/200/158 237/195/153 213/194/152 131/197/155
f 183/196/154 237/195/153 207/218/176 136/217/175
f 208/214/172 238/191/149 183/196/154 136/217/175
f 183/196/154 238/191/149 214/190/148 130/193/151
f 184/192/150 238/191/149 208/214/172 135/213/171
f 209/210/168 239/187/145 190/168/126 129/189/147
f 190/168/126 239/187/145 215/186/144 123/165/123
f 185/320/146 239/187/145 209/210/168 134/321/167
f 210/206/164 240/183/141 185/188/146 134/209/167
f 185/188/146 240/183/141 216/182/140 128/185/143
f 186/184/142 240/183/141 210/206/164 133/205/163
f 211/202/160 241/179/137 186/184/142 133/205/163
f 186/184/142 241/179/137 217/178/136 127/181/139
f 187/180/138 241/179/137 211/202/160 132/201/159
f 212/198/156 242/175/133 187/180/138 132/201/159
f 187/180/138 242/175/133 218/174/132 126/177/135
f 188/311/134 242/175/133 212/198/156 131/312/155
f 213/194/152 243/171/129 188/176/134 131/197/155
f 188/176/134 243/171/129 219/170/128 125/173/131
f 189/172/130 243/171/129 213/194/152 130/193/151
f 214/190/148 244/167/125 189/172/130 130/193/151
f 189/172/130 244/167/125 220/166/124 124/169/127
f 190/168/126 244/167/125 214/190/148 129/189/147
g default
v -0.426457 0.537050 -0.186247
v -0.984463 0.397563 -0.024096
v -1.154671 0.399152 0.492732
v -0.766872 0.540221 0.847406
v -0.208868 0.679708 0.685256
v -0.038662 0.678122 0.168429
v -0.414675 0.893063 -0.556498
v -1.336028 0.662750 -0.288761
v -1.617067 0.665368 0.564603
v -0.976753 0.898299 1.150229
v -0.055400 1.128612 0.882492
v 0.225640 1.125995 0.029129
v -0.508442 1.387387 -0.735228
v -1.572329 1.121444 -0.426073
v -1.896843 1.124466 0.559305
v -1.157475 1.393434 1.235529
v -0.093588 1.659377 0.926373
v 0.230930 1.656355 -0.059006
v -0.689165 1.882526 -0.649929
v -1.610518 1.652213 -0.382192
v -1.891557 1.654826 0.471171
v -1.251242 1.887758 1.056796
v -0.329889 2.118070 0.789059
v -0.048850 2.115453 -0.064302
v -0.899044 2.240600 -0.347108
v -1.457048 2.101115 -0.184957
v -1.627257 2.102704 0.331871
v -1.239459 2.243767 0.686546
v -0.681454 2.383252 0.524395
v -0.511248 2.381675 0.007569
v -0.557523 0.397529 0.343904
v -1.108395 2.383291 0.156395
v -0.782655 2.413965 0.070046
v -0.878000 2.414852 0.359553
v -1.190573 2.336717 0.450384
v -1.407802 2.257694 0.251707
v -1.312460 2.256806 -0.037799
v -0.999887 2.334941 -0.128631
v -0.258115 0.523127 0.248593
v -0.353458 0.524014 0.538099
v -0.666031 0.445879 0.628930
v -0.883262 0.366857 0.430254
v -0.787918 0.365969 0.140747
v -0.475345 0.444104 0.049915
v -0.276822 2.277433 -0.033899
v -0.505648 2.279568 0.660928
v -1.255835 2.092042 0.878927
v -1.777198 1.902378 0.402096
v -1.548367 1.900252 -0.292732
v -0.798180 2.087778 -0.510730
v 0.122486 1.902898 -0.072289
v -0.190606 1.905815 0.878404
v -1.217044 1.649233 1.176676
v -1.930389 1.389735 0.524257
v -1.617296 1.386824 -0.426434
v -0.590858 1.643405 -0.724706
v 0.264471 1.391085 -0.023959
v -0.048622 1.394000 0.926734
v -1.075060 1.137418 1.225007
v -1.788405 0.877921 0.572588
v -1.475311 0.875006 -0.378103
v -0.448874 1.131588 -0.676376
v 0.111281 0.878436 0.098202
v -0.117551 0.880569 0.793031
v -0.867738 0.693043 1.011029
v -1.389096 0.503383 0.534198
v -1.160269 0.501255 -0.160629
v -0.410082 0.688781 -0.378627
v -0.686434 2.336103 -0.194401
v -0.570365 2.412199 0.270500
v -0.958826 2.338637 0.632698
v -1.463362 2.188973 0.529996
v -1.579432 2.112877 0.065095
v -1.190971 2.186441 -0.297104
v -0.283097 2.015534 -0.437308
v -0.077769 2.150147 0.385085
v -0.764947 2.020018 1.025804
v -1.657454 1.755269 0.844127
v -1.862781 1.620655 0.021732
v -1.175604 1.750783 -0.618986
v -0.039440 1.540681 -0.489721
v 0.197667 1.696127 0.459940
v -0.595853 1.545860 1.199812
v -1.626478 1.240139 0.990021
v -1.863586 1.084693 0.040359
v -1.070064 1.234962 -0.699512
v -0.008465 1.025549 -0.343827
v 0.196865 1.160171 0.478567
v -0.490313 1.030036 1.119284
v -1.382820 0.765292 0.937608
v -1.588150 0.630671 0.115214
v -0.900969 0.760801 -0.525505
v -0.202557 0.591845 -0.029697
v -0.086485 0.667946 0.435205
v -0.474947 0.594378 0.797402
v -0.979482 0.444721 0.694701
v -1.095553 0.368621 0.229800
v -0.707093 0.442181 -0.132398
v -0.467686 2.196226 -0.337542
v -0.300528 2.305818 0.331965
v -0.859956 2.199879 0.853569
v -1.586541 1.984349 0.705667
v -1.753699 1.874758 0.036161
v -1.194271 1.980698 -0.485444
v -0.138412 1.791429 -0.487842
v 0.090344 1.941403 0.428375
v -0.675232 1.796426 1.142190
v -1.669563 1.501476 0.939788
v -1.898318 1.351501 0.023570
v -1.132743 1.496477 -0.690246
v 0.003646 1.279345 -0.439488
v 0.232402 1.429319 0.476729
v -0.533176 1.284343 1.190546
v -1.527504 0.989391 0.988142
v -1.756261 0.839418 0.071925
v -0.990684 0.984395 -0.641892
v -0.079376 0.796473 -0.205368
v 0.087781 0.906063 0.464139
v -0.471648 0.800125 0.985744
v -1.198232 0.584594 0.837841
v -1.365389 0.475005 0.168335
v -0.805963 0.580944 -0.353270
vt 0.246100 0.036059
vt 0.328932 0.033380
vt 0.327580 0.090203
vt 0.233631 0.086199
vt 0.411542 0.039994
vt 0.482062 0.023074
vt 0.509205 0.083440
vt 0.421613 0.090671
vt 0.546702 0.010329
vt 0.172804 0.515806
vt 0.143760 0.575281
vt 0.587042 0.060239
vt 0.242751 0.534953
vt 0.325530 0.530961
vt 0.325080 0.587797
vt 0.231079 0.585285
vt 0.408235 0.536263
vt 0.478477 0.518226
vt 0.506576 0.578153
vt 0.419109 0.586774
vt 0.542908 0.504457
vt 0.176466 0.015804
vt 0.146482 0.074811
vt 0.584033 0.553721
vt 0.222632 0.141015
vt 0.326303 0.143906
vt 0.325014 0.198065
vt 0.215424 0.195528
vt 0.429994 0.145949
vt 0.528613 0.141292
vt 0.539741 0.199506
vt 0.434601 0.200741
vt 0.622544 0.123523
vt 0.122529 0.632489
vt 0.109561 0.690321
vt 0.642864 0.191260
vt 0.220951 0.640269
vt 0.324655 0.641513
vt 0.324226 0.695686
vt 0.214609 0.694888
vt 0.428365 0.641911
vt 0.526898 0.635690
vt 0.538949 0.693721
vt 0.433841 0.696625
vt 0.620536 0.616433
vt 0.124345 0.131675
vt 0.110461 0.189293
vt 0.641928 0.683840
vt 0.211795 0.250211
vt 0.323710 0.252874
vt 0.322406 0.307681
vt 0.212820 0.305004
vt 0.435625 0.255536
vt 0.542868 0.258087
vt 0.536959 0.316454
vt 0.431996 0.310219
vt 0.647420 0.260575
vt 0.104579 0.748774
vt 0.108635 0.807297
vt 0.639573 0.329594
vt 0.211848 0.749622
vt 0.323791 0.750509
vt 0.323358 0.805330
vt 0.213742 0.804393
vt 0.435735 0.751395
vt 0.543004 0.752246
vt 0.538022 0.810697
vt 0.432974 0.806129
vt 0.647583 0.753073
vt 0.104553 0.247660
vt 0.107679 0.306242
vt 0.640832 0.822208
vt 0.217427 0.359799
vt 0.321118 0.361841
vt 0.319840 0.415545
vt 0.225807 0.415074
vt 0.424789 0.364732
vt 0.523076 0.374072
vt 0.500938 0.430936
vt 0.413790 0.419546
vt 0.616055 0.396287
vt 0.120685 0.865327
vt 0.141008 0.922864
vt 0.577583 0.457813
vt 0.219219 0.859107
vt 0.322928 0.859504
vt 0.322503 0.913221
vt 0.228474 0.914243
vt 0.426633 0.860748
vt 0.525054 0.868529
vt 0.503823 0.925737
vt 0.416505 0.915732
vt 0.618375 0.889266
vt 0.118807 0.364454
vt 0.138215 0.422306
vt 0.580884 0.951394
vt 0.894348 0.257650
vt 0.830128 0.268904
vt 0.814715 0.332255
vt 0.863649 0.384486
vt 0.927868 0.373232
vt 0.943281 0.309881
vt 0.768025 0.235781
vt 0.318489 0.472367
vt 0.757351 0.181869
vt 0.645902 0.186595
vt 0.470953 0.489943
vt 0.690961 0.155130
vt 0.622928 0.068911
vt 0.169107 0.982792
vt 0.678235 0.091186
vt 0.721053 0.000000
vt 0.322053 0.970057
vt 0.731727 0.053911
vt 0.843177 0.049185
vt 0.474779 0.985212
vt 0.798117 0.080649
vt 0.866150 0.166868
vt 0.165359 0.482673
vt 0.810844 0.144594
vt 0.744539 0.117890
vt 0.878998 0.321068
vt 0.704606 0.217040
vt 0.401320 0.469688
vt 0.627650 0.128208
vt 0.104676 0.996561
vt 0.667430 0.029439
vt 0.239349 0.964755
vt 0.784472 0.018739
vt 0.404832 0.966064
vt 0.861428 0.107572
vt 0.100718 0.495418
vt 0.821648 0.206341
vt 0.235878 0.465752
vt 0.957003 0.247988
vt 0.907392 0.204262
vt 0.846356 0.208356
vt 0.789364 0.225393
vt 0.768652 0.281155
vt 0.760592 0.341795
vt 0.800993 0.394148
vt 0.850604 0.437873
vt 0.911640 0.433779
vt 0.968633 0.416743
vt 0.989344 0.360980
vt 0.997405 0.300341
vt 0.066699 0.549625
vt 0.029208 0.611751
vt 0.006751 0.678810
vt 0.000000 0.747946
vt 0.005656 0.817179
vt 0.027047 0.884584
vt 0.063550 0.947298
vt 0.534917 0.505748
vt 0.108599 0.501017
vt 0.069837 0.047935
vt 0.031365 0.109459
vt 0.007847 0.176154
vt 0.000000 0.245173
vt 0.004556 0.314488
vt 0.024876 0.382224
vt 0.060379 0.445508
vt 0.538983 1.000000
vt 0.112503 0.000000
vn 0.334368 -0.795988 -0.504580
vn 0.079253 -0.874117 -0.479206
vn -0.002624 -0.753619 -0.657307
vn 0.333208 -0.674802 -0.658494
vn -0.157414 -0.918919 -0.361675
vn -0.271667 -0.958067 -0.091129
vn -0.469757 -0.869359 -0.153437
vn -0.287368 -0.829930 -0.478159
vn -0.297021 -0.927737 0.226016
vn -0.126883 -0.863150 0.488746
vn -0.280394 -0.745207 0.605017
vn -0.468192 -0.845923 0.255363
vn 0.095390 -0.753181 0.650860
vn 0.355489 -0.693015 0.627183
vn 0.355598 -0.518761 0.777455
vn 0.027037 -0.623797 0.781119
vn 0.587170 -0.630248 0.507956
vn 0.718282 -0.651881 0.243152
vn 0.839966 -0.465147 0.279454
vn 0.647616 -0.468670 0.600784
vn 0.739848 -0.668549 -0.075281
vn 0.573505 -0.746799 -0.336725
vn 0.650602 -0.589299 -0.479004
vn 0.846373 -0.517317 -0.126635
vn 0.312171 -0.492485 -0.812409
vn -0.086159 -0.589224 -0.803362
vn -0.167981 -0.383634 -0.908079
vn 0.270509 -0.271762 -0.923564
vn -0.429183 -0.677803 -0.596979
vn -0.654870 -0.725170 -0.212777
vn -0.810727 -0.522783 -0.263475
vn -0.550734 -0.477053 -0.684918
vn -0.662004 -0.695578 0.279145
vn -0.427929 -0.576383 0.696174
vn -0.557891 -0.357020 0.749196
vn -0.826375 -0.485233 0.285751
vn -0.055483 -0.432801 0.899781
vn 0.336251 -0.312289 0.888488
vn 0.296375 -0.079198 0.951782
vn -0.137868 -0.206372 0.968712
vn 0.685870 -0.247483 0.684350
vn 0.922304 -0.238861 0.303810
vn 0.950215 0.019968 0.310955
vn 0.683374 -0.001083 0.730067
vn 0.937043 -0.295857 -0.185526
vn 0.695365 -0.387646 -0.605144
vn 0.697379 -0.145795 -0.701717
vn 0.970956 -0.035948 -0.236542
vn 0.211347 -0.033609 -0.976833
vn -0.239239 -0.156848 -0.958208
vn -0.296375 0.079196 -0.951782
vn 0.137869 0.206371 -0.968712
vn -0.637535 -0.245807 -0.730156
vn -0.912519 -0.281193 -0.297053
vn -0.950214 -0.019967 -0.310956
vn -0.683375 0.001083 -0.730067
vn -0.933752 -0.233413 0.271342
vn -0.650767 -0.109586 0.751328
vn -0.697379 0.145795 0.701717
vn -0.970957 0.035945 0.236537
vn -0.211347 0.033609 0.976833
vn 0.239240 0.156848 0.958208
vn 0.167981 0.383637 0.908077
vn -0.270509 0.271765 0.923563
vn 0.637536 0.245807 0.730156
vn 0.912518 0.281193 0.297054
vn 0.810726 0.522784 0.263475
vn 0.550733 0.477056 0.684917
vn 0.933752 0.233413 -0.271339
vn 0.650765 0.109584 -0.751330
vn 0.557891 0.357018 -0.749197
vn 0.826374 0.485234 -0.285751
vn 0.055483 0.432799 -0.899781
vn -0.336250 0.312286 -0.888490
vn -0.355598 0.518763 -0.777454
vn -0.027039 0.623798 -0.781118
vn -0.685870 0.247482 -0.684350
vn -0.922304 0.238862 -0.303811
vn -0.839966 0.465149 -0.279450
vn -0.647616 0.468672 -0.600782
vn -0.937042 0.295859 0.185524
vn -0.695364 0.387647 0.605143
vn -0.650601 0.589298 0.479006
vn -0.846373 0.517316 0.126637
vn -0.312170 0.492485 0.812409
vn 0.086160 0.589224 0.803362
vn 0.002626 0.753618 0.657308
vn -0.333208 0.674802 0.658495
vn 0.429184 0.677802 0.596980
vn 0.654870 0.725169 0.212778
vn 0.469760 0.869357 0.153438
vn 0.287371 0.829927 0.478162
vn 0.662003 0.695579 -0.279143
vn 0.427930 0.576386 -0.696172
vn 0.280392 0.745209 -0.605016
vn 0.468194 0.845923 -0.255362
vn 0.089853 -0.990563 -0.103492
vn 0.035173 -0.987618 0.152883
vn 0.201354 -0.917461 0.343107
vn 0.424017 -0.861802 0.278400
vn 0.481808 -0.875972 0.023095
vn 0.312514 -0.934905 -0.168188
vn -0.095389 0.753182 -0.650859
vn -0.355488 0.693019 -0.627179
vn -0.201359 0.917460 -0.343107
vn -0.587171 0.630251 -0.507952
vn -0.718285 0.651878 -0.243150
vn -0.424016 0.861801 -0.278405
vn -0.739854 0.668542 0.075290
vn -0.573504 0.746798 0.336728
vn -0.481803 0.875975 -0.023094
vn -0.334369 0.795993 0.504572
vn -0.079255 0.874121 0.479198
vn -0.312513 0.934904 0.168197
vn 0.157404 0.918925 0.361664
vn 0.271661 0.958069 0.091125
vn -0.089849 0.990563 0.103499
vn 0.297029 0.927733 -0.226020
vn 0.126888 0.863146 -0.488752
vn -0.035179 0.987619 -0.152877
vn -0.266219 0.959644 -0.090619
vn 0.266217 -0.959644 0.090615
s 1
g holly holly3
usemtl initialShadingGroup
f 245/329/245 342/330/246 366/331/247 312/332/248
f 246/333/249 341/334/250 365/335/251 311/336/252
f 247/483/253 340/338/254 364/339/255 310/475/256
f 248/341/257 339/342/258 363/343/259 309/344/260
f 249/345/261 338/346/262 362/347/263 308/348/264
f 250/492/265 337/350/266 361/351/267 307/484/268
f 251/353/269 336/354/270 360/355/271 306/356/272
f 252/357/273 335/358/274 359/359/275 305/360/276
f 253/476/277 334/362/278 358/363/279 304/477/280
f 254/365/281 333/366/282 357/367/283 303/368/284
f 255/369/285 332/370/286 356/371/287 302/372/288
f 256/485/289 331/374/290 355/375/291 301/486/292
f 257/377/293 330/378/294 354/379/295 300/380/296
f 258/381/297 329/382/298 353/383/299 299/384/300
f 259/478/301 328/386/302 352/387/303 298/479/304
f 260/389/305 327/390/306 351/391/307 297/392/308
f 261/393/309 326/394/310 350/395/311 296/396/312
f 262/487/313 325/398/314 349/399/315 295/488/316
f 263/401/317 324/402/318 348/403/319 294/404/320
f 264/405/321 323/406/322 347/407/323 293/408/324
f 265/480/325 322/410/326 346/411/327 292/481/328
f 266/413/329 321/414/330 345/415/331 291/416/332
f 267/417/333 320/418/334 344/419/335 290/420/336
f 268/489/337 319/422/338 343/423/339 289/490/340
f 246/464/249 342/463/246 287/425/341
f 247/466/253 341/465/250 286/426/342
f 248/468/257 340/467/254 285/427/343
f 249/470/261 339/469/258 284/428/344
f 250/472/265 338/471/262 283/429/345
f 245/474/245 337/473/266 288/430/346
f 269/431/347 318/451/348 282/433/349
f 270/434/350 317/453/351 281/436/352
f 271/437/353 316/455/354 280/439/355
f 272/440/356 315/457/357 279/442/358
f 273/443/359 314/459/360 278/445/361
f 274/446/362 313/461/363 277/448/364
f 277/448/364 282/433/349 276/449/365
f 282/433/349 313/461/363 269/431/347
f 277/448/364 313/461/363 282/433/349
f 278/445/361 277/448/364 276/449/365
f 277/448/364 314/459/360 274/446/362
f 278/445/361 314/459/360 277/448/364
f 279/442/358 278/445/361 276/449/365
f 278/445/361 315/457/357 273/443/359
f 279/442/358 315/457/357 278/445/361
f 280/439/355 279/442/358 276/449/365
f 279/442/358 316/455/354 272/440/356
f 280/439/355 316/455/354 279/442/358
f 281/436/352 280/439/355 276/449/365
f 280/439/355 317/453/351 271/437/353
f 281/436/352 317/453/351 280/439/355
f 282/433/349 281/436/352 276/449/365
f 281/436/352 318/451/348 270/434/350
f 282/433/349 318/451/348 281/436/352
f 288/430/346 283/429/345 275/450/366
f 283/429/345 337/473/266 250/472/265
f 288/430/346 337/473/266 283/429/345
f 283/429/345 284/428/344 275/450/366
f 284/428/344 338/471/262 249/470/261
f 283/429/345 338/471/262 284/428/344
f 284/428/344 285/427/343 275/450/366
f 285/427/343 339/469/258 248/468/257
f 284/428/344 339/469/258 285/427/343
f 285/427/343 286/426/342 275/450/366
f 286/426/342 340/467/254 247/466/253
f 285/427/343 340/467/254 286/426/342
f 286/426/342 287/425/341 275/450/366
f 287/425/341 341/465/250 246/464/249
f 286/426/342 341/465/250 287/425/341
f 287/425/341 288/430/346 275/450/366
f 288/430/346 342/463/246 245/474/245
f 287/425/341 342/463/246 288/430/346
f 313/447/363 343/423/339 294/404/320 269/462/347
f 294/404/320 343/423/339 319/422/338 263/401/317
f 289/490/340 343/423/339 313/447/363 274/460/362
f 314/444/360 344/419/335 289/424/340 274/491/362
f 289/424/340 344/419/335 320/418/334 268/421/337
f 290/420/336 344/419/335 314/444/360 273/458/359
f 315/441/357 345/415/331 290/420/336 273/458/359
f 290/420/336 345/415/331 321/414/330 267/417/333
f 291/416/332 345/415/331 315/441/357 272/456/356
f 316/438/354 346/411/327 291/416/332 272/456/356
f 291/416/332 346/411/327 322/410/326 266/413/329
f 292/481/328 346/411/327 316/438/354 271/454/353
f 317/435/351 347/407/323 292/412/328 271/482/353
f 292/412/328 347/407/323 323/406/322 265/409/325
f 293/408/324 347/407/323 317/435/351 270/452/350
f 318/432/348 348/403/319 293/408/324 270/452/350
f 293/408/324 348/403/319 324/402/318 264/405/321
f 294/404/320 348/403/319 318/432/348 269/462/347
f 319/422/338 349/399/315 300/380/296 263/401/317
f 300/380/296 349/399/315 325/398/314 257/377/293
f 295/488/316 349/399/315 319/422/338 268/489/337
f 320/418/334 350/395/311 295/400/316 268/421/337
f 295/400/316 350/395/311 326/394/310 262/397/313
f 296/396/312 350/395/311 320/418/334 267/417/333
f 321/414/330 351/391/307 296/396/312 267/417/333
f 296/396/312 351/391/307 327/390/306 261/393/309
f 297/392/308 351/391/307 321/414/330 266/413/329
f 322/410/326 352/387/303 297/392/308 266/413/329
f 297/392/308 352/387/303 328/386/302 260/389/305
f 298/479/304 352/387/303 322/410/326 265/480/325
f 323/406/322 353/383/299 298/388/304 265/409/325
f 298/388/304 353/383/299 329/382/298 259/385/301
f 299/384/300 353/383/299 323/406/322 264/405/321
f 324/402/318 354/379/295 299/384/300 264/405/321
f 299/384/300 354/379/295 330/378/294 258/381/297
f 300/380/296 354/379/295 324/402/318 263/401/317
f 325/398/314 355/375/291 306/356/272 257/377/293
f 306/356/272 355/375/291 331/374/290 251/353/269
f 301/486/292 355/375/291 325/398/314 262/487/313
f 326/394/310 356/371/287 301/376/292 262/397/313
f 301/376/292 356/371/287 332/370/286 256/373/289
f 302/372/288 356/371/287 326/394/310 261/393/309
f 327/390/306 357/367/283 302/372/288 261/393/309
f 302/372/288 357/367/283 333/366/282 255/369/285
f 303/368/284 357/367/283 327/390/306 260/389/305
f 328/386/302 358/363/279 303/368/284 260/389/305
f 303/368/284 358/363/279 334/362/278 254/365/281
f 304/477/280 358/363/279 328/386/302 259/478/301
f 329/382/298 359/359/275 304/364/280 259/385/301
f 304/364/280 359/359/275 335/358/274 253/361/277
f 305/360/276 359/359/275 329/382/298 258/381/297
f 330/378/294 360/355/271 305/360/276 258/381/297
f 305/360/276 360/355/271 336/354/270 252/357/273
f 306/356/272 360/355/271 330/378/294 257/377/293
f 331/374/290 361/351/267 312/332/248 251/353/269
f 312/332/248 361/351/267 337/350/266 245/329/245
f 307/484/268 361/351/267 331/374/290 256/485/289
f 332/370/286 362/347/263 307/352/268 256/373/289
f 307/352/268 362/347/263 338/346/262 250/349/265
f 308/348/264 362/347/263 332/370/286 255/369/285
f 333/366/282 363/343/259 308/348/264 255/369/285
f 308/348/264 363/343/259 339/342/258 249/345/261
f 309/344/260 363/343/259 333/366/282 254/365/281
f 334/362/278 364/339/255 309/344/260 254/365/281
f 309/344/260 364/339/255 340/338/254 248/341/257
f 310/475/256 364/339/255 334/362/278 253/476/277
f 335/358/274 365/335/251 310/340/256 253/361/277
f 310/340/256 365/335/251 341/334/250 247/337/253
f 311/336/252 365/335/251 335/358/274 252/357/273
f 336/354/270 366/331/247 311/336/252 252/357/273
f 311/336/252 366/331/247 342/330/246 246/333/249
f 312/332/248 366/331/247 336/354/270 251/353/269
g default
v -0.430311 0.864270 -0.974813
v -0.402592 1.291895 -0.995906
v -0.400580 0.892862 -0.718049
v -0.379573 1.314035 -0.797121
v -0.729875 1.117610 -0.683194
v -0.445450 1.693607 -0.789579
v -1.619443 1.688342 -0.782711
v -1.376989 2.801730 -0.844825
v -3.480711 2.812119 -1.368148
v -3.284287 3.766537 -1.620219
v -4.563511 3.362399 -2.260516
v -4.189505 3.497901 -2.103868
v -4.421482 3.235001 -2.437232
v -4.081622 3.400241 -2.242864
v -3.384216 2.706458 -1.589778
v -3.164454 3.644904 -1.844528
v -1.640474 1.654681 -1.035759
v -1.380066 2.748712 -1.137504
v -0.767221 1.081695 -1.005721
v -0.478207 1.662100 -1.072477
v -2.716253 2.379393 -0.974272
v -2.561026 3.491777 -1.190696
v -2.481917 3.388969 -1.458439
v -2.671987 2.304748 -1.215080
v -2.537994 4.265541 -1.558464
v -2.466761 4.186264 -1.728845
v -2.825318 4.307924 -1.960530
v -2.912771 4.395717 -1.801992
v -1.764976 3.993123 -1.429333
v -1.333874 3.779210 -1.301612
v -1.805637 4.055226 -1.242467
v -1.353194 3.828468 -1.107836
v -0.616745 3.017365 -1.168668
v -0.232900 2.675992 -1.169689
v -0.598098 3.042372 -0.970026
v -0.209886 2.698125 -0.970904
v -4.277572 3.234118 -1.934202
v -3.848426 3.540495 -1.841509
v -3.719145 3.419355 -2.029882
v -4.105008 3.077014 -2.161235
v -3.080568 2.591615 -1.129641
v -2.882983 3.732791 -1.397722
v -2.671651 4.491181 -1.691451
v -2.567432 4.382279 -1.903085
v -2.768454 3.604747 -1.674807
v -3.013329 2.503589 -1.360649
v -2.185295 2.053881 -0.833193
v -1.915205 3.236890 -0.970013
v -1.481096 4.108810 -1.165455
v -1.442133 4.036601 -1.412003
v -1.873767 3.150866 -1.281270
v -2.174518 1.999765 -1.082896
v -1.073557 1.277447 -1.043641
v -0.824776 2.242960 -1.130041
v -0.265688 2.985228 -1.230497
v -0.236451 3.014144 -0.973749
v -0.790338 2.280992 -0.806510
v -1.043770 1.306994 -0.781585
v -0.807249 0.681864 -0.881117
v -0.784230 0.704000 -0.682333
v -1.150527 0.630044 -0.589500
v -2.532513 1.058790 -0.516938
v -4.301700 2.231957 -1.331582
v -4.507492 3.017838 -2.013356
v -4.399607 2.920175 -2.152352
v -4.181862 2.110316 -1.555888
v -2.535586 1.005769 -0.809615
v -1.183283 0.598539 -0.872399
v -3.689770 1.789247 -0.870442
v -3.610655 1.686430 -1.138184
v -4.438028 1.399333 -1.019277
v -4.366792 1.320057 -1.189660
v -4.660219 1.539965 -1.439827
v -4.747670 1.627761 -1.281290
v -3.858940 0.834364 -0.835114
v -3.470844 0.555571 -0.695189
v -3.899599 0.896472 -0.648249
v -3.490164 0.604834 -0.501413
v -2.473724 0.216099 -0.641700
v -2.011913 -0.007659 -0.664848
v -2.455078 0.241106 -0.443059
v -1.988896 0.014479 -0.466062
v -4.363683 2.763072 -1.695167
v -4.234399 2.641931 -1.883540
v -4.071825 1.939817 -1.060509
v -4.717361 1.405207 -1.110926
v -4.613145 1.296310 -1.322558
v -3.957281 1.811763 -1.337588
v -3.162650 1.355517 -0.616107
v -3.803605 0.605288 -0.506381
v -3.764646 0.533079 -0.752928
v -3.121199 1.269489 -0.927362
v -1.855506 0.688443 -0.837582
v -2.313437 -0.103814 -0.649393
v -2.284200 -0.074898 -0.392645
v -1.821069 0.726476 -0.514053
v -0.502088 0.823877 -0.962004
v -0.472361 0.852475 -0.705239
v -0.796812 1.040294 -0.664773
v -1.176519 1.213885 -0.741925
v -1.767958 1.585561 -0.742633
v -2.349388 1.935742 -0.801110
v -2.872230 2.278917 -0.957904
v -3.245494 2.475749 -1.118975
v -3.615590 2.713673 -1.360992
v -4.301035 3.149457 -1.887488
v -4.561627 3.299756 -2.214094
v -4.419834 3.172471 -2.391055
v -4.128984 2.992305 -2.116588
v -3.513025 2.603160 -1.587002
v -3.171529 2.382225 -1.355504
v -2.821919 2.199055 -1.205148
v -2.333824 1.877017 -1.058445
v -1.786004 1.548320 -1.004225
v -1.206674 1.183134 -1.011647
v -0.834284 1.004254 -0.988398
v -0.420711 0.945082 -0.984924
v -0.722365 1.172592 -1.020104
v -1.037276 1.436217 -1.059439
v -1.598527 1.828589 -1.057082
v -2.124730 2.189829 -1.117204
v -2.635965 2.476920 -1.257084
v -2.967560 2.687366 -1.412402
v -3.343216 2.857323 -1.634338
v -4.032302 3.139306 -2.144927
v -4.358003 3.267222 -2.409664
v -4.499796 3.394505 -2.232702
v -4.204342 3.296451 -1.915823
v -3.445712 2.967795 -1.408284
v -3.041439 2.780845 -1.175831
v -2.686190 2.556732 -1.009809
v -2.140207 2.248504 -0.859854
v -1.580410 1.865787 -0.795487
v -1.007113 1.466967 -0.789717
v -0.684893 1.208631 -0.696478
v -0.390981 0.973674 -0.728158
v -0.362968 0.925786 -0.857767
v -0.518089 1.077249 -0.683325
v -0.828638 1.326581 -0.743626
v -1.276968 1.656696 -0.796300
v -1.862762 2.064461 -0.816401
v -2.427295 2.412892 -0.928563
v -2.878340 2.678372 -1.090843
v -3.208545 2.864249 -1.265974
v -3.832940 3.128935 -1.654779
v -4.418652 3.379389 -2.096157
v -4.464700 3.342463 -2.358055
v -4.233878 3.212952 -2.328369
v -3.694054 2.995503 -1.881410
v -3.124333 2.765121 -1.496262
v -2.815349 2.591097 -1.332886
v -2.393529 2.342968 -1.181276
v -1.865766 2.017508 -1.076561
v -1.302928 1.624624 -1.057889
v -0.863028 1.293800 -1.040256
v -0.557080 1.039412 -1.020016
v -0.376045 1.157792 -0.746318
v -0.588865 1.403747 -0.721612
v -1.032642 1.331801 -0.786606
v -1.511206 2.260431 -0.804441
v -2.061822 2.682382 -0.901343
v -2.641872 2.953160 -1.075898
v -2.975718 3.203347 -1.264932
v -3.388936 3.318139 -1.488268
v -4.039083 3.431277 -1.862677
v -4.353526 3.463369 -2.161747
v -4.209660 3.333917 -2.342877
v -4.094375 3.089110 -2.161067
v -3.267363 3.191807 -1.735088
v -2.999507 2.533028 -1.368128
v -2.660659 2.331138 -1.221335
v -2.160292 2.029967 -1.089038
v -1.522007 2.213042 -1.097312
v -0.974232 1.787056 -1.084425
v -0.627092 1.366833 -1.051457
v -0.406696 1.128313 -1.011025
v -0.647733 0.903523 -0.994387
v -1.004223 1.082198 -1.000343
v -1.483325 1.355148 -1.007013
v -2.067281 1.716077 -1.019822
v -2.590835 2.047973 -1.125997
v -3.009949 2.300143 -1.278579
v -3.318846 2.474209 -1.442126
v -3.819637 2.806465 -1.845744
v -4.307231 3.100736 -2.306434
v -4.521834 3.254825 -2.340796
v -4.492246 3.266813 -2.074152
v -3.957423 2.941641 -1.619466
v -3.403125 2.573406 -1.211891
v -3.073013 2.387489 -1.036578
v -2.624686 2.117949 -0.873310
v -2.064357 1.763073 -0.759669
v -1.457467 1.387149 -0.745405
v -0.969628 1.115280 -0.703771
v -0.609058 0.940891 -0.657611
v -0.439966 0.811395 -0.836111
v -0.975240 0.841981 -0.952698
v -1.499849 0.995804 -0.935453
v -2.106441 1.333094 -0.931690
v -2.198584 1.973967 -1.078572
v -2.693732 2.282997 -1.212509
v -3.037089 2.478062 -1.358131
v -3.799179 2.390886 -1.584739
v -4.111517 3.062484 -2.155604
v -4.408596 3.032871 -2.285715
v -4.552451 3.162298 -2.104604
v -4.346313 2.967038 -1.774891
v -3.920179 2.518175 -1.338121
v -3.612687 2.244288 -1.084865
v -3.220763 2.081756 -0.912208
v -2.713617 1.701001 -0.716791
v -2.095196 1.381249 -0.638962
v -1.063823 1.286444 -0.777939
v -0.937198 0.878617 -0.622804
v -0.634379 0.769136 -0.673152
v -0.665023 0.739660 -0.937807
v -2.119189 0.881952 -0.507024
v -2.393836 0.047447 -0.393121
v -2.422016 0.017292 -0.653148
v -2.143420 0.837374 -0.831300
v -1.662238 1.632244 -1.031206
v -2.852215 1.150459 -0.873537
v -3.648932 0.489383 -0.726447
v -3.680923 0.558000 -0.474453
v -2.871933 1.222957 -0.554244
v -1.641557 1.665883 -0.778670
v -3.788891 1.773909 -1.257178
v -4.510089 1.256945 -1.256522
v -4.608990 1.363702 -1.037414
v -3.890993 1.894681 -0.967496
v -4.168196 2.424257 -1.712038
v -4.286100 2.539267 -1.518213
v -2.098096 0.296099 -0.415057
v -1.676886 0.252290 -0.493480
v -2.473968 0.526799 -0.718149
v -2.490738 0.164410 -0.529899
v -2.453476 0.565051 -0.451797
v -1.707863 0.222471 -0.760717
v -2.135458 0.256950 -0.751920
v -3.162298 0.808134 -0.492733
v -3.557104 0.510604 -0.585221
v -3.145017 0.747022 -0.750703
v -2.655086 0.897909 -0.630369
v -3.545093 0.947775 -0.527792
v -3.808508 1.245064 -0.709577
v -3.496658 0.854459 -0.851001
v -3.749671 1.157769 -0.958615
v -4.462465 1.644228 -1.063764
v -4.599520 1.850758 -1.283977
v -4.344728 2.147234 -1.472497
v -4.333039 1.505091 -1.345430
v -4.485855 1.736810 -1.490913
v -4.177923 1.579383 -0.957923
v -4.462771 1.300573 -1.099403
v -4.090290 1.475849 -1.190510
v -3.784642 1.616079 -0.988149
v -2.685643 1.628597 -1.001345
v -3.336039 1.468753 -1.023388
v -3.153387 1.985520 -1.184592
v -3.871573 0.460198 -0.609684
v -3.896842 0.717304 -0.555268
v -3.932615 0.787614 -0.725291
v -3.849342 0.639375 -0.802043
v -2.738133 2.357772 -0.972363
v -3.398573 1.566800 -0.716466
v -2.209576 2.028190 -0.829418
v -1.175279 0.542122 -0.720874
v -2.070035 -0.066051 -0.549656
v -2.161345 -0.083611 -0.403572
v -2.359946 -0.209020 -0.500119
v -2.191514 -0.112578 -0.663915
v -4.788897 1.505177 -1.198131
v -4.771232 1.544206 -1.374854
v -4.676681 1.391439 -1.407337
v -4.754024 1.276670 -1.220453
v -4.313744 2.642986 -1.754938
v -0.919702 0.666384 -0.900105
v -0.778249 1.067438 -1.002740
v -1.526765 0.617995 -0.865046
v -1.093486 1.256935 -1.039490
v -3.519711 2.134217 -1.342710
v -4.073735 1.927351 -1.445184
v -3.403493 2.684943 -1.587692
v -4.173511 2.807575 -2.018131
v -4.322903 2.799790 -2.054315
v -4.424131 3.224884 -2.432184
v -4.474214 2.957984 -2.090007
v -4.566266 3.352372 -2.255361
v -4.462290 2.927117 -1.868606
v -4.284165 3.219601 -1.928692
v -3.500128 2.790553 -1.366667
v -4.201449 2.063145 -1.174355
v -3.104474 2.566102 -1.127723
v -1.467817 1.030019 -0.639360
v -1.488794 0.653674 -0.531163
v -0.740897 1.103336 -0.680085
v -0.889118 0.695872 -0.635476
v -0.410876 0.883612 -0.715699
v -0.810899 0.667607 -0.777149
v -0.440634 0.854983 -0.972711
v -0.941968 1.821611 -0.788396
v -1.312211 1.483783 -0.787670
v -0.498554 2.709043 -0.868977
v -1.049386 2.495372 -0.810557
v -0.164662 3.102579 -1.123088
v -0.390813 3.069020 -0.961532
v -0.535423 2.670632 -1.205972
v -0.210996 2.875037 -1.225939
v -1.062340 1.302255 -1.048145
v -0.633316 1.965588 -1.118595
v -0.904226 1.168793 -1.025280
v -2.033609 2.610461 -1.185990
v -1.913728 1.833371 -1.048608
v -1.639328 3.656270 -1.378072
v -1.648986 2.965227 -1.214925
v -1.395602 4.195219 -1.312307
v -1.351617 3.954902 -1.378372
v -1.688136 3.749030 -1.054760
v -1.627732 4.140266 -1.199190
v -2.171289 2.084061 -0.839858
v -2.217442 3.348179 -1.051527
v -2.464751 2.227267 -0.896722
v -2.882859 3.093216 -1.522788
v -2.856180 2.413634 -1.285418
v -2.645796 4.050327 -1.824238
v -2.652769 3.487473 -1.579484
v -2.589436 4.541961 -1.834713
v -2.479238 4.320497 -1.832830
v -2.775540 4.188987 -1.542483
v -2.805170 4.497640 -1.761067
v -3.066855 2.621004 -1.137689
v -3.065469 3.776376 -1.496556
v -3.243137 2.682959 -1.217092
v -3.867040 3.270668 -2.105705
v -3.730156 3.523323 -1.920543
v -4.267001 3.246247 -1.934155
v -3.750262 2.899028 -1.859983
v -3.467650 3.480966 -1.910837
v -4.065061 3.526550 -1.981487
v -4.490900 3.339843 -2.124338
v -0.184413 2.778415 -1.084752
v -0.180824 2.904018 -0.965599
v -0.302233 2.325965 -0.883590
v -0.558245 3.079590 -1.078295
v -0.890146 2.923372 -0.895454
v -0.419067 3.038754 -1.221539
v -0.333137 2.296262 -1.150818
v -0.909082 2.887468 -1.162209
v -1.309707 3.900819 -1.222980
v -1.383615 4.023505 -1.126377
v -1.401995 3.463548 -0.992277
v -1.734148 4.104014 -1.349166
v -2.092571 3.833565 -1.196541
v -1.580219 4.062359 -1.445967
v -1.383704 3.403965 -1.250510
v -2.032449 3.748234 -1.445911
v -2.578117 4.427289 -1.613729
v -2.863001 4.422780 -1.916366
v -3.053819 4.182456 -1.722617
v -2.692963 4.383892 -1.970271
v -2.940453 4.068063 -1.929465
v -2.472762 4.302503 -1.664122
v -2.495228 3.882019 -1.643132
v -2.584369 3.983252 -1.410146
v -2.574253 2.857406 -1.348389
v -2.463559 3.608961 -1.363048
v -2.705149 2.405647 -0.981130
v -2.436346 2.162217 -1.142420
v -2.155963 3.248599 -1.358176
v -2.753599 3.610097 -1.290125
v -2.912842 2.495608 -1.049345
v -0.398535 1.713845 -0.941297
v -1.301026 2.940540 -1.014621
v -3.249256 3.799759 -1.783376
v -0.437360 1.393875 -1.036990
v -0.584216 0.959840 -1.009094
v -1.073949 2.450314 -1.134747
v -1.338987 1.453988 -1.040431
v -2.937606 3.640834 -1.767433
v -3.165879 2.589384 -1.442276
v -3.925686 3.399218 -2.167187
v -4.305172 3.173170 -2.355888
v -4.134987 3.469855 -2.186376
v -4.525738 3.313699 -2.386403
v -3.585906 3.595441 -1.716907
v -3.887815 3.032302 -1.636517
v -1.668112 3.038562 -0.895784
v -1.906712 1.876090 -0.796746
v -0.593557 2.003950 -0.785142
v -0.870068 1.201144 -0.733006
v -0.406757 1.423394 -0.772325
v -0.545754 0.998059 -0.670318
v -0.373647 1.326987 -0.901207
v -0.365350 0.844993 -0.848492
v -0.758637 1.096715 -1.008264
v -1.628258 1.681801 -1.040610
v -3.372285 2.730669 -1.595972
v -4.413332 3.242153 -2.435956
v -4.555470 3.369640 -2.259132
v -3.468846 2.836293 -1.374927
v -1.607384 1.715624 -0.788119
v -0.721246 1.132663 -0.685615
v -0.395837 0.905249 -0.719847
v -0.425597 0.876627 -0.976866
v -0.361867 0.856921 -0.850223
v -0.539373 1.010039 -0.672647
v -0.861697 1.220653 -0.736806
v -1.301216 1.510238 -0.792791
v -1.893346 1.905263 -0.802868
v -2.451830 2.254882 -0.903941
v -2.900024 2.522797 -1.057059
v -3.230000 2.710766 -1.225039
v -3.877408 3.037597 -1.646218
v -4.481489 3.348363 -2.122925
v -4.518091 3.319951 -2.384749
v -4.295712 3.181461 -2.354334
v -3.740908 2.906532 -1.869113
v -3.152676 2.617237 -1.449592
v -2.843237 2.440977 -1.292528
v -2.423241 2.189953 -1.149038
v -1.900137 1.862406 -1.054309
v -1.328108 1.480401 -1.045038
v -0.895588 1.188445 -1.028748
v -0.578375 0.971790 -1.010553
v -0.593494 0.949594 -1.006319
v -0.920019 1.152559 -1.021922
v -1.360640 1.433134 -1.036019
v -1.936880 1.808697 -1.044193
v -2.458732 2.138188 -1.139452
v -2.878350 2.389761 -1.283184
v -3.188373 2.565091 -1.440188
v -3.755980 2.884078 -1.864826
v -4.308292 3.161448 -2.350019
v -4.527714 3.304468 -2.381319
v -4.494259 3.328057 -2.118558
v -3.891293 3.016994 -1.642290
v -3.265776 2.658621 -1.215658
v -2.935087 2.471774 -1.047768
v -2.487262 2.203331 -0.894400
v -1.930197 1.851519 -0.792736
v -1.333964 1.462700 -0.783712
v -0.885908 1.185102 -0.730039
v -0.554973 0.987105 -0.668306
v -0.375791 0.837099 -0.846405
v -1.776386 1.195709 -0.635567
v -2.306714 0.432089 -0.409077
v -2.436843 -0.092021 -0.503937
v -2.338253 0.387637 -0.751208
v -1.800499 1.156255 -0.928406
v -2.405516 1.478947 -0.953657
v -3.304004 0.772164 -0.809782
v -3.779040 0.428475 -0.585881
v -3.337060 0.857298 -0.478127
v -2.412625 1.538489 -0.663857
v -3.350684 2.071316 -1.264289
v -4.197536 1.464305 -1.272079
v -4.660078 1.237314 -1.154121
v -4.317916 1.600318 -0.978711
v -3.432128 2.175449 -0.998738
v -3.983010 2.603923 -1.795430
v -4.282019 2.418550 -1.594957
v -4.133885 2.750342 -1.548371
v -1.631169 0.236396 -0.634034
v -1.860746 0.253535 -0.433125
v -2.513025 0.587116 -0.583894
v -1.900856 0.215101 -0.775828
v -3.098823 0.764092 -0.613601
v -3.711217 1.109769 -0.604000
v -3.814817 1.247561 -0.855828
v -3.646298 1.004937 -0.926624
v -4.561854 1.758146 -1.166607
v -4.560913 1.828830 -1.414805
v -4.420517 1.612374 -1.443050
v -4.095464 1.524550 -1.056165
v -2.933174 1.817814 -1.088554
v -3.937856 0.553700 -0.649836
v -2.982074 1.902983 -0.809470
v -0.945109 0.640791 -0.758463
v -2.273934 -0.207633 -0.510255
v -4.812789 1.369877 -1.301682
v -4.394041 2.809329 -1.923763
v -0.786915 0.781559 -0.967927
v -1.219119 0.901814 -0.943418
v -3.656946 2.237860 -1.443337
v -4.304660 2.938794 -2.196742
v -4.510095 3.123996 -2.236786
v -4.490051 3.106826 -1.955576
v -3.762182 2.355334 -1.191124
v -1.182606 0.936645 -0.629604
v -0.747679 0.819620 -0.625455
v -0.606136 0.737844 -0.808680
v -1.214959 2.040812 -0.794671
v -0.704092 2.849675 -0.863879
v -0.301557 3.129070 -1.109882
v -0.734734 2.806577 -1.206240
v -1.238782 2.001849 -1.087600
v -1.777779 2.424204 -1.131498
v -1.480539 3.522884 -1.327236
v -1.325664 4.129400 -1.282093
v -1.514343 3.606889 -0.995381
v -1.785122 2.483282 -0.841610
v -2.744658 2.983785 -1.435658
v -2.541980 3.961737 -1.741885
v -2.504878 4.488444 -1.765718
v -2.663274 4.096356 -1.448271
v -2.826213 3.087631 -1.170033
v -3.569072 3.228074 -1.912910
v -3.488528 3.615540 -1.820142
v -3.719862 3.374567 -1.665843
v -0.293245 2.254665 -1.013706
v -0.367441 2.506213 -0.856902
v -0.956401 2.935342 -1.025644
v -0.407049 2.468532 -1.199729
v -1.357197 3.391329 -1.107834
v -1.913779 3.821229 -1.114085
v -2.122111 3.801034 -1.336188
v -1.847872 3.717899 -1.436973
v -2.935501 4.211524 -1.628135
v -3.040636 4.122184 -1.846226
v -2.794095 4.065855 -1.904596
v -2.518370 3.903580 -1.503703
v -2.318364 2.743516 -1.262550
v -1.513227 4.211265 -1.337890
v -2.367439 2.828302 -0.983384
v -0.400529 1.462247 -0.912996
v -0.132869 3.022180 -1.117841
v -2.710706 4.540884 -1.898203
v -3.940666 3.493171 -2.052382
v -0.499008 1.215285 -1.049580
v -0.777795 1.566635 -1.068555
v -3.048418 3.154140 -1.615307
v -4.068173 3.296571 -2.264604
v -4.324299 3.405242 -2.290207
v -4.253364 3.464931 -2.023479
v -3.153843 3.271226 -1.362995
v -0.741285 1.601463 -0.754736
v -0.459451 1.253832 -0.707164
v -0.359327 1.108957 -0.878585
vt 0.030192 0.018537
vt 0.820965 0.450830
vt 0.051704 0.011834
vt 0.048225 0.026836
vt 0.037447 0.059588
vt 0.032572 0.037006
vt 0.052645 0.040311
vt 0.061530 0.059806
vt 0.047877 0.103928
vt 0.042613 0.079573
vt 0.073923 0.084233
vt 0.085425 0.115145
vt 0.048293 0.420473
vt 0.055567 0.389729
vt 0.094155 0.414422
vt 0.081828 0.441764
vt 0.007042 0.567979
vt 0.010479 0.550939
vt 0.029131 0.540193
vt 0.022476 0.557118
vt 0.838189 0.977770
vt 0.011534 0.582610
vt 0.818535 0.983638
vt 0.821934 0.968282
vt 0.822369 0.932570
vt 0.833287 0.961270
vt 0.813982 0.952344
vt 0.799074 0.928591
vt 0.779942 0.793768
vt 0.783734 0.813759
vt 0.745555 0.837289
vt 0.738964 0.816110
vt 0.812285 0.506345
vt 0.805582 0.525257
vt 0.774316 0.528376
vt 0.788331 0.504973
vt 0.822646 0.466128
vt 0.818880 0.484300
vt 0.798591 0.486124
vt 0.804026 0.473050
vt 0.066001 0.508261
vt 0.760416 0.932196
vt 0.063422 0.534528
vt 0.048332 0.530304
vt 0.228976 0.469625
vt 0.596143 0.904099
vt 0.236649 0.491718
vt 0.220720 0.482452
vt 0.641720 0.520416
vt 0.622170 0.528224
vt 0.247818 0.091162
vt 0.628537 0.511588
vt 0.786995 0.477571
vt 0.778269 0.486765
vt 0.085033 0.032704
vt 0.072563 0.024337
vt 0.060982 0.319942
vt 0.062887 0.287181
vt 0.104433 0.307181
vt 0.099855 0.341530
vt 0.566876 0.731269
vt 0.571938 0.745140
vt 0.288715 0.317335
vt 0.546201 0.732627
vt 0.776316 0.686705
vt 0.776742 0.719843
vt 0.735239 0.737802
vt 0.731579 0.702236
vt 0.155242 0.371351
vt 0.656740 0.805269
vt 0.203305 0.405462
vt 0.194415 0.417622
vt 0.688214 0.846705
vt 0.697815 0.867062
vt 0.653097 0.890834
vt 0.644138 0.875144
vt 0.713677 0.889115
vt 0.133402 0.486885
vt 0.667247 0.917759
vt 0.662945 0.903048
vt 0.126816 0.468732
vt 0.142437 0.445203
vt 0.187845 0.468252
vt 0.178292 0.481418
vt 0.672756 0.720059
vt 0.679270 0.755016
vt 0.617981 0.751743
vt 0.612707 0.728014
vt 0.684102 0.798075
vt 0.620955 0.786218
vt 0.624802 0.770447
vt 0.160597 0.325925
vt 0.221554 0.323980
vt 0.214412 0.343617
vt 0.160003 0.209737
vt 0.653778 0.643125
vt 0.224486 0.240339
vt 0.219339 0.254987
vt 0.752194 0.502033
vt 0.728431 0.531724
vt 0.669274 0.531037
vt 0.683298 0.515890
vt 0.681313 0.645461
vt 0.636200 0.611600
vt 0.647257 0.599536
vt 0.136845 0.124184
vt 0.119987 0.090320
vt 0.179237 0.093875
vt 0.192008 0.116589
vt 0.097883 0.059473
vt 0.108498 0.045252
vt 0.165709 0.061753
vt 0.166323 0.077817
vt 0.019425 0.520371
vt 0.034140 0.470442
vt 0.062643 0.478489
vt 0.042795 0.514586
vt 0.749878 0.904674
vt 0.103314 0.495176
vt 0.791268 0.841716
vt 0.806087 0.887042
vt 0.778308 0.895370
vt 0.758308 0.862270
vt 0.059274 0.367929
vt 0.060408 0.345609
vt 0.100515 0.368322
vt 0.100601 0.391521
vt 0.196325 0.450790
vt 0.196922 0.432497
vt 0.229716 0.455726
vt 0.222073 0.439707
vt 0.237006 0.439473
vt 0.247570 0.463215
vt 0.688927 0.824912
vt 0.643189 0.858243
vt 0.645194 0.844026
vt 0.778327 0.749821
vt 0.778814 0.773306
vt 0.738980 0.794545
vt 0.739629 0.769669
vt 0.063967 0.251003
vt 0.061925 0.215220
vt 0.105955 0.230944
vt 0.108602 0.268892
vt 0.272697 0.302252
vt 0.227057 0.298356
vt 0.224385 0.273652
vt 0.270142 0.288667
vt 0.583247 0.704747
vt 0.569581 0.718621
vt 0.291174 0.291912
vt 0.272794 0.270800
vt 0.676792 0.686032
vt 0.615739 0.705260
vt 0.620943 0.687720
vt 0.784695 0.620031
vt 0.779279 0.654023
vt 0.735043 0.667117
vt 0.742709 0.631799
vt 0.798476 0.548400
vt 0.791336 0.582497
vt 0.750837 0.593985
vt 0.760690 0.557812
vt 0.613591 0.537370
vt 0.654883 0.552523
vt 0.648805 0.578236
vt 0.614149 0.554027
vt 0.234598 0.105131
vt 0.253780 0.099378
vt 0.252014 0.115958
vt 0.232607 0.121842
vt 0.145360 0.160865
vt 0.196178 0.143346
vt 0.195972 0.165136
vt 0.057793 0.178477
vt 0.052981 0.139127
vt 0.093147 0.152983
vt 0.099494 0.192942
vt 0.259198 0.469788
vt 0.562088 0.003290
vt 0.279986 0.461259
vt 0.277831 0.476505
vt 0.564559 0.018470
vt 0.561658 0.036831
vt 0.541572 0.039586
vt 0.546367 0.026264
vt 0.556136 0.059249
vt 0.550358 0.079131
vt 0.519036 0.082925
vt 0.532134 0.058814
vt 0.525826 0.367055
vt 0.528978 0.388949
vt 0.489878 0.412543
vt 0.484020 0.389474
vt 0.561818 0.520201
vt 0.570007 0.550952
vt 0.551702 0.539757
vt 0.538683 0.513828
vt 0.573030 0.568089
vt 0.252101 0.996258
vt 0.552806 0.571567
vt 0.557931 0.556851
vt 0.248740 0.981295
vt 0.253523 0.964738
vt 0.272682 0.955662
vt 0.264858 0.971672
vt 0.294557 0.845087
vt 0.301872 0.817095
vt 0.340147 0.840188
vt 0.327601 0.865265
vt 0.284425 0.551834
vt 0.277011 0.528712
vt 0.308203 0.531495
vt 0.322180 0.560827
vt 0.270036 0.509830
vt 0.263174 0.487882
vt 0.283413 0.489493
vt 0.293896 0.508212
vt 0.515762 0.506929
vt 0.532852 0.529426
vt 0.307185 0.953756
vt 0.501133 0.511652
vt 0.353890 0.463997
vt 0.361803 0.477038
vt 0.480490 0.918502
vt 0.337461 0.471681
vt 0.440505 0.522129
vt 0.371535 0.072639
vt 0.480560 0.523475
vt 0.460135 0.529731
vt 0.294840 0.480821
vt 0.301731 0.471843
vt 0.314858 0.479048
vt 0.303639 0.489912
vt 0.524238 0.250010
vt 0.524377 0.286218
vt 0.482445 0.305044
vt 0.479285 0.266648
vt 0.517522 0.732233
vt 0.294312 0.296311
vt 0.533933 0.746826
vt 0.512601 0.746156
vt 0.306646 0.753086
vt 0.307961 0.723084
vt 0.349503 0.740578
vt 0.345412 0.772494
vt 0.430178 0.367724
vt 0.389817 0.412929
vt 0.449912 0.833624
vt 0.404079 0.374229
vt 0.397384 0.848933
vt 0.441676 0.876906
vt 0.432869 0.892684
vt 0.387978 0.869383
vt 0.372305 0.891572
vt 0.423140 0.904993
vt 0.407851 0.491615
vt 0.378978 0.911602
vt 0.456010 0.465832
vt 0.404244 0.477130
vt 0.395045 0.463714
vt 0.440992 0.441915
vt 0.411597 0.722118
vt 0.471657 0.729443
vt 0.466626 0.753226
vt 0.405433 0.757137
vt 0.400999 0.800238
vt 0.459995 0.771998
vt 0.368133 0.353598
vt 0.371797 0.338395
vt 0.365186 0.318573
vt 0.426007 0.322179
vt 0.429758 0.206032
vt 0.369254 0.249664
vt 0.468197 0.674230
vt 0.403363 0.204704
vt 0.329869 0.504903
vt 0.398883 0.518040
vt 0.413064 0.533039
vt 0.353967 0.534347
vt 0.402249 0.647592
vt 0.435796 0.601304
vt 0.385418 0.172900
vt 0.455202 0.121145
vt 0.400320 0.112039
vt 0.413702 0.089681
vt 0.472979 0.087741
vt 0.495936 0.057498
vt 0.427046 0.073980
vt 0.396912 0.502010
vt 0.339206 0.489684
vt 0.535484 0.419839
vt 0.548369 0.470037
vt 0.519754 0.477312
vt 0.501511 0.440176
vt 0.349479 0.919099
vt 0.336262 0.907468
vt 0.264217 0.935978
vt 0.280118 0.890431
vt 0.307885 0.898471
vt 0.287397 0.931801
vt 0.525432 0.319027
vt 0.525304 0.344707
vt 0.484733 0.366279
vt 0.486120 0.339509
vt 0.353519 0.450084
vt 0.386919 0.427731
vt 0.387032 0.446033
vt 0.361584 0.434273
vt 0.492987 0.891238
vt 0.482862 0.867656
vt 0.440322 0.845802
vt 0.442463 0.859998
vt 0.396453 0.827137
vt 0.305496 0.797063
vt 0.306407 0.776583
vt 0.346319 0.797371
vt 0.346556 0.818942
vt 0.532404 0.177662
vt 0.527254 0.214285
vt 0.482959 0.228774
vt 0.490461 0.190957
vt 0.314644 0.295475
vt 0.317564 0.281964
vt 0.363709 0.268185
vt 0.360375 0.292808
vt 0.500883 0.705879
vt 0.517079 0.702092
vt 0.536277 0.721877
vt 0.514689 0.719613
vt 0.463018 0.689234
vt 0.468398 0.706719
vt 0.407214 0.688128
vt 0.308084 0.689928
vt 0.304776 0.657266
vt 0.349000 0.669873
vt 0.352828 0.704967
vt 0.298986 0.623327
vt 0.291944 0.585867
vt 0.332427 0.596904
vt 0.340955 0.634631
vt 0.468810 0.538787
vt 0.468428 0.555448
vt 0.434026 0.580021
vt 0.427678 0.554374
vt 0.358056 0.099428
vt 0.359591 0.116187
vt 0.487438 0.547545
vt 0.487340 0.530954
vt 0.395039 0.160460
vt 0.395424 0.138673
vt 0.445688 0.157583
vt 0.544371 0.103393
vt 0.538291 0.138458
vt 0.497896 0.151184
vt 0.506659 0.113557
vt 0.250521 0.467207
vt 0.570608 0.000000
vt 0.253459 0.452017
vt 0.252038 0.467416
vt 0.573063 0.015380
vt 0.570977 0.035600
vt 0.569397 0.035596
vt 0.571561 0.015680
vt 0.567511 0.059289
vt 0.565037 0.077417
vt 0.562559 0.077587
vt 0.565516 0.059177
vt 0.562194 0.099525
vt 0.557285 0.133503
vt 0.553958 0.133788
vt 0.559041 0.099708
vt 0.552005 0.172491
vt 0.548095 0.208564
vt 0.544374 0.208928
vt 0.548543 0.172776
vt 0.545586 0.243437
vt 0.544296 0.278718
vt 0.540752 0.279315
vt 0.541738 0.243930
vt 0.544002 0.310711
vt 0.544511 0.335820
vt 0.541045 0.336649
vt 0.540729 0.311494
vt 0.545666 0.357550
vt 0.547516 0.378910
vt 0.544053 0.379984
vt 0.541979 0.358551
vt 0.551476 0.411187
vt 0.561050 0.467021
vt 0.559247 0.467296
vt 0.548475 0.412190
vt 0.572411 0.522838
vt 0.578377 0.555794
vt 0.576942 0.555418
vt 0.570568 0.522746
vt 0.580060 0.572736
vt 0.244722 1.000000
vt 0.574028 0.586541
vt 0.578887 0.572270
vt 0.241283 0.985200
vt 0.244779 0.968688
vt 0.246233 0.968424
vt 0.242501 0.984856
vt 0.253509 0.937668
vt 0.267715 0.886664
vt 0.269448 0.887222
vt 0.255359 0.937701
vt 0.278914 0.836358
vt 0.283637 0.807205
vt 0.287068 0.808338
vt 0.281876 0.837441
vt 0.285901 0.787795
vt 0.287399 0.768076
vt 0.290861 0.768926
vt 0.289568 0.788839
vt 0.288214 0.745297
vt 0.288117 0.716240
vt 0.291673 0.716803
vt 0.291495 0.746066
vt 0.286755 0.684178
vt 0.283923 0.652510
vt 0.287645 0.652766
vt 0.290614 0.684597
vt 0.279352 0.619148
vt 0.272880 0.581760
vt 0.276200 0.581935
vt 0.282806 0.619312
vt 0.266516 0.548644
vt 0.262285 0.527631
vt 0.264791 0.527623
vt 0.269677 0.548660
vt 0.258683 0.510514
vt 0.253805 0.487127
vt 0.255347 0.487081
vt 0.260666 0.510286
vt 0.821580 0.506699
vt 0.826631 0.483420
vt 0.813062 0.545099
vt 0.817685 0.524047
vt 0.800694 0.615886
vt 0.806902 0.578434
vt 0.793581 0.681244
vt 0.796216 0.649387
vt 0.793282 0.742713
vt 0.792830 0.713455
vt 0.795652 0.785460
vt 0.794152 0.765563
vt 0.803764 0.834015
vt 0.798323 0.804933
vt 0.831165 0.934198
vt 0.816634 0.883761
vt 0.844408 0.981228
vt 0.840546 0.964860
vt 0.001128 0.571956
vt 0.841306 0.995963
vt 0.010688 0.522668
vt 0.003491 0.555191
vt 0.035621 0.412552
vt 0.023430 0.467443
vt 0.043490 0.359072
vt 0.040865 0.380443
vt 0.046016 0.312071
vt 0.045019 0.337205
vt 0.046785 0.244508
vt 0.046838 0.279904
vt 0.041926 0.173200
vt 0.045101 0.209452
vt 0.033439 0.099882
vt 0.037578 0.134075
vt 0.028152 0.059264
vt 0.030563 0.077713
vt 0.023329 0.015595
vt 0.024937 0.035570
vt 0.829717 0.463713
vt 0.026030 0.000387
vt 0.368562 0.136001
vt 0.354781 0.137069
vt 0.460767 0.575467
vt 0.384572 0.601497
vt 0.373595 0.566538
vt 0.331319 0.267347
vt 0.424654 0.248521
vt 0.420292 0.284941
vt 0.474901 0.883394
vt 0.473816 0.896385
vt 0.467536 0.867818
vt 0.433637 0.395952
vt 0.432318 0.419444
vt 0.311466 0.927812
vt 0.491735 0.484232
vt 0.385339 0.080689
vt 0.366128 0.089673
vt 0.319345 0.310465
vt 0.334104 0.324895
vt 0.512430 0.765653
vt 0.497637 0.759723
vt 0.375785 0.483539
vt 0.458349 0.925788
vt 0.450909 0.913211
vt 0.465207 0.907892
vt 0.521420 0.041233
vt 0.529635 0.031596
vt 0.292565 0.947669
vt 0.534106 0.554194
vt 0.281496 0.962959
vt 0.542140 0.546225
vt 0.223101 0.141404
vt 0.607807 0.574298
vt 0.622019 0.573963
vt 0.698540 0.599180
vt 0.709146 0.564108
vt 0.256784 0.273686
vt 0.163929 0.252332
vt 0.167309 0.288853
vt 0.610980 0.881949
vt 0.612190 0.894929
vt 0.618195 0.866304
vt 0.151010 0.399458
vt 0.151702 0.422971
vt 0.774857 0.924801
vt 0.090611 0.486189
vt 0.207834 0.085658
vt 0.226794 0.095161
vt 0.267594 0.317110
vt 0.252452 0.331137
vt 0.267114 0.336786
vt 0.587039 0.758554
vt 0.206570 0.488580
vt 0.214692 0.500649
vt 0.635258 0.911534
vt 0.620910 0.906353
vt 0.072844 0.042519
vt 0.064871 0.032650
vt 0.798122 0.968700
vt 0.793933 0.944487
vt 0.805158 0.959684
vt 0.038595 0.546865
vt 0.801719 0.457814
vt 0.779991 0.468673
vt 0.033037 0.003419
vt 0.027210 0.571975
vt 0.046437 0.555025
vt 0.835014 0.992770
vt 0.779346 0.950686
vt 0.080525 0.513345
vt 0.605730 0.917109
vt 0.627941 0.924182
vt 0.245195 0.477742
vt 0.601681 0.522183
vt 0.221851 0.077985
vt 0.594979 0.529733
vt 0.766910 0.476028
vt 0.742676 0.486916
vt 0.550613 0.746027
vt 0.292999 0.303635
vt 0.572307 0.764634
vt 0.635490 0.831942
vt 0.602867 0.866289
vt 0.181178 0.378562
vt 0.174302 0.495802
vt 0.707167 0.909221
vt 0.217661 0.358913
vt 0.615613 0.672771
vt 0.567013 0.701125
vt 0.186447 0.209132
vt 0.205250 0.177834
vt 0.236848 0.142847
vt 0.685102 0.499841
vt 0.736737 0.916428
vt 0.592970 0.889967
vt 0.548017 0.721104
vt 0.595056 0.546324
vt 0.543287 0.011189
vt 0.522190 0.023070
vt 0.260755 0.454481
vt 0.268403 0.986984
vt 0.288592 0.971924
vt 0.568112 0.582586
vt 0.517676 0.533277
vt 0.325946 0.935091
vt 0.345634 0.485879
vt 0.489951 0.905399
vt 0.367346 0.495390
vt 0.345220 0.085104
vt 0.339038 0.093155
vt 0.453594 0.513163
vt 0.509528 0.031082
vt 0.485731 0.042991
vt 0.298226 0.310121
vt 0.319295 0.330148
vt 0.538210 0.733381
vt 0.381250 0.400538
vt 0.428408 0.807151
vt 0.346662 0.433644
vt 0.418981 0.919746
vt 0.448975 0.483792
vt 0.464004 0.787731
vt 0.364500 0.234882
vt 0.429734 0.644965
vt 0.315394 0.264033
vt 0.446984 0.613251
vt 0.474982 0.575652
vt 0.428094 0.057937
vt 0.478832 0.492885
vt 0.335472 0.457097
vt 0.296452 0.284641
vt 0.340352 0.109778
vt 0.569221 0.000398
vt 0.829524 0.448052
vt 0.245808 0.999573
vt 0.004553 0.586797
vt 0.005543 0.586342
vt 0.828186 0.448339
vt 0.024719 0.000000
vt 0.252049 0.451702
vt 0.021899 0.015305
vt 0.023433 0.035559
vt 0.026240 0.059332
vt 0.028215 0.077519
vt 0.030428 0.099698
vt 0.041552 0.209088
vt 0.043115 0.244021
vt 0.021798 0.467168
vt 0.008928 0.522662
vt 0.842333 0.996328
vt 0.575062 0.587080
vt 0.845565 0.981501
vt 0.841925 0.965040
vt 0.832926 0.934101
vt 0.801617 0.803897
vt 0.799166 0.784504
vt 0.810066 0.578309
vt 0.816080 0.545125
vt 0.828093 0.483473
vt 0.831166 0.463533
vt 0.041724 0.336413
vt 0.039975 0.358106
vt 0.796220 0.712961
vt 0.797271 0.680880
vt 0.002118 0.555452
vt 0.000000 0.572326
vt 0.818190 0.883239
vt 0.806609 0.833013
vt 0.037559 0.379416
vt 0.032756 0.411584
vt 0.797458 0.764796
vt 0.796416 0.742022
vt 0.043468 0.279329
vt 0.042904 0.311322
vt 0.799771 0.649180
vt 0.803990 0.615767
vt 0.820064 0.524064
vt 0.823478 0.506909
vt 0.034410 0.133796
vt 0.038626 0.172917
vn 0.802333 0.007606 0.596829
vn 0.992478 -0.056445 -0.108633
vn 0.993402 -0.021814 -0.112593
vn 0.820058 0.040661 0.570835
vn -0.069551 0.134479 0.988472
vn 0.184611 0.089139 0.978761
vn 0.254007 0.128281 0.958658
vn 0.050318 0.132208 0.989944
vn -0.084362 0.032359 0.995910
vn -0.160121 0.097727 0.982248
vn -0.039885 0.084241 0.995647
vn -0.035913 0.038499 0.998613
vn -0.419301 0.269395 0.866956
vn -0.386873 0.266430 0.882805
vn -0.404608 0.287347 0.868173
vn -0.427808 0.304343 0.851091
vn -0.365010 0.923302 -0.119506
vn -0.549720 0.529794 0.645853
vn -0.498427 0.592588 0.632779
vn -0.336121 0.939923 -0.059732
vn 0.251036 0.360146 -0.898485
vn -0.059563 0.787467 -0.613472
vn -0.024272 0.804619 -0.593295
vn 0.308032 0.353097 -0.883424
vn 0.491439 -0.386266 -0.780568
vn 0.499340 -0.333937 -0.799466
vn 0.530540 -0.234929 -0.814454
vn 0.505782 -0.288800 -0.812883
vn 0.313123 -0.313033 -0.896640
vn 0.367154 -0.334720 -0.867848
vn 0.371181 -0.335742 -0.865738
vn 0.345708 -0.327310 -0.879405
vn -0.047953 -0.122967 -0.991251
vn 0.008994 -0.108531 -0.994052
vn -0.002336 -0.101074 -0.994876
vn 0.010747 -0.101678 -0.994759
vn 0.644229 -0.142600 -0.751421
vn 0.012410 -0.142918 -0.989657
vn 0.085176 -0.099544 -0.991381
vn 0.666932 -0.105228 -0.737651
vn -0.341288 0.805967 0.483673
vn 0.048704 0.865770 -0.498067
vn 0.188852 0.876258 -0.443292
vn -0.214490 0.951105 0.222245
vn -0.214527 0.701238 0.679885
vn 0.385675 0.888670 -0.248034
vn -0.080432 0.864468 -0.496212
vn -0.460931 0.732760 0.500605
vn 0.758878 -0.241673 -0.604730
vn 0.334837 -0.094948 -0.937480
vn 0.978883 0.158003 -0.129703
vn 0.973939 -0.208351 -0.089629
vn 0.827894 0.037212 -0.559649
vn 0.481319 -0.009458 -0.876494
vn 0.988962 0.081883 -0.123485
vn 0.985570 0.112298 -0.126649
vn -0.239151 0.189006 0.952409
vn -0.185566 0.157686 0.969897
vn -0.212495 0.179663 0.960504
vn -0.268185 0.211536 0.939856
vn 0.275534 -0.008467 -0.961254
vn 0.085445 0.108098 -0.990461
vn -0.033719 0.957380 -0.286857
vn 0.451028 0.877255 -0.164311
vn 0.091963 -0.183025 -0.978798
vn 0.150494 -0.221828 -0.963402
vn 0.175866 -0.229609 -0.957262
vn 0.123045 -0.198765 -0.972292
vn -0.253657 0.344143 0.904004
vn 0.377653 0.912342 -0.158143
vn 0.946408 0.147993 0.287071
vn 0.313006 0.360877 0.878519
vn 0.364098 -0.364053 -0.857262
vn 0.341062 -0.350643 -0.872196
vn 0.313625 -0.335467 -0.888314
vn 0.403224 -0.349739 -0.845632
vn 0.180822 -0.156273 -0.971021
vn -0.636522 0.477969 -0.605298
vn -0.747668 0.320225 -0.581764
vn -0.113458 -0.137404 -0.983995
vn -0.576292 0.491498 0.652930
vn -0.435366 0.351136 0.828951
vn -0.467553 0.451551 0.759932
vn -0.766823 0.520933 0.374983
vn 0.140025 -0.230843 -0.962863
vn 0.171947 -0.233190 -0.957109
vn 0.139477 -0.192694 -0.971296
vn 0.163769 -0.224203 -0.960684
vn 0.291371 -0.182049 -0.939128
vn -0.525508 0.754773 -0.392631
vn -0.067880 0.085769 -0.994000
vn -0.227870 0.240620 0.943492
vn -0.229466 0.339832 0.912063
vn -0.436104 0.578232 0.689536
vn 0.030268 0.190765 0.981169
vn 0.799996 0.597953 -0.049578
vn 0.998337 0.028484 0.050122
vn 0.419668 0.176744 0.890304
vn 0.413307 -0.148983 -0.898321
vn -0.011837 -0.121970 -0.992463
vn 0.019212 -0.127584 -0.991642
vn 0.500343 -0.228133 -0.835232
vn 0.102941 -0.040553 -0.993860
vn -0.215571 0.969584 -0.115917
vn -0.176597 0.290225 -0.940523
vn 0.031661 0.075018 0.996679
vn 0.093568 0.077649 0.992580
vn 0.206168 0.090509 0.974322
vn 0.108389 0.134107 0.985021
vn 0.539667 0.041225 0.840869
vn 0.983397 -0.153640 -0.096569
vn 0.971790 -0.218772 -0.088111
vn 0.668964 -0.054615 0.741286
vn -0.489257 0.299684 0.819034
vn -0.447823 0.266336 0.853534
vn -0.439973 0.326709 0.836472
vn -0.467775 0.380974 0.797525
vn 0.336613 -0.003488 -0.941637
vn -0.253172 0.774975 -0.579066
vn 0.422019 -0.346678 -0.837684
vn 0.456840 -0.353030 -0.816497
vn 0.451006 -0.289410 -0.844296
vn 0.402382 -0.317806 -0.858538
vn -0.354152 0.249140 0.901391
vn -0.306938 0.221865 0.925508
vn -0.334081 0.241504 0.911079
vn -0.384510 0.267627 0.883475
vn -0.363345 0.427058 0.828011
vn -0.218971 0.398180 0.890789
vn 0.095524 0.588869 0.802564
vn 0.634086 0.289242 0.717129
vn 0.932653 0.176238 0.314798
vn 0.772383 0.632081 0.062444
vn 0.395548 -0.325979 -0.858650
vn 0.502391 -0.342241 -0.794024
vn 0.868309 -0.198977 -0.454365
vn 0.199275 -0.255850 -0.945955
vn 0.260042 -0.287270 -0.921875
vn 0.323743 -0.293352 -0.899519
vn 0.232873 -0.254646 -0.938576
vn -0.131403 0.121898 0.983806
vn -0.073913 0.078375 0.994180
vn -0.097160 0.102516 0.989975
vn -0.158200 0.143228 0.976964
vn -0.019107 0.492092 0.870334
vn -0.135047 0.272008 0.952772
vn -0.008350 0.226661 0.973938
vn 0.260568 0.358025 0.896617
vn 0.852172 -0.174190 -0.493418
vn 0.505488 -0.097020 -0.857362
vn 0.869208 0.494445 0.001691
vn 0.994514 0.024105 0.101787
vn 0.131760 -0.190307 -0.972843
vn 0.210962 -0.218240 -0.952820
vn 0.586337 -0.179707 -0.789882
vn -0.029395 -0.100349 -0.994518
vn 0.026813 -0.140458 -0.989723
vn 0.077672 -0.152309 -0.985276
vn -0.000679 -0.101504 -0.994835
vn -0.022933 -0.079052 -0.996607
vn -0.051871 -0.076054 -0.995754
vn -0.047457 -0.078931 -0.995750
vn -0.045012 -0.082157 -0.995602
vn 0.085819 0.137193 -0.986820
vn -0.069092 -0.085496 -0.993940
vn -0.100813 -0.017333 -0.994754
vn -0.087778 0.306466 -0.947826
vn 0.284488 0.349759 0.892600
vn 0.573980 0.803903 -0.155844
vn 0.088674 0.988856 -0.119582
vn 0.096011 0.507408 0.856340
vn 0.013164 0.091010 0.995763
vn 0.053230 0.199595 0.978432
vn -0.057647 0.475370 0.877895
vn -0.019313 0.034308 0.999225
vn -0.007108 0.011324 0.999911
vn -0.007323 0.030506 0.999508
vn -0.039932 0.060595 0.997363
vn 0.261591 -0.720256 -0.642497
vn 0.433386 -0.899818 0.050043
vn 0.401912 -0.914010 0.055256
vn 0.239725 -0.750890 -0.615383
vn 0.418389 -0.571976 0.705545
vn 0.159949 0.051971 0.985756
vn 0.149465 -0.029812 0.988318
vn 0.391525 -0.606876 0.691672
vn 0.018019 0.266946 0.963543
vn 0.013498 0.359726 0.932960
vn 0.076605 0.260066 0.962547
vn 0.068914 0.160238 0.984670
vn -0.214817 0.459858 0.861617
vn -0.246590 0.478133 0.842960
vn -0.274772 0.483126 0.831318
vn -0.246471 0.476186 0.844096
vn -0.328390 0.541893 0.773635
vn -0.588866 0.470363 0.657264
vn -0.627477 0.398072 0.669187
vn -0.396647 0.488138 0.777427
vn -0.997697 -0.030807 0.060428
vn -0.835711 -0.383339 -0.393241
vn -0.833443 -0.416149 -0.363584
vn -0.990879 -0.048190 0.125841
vn -0.373725 -0.583226 -0.721232
vn 0.366854 -0.533931 -0.761798
vn 0.287364 -0.601282 -0.745575
vn -0.342705 -0.628050 -0.698646
vn 0.340458 -0.469554 -0.814621
vn 0.302573 -0.432353 -0.849424
vn 0.305325 -0.435121 -0.847022
vn 0.302789 -0.467601 -0.830463
vn -0.106706 -0.205488 -0.972825
vn -0.066883 -0.223035 -0.972513
vn -0.078386 -0.215894 -0.973265
vn -0.112738 -0.184469 -0.976351
vn -0.076388 -0.166082 -0.983149
vn -0.033771 -0.212906 -0.976489
vn -0.043631 -0.294509 -0.954652
vn -0.072446 -0.227538 -0.971071
vn -0.782333 0.141175 0.606650
vn -0.904709 -0.091319 0.416127
vn -0.786358 -0.594895 -0.166558
vn -0.842823 -0.479091 -0.245195
vn -0.602089 0.116616 0.789867
vn -0.760294 0.281141 0.585588
vn -0.893535 -0.362103 -0.265476
vn -0.684989 -0.726413 0.055805
vn 0.421630 -0.750439 -0.508989
vn 0.565684 -0.824206 0.026214
vn 0.231585 -0.969321 0.082378
vn 0.062107 -0.506356 -0.860085
vn 0.206415 -0.900878 -0.381852
vn 0.275507 -0.958385 0.074798
vn 0.305070 -0.949711 0.070578
vn 0.055354 -0.654376 -0.754140
vn 0.003509 0.325938 0.945385
vn -0.052841 0.358266 0.932123
vn -0.084820 0.372444 0.924170
vn -0.027407 0.340872 0.939710
vn -0.043601 -0.489898 -0.870688
vn -0.634148 -0.759754 0.143631
vn -0.922780 -0.383776 -0.034543
vn -0.230130 -0.367988 -0.900902
vn 0.150707 -0.329580 -0.932022
vn 0.097454 -0.302269 -0.948228
vn 0.115607 -0.320781 -0.940071
vn 0.164293 -0.358381 -0.919006
vn -0.259161 0.336118 0.905461
vn -0.049270 -0.186042 0.981306
vn 0.297898 -0.830258 0.471093
vn -0.694414 -0.704622 0.145934
vn 0.329489 -0.416419 -0.847368
vn 0.334325 -0.453678 -0.826077
vn 0.278051 -0.389100 -0.878230
vn 0.305482 -0.404249 -0.862127
vn 0.048351 -0.354237 -0.933905
vn -0.088960 -0.099977 -0.991005
vn -0.688398 0.409620 -0.598598
vn -0.789351 0.247321 -0.561923
vn -0.564866 0.509769 0.648893
vn -0.714896 0.599487 0.359914
vn -0.466413 0.453362 0.759553
vn -0.351416 0.477923 0.805044
vn 0.101329 -0.289389 -0.951833
vn 0.105271 -0.312481 -0.944073
vn 0.065306 -0.304578 -0.950246
vn 0.117214 -0.315789 -0.941562
vn 0.122310 -0.437009 -0.891102
vn -0.272905 -0.223059 -0.935825
vn -0.957267 0.103385 -0.270096
vn -0.579631 0.361999 0.730058
vn -0.244011 0.317941 0.916173
vn -0.148826 0.359988 0.921010
vn 0.006565 0.155078 0.987881
vn 0.161317 -0.213269 0.963583
vn 0.386251 -0.894827 0.223818
vn -0.222861 -0.944694 0.240596
vn 0.149472 -0.548340 -0.822789
vn 0.266070 -0.581690 -0.768664
vn -0.045212 -0.224830 -0.973349
vn -0.062961 -0.199172 -0.977940
vn -0.090157 -0.332122 -0.938918
vn -0.491573 -0.184596 -0.851047
vn -0.978295 -0.181183 0.100554
vn 0.113973 0.199202 0.973308
vn 0.089833 0.106088 0.990291
vn 0.166759 0.030982 0.985511
vn 0.135937 0.141478 0.980564
vn 0.323616 -0.286081 0.901904
vn 0.444797 -0.392850 0.804876
vn 0.574428 -0.818183 0.024661
vn 0.519107 -0.853985 0.035195
vn -0.264875 0.501962 0.823332
vn -0.275814 0.525247 0.805010
vn -0.329810 0.492503 0.805398
vn -0.302251 0.493369 0.815617
vn -0.896849 -0.196176 -0.396456
vn -0.022107 -0.541463 -0.840434
vn 0.413702 -0.503343 -0.758615
vn 0.363760 -0.493167 -0.790231
vn 0.299137 -0.517795 -0.801502
vn 0.326019 -0.559359 -0.762121
vn -0.105625 0.390864 0.914368
vn -0.167187 0.433340 0.885587
vn -0.198007 0.447307 0.872187
vn -0.139475 0.405943 0.903193
vn -0.355073 -0.090787 0.930420
vn -0.295785 0.282227 0.912611
vn -0.390747 0.385768 0.835763
vn 0.117488 -0.490080 0.863723
vn -0.245561 -0.903482 0.351312
vn 0.271677 -0.820859 0.502376
vn 0.452901 -0.825737 -0.336213
vn 0.376410 -0.532364 -0.758225
vn 0.307790 -0.458764 -0.833547
vn 0.256478 -0.399005 -0.880349
vn 0.207625 -0.366931 -0.906782
vn 0.242476 -0.416392 -0.876255
vn 0.285289 -0.418838 -0.862081
vn 0.130191 0.260227 0.956730
vn 0.067589 0.292428 0.953896
vn 0.036005 0.303892 0.952026
vn 0.098136 0.269219 0.958066
vn -0.302901 0.063983 0.950872
vn -0.064951 -0.132987 0.988987
vn -0.042430 0.175220 0.983614
vn -0.137990 0.267601 0.953598
vn 0.417496 -0.829920 -0.370040
vn 0.397401 -0.876647 0.271226
vn -0.092984 -0.957015 0.274731
vn 0.146465 -0.638565 -0.755502
vn 0.264980 -0.664760 -0.698483
vn 0.120324 -0.355046 -0.927073
vn 0.059906 -0.299042 -0.952358
vn 0.036356 -0.267442 -0.962888
vn -0.030085 -0.226824 -0.973471
vn 0.001766 -0.267264 -0.963622
vn 0.064051 -0.288136 -0.955445
vn -0.089741 -0.191706 -0.977341
vn -0.120932 -0.180371 -0.976136
vn -0.116668 -0.183480 -0.976076
vn -0.077265 -0.217331 -0.973035
vn -0.255535 -0.377750 -0.889948
vn -0.471246 -0.272027 -0.839004
vn -0.193411 -0.156991 -0.968476
vn -0.119140 -0.161018 -0.979734
vn -0.048523 -0.152587 0.987098
vn -0.272512 -0.048543 0.960927
vn -0.873338 -0.462328 0.153406
vn -0.517106 -0.841995 0.153772
vn -0.302416 0.106413 0.947217
vn 0.007522 0.130663 0.991398
vn 0.091931 0.209920 0.973387
vn 0.105175 0.318383 0.942109
vn 0.155963 0.257510 0.953606
vn 0.138790 0.251119 0.957954
vn 0.119895 0.273676 0.954320
vn 0.412843 -0.440798 -0.797031
vn 0.817458 -0.575175 -0.030596
vn 0.465768 -0.883788 0.044495
vn 0.249135 -0.692999 -0.676523
vn 0.591852 -0.266555 0.760697
vn 0.156318 0.079296 0.984519
vn 0.150048 0.044120 0.987694
vn 0.414929 -0.535318 0.735709
vn -0.058035 0.223308 0.973019
vn -0.134700 0.272783 0.952599
vn -0.050972 0.367813 0.928502
vn -0.015421 0.266148 0.963809
vn -0.004679 0.190673 0.981642
vn 0.083068 0.131326 0.987853
vn 0.133553 0.213506 0.967770
vn 0.061195 0.297258 0.952834
vn 0.076465 0.135024 0.987887
vn 0.024059 0.169243 0.985281
vn 0.062253 0.236159 0.969718
vn 0.119422 0.206363 0.971160
vn -0.038947 0.209427 0.977048
vn -0.099835 0.247173 0.963814
vn -0.063324 0.307549 0.949423
vn -0.003005 0.271601 0.962405
vn -0.151892 0.278546 0.948336
vn -0.209827 0.312978 0.926292
vn -0.174073 0.375139 0.910477
vn -0.115836 0.338718 0.933730
vn -0.260959 0.342622 0.902502
vn -0.310567 0.370807 0.875243
vn -0.266200 0.434567 0.860400
vn -0.224039 0.406202 0.885893
vn -0.346324 0.392617 0.852005
vn -0.372221 0.407745 0.833784
vn -0.332031 0.460194 0.823393
vn -0.307408 0.448931 0.839024
vn -0.419537 0.435917 0.796219
vn -0.567169 0.496373 0.657216
vn -0.616471 0.445507 0.649220
vn -0.381279 0.482269 0.788697
vn -0.848518 0.529165 -0.001492
vn -0.655054 0.255441 -0.711093
vn -0.837536 -0.342695 -0.425552
vn -0.999184 -0.013031 0.038238
vn -0.056130 -0.180565 -0.981960
vn 0.440649 -0.445337 -0.779425
vn 0.362640 -0.538990 -0.760252
vn -0.377097 -0.564357 -0.734370
vn 0.457488 -0.453549 -0.764852
vn 0.411194 -0.428103 -0.804766
vn 0.389659 -0.458824 -0.798528
vn 0.436082 -0.477588 -0.762720
vn 0.376824 -0.409126 -0.831035
vn 0.321084 -0.376692 -0.868912
vn 0.300775 -0.406267 -0.862834
vn 0.356900 -0.440251 -0.823894
vn 0.260379 -0.342225 -0.902821
vn 0.210118 -0.313120 -0.926178
vn 0.200838 -0.335166 -0.920504
vn 0.250098 -0.367086 -0.895934
vn 0.152091 -0.278626 -0.948280
vn 0.099939 -0.247165 -0.963806
vn 0.090328 -0.269967 -0.958623
vn 0.143666 -0.299243 -0.943299
vn 0.039353 -0.209591 -0.976997
vn -0.024470 -0.168871 -0.985334
vn -0.037018 -0.195857 -0.979934
vn 0.028832 -0.234210 -0.971758
vn -0.076871 -0.134683 -0.987902
vn -0.095299 -0.122788 -0.987847
vn -0.115745 -0.157745 -0.980673
vn -0.092776 -0.163923 -0.982101
vn -0.059760 -0.147365 -0.987275
vn 0.001785 -0.187920 -0.982183
vn -0.036715 -0.232817 -0.971827
vn -0.088074 -0.196156 -0.976609
vn -0.045075 -0.156618 -0.986630
vn -0.020723 -0.173931 -0.984540
vn -0.042178 -0.219687 -0.974658
vn -0.065191 -0.178553 -0.981768
vn -0.031893 -0.128136 -0.991244
vn 0.015700 -0.132653 -0.991038
vn -0.023939 -0.099798 -0.994720
vn 0.030324 -0.131958 -0.990791
vn -0.056154 -0.108243 -0.992537
vn -0.070527 -0.089450 -0.993491
vn 0.057688 -0.189919 -0.980103
vn -0.004714 -0.146462 -0.989205
vn 0.167406 -0.262750 -0.950230
vn 0.116939 -0.229141 -0.966343
vn 0.279404 -0.322237 -0.904487
vn 0.226607 -0.295549 -0.928062
vn 0.400587 -0.374161 -0.836381
vn 0.340651 -0.345491 -0.874410
vn 0.476493 -0.417173 -0.773900
vn 0.434534 -0.391250 -0.811236
vn 0.227231 0.352877 -0.907659
vn 0.501735 -0.328219 -0.800333
vn -0.387443 0.911409 -0.138640
vn -0.106348 0.764356 -0.635963
vn -0.454467 0.372651 0.809068
vn -0.539973 0.562882 0.625774
vn -0.386437 0.329665 0.861387
vn -0.408697 0.344764 0.845047
vn -0.306080 0.281744 0.909360
vn -0.353015 0.303049 0.885179
vn -0.193637 0.220632 0.955943
vn -0.253764 0.254093 0.933295
vn -0.082799 0.150416 0.985149
vn -0.141741 0.188555 0.971780
vn 0.026530 0.065745 0.997484
vn -0.023417 0.106215 0.994067
vn -0.082373 0.081499 0.993264
vn 0.024946 0.049680 0.998454
vn -0.082360 0.164845 0.982875
vn -0.194664 0.151552 0.969091
vn 0.773698 0.003109 0.633547
vn 0.188301 0.100975 0.976907
vn 0.609826 -0.151782 -0.777865
vn 0.989887 -0.096644 -0.103843
vn -0.674920 0.019806 0.737625
vn -0.985720 -0.125955 0.111763
vn -0.809671 -0.145741 -0.568501
vn -0.127575 -0.166885 -0.977688
vn -0.107555 -0.148807 -0.983000
vn 0.303154 -0.524967 0.795303
vn -0.007951 0.261093 0.965281
vn -0.075760 0.323074 0.943336
vn 0.288386 -0.816068 -0.500866
vn 0.111875 -0.671675 -0.732350
vn 0.472874 -0.880494 0.033475
vn -0.248567 0.402608 0.880978
vn -0.304182 0.455456 0.836680
vn -0.152935 -0.695441 -0.702120
vn -0.621728 0.364616 0.693188
vn 0.544713 -0.633403 0.549626
vn 0.259588 -0.302103 0.917250
vn -0.518987 0.178684 0.835897
vn -0.839133 0.296701 0.455878
vn -0.973522 0.055792 -0.221680
vn -0.591604 -0.112277 -0.798372
vn -0.844844 0.521881 0.117809
vn -0.800436 0.220374 -0.557438
vn -0.285495 -0.047576 -0.957199
vn -0.036869 -0.480482 -0.876229
vn 0.223903 -0.448666 0.865197
vn 0.310006 -0.801724 0.511014
vn -0.239210 -0.774018 -0.586237
vn -0.805570 -0.539919 -0.244016
vn -0.515183 -0.692570 -0.504909
vn -0.953464 -0.293999 0.066861
vn -0.165770 0.787841 0.593150
vn -0.266151 0.959489 -0.092432
vn -0.292275 0.634702 -0.715352
vn -0.066926 -0.075416 -0.994904
vn -0.075969 -0.101104 -0.991971
vn 0.728899 0.117296 0.674499
vn -0.074547 0.160474 0.984221
vn -0.161357 0.193789 0.967683
vn 0.765455 -0.096432 -0.636222
vn 0.525174 -0.048206 -0.849629
vn 0.988257 -0.103039 -0.112828
vn -0.313238 0.304880 0.899406
vn -0.390710 0.324784 0.861314
vn 0.445519 0.203398 -0.871861
vn -0.461673 0.604745 0.648954
vn 0.882436 -0.123921 0.453818
vn 0.531590 0.108197 0.840063
vn -0.229005 0.616178 0.753579
vn -0.528705 0.764990 0.367779
vn -0.481009 0.798743 -0.361441
vn -0.273132 0.368127 -0.888753
vn -0.790605 0.603704 0.102395
vn -0.615806 0.498889 -0.609830
vn -0.234470 0.029422 -0.971678
vn 0.268850 -0.019279 -0.962989
vn 0.638572 0.179135 0.748423
vn 0.931918 0.136865 0.335853
vn 0.118371 0.854143 -0.506387
vn 0.500701 0.338805 -0.796561
vn 0.329158 0.579965 -0.745182
vn -0.110675 0.978880 -0.171884
s 1
g holly holly_leaf3
usemtl initialShadingGroup
f 502/493/367 503/1033/368 904/495/369 523/496/370
f 501/497/371 504/498/372 903/499/373 524/500/374
f 500/501/375 505/502/376 902/503/377 667/504/378
f 495/505/379 510/506/380 901/507/381 530/508/382
f 493/509/383 512/510/384 900/511/385 532/512/386
f 492/513/387 513/1036/388 899/515/389 533/516/390
f 491/517/391 514/518/392 898/519/393 700/520/394
f 489/521/395 516/522/396 897/523/397 689/524/398
f 484/525/399 521/526/400 896/527/401 541/528/402
f 483/529/403 522/530/404 895/531/405 542/532/406
f 404/533/407 701/1038/408 894/535/409 705/536/410
f 409/537/411 693/1041/412 893/539/413 696/540/414
f 400/541/415 674/542/416 892/1042/417 707/544/418
f 368/545/419 741/546/420 891/1045/421 759/1032/422
f 497/549/423 508/550/424 890/551/425 528/552/426
f 416/553/427 720/554/428 889/1047/429 682/556/430
f 487/557/431 518/558/432 888/559/433 678/560/434
f 388/561/435 732/1052/436 887/563/437 730/564/438
f 411/565/439 745/566/440 886/567/441 691/568/442
f 382/569/443 740/1054/444 885/571/445 727/572/446
f 376/573/447 698/574/448 884/575/449 725/576/450
f 417/577/451 735/578/452 883/579/453 680/580/454
f 389/581/455 732/562/436 882/582/456 722/583/457
f 388/561/435 687/584/458 881/585/459 719/586/460
f 374/587/461 739/1058/462 880/589/463 717/590/464
f 386/591/465 676/592/466 879/593/467 713/594/468
f 384/595/469 739/588/462 878/596/470 714/597/471
f 423/598/472 755/599/473 877/600/474 669/601/475
f 372/602/476 738/603/477 876/604/478 709/605/479
f 494/606/480 511/607/481 875/608/482 531/609/483
f 382/569/443 704/610/484 874/1062/485 740/1054/444
f 490/612/486 515/613/487 873/614/488 535/615/489
f 496/616/490 509/617/491 872/618/492 529/619/493
f 409/537/411 695/620/494 871/621/495 723/622/496
f 391/623/497 728/624/498 870/625/499 723/622/496
f 389/581/455 692/626/500 869/627/501 729/628/502
f 488/629/503 517/630/504 868/631/505 731/632/506
f 498/633/507 507/634/508 867/635/509 527/636/510
f 415/637/511 684/638/512 866/639/513 716/640/514
f 396/641/515 683/642/516 865/1064/517 715/1057/518
f 384/595/469 681/645/519 864/646/520 721/647/521
f 486/648/522 519/649/523 863/650/524 539/651/525
f 485/652/526 520/653/527 862/654/528 540/655/529
f 421/656/530 673/657/531 861/658/532 712/659/533
f 422/660/534 671/661/535 860/662/536 672/663/537
f 374/587/461 670/664/538 859/665/539 711/666/540
f 499/667/541 506/668/542 858/669/543 526/670/544
f 463/671/545 562/1068/546 857/673/547 582/674/548
f 464/675/549 561/676/550 856/677/551 581/678/552
f 465/679/553 560/680/554 855/681/555 580/682/556
f 470/683/557 555/684/558 854/685/559 575/686/560
f 472/687/561 553/688/562 853/689/563 573/690/564
f 473/691/565 552/1071/566 852/693/567 572/694/568
f 474/695/569 551/696/570 851/697/571 571/698/572
f 476/699/573 549/700/574 850/701/575 569/702/576
f 481/703/577 544/704/578 849/705/579 564/706/580
f 482/707/581 543/708/582 848/709/583 563/710/584
f 449/711/585 655/712/586 847/1072/587 642/714/588
f 452/715/589 638/716/590 846/1074/591 641/718/592
f 446/719/593 634/1079/594 845/721/595 637/722/596
f 425/723/597 665/724/598 844/725/599 643/726/600
f 468/727/601 557/728/602 843/729/603 577/730/604
f 457/731/605 626/1084/606 842/733/607 629/734/608
f 478/735/609 547/736/610 841/737/611 625/738/612
f 435/739/613 619/740/614 840/1085/615 622/742/616
f 454/743/617 617/744/618 839/745/619 648/746/620
f 432/747/621 618/748/622 838/1088/623 616/750/624
f 429/751/625 615/752/626 837/753/627 658/754/628
f 458/755/629 612/756/630 836/757/631 624/758/632
f 436/759/633 613/760/634 835/1090/635 622/1086/616
f 435/739/613 611/762/636 834/763/637 631/764/638
f 428/765/639 606/766/640 833/1091/641 609/768/642
f 434/769/643 604/770/644 832/771/645 645/772/646
f 433/773/647 601/774/648 831/1094/649 609/1092/642
f 462/776/650 599/777/651 830/778/652 661/779/653
f 427/780/654 600/781/655 829/1096/656 633/1081/657
f 471/784/658 554/785/659 828/786/660 574/787/661
f 432/747/621 616/750/624 827/788/662 597/789/663
f 475/790/664 550/791/665 826/792/666 650/793/667
f 469/794/668 556/795/669 825/796/670 576/797/671
f 452/715/589 595/798/672 824/799/673 614/800/674
f 437/801/675 595/798/672 823/1098/676 620/1087/677
f 436/759/633 621/804/678 822/805/679 593/806/680
f 477/807/681 548/808/682 821/809/683 647/810/684
f 467/811/685 558/812/686 820/813/687 578/814/688
f 456/815/689 590/816/690 819/817/691 610/818/692
f 442/819/693 607/820/694 818/821/695 589/822/696
f 433/773/647 608/823/697 817/824/698 588/825/699
f 479/826/700 546/827/701 816/828/702 623/829/703
f 480/830/704 545/831/705 815/832/706 565/833/707
f 460/834/708 585/835/709 814/836/710 605/837/711
f 461/838/712 584/839/713 813/1100/714 636/1078/715
f 428/765/639 603/842/716 812/843/717 583/844/718
f 466/845/719 559/846/720 811/847/721 660/848/722
f 367/849/723 760/1108/724 810/851/725 666/852/726
f 369/853/727 758/854/728 809/855/729 664/856/730
f 371/857/731 756/858/732 808/859/733 662/860/734
f 424/861/735 668/862/736 807/863/737 579/864/738
f 373/865/739 754/866/740 806/867/741 592/868/742
f 413/869/743 688/870/744 805/871/745 632/872/746
f 387/873/747 737/874/748 804/875/749 630/876/750
f 407/877/751 699/878/752 803/879/753 659/880/754
f 375/881/755 752/882/756 802/883/757 657/884/758
f 403/885/759 706/886/760 801/887/761 656/888/762
f 377/889/763 750/1119/764 800/891/765 654/892/766
f 379/893/767 748/894/768 799/895/769 652/896/770
f 406/897/771 703/898/772 798/899/773 570/900/774
f 381/901/775 746/902/776 797/903/777 649/904/778
f 412/905/779 690/906/780 796/907/781 568/908/782
f 390/909/783 734/910/784 795/911/785 567/912/786
f 418/913/787 679/914/788 794/915/789 566/916/790
f 383/917/791 744/918/792 793/919/793 587/920/794
f 419/921/795 677/922/796 792/923/797 646/924/798
f 385/925/799 742/926/800 791/927/801 644/928/802
f 385/1146/799 761/929/803 790/930/804 742/1127/800
f 419/1126/795 675/931/805 789/932/806 677/1145/796
f 383/1144/791 762/933/807 788/934/808 744/1125/792
f 418/1132/787 538/935/809 787/936/810 679/1143/788
f 390/1140/783 537/937/811 786/938/812 734/1131/784
f 412/1124/779 536/939/813 785/940/814 690/1139/780
f 381/1136/775 763/941/815 784/942/816 746/1123/776
f 406/1122/771 534/943/817 783/944/818 703/1135/772
f 379/1120/767 764/945/819 782/946/820 748/1121/768
f 377/1134/763 765/947/821 781/1105/822 750/1104/764
f 403/1117/759 702/949/823 780/950/824 706/1133/760
f 375/1138/755 766/951/825 779/952/826 752/1116/756
f 407/1130/751 697/953/827 778/954/828 699/1137/752
f 387/1142/747 733/955/829 777/956/830 737/1129/748
f 413/1115/743 686/957/831 776/958/832 688/1141/744
f 373/1148/739 767/959/833 775/960/834 754/1114/740
f 424/1113/735 525/961/835 774/962/836 668/1147/736
f 371/1111/731 768/963/837 773/964/838 756/1112/732
f 369/1109/727 769/965/839 772/966/840 758/1110/728
f 367/1128/723 770/967/841 771/1106/842 760/1102/724
f 769/965/839 771/968/842 503/1033/368 502/493/367
f 503/494/368 771/1106/842 770/967/841 483/529/403
f 760/1107/724 771/968/842 769/965/839 369/1109/727
f 768/963/837 772/966/840 504/498/372 501/497/371
f 504/498/372 772/966/840 769/965/839 502/493/367
f 758/1110/728 772/966/840 768/963/837 371/1111/731
f 525/961/835 773/964/838 505/502/376 500/501/375
f 505/502/376 773/964/838 768/963/837 501/497/371
f 756/1112/732 773/964/838 525/961/835 424/1113/735
f 767/959/833 774/962/836 506/668/542 499/667/541
f 506/668/542 774/962/836 525/961/835 500/501/375
f 668/1147/736 774/962/836 767/959/833 373/1148/739
f 686/957/831 775/960/834 507/634/508 498/633/507
f 507/634/508 775/960/834 767/959/833 499/667/541
f 754/1114/740 775/960/834 686/957/831 413/1115/743
f 733/955/829 776/958/832 508/550/424 497/549/423
f 508/550/424 776/958/832 686/957/831 498/633/507
f 688/1141/744 776/958/832 733/955/829 387/1142/747
f 697/953/827 777/956/830 509/617/491 496/616/490
f 509/617/491 777/956/830 733/955/829 497/549/423
f 737/1129/748 777/956/830 697/953/827 407/1130/751
f 766/951/825 778/954/828 510/506/380 495/505/379
f 510/506/380 778/954/828 697/953/827 496/616/490
f 699/1137/752 778/954/828 766/951/825 375/1138/755
f 702/949/823 779/952/826 511/607/481 494/606/480
f 511/607/481 779/952/826 766/951/825 495/505/379
f 752/1116/756 779/952/826 702/949/823 403/1117/759
f 765/947/821 780/950/824 512/510/384 493/509/383
f 512/510/384 780/950/824 702/949/823 494/606/480
f 706/1133/760 780/950/824 765/947/821 377/1134/763
f 764/945/819 781/948/822 513/1036/388 492/513/387
f 513/514/388 781/1105/822 765/947/821 493/509/383
f 750/1118/764 781/948/822 764/945/819 379/1120/767
f 534/943/817 782/946/820 514/518/392 491/517/391
f 514/518/392 782/946/820 764/945/819 492/513/387
f 748/1121/768 782/946/820 534/943/817 406/1122/771
f 763/941/815 783/944/818 515/613/487 490/612/486
f 515/613/487 783/944/818 534/943/817 491/517/391
f 703/1135/772 783/944/818 763/941/815 381/1136/775
f 536/939/813 784/942/816 516/522/396 489/521/395
f 516/522/396 784/942/816 763/941/815 490/612/486
f 746/1123/776 784/942/816 536/939/813 412/1124/779
f 537/937/811 785/940/814 517/630/504 488/629/503
f 517/630/504 785/940/814 536/939/813 489/521/395
f 690/1139/780 785/940/814 537/937/811 390/1140/783
f 538/935/809 786/938/812 518/558/432 487/557/431
f 518/558/432 786/938/812 537/937/811 488/629/503
f 734/1131/784 786/938/812 538/935/809 418/1132/787
f 762/933/807 787/936/810 519/649/523 486/648/522
f 519/649/523 787/936/810 538/935/809 487/557/431
f 679/1143/788 787/936/810 762/933/807 383/1144/791
f 675/931/805 788/934/808 520/653/527 485/652/526
f 520/653/527 788/934/808 762/933/807 486/648/522
f 744/1125/792 788/934/808 675/931/805 419/1126/795
f 761/929/803 789/932/806 521/526/400 484/525/399
f 521/526/400 789/932/806 675/931/805 485/652/526
f 677/1145/796 789/932/806 761/929/803 385/1146/799
f 770/967/841 790/930/804 522/530/404 483/529/403
f 522/530/404 790/930/804 761/929/803 484/525/399
f 742/1127/800 790/930/804 770/967/841 367/1128/723
f 543/708/582 791/927/801 666/852/726 463/671/545
f 666/852/726 791/927/801 742/926/800 367/849/723
f 644/928/802 791/927/801 543/708/582 482/707/581
f 544/704/578 792/923/797 644/928/802 482/707/581
f 644/928/802 792/923/797 677/922/796 385/925/799
f 646/924/798 792/923/797 544/704/578 481/703/577
f 545/831/705 793/919/793 646/924/798 481/703/577
f 646/924/798 793/919/793 744/918/792 419/921/795
f 587/920/794 793/919/793 545/831/705 480/830/704
f 546/827/701 794/915/789 587/920/794 480/830/704
f 587/920/794 794/915/789 679/914/788 383/917/791
f 566/916/790 794/915/789 546/827/701 479/826/700
f 547/736/610 795/911/785 566/916/790 479/826/700
f 566/916/790 795/911/785 734/910/784 418/913/787
f 567/912/786 795/911/785 547/736/610 478/735/609
f 548/808/682 796/907/781 567/912/786 478/735/609
f 567/912/786 796/907/781 690/906/780 390/909/783
f 568/908/782 796/907/781 548/808/682 477/807/681
f 549/700/574 797/903/777 568/908/782 477/807/681
f 568/908/782 797/903/777 746/902/776 412/905/779
f 649/904/778 797/903/777 549/700/574 476/699/573
f 550/791/665 798/899/773 649/904/778 476/699/573
f 649/904/778 798/899/773 703/898/772 381/901/775
f 570/900/774 798/899/773 550/791/665 475/790/664
f 551/696/570 799/895/769 570/900/774 475/790/664
f 570/900/774 799/895/769 748/894/768 406/897/771
f 652/896/770 799/895/769 551/696/570 474/695/569
f 552/692/566 800/1103/765 652/896/770 474/695/569
f 652/896/770 800/1103/765 750/890/764 379/893/767
f 654/892/766 800/891/765 552/1071/566 473/691/565
f 553/688/562 801/887/761 654/892/766 473/691/565
f 654/892/766 801/887/761 706/886/760 377/889/763
f 656/888/762 801/887/761 553/688/562 472/687/561
f 554/785/659 802/883/757 656/888/762 472/687/561
f 656/888/762 802/883/757 752/882/756 403/885/759
f 657/884/758 802/883/757 554/785/659 471/784/658
f 555/684/558 803/879/753 657/884/758 471/784/658
f 657/884/758 803/879/753 699/878/752 375/881/755
f 659/880/754 803/879/753 555/684/558 470/683/557
f 556/795/669 804/875/749 659/880/754 470/683/557
f 659/880/754 804/875/749 737/874/748 407/877/751
f 630/876/750 804/875/749 556/795/669 469/794/668
f 557/728/602 805/871/745 630/876/750 469/794/668
f 630/876/750 805/871/745 688/870/744 387/873/747
f 632/872/746 805/871/745 557/728/602 468/727/601
f 558/812/686 806/867/741 632/872/746 468/727/601
f 632/872/746 806/867/741 754/866/740 413/869/743
f 592/868/742 806/867/741 558/812/686 467/811/685
f 559/846/720 807/863/737 592/868/742 467/811/685
f 592/868/742 807/863/737 668/862/736 373/865/739
f 579/864/738 807/863/737 559/846/720 466/845/719
f 560/680/554 808/859/733 579/864/738 466/845/719
f 579/864/738 808/859/733 756/858/732 424/861/735
f 662/860/734 808/859/733 560/680/554 465/679/553
f 561/676/550 809/855/729 662/860/734 465/679/553
f 662/860/734 809/855/729 758/854/728 371/857/731
f 664/856/730 809/855/729 561/676/550 464/675/549
f 562/672/546 810/1101/725 664/856/730 464/675/549
f 664/856/730 810/1101/725 760/850/724 369/853/727
f 666/852/726 810/851/725 562/1068/546 463/671/545
f 583/844/718 811/847/721 578/814/688 428/765/639
f 578/814/688 811/847/721 559/846/720 467/811/685
f 660/848/722 811/847/721 583/844/718 462/776/650
f 599/777/651 812/843/717 584/839/713 461/838/712
f 584/839/713 812/843/717 603/842/716 447/969/843
f 583/844/718 812/843/717 599/777/651 462/776/650
f 585/835/709 813/840/714 602/1095/844 445/971/845
f 602/970/844 813/1100/714 584/839/713 447/969/843
f 636/841/715 813/840/714 585/835/709 460/834/708
f 586/972/846 814/836/710 601/774/648 433/773/647
f 601/774/648 814/836/710 585/835/709 445/971/845
f 605/837/711 814/836/710 586/972/846 459/973/847
f 586/972/846 815/832/706 564/706/580 459/973/847
f 564/706/580 815/832/706 545/831/705 481/703/577
f 565/833/707 815/832/706 586/972/846 433/773/647
f 588/825/699 816/828/702 565/833/707 433/773/647
f 565/833/707 816/828/702 546/827/701 480/830/704
f 623/829/703 816/828/702 588/825/699 458/755/629
f 612/756/630 817/824/698 589/822/696 457/731/605
f 589/822/696 817/824/698 608/823/697 442/819/693
f 588/825/699 817/824/698 612/756/630 458/755/629
f 626/732/606 818/1099/695 590/816/690 456/815/689
f 590/816/690 818/1099/695 607/1093/694 444/974/848
f 589/822/696 818/821/695 626/1084/606 457/731/605
f 591/975/849 819/817/691 606/766/640 428/765/639
f 606/766/640 819/817/691 590/816/690 444/974/848
f 610/818/692 819/817/691 591/975/849 455/976/850
f 591/975/849 820/813/687 577/730/604 455/976/850
f 577/730/604 820/813/687 558/812/686 468/727/601
f 578/814/688 820/813/687 591/975/849 428/765/639
f 593/806/680 821/809/683 625/738/612 436/759/633
f 625/738/612 821/809/683 548/808/682 478/735/609
f 647/810/684 821/809/683 593/806/680 454/743/617
f 617/744/618 822/805/679 594/977/851 453/978/852
f 594/977/851 822/805/679 621/804/678 438/979/853
f 593/806/680 822/805/679 617/744/618 454/743/617
f 594/977/851 823/802/676 641/1075/592 453/978/852
f 641/718/592 823/1098/676 595/798/672 452/715/589
f 620/803/677 823/802/676 594/977/851 438/979/853
f 596/980/854 824/799/673 619/740/614 435/739/613
f 619/740/614 824/799/673 595/798/672 437/801/675
f 614/800/674 824/799/673 596/980/854 451/981/855
f 596/980/854 825/796/670 575/686/560 451/981/855
f 575/686/560 825/796/670 556/795/669 470/683/557
f 576/797/671 825/796/670 596/980/854 435/739/613
f 597/789/663 826/792/666 569/702/576 432/747/621
f 569/702/576 826/792/666 550/791/665 476/699/573
f 650/793/667 826/792/666 597/789/663 450/982/856
f 642/714/588 827/1097/662 598/983/857 449/711/585
f 598/983/857 827/1097/662 616/1089/624 429/751/625
f 597/789/663 827/788/662 642/1073/588 450/982/856
f 598/983/857 828/786/660 573/690/564 449/711/585
f 573/690/564 828/786/660 554/785/659 472/687/561
f 574/787/661 828/786/660 598/983/857 429/751/625
f 604/770/644 829/782/656 634/1079/594 446/719/593
f 634/720/594 829/1096/656 600/781/655 448/984/858
f 633/783/657 829/782/656 604/770/644 434/769/643
f 600/781/655 830/778/652 635/985/859 448/984/858
f 635/985/859 830/778/652 599/777/651 461/838/712
f 661/779/653 830/778/652 600/781/655 427/780/654
f 603/842/716 831/775/649 602/970/844 447/969/843
f 602/1095/844 831/1094/649 601/774/648 445/971/845
f 609/768/642 831/775/649 603/842/716 428/765/639
f 605/837/711 832/771/645 637/722/596 460/834/708
f 637/722/596 832/771/645 604/770/644 446/719/593
f 645/772/646 832/771/645 605/837/711 459/973/847
f 608/823/697 833/767/641 607/820/694 442/819/693
f 607/1093/694 833/1091/641 606/766/640 444/974/848
f 609/1092/642 833/767/641 608/823/697 433/773/647
f 610/818/692 834/763/637 627/986/860 456/815/689
f 627/986/860 834/763/637 611/762/636 443/987/861
f 631/764/638 834/763/637 610/818/692 455/976/850
f 611/762/636 835/761/635 628/1083/862 443/987/861
f 628/988/862 835/1090/635 613/760/634 441/989/863
f 622/742/616 835/761/635 611/762/636 435/739/613
f 613/760/634 836/757/631 629/734/608 441/989/863
f 629/734/608 836/757/631 612/756/630 457/731/605
f 624/758/632 836/757/631 613/760/634 436/759/633
f 614/800/674 837/753/627 638/716/590 452/715/589
f 638/716/590 837/753/627 615/752/626 440/990/864
f 658/754/628 837/753/627 614/800/674 451/981/855
f 615/752/626 838/749/623 639/1076/865 440/990/864
f 639/991/865 838/1088/623 618/748/622 439/992/866
f 616/1089/624 838/749/623 615/752/626 429/751/625
f 618/748/622 839/745/619 640/993/867 439/992/866
f 640/993/867 839/745/619 617/744/618 453/978/852
f 648/746/620 839/745/619 618/748/622 432/747/621
f 621/804/678 840/741/615 620/803/677 438/979/853
f 620/1087/677 840/1085/615 619/740/614 437/801/675
f 622/1086/616 840/741/615 621/804/678 436/759/633
f 624/758/632 841/737/611 623/829/703 458/755/629
f 623/829/703 841/737/611 547/736/610 479/826/700
f 625/738/612 841/737/611 624/758/632 436/759/633
f 628/1083/862 842/1082/607 627/986/860 443/987/861
f 627/986/860 842/1082/607 626/732/606 456/815/689
f 629/734/608 842/733/607 628/988/862 441/989/863
f 631/764/638 843/729/603 576/797/671 435/739/613
f 576/797/671 843/729/603 557/728/602 469/794/668
f 577/730/604 843/729/603 631/764/638 455/976/850
f 633/1081/657 844/1080/599 663/994/868 427/780/654
f 663/994/868 844/1080/599 665/1067/598 426/995/869
f 643/726/600 844/725/599 633/783/657 434/769/643
f 636/1078/715 845/1077/595 635/985/859 461/838/712
f 635/985/859 845/1077/595 634/720/594 448/984/858
f 637/722/596 845/721/595 636/841/715 460/834/708
f 640/993/867 846/717/591 639/991/865 439/992/866
f 639/1076/865 846/1074/591 638/716/590 440/990/864
f 641/1075/592 846/717/591 640/993/867 453/978/852
f 651/996/870 847/713/587 653/1070/871 431/998/872
f 653/997/871 847/1072/587 655/712/586 430/999/873
f 642/1073/588 847/713/587 651/996/870 450/982/856
f 643/726/600 848/709/583 582/674/548 425/723/597
f 582/674/548 848/709/583 543/708/582 463/671/545
f 563/710/584 848/709/583 643/726/600 434/769/643
f 645/772/646 849/705/579 563/710/584 434/769/643
f 563/710/584 849/705/579 544/704/578 482/707/581
f 564/706/580 849/705/579 645/772/646 459/973/847
f 648/746/620 850/701/575 647/810/684 454/743/617
f 647/810/684 850/701/575 549/700/574 477/807/681
f 569/702/576 850/701/575 648/746/620 432/747/621
f 651/996/870 851/697/571 650/793/667 450/982/856
f 650/793/667 851/697/571 551/696/570 475/790/664
f 571/698/572 851/697/571 651/996/870 431/998/872
f 653/1070/871 852/1069/567 571/698/572 431/998/872
f 571/698/572 852/1069/567 552/692/566 474/695/569
f 572/694/568 852/693/567 653/997/871 430/999/873
f 655/712/586 853/689/563 572/694/568 430/999/873
f 572/694/568 853/689/563 553/688/562 473/691/565
f 573/690/564 853/689/563 655/712/586 449/711/585
f 658/754/628 854/685/559 574/787/661 429/751/625
f 574/787/661 854/685/559 555/684/558 471/784/658
f 575/686/560 854/685/559 658/754/628 451/981/855
f 661/779/653 855/681/555 660/848/722 462/776/650
f 660/848/722 855/681/555 560/680/554 466/845/719
f 580/682/556 855/681/555 661/779/653 427/780/654
f 663/994/868 856/677/551 580/682/556 427/780/654
f 580/682/556 856/677/551 561/676/550 465/679/553
f 581/678/552 856/677/551 663/994/868 426/995/869
f 665/1067/598 857/1066/547 581/678/552 426/995/869
f 581/678/552 857/1066/547 562/672/546 464/675/549
f 582/674/548 857/673/547 665/724/598 425/723/597
f 670/664/538 858/669/543 667/504/378 423/598/472
f 667/504/378 858/669/543 506/668/542 500/501/375
f 526/670/544 858/669/543 670/664/538 374/587/461
f 672/663/537 859/665/539 669/601/475 422/660/534
f 669/601/475 859/665/539 670/664/538 423/598/472
f 711/666/540 859/665/539 672/663/537 401/1000/874
f 710/1001/875 860/1065/536 712/659/533 399/1002/876
f 712/659/533 860/1065/536 671/1044/535 421/656/530
f 672/663/537 860/662/536 710/1060/875 401/1000/874
f 714/597/471 861/658/532 743/1003/877 384/595/469
f 743/1003/877 861/658/532 673/657/531 420/1004/878
f 712/659/533 861/658/532 714/597/471 399/1002/876
f 743/1003/877 862/654/528 539/651/525 384/595/469
f 539/651/525 862/654/528 520/653/527 486/648/522
f 540/655/529 862/654/528 743/1003/877 420/1004/878
f 681/645/519 863/650/524 678/560/434 417/577/451
f 678/560/434 863/650/524 519/649/523 487/557/431
f 539/651/525 863/650/524 681/645/519 384/595/469
f 683/642/516 864/646/520 680/580/454 416/553/427
f 680/580/454 864/646/520 681/645/519 417/577/451
f 721/647/521 864/646/520 683/642/516 396/641/515
f 716/640/514 865/643/517 682/1048/430 415/637/511
f 682/556/430 865/1064/517 683/642/516 416/553/427
f 715/644/518 865/643/517 716/640/514 398/1005/879
f 717/590/464 866/639/513 753/1006/880 374/587/461
f 753/1006/880 866/639/513 684/638/512 414/1007/881
f 716/640/514 866/639/513 717/590/464 398/1005/879
f 753/1006/880 867/635/509 526/670/544 374/587/461
f 526/670/544 867/635/509 507/634/508 499/667/541
f 527/636/510 867/635/509 753/1006/880 414/1007/881
f 692/626/500 868/631/505 689/524/398 411/565/439
f 689/524/398 868/631/505 517/630/504 489/521/395
f 731/632/506 868/631/505 692/626/500 389/581/455
f 694/1008/882 869/627/501 691/568/442 410/1009/883
f 691/568/442 869/627/501 692/626/500 411/565/439
f 729/628/502 869/627/501 694/1008/882 392/1010/884
f 693/538/412 870/1063/499 694/1008/882 410/1009/883
f 694/1008/882 870/1063/499 728/1051/498 392/1010/884
f 723/622/496 870/625/499 693/1041/412 409/537/411
f 730/564/438 871/621/495 736/1011/885 388/561/435
f 736/1011/885 871/621/495 695/620/494 408/1012/886
f 723/622/496 871/621/495 730/564/438 391/623/497
f 736/1011/885 872/618/492 528/552/426 388/561/435
f 528/552/426 872/618/492 509/617/491 497/549/423
f 529/619/493 872/618/492 736/1011/885 408/1012/886
f 704/610/484 873/614/488 700/520/394 405/1013/887
f 700/520/394 873/614/488 515/613/487 491/517/391
f 535/615/489 873/614/488 704/610/484 382/569/443
f 751/1014/888 874/611/485 701/1038/408 404/533/407
f 701/534/408 874/1062/485 704/610/484 405/1013/887
f 740/570/444 874/611/485 751/1014/888 376/573/447
f 751/1014/888 875/608/482 530/508/382 376/573/447
f 530/508/382 875/608/482 511/607/481 495/505/379
f 531/609/483 875/608/482 751/1014/888 404/533/407
f 707/544/418 876/1061/478 713/594/468 400/541/415
f 713/594/468 876/1061/478 738/1046/477 386/591/465
f 709/605/479 876/604/478 707/1043/418 402/1015/889
f 708/1016/890 877/600/474 709/605/479 402/1015/889
f 709/605/479 877/600/474 755/599/473 372/602/476
f 669/601/475 877/600/474 708/1016/890 422/660/534
f 710/1060/875 878/1059/470 711/666/540 401/1000/874
f 711/666/540 878/1059/470 739/1058/462 374/587/461
f 714/597/471 878/596/470 710/1001/875 399/1002/876
f 674/542/416 879/593/467 673/657/531 421/656/530
f 673/657/531 879/593/467 676/592/466 420/1004/878
f 713/594/468 879/593/467 674/542/416 400/541/415
f 715/1057/518 880/1056/463 721/647/521 396/641/515
f 721/647/521 880/1056/463 739/588/462 384/595/469
f 717/590/464 880/589/463 715/644/518 398/1005/879
f 685/1017/891 881/585/459 684/638/512 415/637/511
f 684/638/512 881/585/459 687/584/458 414/1007/881
f 719/586/460 881/585/459 685/1017/891 397/1018/892
f 718/1019/893 882/1055/456 719/586/460 397/1018/892
f 719/586/460 882/1055/456 732/1052/436 388/561/435
f 722/583/457 882/582/456 718/1049/893 395/1020/894
f 720/554/428 883/579/453 722/583/457 395/1020/894
f 722/583/457 883/579/453 735/578/452 389/581/455
f 680/580/454 883/579/453 720/554/428 416/553/427
f 696/540/414 884/575/449 695/620/494 409/537/411
f 695/620/494 884/575/449 698/574/448 408/1012/886
f 725/576/450 884/575/449 696/540/414 394/1021/895
f 724/1022/896 885/1053/445 725/576/450 394/1021/895
f 725/576/450 885/1053/445 740/570/444 376/573/447
f 727/572/446 885/571/445 724/1040/896 393/1023/897
f 726/1024/898 886/567/441 727/572/446 393/1023/897
f 727/572/446 886/567/441 745/566/440 382/569/443
f 691/568/442 886/567/441 726/1024/898 410/1009/883
f 728/1051/498 887/1050/437 729/628/502 392/1010/884
f 729/628/502 887/1050/437 732/562/436 389/581/455
f 730/564/438 887/563/437 728/624/498 391/623/497
f 735/578/452 888/559/433 731/632/506 389/581/455
f 731/632/506 888/559/433 518/558/432 488/629/503
f 678/560/434 888/559/433 735/578/452 417/577/451
f 685/1017/891 889/555/429 718/1019/893 397/1018/892
f 718/1049/893 889/1047/429 720/554/428 395/1020/894
f 682/1048/430 889/555/429 685/1017/891 415/637/511
f 687/584/458 890/551/425 527/636/510 414/1007/881
f 527/636/510 890/551/425 508/550/424 498/633/507
f 528/552/426 890/551/425 687/584/458 388/561/435
f 757/1025/899 891/547/421 738/603/477 372/602/476
f 738/1046/477 891/1045/421 741/546/420 386/591/465
f 759/548/422 891/547/421 757/1025/899 370/1026/900
f 708/1016/890 892/543/417 671/661/535 422/660/534
f 671/1044/535 892/1042/417 674/542/416 421/656/530
f 707/1043/418 892/543/417 708/1016/890 402/1015/889
f 724/1040/896 893/1039/413 726/1024/898 393/1023/897
f 726/1024/898 893/1039/413 693/538/412 410/1009/883
f 696/540/414 893/539/413 724/1022/896 394/1021/895
f 749/1027/901 894/1037/409 747/1028/902 380/1029/903
f 747/1028/902 894/1037/409 701/534/408 405/1013/887
f 705/536/410 894/535/409 749/1035/901 378/1030/904
f 741/546/420 895/531/405 541/528/402 386/591/465
f 541/528/402 895/531/405 522/530/404 484/525/399
f 542/532/406 895/531/405 741/546/420 368/545/419
f 676/592/466 896/527/401 540/655/529 420/1004/878
f 540/655/529 896/527/401 521/526/400 485/652/526
f 541/528/402 896/527/401 676/592/466 386/591/465
f 745/566/440 897/523/397 535/615/489 382/569/443
f 535/615/489 897/523/397 516/522/396 490/612/486
f 689/524/398 897/523/397 745/566/440 411/565/439
f 747/1028/902 898/519/393 533/516/390 380/1029/903
f 533/516/390 898/519/393 514/518/392 492/513/387
f 700/520/394 898/519/393 747/1028/902 405/1013/887
f 749/1035/901 899/1034/389 532/512/386 378/1030/904
f 532/512/386 899/1034/389 513/514/388 493/509/383
f 533/516/390 899/515/389 749/1027/901 380/1029/903
f 705/536/410 900/511/385 531/609/483 404/533/407
f 531/609/483 900/511/385 512/510/384 494/606/480
f 532/512/386 900/511/385 705/536/410 378/1030/904
f 698/574/448 901/507/381 529/619/493 408/1012/886
f 529/619/493 901/507/381 510/506/380 496/616/490
f 530/508/382 901/507/381 698/574/448 376/573/447
f 755/599/473 902/503/377 524/500/374 372/602/476
f 524/500/374 902/503/377 505/502/376 501/497/371
f 667/504/378 902/503/377 755/599/473 423/598/472
f 757/1025/899 903/499/373 523/496/370 370/1026/900
f 523/496/370 903/499/373 504/498/372 502/493/367
f 524/500/374 903/499/373 757/1025/899 372/602/476
f 759/1032/422 904/1031/369 542/532/406 368/545/419
f 542/532/406 904/1031/369 503/494/368 483/529/403
f 523/496/370 904/495/369 759/548/422 370/1026/900
g default
v 0.108360 0.957286 -1.149949
v 0.479254 1.192480 -1.160918
v 0.117418 0.989357 -0.885762
v 0.486265 1.217311 -0.956385
v 0.101326 1.397942 -0.912646
v 0.758172 1.503195 -0.957430
v 0.052211 2.450325 -1.180331
v 1.120433 2.923913 -1.182793
v -0.061121 4.552520 -2.120305
v 0.872704 4.937764 -2.324470
v -0.142950 5.629251 -3.222851
v 0.172096 5.433060 -2.990705
v -0.140781 5.410097 -3.374089
v 0.173601 5.265320 -3.110385
v -0.062623 4.376674 -2.325348
v 0.872331 4.732901 -2.527818
v 0.043715 2.408687 -1.439139
v 1.111700 2.849983 -1.478135
v 0.089949 1.357655 -1.244500
v 0.748195 1.467857 -1.248507
v -0.010103 3.729803 -1.579721
v 1.024577 4.250063 -1.754348
v 1.020823 4.083065 -2.009106
v -0.014869 3.612212 -1.813911
v 1.720834 4.647919 -2.110751
v 1.719526 4.516308 -2.268937
v 1.634614 4.845534 -2.570581
v 1.634734 4.993668 -2.427378
v 1.942010 3.876161 -1.832761
v 2.007389 3.416351 -1.622442
v 1.945381 3.975064 -1.652220
v 2.012066 3.491201 -1.430924
v 1.792198 2.391890 -1.357057
v 1.740681 1.873170 -1.286805
v 1.798982 2.421984 -1.153492
v 1.747695 1.898003 -1.082272
v -0.118706 5.368959 -2.840389
v 0.377809 5.222752 -2.659808
v 0.378975 5.015959 -2.825186
v -0.116432 5.099415 -3.036556
v -0.033540 4.130411 -1.804778
v 1.056589 4.626201 -2.022706
v 1.843312 4.873562 -2.268025
v 1.842504 4.691004 -2.461547
v 1.054393 4.413766 -2.280203
v -0.036828 3.987564 -2.024773
v 0.021416 3.123202 -1.337689
v 1.172764 3.605643 -1.409042
v 2.173512 3.756908 -1.510710
v 2.168306 3.644234 -1.751679
v 1.165790 3.472793 -1.714715
v 0.014664 3.043868 -1.587143
v 0.072845 1.719029 -1.340358
v 1.026270 2.093659 -1.367652
v 1.983074 2.079108 -1.350858
v 1.992105 2.111773 -1.086779
v 1.037525 2.137741 -1.035336
v 0.082059 1.752437 -1.070829
v -0.278414 1.164961 -1.131601
v -0.271402 1.189790 -0.927067
v -0.562517 1.454863 -0.906285
v -1.043919 2.844753 -1.098985
v -1.032918 4.868084 -2.250739
v -0.423895 5.411057 -2.967364
v -0.422389 5.243325 -3.087042
v -1.033292 4.663213 -2.454083
v -1.052648 2.770821 -1.394325
v -0.572496 1.419524 -1.197362
v -1.089600 4.172743 -1.672517
v -1.093351 4.005740 -1.927271
v -1.838259 4.517591 -1.972910
v -1.839565 4.385978 -2.131095
v -1.802473 4.719675 -2.437465
v -1.802354 4.867812 -2.294261
v -1.980348 3.732534 -1.680850
v -1.995532 3.269770 -1.467410
v -1.976979 3.831436 -1.500307
v -1.990856 3.344625 -1.275891
v -1.686249 2.264517 -1.222339
v -1.591715 1.751143 -1.157744
v -1.679467 2.294612 -1.018773
v -1.584702 1.775976 -0.953210
v -0.587501 5.187333 -2.622304
v -0.586332 4.980539 -2.787681
v -1.169972 4.544874 -1.936608
v -1.988668 4.733243 -2.119614
v -1.989478 4.550683 -2.313135
v -1.172164 4.332424 -2.194098
v -1.163573 3.520316 -1.318629
v -2.176956 3.597604 -1.342218
v -2.182162 3.484927 -1.583188
v -1.170546 3.387451 -1.624297
v -0.904176 2.023166 -1.292911
v -1.852718 1.938649 -1.202301
v -1.843689 1.971318 -0.938221
v -0.892922 2.067248 -0.960596
v 0.030687 0.992623 -1.151578
v 0.039741 1.024699 -0.887388
v -0.004531 1.407694 -0.908102
v -0.078733 1.808971 -1.057995
v -0.125994 2.513777 -1.170270
v -0.177719 3.188676 -1.338886
v -0.187899 3.797118 -1.594925
v -0.228614 4.194724 -1.827634
v -0.223497 4.602629 -2.140615
v -0.208199 5.343339 -2.798985
v -0.199168 5.596524 -3.176532
v -0.197022 5.377585 -3.328061
v -0.206012 5.073868 -2.997329
v -0.224813 4.418250 -2.348925
v -0.231718 4.042245 -2.051924
v -0.192538 3.670491 -1.834458
v -0.184449 3.101517 -1.595123
v -0.134588 2.466254 -1.437122
v -0.088191 1.773973 -1.335313
v -0.015946 1.367267 -1.241085
v 0.181816 0.997284 -1.157324
v 0.193287 1.374650 -1.249155
v 0.227068 1.784140 -1.347351
v 0.214454 2.477615 -1.450406
v 0.205006 3.114354 -1.609741
v 0.153503 3.681754 -1.847141
v 0.148134 4.054831 -2.065762
v 0.091519 4.428811 -2.360411
v -0.023844 5.081072 -3.005238
v -0.079853 5.382561 -3.333600
v -0.082001 5.601502 -3.182069
v -0.026031 5.350534 -2.806886
v 0.092837 4.613112 -2.152042
v 0.151244 4.207215 -1.841414
v 0.158147 3.808290 -1.607560
v 0.211745 3.201416 -1.353473
v 0.223054 2.525058 -1.183538
v 0.236527 1.819129 -1.070030
v 0.204702 1.415078 -0.916171
v 0.190875 1.029356 -0.893135
v 0.184470 0.957977 -1.018447
v 0.194566 1.202056 -0.871786
v 0.221822 1.596139 -0.990360
v 0.232317 2.152051 -1.127322
v 0.220536 2.871380 -1.257576
v 0.184197 3.523463 -1.476861
v 0.153658 4.025636 -1.725237
v 0.131398 4.379622 -1.963771
v 0.025146 4.987369 -2.473738
v -0.063123 5.547238 -3.029131
v -0.088130 5.522499 -3.301766
v -0.060589 5.261347 -3.228215
v 0.026735 4.759548 -2.675825
v 0.129021 4.216386 -2.179847
v 0.149840 3.885018 -1.957143
v 0.178539 3.415449 -1.725015
v 0.212761 2.805983 -1.520155
v 0.223254 2.114083 -1.395661
v 0.211537 1.559279 -1.295572
v 0.182401 1.159794 -1.218219
v 0.353494 1.126824 -0.906394
v 0.425646 1.452632 -0.920446
v 0.109730 1.757813 -1.073418
v 0.590061 2.708414 -1.174558
v 0.620578 3.396377 -1.374954
v 0.518932 4.004254 -1.660850
v 0.549136 4.398311 -1.913350
v 0.424908 4.768811 -2.217378
v 0.176834 5.307124 -2.719619
v 0.053043 5.535911 -3.081359
v 0.055174 5.313350 -3.236698
v -0.100156 5.098222 -3.034169
v 0.424528 4.556277 -2.443063
v -0.003425 3.993212 -2.029252
v 0.014379 3.618204 -1.817684
v 0.048763 3.049858 -1.590191
v 0.581373 2.644134 -1.471540
v 0.556378 1.943355 -1.356181
v 0.413841 1.411346 -1.259839
v 0.344157 1.093759 -1.178754
v 0.013316 1.154084 -1.211730
v -0.051779 1.550418 -1.285469
v -0.112436 2.103281 -1.382861
v -0.162551 2.793657 -1.505954
v -0.188784 3.403418 -1.711389
v -0.212425 3.873120 -1.943917
v -0.233137 4.204418 -2.166776
v -0.208176 4.751186 -2.666680
v -0.199418 5.255531 -3.221788
v -0.196478 5.517858 -3.296586
v -0.202399 5.541407 -3.022684
v -0.207629 4.979129 -2.464715
v -0.230739 4.367742 -1.950765
v -0.208584 4.013841 -1.712064
v -0.183138 3.511525 -1.463273
v -0.154785 2.859141 -1.243399
v -0.103496 2.141290 -1.114525
v -0.041121 1.587294 -0.980272
v 0.024890 1.196333 -0.865277
v 0.041714 0.953739 -1.013038
v -0.238023 1.387665 -1.234615
v -0.426821 1.908277 -1.318216
v -0.511968 2.605036 -1.429350
v -0.021462 3.048252 -1.587794
v -0.046059 3.616918 -1.815826
v -0.072318 3.991583 -2.027178
v -0.570495 4.520526 -2.405037
v -0.132977 5.096664 -3.032333
v -0.318340 5.299230 -3.221566
v -0.320475 5.521767 -3.066243
v -0.399379 5.285664 -2.696736
v -0.568961 4.733143 -2.179433
v -0.642442 4.355624 -1.867813
v -0.563832 3.965591 -1.619422
v -0.598773 3.352743 -1.328061
v -0.502370 2.669404 -1.132415
v 0.052732 1.756669 -1.071321
v -0.226560 1.428937 -0.895212
v -0.129535 1.109720 -0.887784
v -0.138870 1.076660 -1.160091
v -0.943884 2.404186 -1.010125
v -1.808452 2.134509 -0.958779
v -1.817459 2.099739 -1.225960
v -0.954340 2.347749 -1.341267
v 0.011701 2.413292 -1.439073
v -1.114630 3.105464 -1.518902
v -2.152352 3.368700 -1.534421
v -2.146621 3.474371 -1.286655
v -1.106826 3.213714 -1.201053
v 0.020036 2.455124 -1.180849
v -1.112870 4.185286 -2.080759
v -1.968619 4.453294 -2.227043
v -1.967336 4.631378 -2.024994
v -1.110821 4.385136 -1.808249
v -0.747353 4.820096 -2.604811
v -0.747450 5.014773 -2.431797
v -1.424663 2.043707 -0.920154
v -1.199433 1.664577 -0.917034
v -1.421270 2.442673 -1.295726
v -1.752940 2.263593 -1.113889
v -1.410989 2.489552 -1.023602
v -1.208928 1.631187 -1.192005
v -1.436912 1.999297 -1.266455
v -1.629034 3.204797 -1.200721
v -2.097798 3.328664 -1.374279
v -1.636625 3.114693 -1.457289
v -1.235173 2.828676 -1.238778
v -1.738282 3.594208 -1.309296
v -1.628213 3.961127 -1.540199
v -1.745580 3.449445 -1.625695
v -1.633648 3.822800 -1.779951
v -1.645849 4.679999 -2.019647
v -1.530182 4.883599 -2.265464
v -1.110609 4.829982 -2.401732
v -1.647697 4.448065 -2.278960
v -1.530092 4.691028 -2.452472
v -1.542606 4.426315 -1.858321
v -1.924201 4.465302 -2.059388
v -1.546281 4.257276 -2.076089
v -1.273885 4.126125 -1.811325
v -0.605929 3.243107 -1.609378
v -1.122855 3.668227 -1.760606
v -0.568595 3.811395 -1.881065
v -2.323897 3.548523 -1.460970
v -2.134352 3.733946 -1.408336
v -2.076554 3.780138 -1.585422
v -2.139135 3.610844 -1.647926
v -0.041184 3.734596 -1.582328
v -1.118041 3.824813 -1.463286
v -0.014677 3.127739 -1.338936
v -0.633123 1.401470 -1.044147
v -1.688884 1.779883 -1.054007
v -1.776150 1.865013 -0.925259
v -1.985730 1.934588 -1.062560
v -1.785330 1.832528 -1.193132
v -1.938209 4.838918 -2.220132
v -1.873403 4.821812 -2.393843
v -1.938532 4.647300 -2.409704
v -2.102529 4.668003 -2.238308
v -0.648957 5.064717 -2.673951
v -0.355891 1.243585 -1.172865
v 0.071269 1.358330 -1.243823
v -0.762445 1.710240 -1.256972
v 0.043562 1.723263 -1.340317
v -0.645130 4.174470 -2.109991
v -1.133117 4.480877 -2.323722
v -0.092087 4.379451 -2.327267
v -0.396872 5.012047 -2.909169
v -0.487911 5.122653 -2.974856
v -0.151318 5.406829 -3.369647
v -0.443643 5.336100 -3.038560
v -0.153489 5.626140 -3.218323
v -0.489684 5.340988 -2.814063
v -0.135268 5.366272 -2.836306
v -0.090637 4.555291 -2.122858
v -1.131638 4.707749 -2.075006
v -0.069032 4.134474 -1.807814
v -0.416697 1.947840 -1.013988
v -0.752314 1.751590 -0.913584
v 0.082619 1.398620 -0.911840
v -0.346574 1.276705 -0.900593
v 0.103362 0.992398 -0.885519
v -0.305361 1.174876 -1.027987
v 0.094296 0.960289 -1.149962
v 0.566925 1.982930 -1.051968
v 0.067983 2.076398 -1.127490
v 1.571578 2.153434 -1.036202
v 1.059720 2.477338 -1.087687
v 2.126422 2.085161 -1.221822
v 1.943561 2.271899 -1.104093
v 1.560250 2.109058 -1.382533
v 1.924521 1.968374 -1.336813
v 0.100512 1.724409 -1.342409
v 0.910993 1.771413 -1.321800
v 0.082260 1.518616 -1.289987
v 0.613969 3.286829 -1.656312
v 0.029183 2.736684 -1.503516
v 1.733532 3.576857 -1.760443
v 1.138960 3.187809 -1.606138
v 2.314033 3.718350 -1.640595
v 2.150920 3.526278 -1.701085
v 1.740142 3.721586 -1.444021
v 2.116087 3.889591 -1.572954
v 0.055436 3.129276 -1.341309
v 1.094111 3.905626 -1.548861
v 0.005176 3.445345 -1.454274
v 0.546325 4.217217 -2.155563
v -0.026440 3.816958 -1.919423
v 1.512823 4.563806 -2.401372
v 1.015040 4.263061 -2.163083
v 1.952123 4.816476 -2.395343
v 1.835524 4.592598 -2.374375
v 1.514076 4.795718 -2.142037
v 1.777661 4.974987 -2.364044
v -0.000176 4.136032 -1.809850
v 0.995900 4.785454 -2.157256
v -0.044481 4.304404 -1.923451
v 0.177919 5.033454 -2.932002
v 0.444198 5.104741 -2.716285
v -0.102422 5.367816 -2.838137
v -0.088849 4.749398 -2.666374
v 0.564834 4.868101 -2.655637
v 0.254591 5.368336 -2.843038
v -0.135238 5.577298 -3.072034
v 1.843214 1.909219 -1.190804
v 1.933713 2.000864 -1.068940
v 1.375534 1.758869 -1.016776
v 1.866955 2.396142 -1.254086
v 1.517426 2.596800 -1.137035
v 1.934418 2.237123 -1.371269
v 1.366177 1.725490 -1.291724
v 1.510052 2.550028 -1.409237
v 2.111968 3.482816 -1.537321
v 2.156642 3.631949 -1.453318
v 1.668312 3.325527 -1.328438
v 2.041563 3.930934 -1.744915
v 1.586040 4.078822 -1.664706
v 2.111326 3.766484 -1.812546
v 1.662616 3.235501 -1.585053
v 1.583025 3.940605 -1.904519
v 1.836849 4.770678 -2.172326
v 1.701048 4.952703 -2.532279
v 1.365190 4.989626 -2.377604
v 1.777327 4.783370 -2.553616
v 1.364720 4.797039 -2.564588
v 1.803432 4.601798 -2.203757
v 1.441558 4.366693 -2.191786
v 1.442382 4.535607 -1.973940
v 0.514720 3.850134 -1.922550
v 1.200751 4.216750 -1.907172
v 0.018976 3.735804 -1.584145
v -0.000552 3.345698 -1.696375
v 1.087366 3.748993 -1.846132
v 1.019410 4.462962 -1.890630
v -0.022456 3.948334 -1.692334
v 0.821854 1.454750 -1.100498
v 1.301234 2.921561 -1.337014
v 0.941405 4.905120 -2.481216
v 0.547523 1.276597 -1.207865
v 0.099394 1.134859 -1.213446
v 1.048665 2.420889 -1.418815
v 0.059203 2.041807 -1.387091
v 0.994724 4.558598 -2.405992
v -0.047084 4.150942 -2.135698
v 0.256349 5.150007 -3.003823
v -0.132416 5.290588 -3.270272
v 0.191917 5.359443 -3.063274
v -0.144665 5.550048 -3.342524
v 0.564075 5.062753 -2.482590
v -0.089370 4.975561 -2.467210
v 1.147830 3.296076 -1.288315
v 0.036913 2.795003 -1.248541
v 0.924451 1.812884 -0.978466
v 0.092592 1.554743 -0.989205
v 0.556871 1.309721 -0.935555
v 0.111291 1.178091 -0.865019
v 0.513509 1.204740 -1.059686
v 0.115434 0.912030 -1.010501
v 0.107744 1.359489 -1.245208
v 0.073918 2.414618 -1.441319
v -0.034813 4.380856 -2.328966
v -0.130199 5.408060 -3.371133
v -0.132366 5.627379 -3.219804
v -0.033304 4.556648 -2.124524
v 0.082527 2.456399 -1.183099
v 0.119160 1.399777 -0.913223
v 0.130658 0.992807 -0.886501
v 0.121593 0.960700 -1.150952
v 0.127544 0.916227 -1.011427
v 0.125241 1.179886 -0.865976
v 0.114112 1.559301 -0.991166
v 0.096949 2.082870 -1.130188
v 0.069652 2.801064 -1.251750
v 0.036504 3.450649 -1.458691
v 0.008526 3.953384 -1.697275
v -0.012777 4.309542 -1.928555
v -0.077592 4.968915 -2.474863
v -0.122796 5.575095 -3.068678
v -0.135170 5.547923 -3.339296
v -0.120141 5.288233 -3.266766
v -0.075949 4.745035 -2.673635
v -0.015376 4.156149 -2.140151
v 0.004666 3.822099 -1.923729
v 0.030911 3.351016 -1.700151
v 0.061888 2.742540 -1.506261
v 0.087994 2.048422 -1.389296
v 0.104010 1.523085 -1.291563
v 0.112888 1.137198 -1.213636
v 0.085077 1.136524 -1.212589
v 0.059053 1.521986 -1.289887
v 0.028571 2.047264 -1.387128
v -0.005482 2.741025 -1.503887
v -0.034050 3.349587 -1.698044
v -0.059590 3.820666 -1.921786
v -0.080752 4.154631 -2.138274
v -0.103951 4.744171 -2.672529
v -0.144653 5.286847 -3.265116
v -0.154075 5.546781 -3.337906
v -0.147665 5.573695 -3.067016
v -0.103317 4.968168 -2.473865
v -0.078196 4.308079 -1.926715
v -0.055534 3.952022 -1.695372
v -0.028240 3.449296 -1.456617
v 0.002182 2.799612 -1.249382
v 0.037165 2.081728 -1.128006
v 0.069571 1.558213 -0.989504
v 0.096526 1.179166 -0.864923
v 0.102449 0.915974 -1.010535
v -0.465089 2.298970 -1.068699
v -1.438096 2.296230 -0.953441
v -1.934925 2.067536 -1.080134
v -1.450565 2.243090 -1.303955
v -0.475202 2.250295 -1.368166
v -0.567782 2.932512 -1.508316
v -1.703434 3.249686 -1.547493
v -2.297739 3.457939 -1.419296
v -1.694747 3.378294 -1.219690
v -0.559399 3.018224 -1.217785
v -0.605804 4.011248 -1.998808
v -1.609559 4.324670 -2.179183
v -2.087142 4.578028 -2.153704
v -1.606349 4.549150 -1.906376
v -0.602082 4.180611 -1.746695
v -0.478587 4.767357 -2.650363
v -0.834671 4.926289 -2.509483
v -0.479210 5.015865 -2.429946
v -1.167586 1.596742 -1.049524
v -1.315730 1.823101 -0.892343
v -1.411817 2.531264 -1.167764
v -1.328295 1.780475 -1.245043
v -1.612207 3.108402 -1.310269
v -1.694650 3.815850 -1.416575
v -1.611578 3.945723 -1.688388
v -1.701654 3.650827 -1.729288
v -1.598583 4.814351 -2.141174
v -1.508759 4.819305 -2.389637
v -1.599436 4.569522 -2.392982
v -1.526164 4.311395 -1.941536
v -0.587126 3.545518 -1.743338
v -2.281525 3.653093 -1.513243
v -0.581271 3.679035 -1.471470
v -0.409870 1.269862 -1.035772
v -1.931977 1.864354 -1.055902
v -2.050763 4.760128 -2.330396
v -0.538905 5.205656 -2.857466
v -0.173391 1.196239 -1.213746
v -0.335552 1.622755 -1.272341
v -0.629185 4.333491 -2.236812
v -0.344830 5.171218 -3.112863
v -0.310114 5.444249 -3.191229
v -0.347546 5.459927 -2.904881
v -0.627020 4.528222 -2.002611
v -0.324470 1.661742 -0.949419
v -0.161626 1.239309 -0.861452
v -0.121410 1.047385 -1.018814
v 0.585042 2.336409 -1.109233
v 1.563914 2.406168 -1.069722
v 2.064836 2.214001 -1.235042
v 1.553117 2.353091 -1.420278
v 0.575520 2.287786 -1.408727
v 0.606655 2.974581 -1.553578
v 1.712238 3.374770 -1.679776
v 2.297859 3.626219 -1.597282
v 1.719531 3.503315 -1.351932
v 0.614502 3.060213 -1.263011
v 0.527894 4.051857 -2.042182
v 1.491599 4.438239 -2.299287
v 1.949930 4.725855 -2.310057
v 1.493090 4.662641 -2.026425
v 0.531301 4.221145 -1.790019
v 0.296566 4.795577 -2.680410
v 0.651676 4.980714 -2.567059
v 0.296054 5.044067 -2.459967
v 1.338583 1.688515 -1.146587
v 1.481512 1.925534 -1.000690
v 1.504053 2.638064 -1.280708
v 1.469877 1.882949 -1.353407
v 1.650149 3.227852 -1.436620
v 1.672277 3.939145 -1.546988
v 1.559168 4.061833 -1.811198
v 1.667130 3.774195 -1.859757
v 1.447871 4.925913 -2.259168
v 1.338992 4.923591 -2.499930
v 1.447148 4.681088 -2.510979
v 1.427990 4.419559 -2.055945
v 0.563029 3.586699 -1.787485
v 2.260230 3.819403 -1.689143
v 0.568455 3.720134 -1.515573
v 0.610186 1.307190 -1.075273
v 2.078613 2.011210 -1.211231
v 1.886810 4.904312 -2.482896
v 0.310280 5.236715 -2.890318
v 0.365423 1.215640 -1.234588
v 0.490358 1.652480 -1.304267
v 0.509218 4.374315 -2.280258
v 0.099095 5.187953 -3.130766
v 0.038799 5.457478 -3.205396
v 0.096777 5.476696 -2.922783
v 0.510938 4.568969 -2.045998
v 0.501431 1.691467 -0.981342
v 0.377794 1.258739 -0.882286
v 0.339901 1.063604 -1.036599
vt 0.030192 0.018537
vt 0.820965 0.450830
vt 0.051704 0.011834
vt 0.048225 0.026836
vt 0.037447 0.059588
vt 0.032572 0.037006
vt 0.052645 0.040311
vt 0.061530 0.059806
vt 0.047877 0.103928
vt 0.042613 0.079573
vt 0.073923 0.084233
vt 0.085425 0.115145
vt 0.048293 0.420473
vt 0.055567 0.389729
vt 0.094155 0.414422
vt 0.081828 0.441764
vt 0.007042 0.567979
vt 0.010479 0.550939
vt 0.029131 0.540193
vt 0.022476 0.557118
vt 0.838189 0.977770
vt 0.011534 0.582610
vt 0.818535 0.983638
vt 0.821934 0.968282
vt 0.822369 0.932570
vt 0.833287 0.961270
vt 0.813982 0.952344
vt 0.799074 0.928591
vt 0.779942 0.793768
vt 0.783734 0.813759
vt 0.745555 0.837289
vt 0.738964 0.816110
vt 0.812285 0.506345
vt 0.805582 0.525257
vt 0.774316 0.528376
vt 0.788331 0.504973
vt 0.822646 0.466128
vt 0.818880 0.484300
vt 0.798591 0.486124
vt 0.804026 0.473050
vt 0.066001 0.508261
vt 0.760416 0.932196
vt 0.063422 0.534528
vt 0.048332 0.530304
vt 0.228976 0.469625
vt 0.596143 0.904099
vt 0.236649 0.491718
vt 0.220720 0.482452
vt 0.641720 0.520416
vt 0.622170 0.528224
vt 0.247818 0.091162
vt 0.628537 0.511588
vt 0.786995 0.477571
vt 0.778269 0.486765
vt 0.085033 0.032704
vt 0.072563 0.024337
vt 0.060982 0.319942
vt 0.062887 0.287181
vt 0.104433 0.307181
vt 0.099855 0.341530
vt 0.566876 0.731269
vt 0.571938 0.745140
vt 0.288715 0.317335
vt 0.546201 0.732627
vt 0.776316 0.686705
vt 0.776742 0.719843
vt 0.735239 0.737802
vt 0.731579 0.702236
vt 0.155242 0.371351
vt 0.656740 0.805269
vt 0.203305 0.405462
vt 0.194415 0.417622
vt 0.688214 0.846705
vt 0.697815 0.867062
vt 0.653097 0.890834
vt 0.644138 0.875144
vt 0.713677 0.889115
vt 0.133402 0.486885
vt 0.667247 0.917759
vt 0.662945 0.903048
vt 0.126816 0.468732
vt 0.142437 0.445203
vt 0.187845 0.468252
vt 0.178292 0.481418
vt 0.672756 0.720059
vt 0.679270 0.755016
vt 0.617981 0.751743
vt 0.612707 0.728014
vt 0.684102 0.798075
vt 0.620955 0.786218
vt 0.624802 0.770447
vt 0.160597 0.325925
vt 0.221554 0.323980
vt 0.214412 0.343617
vt 0.160003 0.209737
vt 0.653778 0.643125
vt 0.224486 0.240339
vt 0.219339 0.254987
vt 0.752194 0.502033
vt 0.728431 0.531724
vt 0.669274 0.531037
vt 0.683298 0.515890
vt 0.681313 0.645461
vt 0.636200 0.611600
vt 0.647257 0.599536
vt 0.136845 0.124184
vt 0.119987 0.090320
vt 0.179237 0.093875
vt 0.192008 0.116589
vt 0.097883 0.059473
vt 0.108498 0.045252
vt 0.165709 0.061753
vt 0.166323 0.077817
vt 0.019425 0.520371
vt 0.034140 0.470442
vt 0.062643 0.478489
vt 0.042795 0.514586
vt 0.749878 0.904674
vt 0.103314 0.495176
vt 0.791268 0.841716
vt 0.806087 0.887042
vt 0.778308 0.895370
vt 0.758308 0.862270
vt 0.059274 0.367929
vt 0.060408 0.345609
vt 0.100515 0.368322
vt 0.100601 0.391521
vt 0.196325 0.450790
vt 0.196922 0.432497
vt 0.229716 0.455726
vt 0.222073 0.439707
vt 0.237006 0.439473
vt 0.247570 0.463215
vt 0.688927 0.824912
vt 0.643189 0.858243
vt 0.645194 0.844026
vt 0.778327 0.749821
vt 0.778814 0.773306
vt 0.738980 0.794545
vt 0.739629 0.769669
vt 0.063967 0.251003
vt 0.061925 0.215220
vt 0.105955 0.230944
vt 0.108602 0.268892
vt 0.272697 0.302252
vt 0.227057 0.298356
vt 0.224385 0.273652
vt 0.270142 0.288667
vt 0.583247 0.704747
vt 0.569581 0.718621
vt 0.291174 0.291912
vt 0.272794 0.270800
vt 0.676792 0.686032
vt 0.615739 0.705260
vt 0.620943 0.687720
vt 0.784695 0.620031
vt 0.779279 0.654023
vt 0.735043 0.667117
vt 0.742709 0.631799
vt 0.798476 0.548400
vt 0.791336 0.582497
vt 0.750837 0.593985
vt 0.760690 0.557812
vt 0.613591 0.537370
vt 0.654883 0.552523
vt 0.648805 0.578236
vt 0.614149 0.554027
vt 0.234598 0.105131
vt 0.253780 0.099378
vt 0.252014 0.115958
vt 0.232607 0.121842
vt 0.145360 0.160865
vt 0.196178 0.143346
vt 0.195972 0.165136
vt 0.057793 0.178477
vt 0.052981 0.139127
vt 0.093147 0.152983
vt 0.099494 0.192942
vt 0.259198 0.469788
vt 0.562088 0.003290
vt 0.279986 0.461259
vt 0.277831 0.476505
vt 0.564559 0.018470
vt 0.561658 0.036831
vt 0.541572 0.039586
vt 0.546367 0.026264
vt 0.556136 0.059249
vt 0.550358 0.079131
vt 0.519036 0.082925
vt 0.532134 0.058814
vt 0.525826 0.367055
vt 0.528978 0.388949
vt 0.489878 0.412543
vt 0.484020 0.389474
vt 0.561818 0.520201
vt 0.570007 0.550952
vt 0.551702 0.539757
vt 0.538683 0.513828
vt 0.573030 0.568089
vt 0.252101 0.996258
vt 0.552806 0.571567
vt 0.557931 0.556851
vt 0.248740 0.981295
vt 0.253523 0.964738
vt 0.272682 0.955662
vt 0.264858 0.971672
vt 0.294557 0.845087
vt 0.301872 0.817095
vt 0.340147 0.840188
vt 0.327601 0.865265
vt 0.284425 0.551834
vt 0.277011 0.528712
vt 0.308203 0.531495
vt 0.322180 0.560827
vt 0.270036 0.509830
vt 0.263174 0.487882
vt 0.283413 0.489493
vt 0.293896 0.508212
vt 0.515762 0.506929
vt 0.532852 0.529426
vt 0.307185 0.953756
vt 0.501133 0.511652
vt 0.353890 0.463997
vt 0.361803 0.477038
vt 0.480490 0.918502
vt 0.337461 0.471681
vt 0.440505 0.522129
vt 0.371535 0.072639
vt 0.480560 0.523475
vt 0.460135 0.529731
vt 0.294840 0.480821
vt 0.301731 0.471843
vt 0.314858 0.479048
vt 0.303639 0.489912
vt 0.524238 0.250010
vt 0.524377 0.286218
vt 0.482445 0.305044
vt 0.479285 0.266648
vt 0.517522 0.732233
vt 0.294312 0.296311
vt 0.533933 0.746826
vt 0.512601 0.746156
vt 0.306646 0.753086
vt 0.307961 0.723084
vt 0.349503 0.740578
vt 0.345412 0.772494
vt 0.430178 0.367724
vt 0.389817 0.412929
vt 0.449912 0.833624
vt 0.404079 0.374229
vt 0.397384 0.848933
vt 0.441676 0.876906
vt 0.432869 0.892684
vt 0.387978 0.869383
vt 0.372305 0.891572
vt 0.423140 0.904993
vt 0.407851 0.491615
vt 0.378978 0.911602
vt 0.456010 0.465832
vt 0.404244 0.477130
vt 0.395045 0.463714
vt 0.440992 0.441915
vt 0.411597 0.722118
vt 0.471657 0.729443
vt 0.466626 0.753226
vt 0.405433 0.757137
vt 0.400999 0.800238
vt 0.459995 0.771998
vt 0.368133 0.353598
vt 0.371797 0.338395
vt 0.365186 0.318573
vt 0.426007 0.322179
vt 0.429758 0.206032
vt 0.369254 0.249664
vt 0.468197 0.674230
vt 0.403363 0.204704
vt 0.329869 0.504903
vt 0.398883 0.518040
vt 0.413064 0.533039
vt 0.353967 0.534347
vt 0.402249 0.647592
vt 0.435796 0.601304
vt 0.385418 0.172900
vt 0.455202 0.121145
vt 0.400320 0.112039
vt 0.413702 0.089681
vt 0.472979 0.087741
vt 0.495936 0.057498
vt 0.427046 0.073980
vt 0.396912 0.502010
vt 0.339206 0.489684
vt 0.535484 0.419839
vt 0.548369 0.470037
vt 0.519754 0.477312
vt 0.501511 0.440176
vt 0.349479 0.919099
vt 0.336262 0.907468
vt 0.264217 0.935978
vt 0.280118 0.890431
vt 0.307885 0.898471
vt 0.287397 0.931801
vt 0.525432 0.319027
vt 0.525304 0.344707
vt 0.484733 0.366279
vt 0.486120 0.339509
vt 0.353519 0.450084
vt 0.386919 0.427731
vt 0.387032 0.446033
vt 0.361584 0.434273
vt 0.492987 0.891238
vt 0.482862 0.867656
vt 0.440322 0.845802
vt 0.442463 0.859998
vt 0.396453 0.827137
vt 0.305496 0.797063
vt 0.306407 0.776583
vt 0.346319 0.797371
vt 0.346556 0.818942
vt 0.532404 0.177662
vt 0.527254 0.214285
vt 0.482959 0.228774
vt 0.490461 0.190957
vt 0.314644 0.295475
vt 0.317564 0.281964
vt 0.363709 0.268185
vt 0.360375 0.292808
vt 0.500883 0.705879
vt 0.517079 0.702092
vt 0.536277 0.721877
vt 0.514689 0.719613
vt 0.463018 0.689234
vt 0.468398 0.706719
vt 0.407214 0.688128
vt 0.308084 0.689928
vt 0.304776 0.657266
vt 0.349000 0.669873
vt 0.352828 0.704967
vt 0.298986 0.623327
vt 0.291944 0.585867
vt 0.332427 0.596904
vt 0.340955 0.634631
vt 0.468810 0.538787
vt 0.468428 0.555448
vt 0.434026 0.580021
vt 0.427678 0.554374
vt 0.358056 0.099428
vt 0.359591 0.116187
vt 0.487438 0.547545
vt 0.487340 0.530954
vt 0.395039 0.160460
vt 0.395424 0.138673
vt 0.445688 0.157583
vt 0.544371 0.103393
vt 0.538291 0.138458
vt 0.497896 0.151184
vt 0.506659 0.113557
vt 0.250521 0.467207
vt 0.570608 0.000000
vt 0.253459 0.452017
vt 0.252038 0.467416
vt 0.573063 0.015380
vt 0.570977 0.035600
vt 0.569397 0.035596
vt 0.571561 0.015680
vt 0.567511 0.059289
vt 0.565037 0.077417
vt 0.562559 0.077587
vt 0.565516 0.059177
vt 0.562194 0.099525
vt 0.557285 0.133503
vt 0.553958 0.133788
vt 0.559041 0.099708
vt 0.552005 0.172491
vt 0.548095 0.208564
vt 0.544374 0.208928
vt 0.548543 0.172776
vt 0.545586 0.243437
vt 0.544296 0.278718
vt 0.540752 0.279315
vt 0.541738 0.243930
vt 0.544002 0.310711
vt 0.544511 0.335820
vt 0.541045 0.336649
vt 0.540729 0.311494
vt 0.545666 0.357550
vt 0.547516 0.378910
vt 0.544053 0.379984
vt 0.541979 0.358551
vt 0.551476 0.411187
vt 0.561050 0.467021
vt 0.559247 0.467296
vt 0.548475 0.412190
vt 0.572411 0.522838
vt 0.578377 0.555794
vt 0.576942 0.555418
vt 0.570568 0.522746
vt 0.580060 0.572736
vt 0.244722 1.000000
vt 0.574028 0.586541
vt 0.578887 0.572270
vt 0.241283 0.985200
vt 0.244779 0.968688
vt 0.246233 0.968424
vt 0.242501 0.984856
vt 0.253509 0.937668
vt 0.267715 0.886664
vt 0.269448 0.887222
vt 0.255359 0.937701
vt 0.278914 0.836358
vt 0.283637 0.807205
vt 0.287068 0.808338
vt 0.281876 0.837441
vt 0.285901 0.787795
vt 0.287399 0.768076
vt 0.290861 0.768926
vt 0.289568 0.788839
vt 0.288214 0.745297
vt 0.288117 0.716240
vt 0.291673 0.716803
vt 0.291495 0.746066
vt 0.286755 0.684178
vt 0.283923 0.652510
vt 0.287645 0.652766
vt 0.290614 0.684597
vt 0.279352 0.619148
vt 0.272880 0.581760
vt 0.276200 0.581935
vt 0.282806 0.619312
vt 0.266516 0.548644
vt 0.262285 0.527631
vt 0.264791 0.527623
vt 0.269677 0.548660
vt 0.258683 0.510514
vt 0.253805 0.487127
vt 0.255347 0.487081
vt 0.260666 0.510286
vt 0.821580 0.506699
vt 0.826631 0.483420
vt 0.813062 0.545099
vt 0.817685 0.524047
vt 0.800694 0.615886
vt 0.806902 0.578434
vt 0.793581 0.681244
vt 0.796216 0.649387
vt 0.793282 0.742713
vt 0.792830 0.713455
vt 0.795652 0.785460
vt 0.794152 0.765563
vt 0.803764 0.834015
vt 0.798323 0.804933
vt 0.831165 0.934198
vt 0.816634 0.883761
vt 0.844408 0.981228
vt 0.840546 0.964860
vt 0.001128 0.571956
vt 0.841306 0.995963
vt 0.010688 0.522668
vt 0.003491 0.555191
vt 0.035621 0.412552
vt 0.023430 0.467443
vt 0.043490 0.359072
vt 0.040865 0.380443
vt 0.046016 0.312071
vt 0.045019 0.337205
vt 0.046785 0.244508
vt 0.046838 0.279904
vt 0.041926 0.173200
vt 0.045101 0.209452
vt 0.033439 0.099882
vt 0.037578 0.134075
vt 0.028152 0.059264
vt 0.030563 0.077713
vt 0.023329 0.015595
vt 0.024937 0.035570
vt 0.829717 0.463713
vt 0.026030 0.000387
vt 0.368562 0.136001
vt 0.354781 0.137069
vt 0.460767 0.575467
vt 0.384572 0.601497
vt 0.373595 0.566538
vt 0.331319 0.267347
vt 0.424654 0.248521
vt 0.420292 0.284941
vt 0.474901 0.883394
vt 0.473816 0.896385
vt 0.467536 0.867818
vt 0.433637 0.395952
vt 0.432318 0.419444
vt 0.311466 0.927812
vt 0.491735 0.484232
vt 0.385339 0.080689
vt 0.366128 0.089673
vt 0.319345 0.310465
vt 0.334104 0.324895
vt 0.512430 0.765653
vt 0.497637 0.759723
vt 0.375785 0.483539
vt 0.458349 0.925788
vt 0.450909 0.913211
vt 0.465207 0.907892
vt 0.521420 0.041233
vt 0.529635 0.031596
vt 0.292565 0.947669
vt 0.534106 0.554194
vt 0.281496 0.962959
vt 0.542140 0.546225
vt 0.223101 0.141404
vt 0.607807 0.574298
vt 0.622019 0.573963
vt 0.698540 0.599180
vt 0.709146 0.564108
vt 0.256784 0.273686
vt 0.163929 0.252332
vt 0.167309 0.288853
vt 0.610980 0.881949
vt 0.612190 0.894929
vt 0.618195 0.866304
vt 0.151010 0.399458
vt 0.151702 0.422971
vt 0.774857 0.924801
vt 0.090611 0.486189
vt 0.207834 0.085658
vt 0.226794 0.095161
vt 0.267594 0.317110
vt 0.252452 0.331137
vt 0.267114 0.336786
vt 0.587039 0.758554
vt 0.206570 0.488580
vt 0.214692 0.500649
vt 0.635258 0.911534
vt 0.620910 0.906353
vt 0.072844 0.042519
vt 0.064871 0.032650
vt 0.798122 0.968700
vt 0.793933 0.944487
vt 0.805158 0.959684
vt 0.038595 0.546865
vt 0.801719 0.457814
vt 0.779991 0.468673
vt 0.033037 0.003419
vt 0.027210 0.571975
vt 0.046437 0.555025
vt 0.835014 0.992770
vt 0.779346 0.950686
vt 0.080525 0.513345
vt 0.605730 0.917109
vt 0.627941 0.924182
vt 0.245195 0.477742
vt 0.601681 0.522183
vt 0.221851 0.077985
vt 0.594979 0.529733
vt 0.766910 0.476028
vt 0.742676 0.486916
vt 0.550613 0.746027
vt 0.292999 0.303635
vt 0.572307 0.764634
vt 0.635490 0.831942
vt 0.602867 0.866289
vt 0.181178 0.378562
vt 0.174302 0.495802
vt 0.707167 0.909221
vt 0.217661 0.358913
vt 0.615613 0.672771
vt 0.567013 0.701125
vt 0.186447 0.209132
vt 0.205250 0.177834
vt 0.236848 0.142847
vt 0.685102 0.499841
vt 0.736737 0.916428
vt 0.592970 0.889967
vt 0.548017 0.721104
vt 0.595056 0.546324
vt 0.543287 0.011189
vt 0.522190 0.023070
vt 0.260755 0.454481
vt 0.268403 0.986984
vt 0.288592 0.971924
vt 0.568112 0.582586
vt 0.517676 0.533277
vt 0.325946 0.935091
vt 0.345634 0.485879
vt 0.489951 0.905399
vt 0.367346 0.495390
vt 0.345220 0.085104
vt 0.339038 0.093155
vt 0.453594 0.513163
vt 0.509528 0.031082
vt 0.485731 0.042991
vt 0.298226 0.310121
vt 0.319295 0.330148
vt 0.538210 0.733381
vt 0.381250 0.400538
vt 0.428408 0.807151
vt 0.346662 0.433644
vt 0.418981 0.919746
vt 0.448975 0.483792
vt 0.464004 0.787731
vt 0.364500 0.234882
vt 0.429734 0.644965
vt 0.315394 0.264033
vt 0.446984 0.613251
vt 0.474982 0.575652
vt 0.428094 0.057937
vt 0.478832 0.492885
vt 0.335472 0.457097
vt 0.296452 0.284641
vt 0.340352 0.109778
vt 0.569221 0.000398
vt 0.829524 0.448052
vt 0.245808 0.999573
vt 0.004553 0.586797
vt 0.005543 0.586342
vt 0.828186 0.448339
vt 0.024719 0.000000
vt 0.252049 0.451702
vt 0.021899 0.015305
vt 0.023433 0.035559
vt 0.026240 0.059332
vt 0.028215 0.077519
vt 0.030428 0.099698
vt 0.041552 0.209088
vt 0.043115 0.244021
vt 0.021798 0.467168
vt 0.008928 0.522662
vt 0.842333 0.996328
vt 0.575062 0.587080
vt 0.845565 0.981501
vt 0.841925 0.965040
vt 0.832926 0.934101
vt 0.801617 0.803897
vt 0.799166 0.784504
vt 0.810066 0.578309
vt 0.816080 0.545125
vt 0.828093 0.483473
vt 0.831166 0.463533
vt 0.041724 0.336413
vt 0.039975 0.358106
vt 0.796220 0.712961
vt 0.797271 0.680880
vt 0.002118 0.555452
vt 0.000000 0.572326
vt 0.818190 0.883239
vt 0.806609 0.833013
vt 0.037559 0.379416
vt 0.032756 0.411584
vt 0.797458 0.764796
vt 0.796416 0.742022
vt 0.043468 0.279329
vt 0.042904 0.311322
vt 0.799771 0.649180
vt 0.803990 0.615767
vt 0.820064 0.524064
vt 0.823478 0.506909
vt 0.034410 0.133796
vt 0.038626 0.172917
vn 0.400725 -0.541275 0.739217
vn 0.546543 -0.833364 0.082437
vn 0.575380 -0.814052 0.079103
vn 0.440789 -0.539410 0.717456
vn -0.053617 0.280436 0.958374
vn 0.059320 0.051288 0.996921
vn 0.133687 0.016835 0.990881
vn 0.014261 0.184637 0.982703
vn -0.145183 0.232405 0.961722
vn -0.135167 0.329152 0.934553
vn -0.077549 0.228140 0.970535
vn -0.112340 0.198198 0.973703
vn -0.134248 0.619110 0.773744
vn -0.119665 0.594069 0.795463
vn -0.111414 0.618378 0.777943
vn -0.109194 0.644310 0.756929
vn 0.543476 0.820570 -0.176914
vn 0.025962 0.844665 0.534665
vn 0.107921 0.839639 0.532316
vn 0.566336 0.816455 -0.112542
vn 0.545670 -0.115946 -0.829940
vn 0.672936 0.425785 -0.604867
vn 0.704810 0.411108 -0.578129
vn 0.571407 -0.162910 -0.804335
vn 0.071831 -0.732977 -0.676450
vn 0.120788 -0.710835 -0.692910
vn 0.220332 -0.678709 -0.700577
vn 0.162452 -0.691008 -0.704356
vn 0.040938 -0.565620 -0.823650
vn 0.051489 -0.616964 -0.785305
vn 0.052757 -0.620447 -0.782472
vn 0.046355 -0.597313 -0.800667
vn -0.005298 -0.181189 -0.983434
vn 0.039836 -0.217971 -0.975142
vn 0.039320 -0.204709 -0.978033
vn 0.046448 -0.215381 -0.975425
vn 0.353067 -0.704224 -0.615965
vn 0.013670 -0.240512 -0.970550
vn 0.091137 -0.272394 -0.957860
vn 0.394626 -0.697873 -0.597699
vn 0.389164 0.820695 0.418343
vn 0.784809 0.403897 -0.470044
vn 0.868221 0.307526 -0.389385
vn 0.611680 0.768542 0.187589
vn 0.354902 0.687077 0.634011
vn 0.969006 0.188237 -0.159979
vn 0.708244 0.505384 -0.492928
vn 0.258549 0.874058 0.411310
vn 0.322351 -0.832183 -0.451177
vn 0.233766 -0.458893 -0.857188
vn 0.713427 -0.698024 0.061517
vn 0.411387 -0.906405 0.095871
vn 0.581069 -0.713958 -0.390669
vn 0.380362 -0.514679 -0.768394
vn 0.657417 -0.750388 0.068717
vn 0.680258 -0.730059 0.065293
vn -0.104265 0.441538 0.891164
vn -0.100323 0.383138 0.918227
vn -0.097222 0.416112 0.904101
vn -0.101558 0.476037 0.873541
vn 0.271569 -0.364045 -0.890910
vn 0.257962 -0.148799 -0.954628
vn 0.784486 0.554619 -0.277452
vn 0.987685 0.142108 -0.065449
vn 0.026500 -0.325618 -0.945130
vn 0.027569 -0.392690 -0.919258
vn 0.035357 -0.416460 -0.908466
vn 0.031178 -0.358582 -0.932977
vn 0.017814 0.538267 0.842586
vn 0.972336 0.221872 -0.073044
vn 0.635417 -0.617012 0.464265
vn 0.364711 0.096989 0.926056
vn 0.024848 -0.630465 -0.775820
vn 0.024021 -0.606486 -0.794731
vn 0.022191 -0.578151 -0.815628
vn 0.057734 -0.651131 -0.756766
vn 0.098838 -0.378715 -0.920221
vn 0.086992 0.698292 -0.710508
vn -0.107381 0.695581 -0.710377
vn -0.055970 -0.136992 -0.988990
vn -0.021151 0.843887 0.536104
vn -0.073302 0.674889 0.734269
vn -0.002953 0.749957 0.661480
vn -0.074533 0.970988 0.227218
vn 0.014157 -0.389713 -0.920827
vn 0.030177 -0.415473 -0.909105
vn 0.045515 -0.367799 -0.928791
vn 0.033065 -0.404188 -0.914078
vn 0.138669 -0.476678 -0.868072
vn 0.347988 0.806764 -0.477532
vn 0.151081 -0.041533 -0.987648
vn -0.055143 0.462057 0.885134
vn 0.027465 0.517779 0.855073
vn 0.125748 0.790225 0.599776
vn 0.050682 0.234052 0.970902
vn 0.952722 -0.282924 0.110788
vn 0.598722 -0.764057 0.240311
vn 0.277557 -0.095179 0.955983
vn 0.231314 -0.547278 -0.804351
vn 0.016705 -0.209297 -0.977709
vn 0.030194 -0.237040 -0.971031
vn 0.210749 -0.653863 -0.726669
vn 0.149182 -0.251658 -0.956249
vn 0.667318 0.730651 -0.144344
vn 0.245373 0.173953 -0.953694
vn -0.043377 0.166296 0.985121
vn -0.004673 0.118374 0.992958
vn 0.073534 0.034425 0.996698
vn 0.050243 0.139180 0.988992
vn 0.244710 -0.277925 0.928910
vn 0.461695 -0.882309 0.091482
vn 0.401579 -0.910689 0.096845
vn 0.255302 -0.451763 0.854828
vn -0.144829 0.685349 0.713667
vn -0.151692 0.637837 0.755086
vn -0.096529 0.665085 0.740502
vn -0.064376 0.713629 0.697559
vn 0.308778 -0.406427 -0.859926
vn 0.545816 0.576303 -0.608243
vn 0.070171 -0.662982 -0.745340
vn 0.082769 -0.691146 -0.717960
vn 0.133881 -0.652737 -0.745661
vn 0.084473 -0.633347 -0.769243
vn -0.116754 0.560659 0.819774
vn -0.114097 0.510684 0.852164
vn -0.112379 0.541689 0.833033
vn -0.117413 0.593012 0.796587
vn 0.029784 0.663093 0.747944
vn 0.083057 0.541121 0.836833
vn 0.430357 0.393360 0.812442
vn 0.514113 -0.222978 0.828232
vn 0.646687 -0.585247 0.489164
vn 0.950312 -0.224314 0.215850
vn 0.073933 -0.632824 -0.770758
vn 0.115239 -0.717381 -0.687084
vn 0.402018 -0.871056 -0.282212
vn 0.026542 -0.448911 -0.893182
vn 0.033777 -0.512066 -0.858282
vn 0.063291 -0.562704 -0.824232
vn 0.046191 -0.473640 -0.879506
vn -0.099200 0.321099 0.941836
vn -0.101915 0.251304 0.962528
vn -0.095565 0.283419 0.954223
vn -0.096856 0.353960 0.930232
vn 0.277498 0.436195 0.855996
vn 0.023045 0.408810 0.912329
vn 0.057891 0.284870 0.956816
vn 0.329640 0.139368 0.933763
vn 0.417305 -0.849299 -0.323340
vn 0.321763 -0.583093 -0.745970
vn 0.903653 -0.391680 0.173199
vn 0.586651 -0.756048 0.290228
vn 0.043124 -0.360510 -0.931758
vn 0.064403 -0.436746 -0.897277
vn 0.294222 -0.686266 -0.665186
vn 0.024089 -0.182857 -0.982844
vn 0.024050 -0.250426 -0.967837
vn 0.043634 -0.296997 -0.953881
vn 0.039938 -0.206271 -0.977679
vn 0.045216 -0.175583 -0.983426
vn 0.030652 -0.150820 -0.988086
vn 0.030911 -0.156018 -0.987270
vn 0.029727 -0.159849 -0.986694
vn 0.281109 -0.131232 -0.950661
vn 0.012804 -0.142575 -0.989701
vn 0.049162 -0.077046 -0.995815
vn 0.311089 0.112417 -0.943709
vn 0.337441 0.114959 0.934301
vn 0.999403 0.002594 -0.034439
vn 0.860600 0.501341 -0.089578
vn 0.358631 0.352362 0.864422
vn -0.041204 0.190295 0.980862
vn 0.071497 0.220779 0.972700
vn 0.240684 0.457801 0.855856
vn -0.106101 0.182680 0.977431
vn -0.117535 0.159457 0.980183
vn -0.102202 0.170990 0.979958
vn -0.096780 0.214346 0.971951
vn -0.347318 -0.730079 -0.588520
vn -0.476225 -0.870811 0.122059
vn -0.506620 -0.853635 0.121008
vn -0.387999 -0.727062 -0.566425
vn -0.301944 -0.567279 0.766176
vn 0.014239 0.049657 0.998665
vn -0.057883 0.009599 0.998277
vn -0.343940 -0.568885 0.747044
vn 0.106896 0.286507 0.952096
vn 0.182530 0.340836 0.922233
vn 0.135639 0.235997 0.962241
vn 0.048261 0.185867 0.981389
vn 0.138596 0.570281 0.809673
vn 0.137041 0.603510 0.785490
vn 0.126041 0.627030 0.768731
vn 0.135400 0.602424 0.786608
vn 0.149052 0.695881 0.702519
vn -0.045991 0.841859 0.537735
vn -0.128018 0.831053 0.541260
vn 0.065628 0.718326 0.692604
vn -0.613751 0.778436 -0.131706
vn -0.746910 0.373812 -0.549899
vn -0.775578 0.356845 -0.520711
vn -0.631758 0.772317 -0.066389
vn -0.597968 -0.158319 -0.785729
vn -0.121696 -0.719775 -0.683458
vn -0.224112 -0.694733 -0.683462
vn -0.618661 -0.206194 -0.758118
vn -0.078896 -0.668362 -0.739640
vn -0.066837 -0.621401 -0.780637
vn -0.067751 -0.624873 -0.777781
vn -0.097348 -0.639783 -0.762365
vn -0.108090 -0.181233 -0.977482
vn -0.099008 -0.223084 -0.969758
vn -0.099884 -0.209859 -0.972616
vn -0.094290 -0.164467 -0.981866
vn -0.057497 -0.183217 -0.981390
vn -0.071079 -0.243789 -0.967220
vn -0.145045 -0.281380 -0.948571
vn -0.106042 -0.221156 -0.969456
vn -0.416983 0.791144 0.447455
vn -0.651718 0.721287 0.234537
vn -0.915839 0.242181 -0.320294
vn -0.846110 0.344170 -0.406994
vn -0.354079 0.661128 0.661466
vn -0.289130 0.854002 0.432533
vn -0.779214 0.450917 -0.435315
vn -0.989620 0.116513 -0.084121
vn -0.294624 -0.854783 -0.427250
vn -0.335466 -0.933750 0.124794
vn -0.653675 -0.748069 0.114466
vn -0.265155 -0.477160 -0.837861
vn -0.556483 -0.755733 -0.345244
vn -0.618341 -0.777369 0.115552
vn -0.593632 -0.796163 0.117157
vn -0.400954 -0.544375 -0.736812
vn 0.148039 0.330432 0.932147
vn 0.142779 0.392233 0.908717
vn 0.136501 0.424762 0.894955
vn 0.142709 0.362904 0.920834
vn -0.312257 -0.385423 -0.868300
vn -0.997522 0.069423 0.011434
vn -0.841965 0.495068 -0.214482
vn -0.319373 -0.169960 -0.932263
vn -0.062704 -0.452414 -0.889601
vn -0.069825 -0.396480 -0.915384
vn -0.075112 -0.420641 -0.904112
vn -0.079511 -0.478386 -0.874542
vn 0.007981 0.538048 0.842876
vn -0.298358 0.072467 0.951699
vn -0.550923 -0.660437 0.510203
vn -0.988655 0.150182 0.002785
vn -0.038598 -0.632860 -0.773304
vn -0.068311 -0.655748 -0.751883
vn -0.042857 -0.580529 -0.813111
vn -0.041010 -0.608841 -0.792231
vn -0.141946 -0.386554 -0.911278
vn -0.010767 -0.135087 -0.990775
vn 0.001033 0.699541 -0.714591
vn -0.192671 0.687994 -0.699673
vn 0.000674 0.845145 0.534537
vn 0.020681 0.974552 0.223206
vn -0.000787 0.750085 0.661341
vn 0.080402 0.680590 0.728239
vn -0.056775 -0.392399 -0.918041
vn -0.073975 -0.408119 -0.909927
vn -0.090168 -0.372761 -0.923536
vn -0.069981 -0.419156 -0.905213
vn -0.170557 -0.487961 -0.856040
vn -0.223619 -0.055009 -0.973123
vn -0.441915 0.777801 -0.446920
vn -0.136559 0.780741 0.609750
vn 0.000904 0.516837 0.856083
vn 0.089574 0.467424 0.879483
vn 0.007377 0.232507 0.972567
vn -0.195298 -0.112661 0.974252
vn -0.520992 -0.805046 0.283671
vn -0.918182 -0.351265 0.183176
vn -0.252512 -0.565662 -0.785025
vn -0.217958 -0.669640 -0.709983
vn -0.087711 -0.241388 -0.966457
vn -0.076887 -0.212769 -0.974073
vn -0.204311 -0.264730 -0.942430
vn -0.330587 0.153058 -0.931282
vn -0.728148 0.679450 -0.090272
vn 0.107217 0.171819 0.979277
vn 0.016273 0.137922 0.990309
vn 0.001377 0.031741 0.999495
vn 0.072767 0.121163 0.989962
vn -0.151610 -0.293268 0.943932
vn -0.154844 -0.466829 0.870686
vn -0.325333 -0.937300 0.125007
vn -0.387629 -0.913385 0.124383
vn 0.147922 0.629255 0.762993
vn 0.162491 0.649066 0.743176
vn 0.104667 0.672263 0.732876
vn 0.120174 0.652514 0.748187
vn -0.631830 0.533084 -0.562684
vn -0.344856 -0.428666 -0.835057
vn -0.070205 -0.738086 -0.671045
vn -0.087269 -0.697239 -0.711507
vn -0.143343 -0.662532 -0.735190
vn -0.165882 -0.702717 -0.691861
vn 0.140364 0.450714 0.881564
vn 0.142120 0.520391 0.842019
vn 0.137009 0.551074 0.823132
vn 0.134112 0.484783 0.864291
vn -0.393885 0.363206 0.844356
vn -0.057533 0.535931 0.842299
vn -0.020306 0.661285 0.749860
vn -0.430964 -0.257601 0.864819
vn -0.911877 -0.292502 0.287963
vn -0.562499 -0.629527 0.535995
vn -0.358038 -0.898922 -0.252485
vn -0.115294 -0.725857 -0.678115
vn -0.086955 -0.638917 -0.764345
vn -0.063135 -0.569695 -0.819428
vn -0.062617 -0.515905 -0.854354
vn -0.085765 -0.568394 -0.818274
vn -0.064507 -0.601561 -0.796218
vn 0.167717 0.192918 0.966775
vn 0.157436 0.261117 0.952382
vn 0.148462 0.292614 0.944636
vn 0.156091 0.223786 0.962058
vn -0.241662 0.417188 0.876101
vn -0.265829 0.117574 0.956824
vn -0.004485 0.282568 0.959237
vn 0.017686 0.408635 0.912527
vn -0.377899 -0.878428 -0.292502
vn -0.505691 -0.796046 0.332546
vn -0.856548 -0.456139 0.241379
vn -0.334981 -0.607128 -0.720544
vn -0.293911 -0.707931 -0.642223
vn -0.101470 -0.442858 -0.890831
vn -0.088612 -0.365511 -0.926580
vn -0.075670 -0.329648 -0.941067
vn -0.080478 -0.254537 -0.963708
vn -0.095602 -0.302328 -0.948398
vn -0.077061 -0.362747 -0.928696
vn -0.086574 -0.187084 -0.978522
vn -0.095802 -0.155526 -0.983175
vn -0.095821 -0.160737 -0.982335
vn -0.100413 -0.211563 -0.972193
vn -0.343360 -0.154109 -0.926474
vn -0.390439 0.086710 -0.916536
vn -0.120212 -0.083235 -0.989253
vn -0.078772 -0.145942 -0.986152
vn -0.271761 0.092650 0.957895
vn -0.315571 0.327660 0.890536
vn -0.899259 0.436893 -0.021424
vn -0.996591 -0.070494 0.042869
vn -0.206851 0.441543 0.873071
vn -0.012106 0.217726 0.975935
vn 0.102967 0.195623 0.975259
vn 0.201642 0.245164 0.948280
vn 0.180943 0.170488 0.968604
vn 0.165266 0.180885 0.969519
vn 0.172815 0.208708 0.962588
vn -0.015828 -0.705832 -0.708203
vn 0.018226 -0.992624 0.119859
vn -0.443798 -0.887647 0.122992
vn -0.328492 -0.708997 -0.624031
vn 0.037729 -0.514311 0.856773
vn 0.034243 0.068623 0.997055
vn 0.001920 0.053075 0.998589
vn -0.278190 -0.538253 0.795547
vn 0.026360 0.321986 0.946377
vn 0.023865 0.408983 0.912230
vn 0.151989 0.395907 0.905625
vn 0.086727 0.312472 0.945960
vn 0.030156 0.261676 0.964685
vn 0.032909 0.157945 0.986899
vn 0.130807 0.164065 0.977738
vn 0.157727 0.268896 0.950167
vn 0.032033 0.165362 0.985713
vn 0.029276 0.226740 0.973515
vn 0.107194 0.234147 0.966273
vn 0.116416 0.171463 0.978288
vn 0.025829 0.299211 0.953837
vn 0.022266 0.367831 0.929626
vn 0.093803 0.372848 0.923139
vn 0.098509 0.305714 0.947014
vn 0.019006 0.425367 0.904821
vn 0.015608 0.488374 0.872495
vn 0.088318 0.494831 0.864490
vn 0.090150 0.430564 0.898047
vn 0.012525 0.542892 0.839709
vn 0.009543 0.594845 0.803784
vn 0.088471 0.595619 0.798380
vn 0.087157 0.549180 0.831147
vn 0.009057 0.632674 0.774365
vn 0.008382 0.659466 0.751688
vn 0.075222 0.657420 0.749761
vn 0.078610 0.633569 0.769682
vn 0.008059 0.708065 0.706102
vn -0.012477 0.840210 0.542118
vn -0.081054 0.847677 0.524284
vn 0.068486 0.704356 0.706535
vn -0.069518 0.985018 -0.157817
vn -0.089667 0.564873 -0.820292
vn -0.711372 0.394701 -0.581516
vn -0.597620 0.786932 -0.153587
vn -0.057470 -0.207664 -0.976511
vn -0.005233 -0.727885 -0.685679
vn -0.128397 -0.719225 -0.682810
vn -0.583179 -0.146371 -0.799048
vn -0.003781 -0.743933 -0.668244
vn -0.005491 -0.698097 -0.715982
vn -0.043544 -0.698456 -0.714327
vn -0.035949 -0.741023 -0.670517
vn -0.007111 -0.663505 -0.748138
vn -0.008938 -0.605727 -0.795622
vn -0.045283 -0.606421 -0.793854
vn -0.044619 -0.665254 -0.745282
vn -0.012482 -0.542235 -0.840134
vn -0.015547 -0.488669 -0.872331
vn -0.039383 -0.493635 -0.868777
vn -0.039307 -0.547941 -0.835593
vn -0.018965 -0.425565 -0.904729
vn -0.022211 -0.367930 -0.929588
vn -0.046755 -0.373149 -0.926593
vn -0.041057 -0.430442 -0.901684
vn -0.025754 -0.299647 -0.953703
vn -0.029240 -0.226217 -0.973638
vn -0.058867 -0.231572 -0.971035
vn -0.052286 -0.305219 -0.950846
vn -0.032010 -0.164841 -0.985801
vn -0.033192 -0.143197 -0.989137
vn -0.074061 -0.146818 -0.986387
vn -0.065454 -0.168844 -0.983467
vn -0.032273 -0.185833 -0.982051
vn -0.029601 -0.257826 -0.965738
vn -0.089353 -0.252629 -0.963429
vn -0.089276 -0.190946 -0.977532
vn -0.031246 -0.202820 -0.978717
vn -0.031211 -0.232040 -0.972205
vn -0.081631 -0.240920 -0.967106
vn -0.061142 -0.199285 -0.978032
vn -0.000098 -0.196949 -0.980414
vn 0.023995 -0.237207 -0.971163
vn 0.027741 -0.186870 -0.981993
vn 0.033054 -0.248296 -0.968120
vn 0.001903 -0.166131 -0.986102
vn 0.008741 -0.143728 -0.989579
vn 0.001145 -0.302846 -0.953039
vn 0.000784 -0.229023 -0.973421
vn 0.002944 -0.428489 -0.903542
vn 0.002493 -0.370981 -0.928637
vn 0.014846 -0.545628 -0.837896
vn 0.008396 -0.491507 -0.870833
vn 0.035430 -0.662232 -0.748461
vn 0.028186 -0.603415 -0.796929
vn 0.037498 -0.738603 -0.673097
vn 0.038410 -0.695529 -0.717470
vn 0.527090 -0.102775 -0.843572
vn 0.126915 -0.709454 -0.693230
vn 0.523192 0.828380 -0.200144
vn 0.629845 0.445661 -0.636146
vn -0.064751 0.699862 0.711337
vn 0.060669 0.853712 0.517199
vn -0.066001 0.628237 0.775217
vn -0.064864 0.652405 0.755090
vn -0.063509 0.543284 0.837143
vn -0.070797 0.589483 0.804672
vn -0.052759 0.424958 0.903674
vn -0.058157 0.489041 0.870320
vn -0.048124 0.299902 0.952756
vn -0.050210 0.367189 0.928790
vn -0.053916 0.164941 0.984829
vn -0.050104 0.227986 0.972374
vn -0.104231 0.259702 0.960047
vn -0.067865 0.156772 0.985300
vn -0.036007 0.307817 0.950764
vn -0.110466 0.386551 0.915629
vn 0.375916 -0.515936 0.769738
vn 0.071211 0.055162 0.995935
vn 0.328873 -0.686420 -0.648591
vn 0.512156 -0.854557 0.086183
vn -0.467892 0.653295 0.595217
vn -0.689491 0.719854 -0.080079
vn -0.519417 0.468970 -0.714334
vn -0.088653 -0.142477 -0.985820
vn -0.061811 -0.148298 -0.987009
vn -0.342367 -0.435066 0.832768
vn 0.086836 0.303782 0.948776
vn 0.099781 0.391021 0.914957
vn -0.426009 -0.787458 -0.445450
vn -0.384574 -0.596128 -0.704794
vn -0.435662 -0.892917 0.113568
vn 0.070563 0.565676 0.821603
vn 0.086017 0.634568 0.768065
vn -0.561739 -0.396713 -0.725995
vn -0.154486 0.810119 0.565546
vn -0.258552 -0.726553 0.636609
vn -0.203687 -0.249989 0.946582
vn -0.261419 0.639236 0.723213
vn -0.306709 0.906444 0.290325
vn -0.495554 0.769412 -0.403028
vn -0.337259 0.282873 -0.897908
vn -0.087745 0.995335 -0.040115
vn -0.221329 0.681354 -0.697690
vn -0.087391 0.056316 -0.994581
vn -0.300091 -0.385958 -0.872343
vn -0.335832 -0.316751 0.887066
vn -0.525836 -0.647130 0.552014
vn -0.689340 -0.358334 -0.629609
vn -0.873391 0.278712 -0.399385
vn -0.794764 -0.079917 -0.601634
vn -0.800161 0.587690 -0.119841
vn 0.463517 0.687392 0.559145
vn 0.626846 0.768041 -0.131058
vn 0.427046 0.503599 -0.751012
vn 0.022281 -0.138424 -0.990122
vn -0.003983 -0.146151 -0.989254
vn 0.436508 -0.406545 0.802609
vn -0.035127 0.299238 0.953532
vn -0.056946 0.385201 0.921074
vn 0.446705 -0.755515 -0.479221
vn 0.371506 -0.568434 -0.734075
vn 0.507165 -0.858403 0.076989
vn -0.047892 0.561258 0.826254
vn -0.072398 0.628689 0.774279
vn 0.529894 -0.358945 -0.768356
vn 0.137121 0.820233 0.555352
vn 0.359294 -0.703914 0.612710
vn 0.293891 -0.231780 0.927311
vn 0.269116 0.658667 0.702662
vn 0.261189 0.927251 0.268304
vn 0.405427 0.802402 -0.437927
vn 0.245333 0.304205 -0.920473
vn 0.011478 0.998967 -0.043967
vn 0.116438 0.693728 -0.710763
vn 0.005971 0.059737 -0.998196
vn 0.259201 -0.365458 -0.894011
vn 0.424469 -0.287497 0.858587
vn 0.612059 -0.605024 0.509243
vn 0.817095 0.340734 -0.465033
vn 0.661599 -0.310798 -0.682416
vn 0.748998 -0.024142 -0.662132
vn 0.742786 0.645127 -0.179110
s 1
g holly holly_leaf2
usemtl initialShadingGroup
f 1040/1149/905 1041/1689/906 1442/1151/907 1061/1152/908
f 1039/1153/909 1042/1154/910 1441/1155/911 1062/1156/912
f 1038/1157/913 1043/1158/914 1440/1159/915 1205/1160/916
f 1033/1161/917 1048/1162/918 1439/1163/919 1068/1164/920
f 1031/1165/921 1050/1166/922 1438/1167/923 1070/1168/924
f 1030/1169/925 1051/1692/926 1437/1171/927 1071/1172/928
f 1029/1173/929 1052/1174/930 1436/1175/931 1238/1176/932
f 1027/1177/933 1054/1178/934 1435/1179/935 1227/1180/936
f 1022/1181/937 1059/1182/938 1434/1183/939 1079/1184/940
f 1021/1185/941 1060/1186/942 1433/1187/943 1080/1188/944
f 942/1189/945 1239/1694/946 1432/1191/947 1243/1192/948
f 947/1193/949 1231/1697/950 1431/1195/951 1234/1196/952
f 938/1197/953 1212/1198/954 1430/1698/955 1245/1200/956
f 906/1201/957 1279/1202/958 1429/1701/959 1297/1688/960
f 1035/1205/961 1046/1206/962 1428/1207/963 1066/1208/964
f 954/1209/965 1258/1210/966 1427/1703/967 1220/1212/968
f 1025/1213/969 1056/1214/970 1426/1215/971 1216/1216/972
f 926/1217/973 1270/1708/974 1425/1219/975 1268/1220/976
f 949/1221/977 1283/1222/978 1424/1223/979 1229/1224/980
f 920/1225/981 1278/1710/982 1423/1227/983 1265/1228/984
f 914/1229/985 1236/1230/986 1422/1231/987 1263/1232/988
f 955/1233/989 1273/1234/990 1421/1235/991 1218/1236/992
f 927/1237/993 1270/1218/974 1420/1238/994 1260/1239/995
f 926/1217/973 1225/1240/996 1419/1241/997 1257/1242/998
f 912/1243/999 1277/1714/1000 1418/1245/1001 1255/1246/1002
f 924/1247/1003 1214/1248/1004 1417/1249/1005 1251/1250/1006
f 922/1251/1007 1277/1244/1000 1416/1252/1008 1252/1253/1009
f 961/1254/1010 1293/1255/1011 1415/1256/1012 1207/1257/1013
f 910/1258/1014 1276/1259/1015 1414/1260/1016 1247/1261/1017
f 1032/1262/1018 1049/1263/1019 1413/1264/1020 1069/1265/1021
f 920/1225/981 1242/1266/1022 1412/1718/1023 1278/1710/982
f 1028/1268/1024 1053/1269/1025 1411/1270/1026 1073/1271/1027
f 1034/1272/1028 1047/1273/1029 1410/1274/1030 1067/1275/1031
f 947/1193/949 1233/1276/1032 1409/1277/1033 1261/1278/1034
f 929/1279/1035 1266/1280/1036 1408/1281/1037 1261/1278/1034
f 927/1237/993 1230/1282/1038 1407/1283/1039 1267/1284/1040
f 1026/1285/1041 1055/1286/1042 1406/1287/1043 1269/1288/1044
f 1036/1289/1045 1045/1290/1046 1405/1291/1047 1065/1292/1048
f 953/1293/1049 1222/1294/1050 1404/1295/1051 1254/1296/1052
f 934/1297/1053 1221/1298/1054 1403/1720/1055 1253/1713/1056
f 922/1251/1007 1219/1301/1057 1402/1302/1058 1259/1303/1059
f 1024/1304/1060 1057/1305/1061 1401/1306/1062 1077/1307/1063
f 1023/1308/1064 1058/1309/1065 1400/1310/1066 1078/1311/1067
f 959/1312/1068 1211/1313/1069 1399/1314/1070 1250/1315/1071
f 960/1316/1072 1209/1317/1073 1398/1318/1074 1210/1319/1075
f 912/1243/999 1208/1320/1076 1397/1321/1077 1249/1322/1078
f 1037/1323/1079 1044/1324/1080 1396/1325/1081 1064/1326/1082
f 1001/1327/1083 1100/1724/1084 1395/1329/1085 1120/1330/1086
f 1002/1331/1087 1099/1332/1088 1394/1333/1089 1119/1334/1090
f 1003/1335/1091 1098/1336/1092 1393/1337/1093 1118/1338/1094
f 1008/1339/1095 1093/1340/1096 1392/1341/1097 1113/1342/1098
f 1010/1343/1099 1091/1344/1100 1391/1345/1101 1111/1346/1102
f 1011/1347/1103 1090/1727/1104 1390/1349/1105 1110/1350/1106
f 1012/1351/1107 1089/1352/1108 1389/1353/1109 1109/1354/1110
f 1014/1355/1111 1087/1356/1112 1388/1357/1113 1107/1358/1114
f 1019/1359/1115 1082/1360/1116 1387/1361/1117 1102/1362/1118
f 1020/1363/1119 1081/1364/1120 1386/1365/1121 1101/1366/1122
f 987/1367/1123 1193/1368/1124 1385/1728/1125 1180/1370/1126
f 990/1371/1127 1176/1372/1128 1384/1730/1129 1179/1374/1130
f 984/1375/1131 1172/1735/1132 1383/1377/1133 1175/1378/1134
f 963/1379/1135 1203/1380/1136 1382/1381/1137 1181/1382/1138
f 1006/1383/1139 1095/1384/1140 1381/1385/1141 1115/1386/1142
f 995/1387/1143 1164/1740/1144 1380/1389/1145 1167/1390/1146
f 1016/1391/1147 1085/1392/1148 1379/1393/1149 1163/1394/1150
f 973/1395/1151 1157/1396/1152 1378/1741/1153 1160/1398/1154
f 992/1399/1155 1155/1400/1156 1377/1401/1157 1186/1402/1158
f 970/1403/1159 1156/1404/1160 1376/1744/1161 1154/1406/1162
f 967/1407/1163 1153/1408/1164 1375/1409/1165 1196/1410/1166
f 996/1411/1167 1150/1412/1168 1374/1413/1169 1162/1414/1170
f 974/1415/1171 1151/1416/1172 1373/1746/1173 1160/1742/1154
f 973/1395/1151 1149/1418/1174 1372/1419/1175 1169/1420/1176
f 966/1421/1177 1144/1422/1178 1371/1747/1179 1147/1424/1180
f 972/1425/1181 1142/1426/1182 1370/1427/1183 1183/1428/1184
f 971/1429/1185 1139/1430/1186 1369/1750/1187 1147/1748/1180
f 1000/1432/1188 1137/1433/1189 1368/1434/1190 1199/1435/1191
f 965/1436/1192 1138/1437/1193 1367/1752/1194 1171/1737/1195
f 1009/1440/1196 1092/1441/1197 1366/1442/1198 1112/1443/1199
f 970/1403/1159 1154/1406/1162 1365/1444/1200 1135/1445/1201
f 1013/1446/1202 1088/1447/1203 1364/1448/1204 1188/1449/1205
f 1007/1450/1206 1094/1451/1207 1363/1452/1208 1114/1453/1209
f 990/1371/1127 1133/1454/1210 1362/1455/1211 1152/1456/1212
f 975/1457/1213 1133/1454/1210 1361/1754/1214 1158/1743/1215
f 974/1415/1171 1159/1460/1216 1360/1461/1217 1131/1462/1218
f 1015/1463/1219 1086/1464/1220 1359/1465/1221 1185/1466/1222
f 1005/1467/1223 1096/1468/1224 1358/1469/1225 1116/1470/1226
f 994/1471/1227 1128/1472/1228 1357/1473/1229 1148/1474/1230
f 980/1475/1231 1145/1476/1232 1356/1477/1233 1127/1478/1234
f 971/1429/1185 1146/1479/1235 1355/1480/1236 1126/1481/1237
f 1017/1482/1238 1084/1483/1239 1354/1484/1240 1161/1485/1241
f 1018/1486/1242 1083/1487/1243 1353/1488/1244 1103/1489/1245
f 998/1490/1246 1123/1491/1247 1352/1492/1248 1143/1493/1249
f 999/1494/1250 1122/1495/1251 1351/1756/1252 1174/1734/1253
f 966/1421/1177 1141/1498/1254 1350/1499/1255 1121/1500/1256
f 1004/1501/1257 1097/1502/1258 1349/1503/1259 1198/1504/1260
f 905/1505/1261 1298/1764/1262 1348/1507/1263 1204/1508/1264
f 907/1509/1265 1296/1510/1266 1347/1511/1267 1202/1512/1268
f 909/1513/1269 1294/1514/1270 1346/1515/1271 1200/1516/1272
f 962/1517/1273 1206/1518/1274 1345/1519/1275 1117/1520/1276
f 911/1521/1277 1292/1522/1278 1344/1523/1279 1130/1524/1280
f 951/1525/1281 1226/1526/1282 1343/1527/1283 1170/1528/1284
f 925/1529/1285 1275/1530/1286 1342/1531/1287 1168/1532/1288
f 945/1533/1289 1237/1534/1290 1341/1535/1291 1197/1536/1292
f 913/1537/1293 1290/1538/1294 1340/1539/1295 1195/1540/1296
f 941/1541/1297 1244/1542/1298 1339/1543/1299 1194/1544/1300
f 915/1545/1301 1288/1775/1302 1338/1547/1303 1192/1548/1304
f 917/1549/1305 1286/1550/1306 1337/1551/1307 1190/1552/1308
f 944/1553/1309 1241/1554/1310 1336/1555/1311 1108/1556/1312
f 919/1557/1313 1284/1558/1314 1335/1559/1315 1187/1560/1316
f 950/1561/1317 1228/1562/1318 1334/1563/1319 1106/1564/1320
f 928/1565/1321 1272/1566/1322 1333/1567/1323 1105/1568/1324
f 956/1569/1325 1217/1570/1326 1332/1571/1327 1104/1572/1328
f 921/1573/1329 1282/1574/1330 1331/1575/1331 1125/1576/1332
f 957/1577/1333 1215/1578/1334 1330/1579/1335 1184/1580/1336
f 923/1581/1337 1280/1582/1338 1329/1583/1339 1182/1584/1340
f 923/1802/1337 1299/1585/1341 1328/1586/1342 1280/1783/1338
f 957/1782/1333 1213/1587/1343 1327/1588/1344 1215/1801/1334
f 921/1800/1329 1300/1589/1345 1326/1590/1346 1282/1781/1330
f 956/1788/1325 1076/1591/1347 1325/1592/1348 1217/1799/1326
f 928/1796/1321 1075/1593/1349 1324/1594/1350 1272/1787/1322
f 950/1780/1317 1074/1595/1351 1323/1596/1352 1228/1795/1318
f 919/1792/1313 1301/1597/1353 1322/1598/1354 1284/1779/1314
f 944/1778/1309 1072/1599/1355 1321/1600/1356 1241/1791/1310
f 917/1776/1305 1302/1601/1357 1320/1602/1358 1286/1777/1306
f 915/1790/1301 1303/1603/1359 1319/1761/1360 1288/1760/1302
f 941/1773/1297 1240/1605/1361 1318/1606/1362 1244/1789/1298
f 913/1794/1293 1304/1607/1363 1317/1608/1364 1290/1772/1294
f 945/1786/1289 1235/1609/1365 1316/1610/1366 1237/1793/1290
f 925/1798/1285 1271/1611/1367 1315/1612/1368 1275/1785/1286
f 951/1771/1281 1224/1613/1369 1314/1614/1370 1226/1797/1282
f 911/1804/1277 1305/1615/1371 1313/1616/1372 1292/1770/1278
f 962/1769/1273 1063/1617/1373 1312/1618/1374 1206/1803/1274
f 909/1767/1269 1306/1619/1375 1311/1620/1376 1294/1768/1270
f 907/1765/1265 1307/1621/1377 1310/1622/1378 1296/1766/1266
f 905/1784/1261 1308/1623/1379 1309/1762/1380 1298/1758/1262
f 1307/1621/1377 1309/1624/1380 1041/1689/906 1040/1149/905
f 1041/1150/906 1309/1762/1380 1308/1623/1379 1021/1185/941
f 1298/1763/1262 1309/1624/1380 1307/1621/1377 907/1765/1265
f 1306/1619/1375 1310/1622/1378 1042/1154/910 1039/1153/909
f 1042/1154/910 1310/1622/1378 1307/1621/1377 1040/1149/905
f 1296/1766/1266 1310/1622/1378 1306/1619/1375 909/1767/1269
f 1063/1617/1373 1311/1620/1376 1043/1158/914 1038/1157/913
f 1043/1158/914 1311/1620/1376 1306/1619/1375 1039/1153/909
f 1294/1768/1270 1311/1620/1376 1063/1617/1373 962/1769/1273
f 1305/1615/1371 1312/1618/1374 1044/1324/1080 1037/1323/1079
f 1044/1324/1080 1312/1618/1374 1063/1617/1373 1038/1157/913
f 1206/1803/1274 1312/1618/1374 1305/1615/1371 911/1804/1277
f 1224/1613/1369 1313/1616/1372 1045/1290/1046 1036/1289/1045
f 1045/1290/1046 1313/1616/1372 1305/1615/1371 1037/1323/1079
f 1292/1770/1278 1313/1616/1372 1224/1613/1369 951/1771/1281
f 1271/1611/1367 1314/1614/1370 1046/1206/962 1035/1205/961
f 1046/1206/962 1314/1614/1370 1224/1613/1369 1036/1289/1045
f 1226/1797/1282 1314/1614/1370 1271/1611/1367 925/1798/1285
f 1235/1609/1365 1315/1612/1368 1047/1273/1029 1034/1272/1028
f 1047/1273/1029 1315/1612/1368 1271/1611/1367 1035/1205/961
f 1275/1785/1286 1315/1612/1368 1235/1609/1365 945/1786/1289
f 1304/1607/1363 1316/1610/1366 1048/1162/918 1033/1161/917
f 1048/1162/918 1316/1610/1366 1235/1609/1365 1034/1272/1028
f 1237/1793/1290 1316/1610/1366 1304/1607/1363 913/1794/1293
f 1240/1605/1361 1317/1608/1364 1049/1263/1019 1032/1262/1018
f 1049/1263/1019 1317/1608/1364 1304/1607/1363 1033/1161/917
f 1290/1772/1294 1317/1608/1364 1240/1605/1361 941/1773/1297
f 1303/1603/1359 1318/1606/1362 1050/1166/922 1031/1165/921
f 1050/1166/922 1318/1606/1362 1240/1605/1361 1032/1262/1018
f 1244/1789/1298 1318/1606/1362 1303/1603/1359 915/1790/1301
f 1302/1601/1357 1319/1604/1360 1051/1692/926 1030/1169/925
f 1051/1170/926 1319/1761/1360 1303/1603/1359 1031/1165/921
f 1288/1774/1302 1319/1604/1360 1302/1601/1357 917/1776/1305
f 1072/1599/1355 1320/1602/1358 1052/1174/930 1029/1173/929
f 1052/1174/930 1320/1602/1358 1302/1601/1357 1030/1169/925
f 1286/1777/1306 1320/1602/1358 1072/1599/1355 944/1778/1309
f 1301/1597/1353 1321/1600/1356 1053/1269/1025 1028/1268/1024
f 1053/1269/1025 1321/1600/1356 1072/1599/1355 1029/1173/929
f 1241/1791/1310 1321/1600/1356 1301/1597/1353 919/1792/1313
f 1074/1595/1351 1322/1598/1354 1054/1178/934 1027/1177/933
f 1054/1178/934 1322/1598/1354 1301/1597/1353 1028/1268/1024
f 1284/1779/1314 1322/1598/1354 1074/1595/1351 950/1780/1317
f 1075/1593/1349 1323/1596/1352 1055/1286/1042 1026/1285/1041
f 1055/1286/1042 1323/1596/1352 1074/1595/1351 1027/1177/933
f 1228/1795/1318 1323/1596/1352 1075/1593/1349 928/1796/1321
f 1076/1591/1347 1324/1594/1350 1056/1214/970 1025/1213/969
f 1056/1214/970 1324/1594/1350 1075/1593/1349 1026/1285/1041
f 1272/1787/1322 1324/1594/1350 1076/1591/1347 956/1788/1325
f 1300/1589/1345 1325/1592/1348 1057/1305/1061 1024/1304/1060
f 1057/1305/1061 1325/1592/1348 1076/1591/1347 1025/1213/969
f 1217/1799/1326 1325/1592/1348 1300/1589/1345 921/1800/1329
f 1213/1587/1343 1326/1590/1346 1058/1309/1065 1023/1308/1064
f 1058/1309/1065 1326/1590/1346 1300/1589/1345 1024/1304/1060
f 1282/1781/1330 1326/1590/1346 1213/1587/1343 957/1782/1333
f 1299/1585/1341 1327/1588/1344 1059/1182/938 1022/1181/937
f 1059/1182/938 1327/1588/1344 1213/1587/1343 1023/1308/1064
f 1215/1801/1334 1327/1588/1344 1299/1585/1341 923/1802/1337
f 1308/1623/1379 1328/1586/1342 1060/1186/942 1021/1185/941
f 1060/1186/942 1328/1586/1342 1299/1585/1341 1022/1181/937
f 1280/1783/1338 1328/1586/1342 1308/1623/1379 905/1784/1261
f 1081/1364/1120 1329/1583/1339 1204/1508/1264 1001/1327/1083
f 1204/1508/1264 1329/1583/1339 1280/1582/1338 905/1505/1261
f 1182/1584/1340 1329/1583/1339 1081/1364/1120 1020/1363/1119
f 1082/1360/1116 1330/1579/1335 1182/1584/1340 1020/1363/1119
f 1182/1584/1340 1330/1579/1335 1215/1578/1334 923/1581/1337
f 1184/1580/1336 1330/1579/1335 1082/1360/1116 1019/1359/1115
f 1083/1487/1243 1331/1575/1331 1184/1580/1336 1019/1359/1115
f 1184/1580/1336 1331/1575/1331 1282/1574/1330 957/1577/1333
f 1125/1576/1332 1331/1575/1331 1083/1487/1243 1018/1486/1242
f 1084/1483/1239 1332/1571/1327 1125/1576/1332 1018/1486/1242
f 1125/1576/1332 1332/1571/1327 1217/1570/1326 921/1573/1329
f 1104/1572/1328 1332/1571/1327 1084/1483/1239 1017/1482/1238
f 1085/1392/1148 1333/1567/1323 1104/1572/1328 1017/1482/1238
f 1104/1572/1328 1333/1567/1323 1272/1566/1322 956/1569/1325
f 1105/1568/1324 1333/1567/1323 1085/1392/1148 1016/1391/1147
f 1086/1464/1220 1334/1563/1319 1105/1568/1324 1016/1391/1147
f 1105/1568/1324 1334/1563/1319 1228/1562/1318 928/1565/1321
f 1106/1564/1320 1334/1563/1319 1086/1464/1220 1015/1463/1219
f 1087/1356/1112 1335/1559/1315 1106/1564/1320 1015/1463/1219
f 1106/1564/1320 1335/1559/1315 1284/1558/1314 950/1561/1317
f 1187/1560/1316 1335/1559/1315 1087/1356/1112 1014/1355/1111
f 1088/1447/1203 1336/1555/1311 1187/1560/1316 1014/1355/1111
f 1187/1560/1316 1336/1555/1311 1241/1554/1310 919/1557/1313
f 1108/1556/1312 1336/1555/1311 1088/1447/1203 1013/1446/1202
f 1089/1352/1108 1337/1551/1307 1108/1556/1312 1013/1446/1202
f 1108/1556/1312 1337/1551/1307 1286/1550/1306 944/1553/1309
f 1190/1552/1308 1337/1551/1307 1089/1352/1108 1012/1351/1107
f 1090/1348/1104 1338/1759/1303 1190/1552/1308 1012/1351/1107
f 1190/1552/1308 1338/1759/1303 1288/1546/1302 917/1549/1305
f 1192/1548/1304 1338/1547/1303 1090/1727/1104 1011/1347/1103
f 1091/1344/1100 1339/1543/1299 1192/1548/1304 1011/1347/1103
f 1192/1548/1304 1339/1543/1299 1244/1542/1298 915/1545/1301
f 1194/1544/1300 1339/1543/1299 1091/1344/1100 1010/1343/1099
f 1092/1441/1197 1340/1539/1295 1194/1544/1300 1010/1343/1099
f 1194/1544/1300 1340/1539/1295 1290/1538/1294 941/1541/1297
f 1195/1540/1296 1340/1539/1295 1092/1441/1197 1009/1440/1196
f 1093/1340/1096 1341/1535/1291 1195/1540/1296 1009/1440/1196
f 1195/1540/1296 1341/1535/1291 1237/1534/1290 913/1537/1293
f 1197/1536/1292 1341/1535/1291 1093/1340/1096 1008/1339/1095
f 1094/1451/1207 1342/1531/1287 1197/1536/1292 1008/1339/1095
f 1197/1536/1292 1342/1531/1287 1275/1530/1286 945/1533/1289
f 1168/1532/1288 1342/1531/1287 1094/1451/1207 1007/1450/1206
f 1095/1384/1140 1343/1527/1283 1168/1532/1288 1007/1450/1206
f 1168/1532/1288 1343/1527/1283 1226/1526/1282 925/1529/1285
f 1170/1528/1284 1343/1527/1283 1095/1384/1140 1006/1383/1139
f 1096/1468/1224 1344/1523/1279 1170/1528/1284 1006/1383/1139
f 1170/1528/1284 1344/1523/1279 1292/1522/1278 951/1525/1281
f 1130/1524/1280 1344/1523/1279 1096/1468/1224 1005/1467/1223
f 1097/1502/1258 1345/1519/1275 1130/1524/1280 1005/1467/1223
f 1130/1524/1280 1345/1519/1275 1206/1518/1274 911/1521/1277
f 1117/1520/1276 1345/1519/1275 1097/1502/1258 1004/1501/1257
f 1098/1336/1092 1346/1515/1271 1117/1520/1276 1004/1501/1257
f 1117/1520/1276 1346/1515/1271 1294/1514/1270 962/1517/1273
f 1200/1516/1272 1346/1515/1271 1098/1336/1092 1003/1335/1091
f 1099/1332/1088 1347/1511/1267 1200/1516/1272 1003/1335/1091
f 1200/1516/1272 1347/1511/1267 1296/1510/1266 909/1513/1269
f 1202/1512/1268 1347/1511/1267 1099/1332/1088 1002/1331/1087
f 1100/1328/1084 1348/1757/1263 1202/1512/1268 1002/1331/1087
f 1202/1512/1268 1348/1757/1263 1298/1506/1262 907/1509/1265
f 1204/1508/1264 1348/1507/1263 1100/1724/1084 1001/1327/1083
f 1121/1500/1256 1349/1503/1259 1116/1470/1226 966/1421/1177
f 1116/1470/1226 1349/1503/1259 1097/1502/1258 1005/1467/1223
f 1198/1504/1260 1349/1503/1259 1121/1500/1256 1000/1432/1188
f 1137/1433/1189 1350/1499/1255 1122/1495/1251 999/1494/1250
f 1122/1495/1251 1350/1499/1255 1141/1498/1254 985/1625/1381
f 1121/1500/1256 1350/1499/1255 1137/1433/1189 1000/1432/1188
f 1123/1491/1247 1351/1496/1252 1140/1751/1382 983/1627/1383
f 1140/1626/1382 1351/1756/1252 1122/1495/1251 985/1625/1381
f 1174/1497/1253 1351/1496/1252 1123/1491/1247 998/1490/1246
f 1124/1628/1384 1352/1492/1248 1139/1430/1186 971/1429/1185
f 1139/1430/1186 1352/1492/1248 1123/1491/1247 983/1627/1383
f 1143/1493/1249 1352/1492/1248 1124/1628/1384 997/1629/1385
f 1124/1628/1384 1353/1488/1244 1102/1362/1118 997/1629/1385
f 1102/1362/1118 1353/1488/1244 1083/1487/1243 1019/1359/1115
f 1103/1489/1245 1353/1488/1244 1124/1628/1384 971/1429/1185
f 1126/1481/1237 1354/1484/1240 1103/1489/1245 971/1429/1185
f 1103/1489/1245 1354/1484/1240 1084/1483/1239 1018/1486/1242
f 1161/1485/1241 1354/1484/1240 1126/1481/1237 996/1411/1167
f 1150/1412/1168 1355/1480/1236 1127/1478/1234 995/1387/1143
f 1127/1478/1234 1355/1480/1236 1146/1479/1235 980/1475/1231
f 1126/1481/1237 1355/1480/1236 1150/1412/1168 996/1411/1167
f 1164/1388/1144 1356/1755/1233 1128/1472/1228 994/1471/1227
f 1128/1472/1228 1356/1755/1233 1145/1749/1232 982/1630/1386
f 1127/1478/1234 1356/1477/1233 1164/1740/1144 995/1387/1143
f 1129/1631/1387 1357/1473/1229 1144/1422/1178 966/1421/1177
f 1144/1422/1178 1357/1473/1229 1128/1472/1228 982/1630/1386
f 1148/1474/1230 1357/1473/1229 1129/1631/1387 993/1632/1388
f 1129/1631/1387 1358/1469/1225 1115/1386/1142 993/1632/1388
f 1115/1386/1142 1358/1469/1225 1096/1468/1224 1006/1383/1139
f 1116/1470/1226 1358/1469/1225 1129/1631/1387 966/1421/1177
f 1131/1462/1218 1359/1465/1221 1163/1394/1150 974/1415/1171
f 1163/1394/1150 1359/1465/1221 1086/1464/1220 1016/1391/1147
f 1185/1466/1222 1359/1465/1221 1131/1462/1218 992/1399/1155
f 1155/1400/1156 1360/1461/1217 1132/1633/1389 991/1634/1390
f 1132/1633/1389 1360/1461/1217 1159/1460/1216 976/1635/1391
f 1131/1462/1218 1360/1461/1217 1155/1400/1156 992/1399/1155
f 1132/1633/1389 1361/1458/1214 1179/1731/1130 991/1634/1390
f 1179/1374/1130 1361/1754/1214 1133/1454/1210 990/1371/1127
f 1158/1459/1215 1361/1458/1214 1132/1633/1389 976/1635/1391
f 1134/1636/1392 1362/1455/1211 1157/1396/1152 973/1395/1151
f 1157/1396/1152 1362/1455/1211 1133/1454/1210 975/1457/1213
f 1152/1456/1212 1362/1455/1211 1134/1636/1392 989/1637/1393
f 1134/1636/1392 1363/1452/1208 1113/1342/1098 989/1637/1393
f 1113/1342/1098 1363/1452/1208 1094/1451/1207 1008/1339/1095
f 1114/1453/1209 1363/1452/1208 1134/1636/1392 973/1395/1151
f 1135/1445/1201 1364/1448/1204 1107/1358/1114 970/1403/1159
f 1107/1358/1114 1364/1448/1204 1088/1447/1203 1014/1355/1111
f 1188/1449/1205 1364/1448/1204 1135/1445/1201 988/1638/1394
f 1180/1370/1126 1365/1753/1200 1136/1639/1395 987/1367/1123
f 1136/1639/1395 1365/1753/1200 1154/1745/1162 967/1407/1163
f 1135/1445/1201 1365/1444/1200 1180/1729/1126 988/1638/1394
f 1136/1639/1395 1366/1442/1198 1111/1346/1102 987/1367/1123
f 1111/1346/1102 1366/1442/1198 1092/1441/1197 1010/1343/1099
f 1112/1443/1199 1366/1442/1198 1136/1639/1395 967/1407/1163
f 1142/1426/1182 1367/1438/1194 1172/1735/1132 984/1375/1131
f 1172/1376/1132 1367/1752/1194 1138/1437/1193 986/1640/1396
f 1171/1439/1195 1367/1438/1194 1142/1426/1182 972/1425/1181
f 1138/1437/1193 1368/1434/1190 1173/1641/1397 986/1640/1396
f 1173/1641/1397 1368/1434/1190 1137/1433/1189 999/1494/1250
f 1199/1435/1191 1368/1434/1190 1138/1437/1193 965/1436/1192
f 1141/1498/1254 1369/1431/1187 1140/1626/1382 985/1625/1381
f 1140/1751/1382 1369/1750/1187 1139/1430/1186 983/1627/1383
f 1147/1424/1180 1369/1431/1187 1141/1498/1254 966/1421/1177
f 1143/1493/1249 1370/1427/1183 1175/1378/1134 998/1490/1246
f 1175/1378/1134 1370/1427/1183 1142/1426/1182 984/1375/1131
f 1183/1428/1184 1370/1427/1183 1143/1493/1249 997/1629/1385
f 1146/1479/1235 1371/1423/1179 1145/1476/1232 980/1475/1231
f 1145/1749/1232 1371/1747/1179 1144/1422/1178 982/1630/1386
f 1147/1748/1180 1371/1423/1179 1146/1479/1235 971/1429/1185
f 1148/1474/1230 1372/1419/1175 1165/1642/1398 994/1471/1227
f 1165/1642/1398 1372/1419/1175 1149/1418/1174 981/1643/1399
f 1169/1420/1176 1372/1419/1175 1148/1474/1230 993/1632/1388
f 1149/1418/1174 1373/1417/1173 1166/1739/1400 981/1643/1399
f 1166/1644/1400 1373/1746/1173 1151/1416/1172 979/1645/1401
f 1160/1398/1154 1373/1417/1173 1149/1418/1174 973/1395/1151
f 1151/1416/1172 1374/1413/1169 1167/1390/1146 979/1645/1401
f 1167/1390/1146 1374/1413/1169 1150/1412/1168 995/1387/1143
f 1162/1414/1170 1374/1413/1169 1151/1416/1172 974/1415/1171
f 1152/1456/1212 1375/1409/1165 1176/1372/1128 990/1371/1127
f 1176/1372/1128 1375/1409/1165 1153/1408/1164 978/1646/1402
f 1196/1410/1166 1375/1409/1165 1152/1456/1212 989/1637/1393
f 1153/1408/1164 1376/1405/1161 1177/1732/1403 978/1646/1402
f 1177/1647/1403 1376/1744/1161 1156/1404/1160 977/1648/1404
f 1154/1745/1162 1376/1405/1161 1153/1408/1164 967/1407/1163
f 1156/1404/1160 1377/1401/1157 1178/1649/1405 977/1648/1404
f 1178/1649/1405 1377/1401/1157 1155/1400/1156 991/1634/1390
f 1186/1402/1158 1377/1401/1157 1156/1404/1160 970/1403/1159
f 1159/1460/1216 1378/1397/1153 1158/1459/1215 976/1635/1391
f 1158/1743/1215 1378/1741/1153 1157/1396/1152 975/1457/1213
f 1160/1742/1154 1378/1397/1153 1159/1460/1216 974/1415/1171
f 1162/1414/1170 1379/1393/1149 1161/1485/1241 996/1411/1167
f 1161/1485/1241 1379/1393/1149 1085/1392/1148 1017/1482/1238
f 1163/1394/1150 1379/1393/1149 1162/1414/1170 974/1415/1171
f 1166/1739/1400 1380/1738/1145 1165/1642/1398 981/1643/1399
f 1165/1642/1398 1380/1738/1145 1164/1388/1144 994/1471/1227
f 1167/1390/1146 1380/1389/1145 1166/1644/1400 979/1645/1401
f 1169/1420/1176 1381/1385/1141 1114/1453/1209 973/1395/1151
f 1114/1453/1209 1381/1385/1141 1095/1384/1140 1007/1450/1206
f 1115/1386/1142 1381/1385/1141 1169/1420/1176 993/1632/1388
f 1171/1737/1195 1382/1736/1137 1201/1650/1406 965/1436/1192
f 1201/1650/1406 1382/1736/1137 1203/1723/1136 964/1651/1407
f 1181/1382/1138 1382/1381/1137 1171/1439/1195 972/1425/1181
f 1174/1734/1253 1383/1733/1133 1173/1641/1397 999/1494/1250
f 1173/1641/1397 1383/1733/1133 1172/1376/1132 986/1640/1396
f 1175/1378/1134 1383/1377/1133 1174/1497/1253 998/1490/1246
f 1178/1649/1405 1384/1373/1129 1177/1647/1403 977/1648/1404
f 1177/1732/1403 1384/1730/1129 1176/1372/1128 978/1646/1402
f 1179/1731/1130 1384/1373/1129 1178/1649/1405 991/1634/1390
f 1189/1652/1408 1385/1369/1125 1191/1726/1409 969/1654/1410
f 1191/1653/1409 1385/1728/1125 1193/1368/1124 968/1655/1411
f 1180/1729/1126 1385/1369/1125 1189/1652/1408 988/1638/1394
f 1181/1382/1138 1386/1365/1121 1120/1330/1086 963/1379/1135
f 1120/1330/1086 1386/1365/1121 1081/1364/1120 1001/1327/1083
f 1101/1366/1122 1386/1365/1121 1181/1382/1138 972/1425/1181
f 1183/1428/1184 1387/1361/1117 1101/1366/1122 972/1425/1181
f 1101/1366/1122 1387/1361/1117 1082/1360/1116 1020/1363/1119
f 1102/1362/1118 1387/1361/1117 1183/1428/1184 997/1629/1385
f 1186/1402/1158 1388/1357/1113 1185/1466/1222 992/1399/1155
f 1185/1466/1222 1388/1357/1113 1087/1356/1112 1015/1463/1219
f 1107/1358/1114 1388/1357/1113 1186/1402/1158 970/1403/1159
f 1189/1652/1408 1389/1353/1109 1188/1449/1205 988/1638/1394
f 1188/1449/1205 1389/1353/1109 1089/1352/1108 1013/1446/1202
f 1109/1354/1110 1389/1353/1109 1189/1652/1408 969/1654/1410
f 1191/1726/1409 1390/1725/1105 1109/1354/1110 969/1654/1410
f 1109/1354/1110 1390/1725/1105 1090/1348/1104 1012/1351/1107
f 1110/1350/1106 1390/1349/1105 1191/1653/1409 968/1655/1411
f 1193/1368/1124 1391/1345/1101 1110/1350/1106 968/1655/1411
f 1110/1350/1106 1391/1345/1101 1091/1344/1100 1011/1347/1103
f 1111/1346/1102 1391/1345/1101 1193/1368/1124 987/1367/1123
f 1196/1410/1166 1392/1341/1097 1112/1443/1199 967/1407/1163
f 1112/1443/1199 1392/1341/1097 1093/1340/1096 1009/1440/1196
f 1113/1342/1098 1392/1341/1097 1196/1410/1166 989/1637/1393
f 1199/1435/1191 1393/1337/1093 1198/1504/1260 1000/1432/1188
f 1198/1504/1260 1393/1337/1093 1098/1336/1092 1004/1501/1257
f 1118/1338/1094 1393/1337/1093 1199/1435/1191 965/1436/1192
f 1201/1650/1406 1394/1333/1089 1118/1338/1094 965/1436/1192
f 1118/1338/1094 1394/1333/1089 1099/1332/1088 1003/1335/1091
f 1119/1334/1090 1394/1333/1089 1201/1650/1406 964/1651/1407
f 1203/1723/1136 1395/1722/1085 1119/1334/1090 964/1651/1407
f 1119/1334/1090 1395/1722/1085 1100/1328/1084 1002/1331/1087
f 1120/1330/1086 1395/1329/1085 1203/1380/1136 963/1379/1135
f 1208/1320/1076 1396/1325/1081 1205/1160/916 961/1254/1010
f 1205/1160/916 1396/1325/1081 1044/1324/1080 1038/1157/913
f 1064/1326/1082 1396/1325/1081 1208/1320/1076 912/1243/999
f 1210/1319/1075 1397/1321/1077 1207/1257/1013 960/1316/1072
f 1207/1257/1013 1397/1321/1077 1208/1320/1076 961/1254/1010
f 1249/1322/1078 1397/1321/1077 1210/1319/1075 939/1656/1412
f 1248/1657/1413 1398/1721/1074 1250/1315/1071 937/1658/1414
f 1250/1315/1071 1398/1721/1074 1209/1700/1073 959/1312/1068
f 1210/1319/1075 1398/1318/1074 1248/1716/1413 939/1656/1412
f 1252/1253/1009 1399/1314/1070 1281/1659/1415 922/1251/1007
f 1281/1659/1415 1399/1314/1070 1211/1313/1069 958/1660/1416
f 1250/1315/1071 1399/1314/1070 1252/1253/1009 937/1658/1414
f 1281/1659/1415 1400/1310/1066 1077/1307/1063 922/1251/1007
f 1077/1307/1063 1400/1310/1066 1058/1309/1065 1024/1304/1060
f 1078/1311/1067 1400/1310/1066 1281/1659/1415 958/1660/1416
f 1219/1301/1057 1401/1306/1062 1216/1216/972 955/1233/989
f 1216/1216/972 1401/1306/1062 1057/1305/1061 1025/1213/969
f 1077/1307/1063 1401/1306/1062 1219/1301/1057 922/1251/1007
f 1221/1298/1054 1402/1302/1058 1218/1236/992 954/1209/965
f 1218/1236/992 1402/1302/1058 1219/1301/1057 955/1233/989
f 1259/1303/1059 1402/1302/1058 1221/1298/1054 934/1297/1053
f 1254/1296/1052 1403/1299/1055 1220/1704/968 953/1293/1049
f 1220/1212/968 1403/1720/1055 1221/1298/1054 954/1209/965
f 1253/1300/1056 1403/1299/1055 1254/1296/1052 936/1661/1417
f 1255/1246/1002 1404/1295/1051 1291/1662/1418 912/1243/999
f 1291/1662/1418 1404/1295/1051 1222/1294/1050 952/1663/1419
f 1254/1296/1052 1404/1295/1051 1255/1246/1002 936/1661/1417
f 1291/1662/1418 1405/1291/1047 1064/1326/1082 912/1243/999
f 1064/1326/1082 1405/1291/1047 1045/1290/1046 1037/1323/1079
f 1065/1292/1048 1405/1291/1047 1291/1662/1418 952/1663/1419
f 1230/1282/1038 1406/1287/1043 1227/1180/936 949/1221/977
f 1227/1180/936 1406/1287/1043 1055/1286/1042 1027/1177/933
f 1269/1288/1044 1406/1287/1043 1230/1282/1038 927/1237/993
f 1232/1664/1420 1407/1283/1039 1229/1224/980 948/1665/1421
f 1229/1224/980 1407/1283/1039 1230/1282/1038 949/1221/977
f 1267/1284/1040 1407/1283/1039 1232/1664/1420 930/1666/1422
f 1231/1194/950 1408/1719/1037 1232/1664/1420 948/1665/1421
f 1232/1664/1420 1408/1719/1037 1266/1707/1036 930/1666/1422
f 1261/1278/1034 1408/1281/1037 1231/1697/950 947/1193/949
f 1268/1220/976 1409/1277/1033 1274/1667/1423 926/1217/973
f 1274/1667/1423 1409/1277/1033 1233/1276/1032 946/1668/1424
f 1261/1278/1034 1409/1277/1033 1268/1220/976 929/1279/1035
f 1274/1667/1423 1410/1274/1030 1066/1208/964 926/1217/973
f 1066/1208/964 1410/1274/1030 1047/1273/1029 1035/1205/961
f 1067/1275/1031 1410/1274/1030 1274/1667/1423 946/1668/1424
f 1242/1266/1022 1411/1270/1026 1238/1176/932 943/1669/1425
f 1238/1176/932 1411/1270/1026 1053/1269/1025 1029/1173/929
f 1073/1271/1027 1411/1270/1026 1242/1266/1022 920/1225/981
f 1289/1670/1426 1412/1267/1023 1239/1694/946 942/1189/945
f 1239/1190/946 1412/1718/1023 1242/1266/1022 943/1669/1425
f 1278/1226/982 1412/1267/1023 1289/1670/1426 914/1229/985
f 1289/1670/1426 1413/1264/1020 1068/1164/920 914/1229/985
f 1068/1164/920 1413/1264/1020 1049/1263/1019 1033/1161/917
f 1069/1265/1021 1413/1264/1020 1289/1670/1426 942/1189/945
f 1245/1200/956 1414/1717/1016 1251/1250/1006 938/1197/953
f 1251/1250/1006 1414/1717/1016 1276/1702/1015 924/1247/1003
f 1247/1261/1017 1414/1260/1016 1245/1699/956 940/1671/1427
f 1246/1672/1428 1415/1256/1012 1247/1261/1017 940/1671/1427
f 1247/1261/1017 1415/1256/1012 1293/1255/1011 910/1258/1014
f 1207/1257/1013 1415/1256/1012 1246/1672/1428 960/1316/1072
f 1248/1716/1413 1416/1715/1008 1249/1322/1078 939/1656/1412
f 1249/1322/1078 1416/1715/1008 1277/1714/1000 912/1243/999
f 1252/1253/1009 1416/1252/1008 1248/1657/1413 937/1658/1414
f 1212/1198/954 1417/1249/1005 1211/1313/1069 959/1312/1068
f 1211/1313/1069 1417/1249/1005 1214/1248/1004 958/1660/1416
f 1251/1250/1006 1417/1249/1005 1212/1198/954 938/1197/953
f 1253/1713/1056 1418/1712/1001 1259/1303/1059 934/1297/1053
f 1259/1303/1059 1418/1712/1001 1277/1244/1000 922/1251/1007
f 1255/1246/1002 1418/1245/1001 1253/1300/1056 936/1661/1417
f 1223/1673/1429 1419/1241/997 1222/1294/1050 953/1293/1049
f 1222/1294/1050 1419/1241/997 1225/1240/996 952/1663/1419
f 1257/1242/998 1419/1241/997 1223/1673/1429 935/1674/1430
f 1256/1675/1431 1420/1711/994 1257/1242/998 935/1674/1430
f 1257/1242/998 1420/1711/994 1270/1708/974 926/1217/973
f 1260/1239/995 1420/1238/994 1256/1705/1431 933/1676/1432
f 1258/1210/966 1421/1235/991 1260/1239/995 933/1676/1432
f 1260/1239/995 1421/1235/991 1273/1234/990 927/1237/993
f 1218/1236/992 1421/1235/991 1258/1210/966 954/1209/965
f 1234/1196/952 1422/1231/987 1233/1276/1032 947/1193/949
f 1233/1276/1032 1422/1231/987 1236/1230/986 946/1668/1424
f 1263/1232/988 1422/1231/987 1234/1196/952 932/1677/1433
f 1262/1678/1434 1423/1709/983 1263/1232/988 932/1677/1433
f 1263/1232/988 1423/1709/983 1278/1226/982 914/1229/985
f 1265/1228/984 1423/1227/983 1262/1696/1434 931/1679/1435
f 1264/1680/1436 1424/1223/979 1265/1228/984 931/1679/1435
f 1265/1228/984 1424/1223/979 1283/1222/978 920/1225/981
f 1229/1224/980 1424/1223/979 1264/1680/1436 948/1665/1421
f 1266/1707/1036 1425/1706/975 1267/1284/1040 930/1666/1422
f 1267/1284/1040 1425/1706/975 1270/1218/974 927/1237/993
f 1268/1220/976 1425/1219/975 1266/1280/1036 929/1279/1035
f 1273/1234/990 1426/1215/971 1269/1288/1044 927/1237/993
f 1269/1288/1044 1426/1215/971 1056/1214/970 1026/1285/1041
f 1216/1216/972 1426/1215/971 1273/1234/990 955/1233/989
f 1223/1673/1429 1427/1211/967 1256/1675/1431 935/1674/1430
f 1256/1705/1431 1427/1703/967 1258/1210/966 933/1676/1432
f 1220/1704/968 1427/1211/967 1223/1673/1429 953/1293/1049
f 1225/1240/996 1428/1207/963 1065/1292/1048 952/1663/1419
f 1065/1292/1048 1428/1207/963 1046/1206/962 1036/1289/1045
f 1066/1208/964 1428/1207/963 1225/1240/996 926/1217/973
f 1295/1681/1437 1429/1203/959 1276/1259/1015 910/1258/1014
f 1276/1702/1015 1429/1701/959 1279/1202/958 924/1247/1003
f 1297/1204/960 1429/1203/959 1295/1681/1437 908/1682/1438
f 1246/1672/1428 1430/1199/955 1209/1317/1073 960/1316/1072
f 1209/1700/1073 1430/1698/955 1212/1198/954 959/1312/1068
f 1245/1699/956 1430/1199/955 1246/1672/1428 940/1671/1427
f 1262/1696/1434 1431/1695/951 1264/1680/1436 931/1679/1435
f 1264/1680/1436 1431/1695/951 1231/1194/950 948/1665/1421
f 1234/1196/952 1431/1195/951 1262/1678/1434 932/1677/1433
f 1287/1683/1439 1432/1693/947 1285/1684/1440 918/1685/1441
f 1285/1684/1440 1432/1693/947 1239/1190/946 943/1669/1425
f 1243/1192/948 1432/1191/947 1287/1691/1439 916/1686/1442
f 1279/1202/958 1433/1187/943 1079/1184/940 924/1247/1003
f 1079/1184/940 1433/1187/943 1060/1186/942 1022/1181/937
f 1080/1188/944 1433/1187/943 1279/1202/958 906/1201/957
f 1214/1248/1004 1434/1183/939 1078/1311/1067 958/1660/1416
f 1078/1311/1067 1434/1183/939 1059/1182/938 1023/1308/1064
f 1079/1184/940 1434/1183/939 1214/1248/1004 924/1247/1003
f 1283/1222/978 1435/1179/935 1073/1271/1027 920/1225/981
f 1073/1271/1027 1435/1179/935 1054/1178/934 1028/1268/1024
f 1227/1180/936 1435/1179/935 1283/1222/978 949/1221/977
f 1285/1684/1440 1436/1175/931 1071/1172/928 918/1685/1441
f 1071/1172/928 1436/1175/931 1052/1174/930 1030/1169/925
f 1238/1176/932 1436/1175/931 1285/1684/1440 943/1669/1425
f 1287/1691/1439 1437/1690/927 1070/1168/924 916/1686/1442
f 1070/1168/924 1437/1690/927 1051/1170/926 1031/1165/921
f 1071/1172/928 1437/1171/927 1287/1683/1439 918/1685/1441
f 1243/1192/948 1438/1167/923 1069/1265/1021 942/1189/945
f 1069/1265/1021 1438/1167/923 1050/1166/922 1032/1262/1018
f 1070/1168/924 1438/1167/923 1243/1192/948 916/1686/1442
f 1236/1230/986 1439/1163/919 1067/1275/1031 946/1668/1424
f 1067/1275/1031 1439/1163/919 1048/1162/918 1034/1272/1028
f 1068/1164/920 1439/1163/919 1236/1230/986 914/1229/985
f 1293/1255/1011 1440/1159/915 1062/1156/912 910/1258/1014
f 1062/1156/912 1440/1159/915 1043/1158/914 1039/1153/909
f 1205/1160/916 1440/1159/915 1293/1255/1011 961/1254/1010
f 1295/1681/1437 1441/1155/911 1061/1152/908 908/1682/1438
f 1061/1152/908 1441/1155/911 1042/1154/910 1040/1149/905
f 1062/1156/912 1441/1155/911 1295/1681/1437 910/1258/1014
f 1297/1688/960 1442/1687/907 1080/1188/944 906/1201/957
f 1080/1188/944 1442/1687/907 1041/1150/906 1021/1185/941
f 1061/1152/908 1442/1151/907 1297/1204/960 908/1682/1438
g default
v 0.833829 1.161072 -1.110871
v 1.209112 1.003006 -1.008926
v 0.780172 1.147609 -0.862520
v 1.167569 0.992586 -0.816653
v 1.074280 1.386798 -0.764488
v 1.522332 0.938341 -0.701199
v 1.888997 2.026865 -0.691314
v 2.813911 1.457126 -0.433329
v 3.633494 3.354121 -0.911325
v 4.483801 2.858650 -0.876234
v 4.706166 4.108892 -1.585274
v 4.664773 3.735354 -1.401630
v 4.596137 4.000687 -1.787569
v 4.581690 3.653011 -1.560008
v 3.569324 3.277425 -1.149277
v 4.398802 2.764996 -1.121341
v 1.934395 2.034147 -0.937668
v 2.847206 1.450193 -0.722369
v 1.141678 1.403703 -1.076450
v 1.581446 0.953167 -0.974827
v 2.900974 2.813808 -0.669140
v 3.894497 2.311387 -0.555515
v 3.850863 2.245824 -0.835742
v 2.886041 2.774265 -0.915987
v 4.671394 2.021241 -0.679445
v 4.624728 1.964411 -0.861804
v 4.909067 2.238496 -1.042496
v 4.971635 2.306678 -0.868728
v 4.149664 1.400575 -0.639437
v 3.788772 1.078300 -0.582642
v 4.166955 1.435817 -0.446666
v 3.786045 1.098339 -0.387151
v 2.850717 0.659100 -0.678239
v 2.426914 0.408049 -0.778057
v 2.813142 0.651834 -0.485265
v 2.385376 0.397625 -0.585783
v 4.413431 3.912426 -1.317586
v 4.523019 3.430028 -1.145369
v 4.425728 3.330666 -1.356743
v 4.281025 3.780561 -1.575573
v 3.246619 3.072337 -0.752579
v 4.266144 2.517356 -0.679281
v 4.949533 2.064236 -0.739086
v 4.877335 1.982261 -0.968634
v 4.191448 2.425884 -0.975591
v 3.209891 3.016500 -0.994165
v 2.405976 2.434388 -0.632051
v 3.403932 1.811187 -0.424283
v 4.090356 1.125989 -0.360693
v 4.080820 1.090112 -0.612195
v 3.398906 1.771496 -0.740302
v 2.422259 2.418786 -0.881237
v 1.422531 1.624039 -1.054890
v 2.221163 1.091423 -0.861792
v 2.727426 0.338589 -0.746748
v 2.674215 0.325489 -0.498316
v 2.156285 1.076657 -0.548273
v 1.368269 1.610701 -0.801313
v 0.766885 1.573856 -1.073539
v 0.725344 1.563437 -0.881266
v 0.751213 1.933185 -0.813893
v 1.550240 3.087509 -0.618012
v 3.371216 4.294146 -1.038887
v 4.316574 4.184173 -1.452311
v 4.233487 4.101829 -1.610688
v 3.286214 4.200493 -1.283994
v 1.583533 3.080570 -0.907052
v 0.810332 1.948014 -1.087524
v 2.660134 3.903986 -0.735944
v 2.616490 3.838410 -1.016170
v 2.593266 4.702177 -0.983161
v 2.546599 4.645347 -1.165518
v 2.902184 4.827532 -1.335803
v 2.964744 4.895717 -1.162031
v 1.859429 4.355154 -0.974152
v 1.451501 4.093565 -0.924234
v 1.876725 4.390401 -0.781380
v 1.448772 4.113597 -0.728743
v 0.819679 3.279288 -0.975074
v 0.481158 2.918226 -1.062427
v 0.782107 3.272028 -0.782101
v 0.439616 2.907807 -0.870154
v 3.959297 4.157110 -1.227660
v 3.862002 4.057750 -1.439030
v 2.966270 4.194673 -0.869345
v 2.712074 4.950731 -1.066089
v 2.639879 4.868769 -1.295638
v 2.891554 4.103191 -1.165652
v 2.039947 3.571200 -0.623654
v 1.550154 4.403047 -0.731940
v 1.540620 4.367160 -0.983444
v 2.034908 3.531497 -0.939670
v 1.094140 2.545669 -1.026489
v 0.487739 3.227954 -1.074077
v 0.434527 3.214853 -0.825648
v 1.029266 2.530906 -0.712972
v 0.817439 1.240955 -1.110087
v 0.763783 1.227497 -0.861734
v 1.022155 1.473971 -0.768986
v 1.317340 1.765483 -0.790150
v 1.834413 2.199222 -0.682447
v 2.344919 2.625140 -0.634981
v 2.857216 2.990260 -0.681782
v 3.193640 3.261267 -0.774901
v 3.587323 3.509615 -0.932101
v 4.333331 3.964118 -1.297879
v 4.637576 4.130397 -1.559671
v 4.527780 4.022349 -1.762164
v 4.201604 3.832565 -1.557810
v 3.518118 3.428392 -1.175557
v 3.151405 3.200395 -1.023247
v 2.837487 2.946144 -0.936165
v 2.357669 2.605837 -0.892640
v 1.878007 2.204083 -0.937831
v 1.372736 1.778836 -1.051246
v 1.089784 1.490934 -1.082009
v 0.905019 1.126622 -1.097359
v 1.211742 1.333173 -1.064209
v 1.555762 1.540594 -1.024606
v 2.080716 1.940363 -0.908266
v 2.583905 2.311648 -0.859421
v 3.038303 2.684653 -0.906415
v 3.371971 2.913456 -0.990450
v 3.701844 3.189477 -1.148185
v 4.308617 3.695715 -1.542872
v 4.597002 3.934553 -1.752858
v 4.706796 4.042608 -1.550362
v 4.440335 3.827261 -1.282938
v 3.770978 3.270658 -0.904696
v 3.414124 2.974273 -0.742078
v 3.057952 2.728700 -0.652018
v 2.571073 2.330895 -0.601757
v 2.037059 1.935446 -0.652891
v 1.500362 1.527227 -0.763513
v 1.144110 1.316210 -0.751184
v 0.851361 1.113166 -0.849007
v 0.835172 1.090360 -0.984079
v 0.971278 1.203137 -0.777002
v 1.306935 1.409028 -0.761111
v 1.755808 1.718422 -0.714492
v 2.308263 2.134206 -0.614681
v 2.826390 2.540259 -0.618036
v 3.248600 2.862175 -0.692406
v 3.565447 3.095435 -0.801990
v 4.103379 3.557900 -1.087883
v 4.630663 3.984247 -1.427203
v 4.683525 4.014892 -1.682667
v 4.487520 3.843481 -1.692745
v 4.002517 3.450008 -1.338606
v 3.513305 3.027344 -1.046129
v 3.216874 2.809056 -0.944084
v 2.822190 2.507938 -0.874636
v 2.338102 2.128238 -0.871554
v 1.806493 1.729029 -0.968368
v 1.369162 1.424534 -1.047953
v 1.041336 1.220891 -1.102762
v 1.014443 1.041522 -0.813623
v 1.293033 1.165564 -0.719539
v 1.388039 1.592392 -0.798993
v 2.366680 1.750139 -0.549153
v 2.941301 2.122232 -0.517337
v 3.412530 2.560814 -0.601144
v 3.791201 2.776572 -0.705408
v 4.084588 3.104072 -0.880007
v 4.492718 3.637907 -1.195486
v 4.702022 3.892535 -1.464950
v 4.590786 3.782863 -1.671971
v 4.288308 3.767051 -1.572013
v 4.000969 3.008249 -1.147532
v 3.233575 2.994061 -0.992834
v 2.907483 2.755177 -0.914372
v 2.446125 2.395856 -0.878442
v 2.407460 1.748621 -0.836733
v 1.852923 1.372941 -0.948323
v 1.361817 1.182934 -1.038632
v 1.069760 1.055399 -1.069659
v 0.942973 1.348531 -1.117096
v 1.216006 1.623330 -1.070270
v 1.611628 1.982732 -0.996743
v 2.120085 2.411749 -0.903457
v 2.608924 2.785463 -0.906089
v 3.006587 3.082756 -0.975307
v 3.303071 3.300944 -1.077504
v 3.865512 3.627088 -1.358539
v 4.405605 3.947561 -1.703868
v 4.619468 4.096050 -1.691233
v 4.548491 4.088667 -1.438363
v 3.967671 3.733397 -1.107654
v 3.355307 3.369069 -0.833391
v 3.038411 3.135925 -0.723647
v 2.613199 2.817850 -0.649496
v 2.090317 2.417787 -0.646575
v 1.560900 1.972246 -0.742868
v 1.153997 1.607531 -0.783399
v 0.872575 1.331223 -0.791387
v 0.752566 1.198447 -0.996068
v 0.981345 1.674072 -1.094221
v 1.279543 2.114066 -1.032049
v 1.769792 2.572723 -0.929890
v 2.405916 2.449313 -0.884434
v 2.873011 2.801260 -0.919684
v 3.194178 3.046499 -0.998976
v 3.420633 3.758177 -1.232697
v 4.268715 3.791524 -1.574415
v 4.372167 4.063906 -1.703379
v 4.483389 4.173575 -1.496382
v 4.155832 4.071693 -1.244259
v 3.504968 3.853161 -0.965091
v 3.096319 3.674722 -0.807352
v 2.781178 3.377001 -0.693699
v 2.230163 3.041307 -0.621384
v 1.729585 2.573594 -0.642223
v 1.355470 1.635856 -0.803669
v 0.912365 1.656952 -0.775161
v 0.732858 1.405706 -0.854752
v 0.788166 1.419576 -1.110738
v 1.259697 2.759920 -0.660848
v 0.577762 3.278912 -0.790780
v 0.630428 3.291118 -1.042638
v 1.315733 2.767175 -0.976972
v 1.920233 2.061546 -0.939702
v 1.829511 3.323708 -0.924329
v 1.458004 4.275785 -0.971592
v 1.460673 4.306796 -0.716044
v 1.813493 3.348151 -0.604737
v 1.875058 2.054547 -0.693831
v 2.782765 3.966072 -1.101884
v 2.554413 4.791275 -1.245476
v 2.620998 4.869645 -1.009561
v 2.843665 4.049381 -0.795903
v 3.601923 4.078153 -1.340787
v 3.688704 4.169340 -1.126107
v 0.709708 2.927403 -0.741732
v 0.558281 2.544068 -0.829397
v 1.115367 3.177882 -0.958130
v 0.749087 3.320735 -0.885081
v 1.070600 3.170881 -0.698013
v 0.614088 2.558128 -1.087892
v 0.778135 2.944042 -1.068033
v 1.522092 3.748927 -0.664095
v 1.409363 4.196869 -0.833747
v 1.532360 3.728706 -0.923039
v 1.477554 3.239971 -0.769493
v 1.776822 4.057392 -0.655516
v 2.172821 4.194246 -0.739879
v 1.766349 4.012381 -0.984830
v 2.144291 4.144352 -0.998091
v 2.829773 4.646087 -0.954937
v 3.115693 4.690314 -1.101654
v 3.348077 4.347328 -1.194736
v 2.741766 4.543810 -1.258757
v 3.034763 4.601570 -1.328286
v 2.653299 4.411982 -0.875540
v 2.535438 4.748117 -1.086185
v 2.596791 4.341867 -1.123105
v 2.568936 4.034194 -0.895042
v 2.234234 3.012279 -0.908469
v 2.305512 3.660941 -0.971884
v 2.748347 3.319860 -0.976349
v 1.471344 4.501067 -0.869673
v 1.692138 4.450785 -0.745399
v 1.811754 4.447335 -0.884365
v 1.674895 4.408729 -0.998781
v 2.888282 2.840821 -0.673419
v 2.329061 3.716106 -0.656413
v 2.389943 2.465030 -0.635732
v 0.716845 1.971273 -0.961801
v 0.416778 3.000053 -0.970996
v 0.390727 3.102864 -0.838874
v 0.369023 3.316350 -0.964127
v 0.445157 3.116522 -1.090681
v 2.846875 4.978668 -1.118937
v 2.923633 4.934723 -1.273311
v 2.767196 4.890992 -1.347628
v 2.639640 5.014170 -1.205067
v 3.853344 4.142257 -1.318020
v 0.794074 1.680951 -1.095249
v 1.131763 1.418523 -1.077673
v 0.934740 2.260555 -1.073651
v 1.409592 1.649110 -1.056760
v 3.039171 3.599415 -1.080445
v 3.059982 4.166122 -1.232947
v 3.555843 3.302015 -1.153371
v 4.025648 3.938897 -1.518085
v 4.076047 4.076298 -1.553537
v 4.586658 4.006675 -1.785714
v 4.273782 4.164852 -1.541246
v 4.696779 4.114964 -1.583292
v 4.182750 4.182891 -1.342855
v 4.401193 3.923448 -1.316537
v 3.620180 3.378807 -0.915998
v 3.147416 4.266873 -0.940230
v 3.231125 3.102418 -0.757951
v 1.219479 2.100249 -0.745292
v 0.863853 2.244152 -0.751128
v 1.064308 1.401630 -0.765597
v 0.738806 1.667125 -0.839281
v 0.774619 1.160174 -0.862915
v 0.727282 1.590808 -0.980268
v 0.828327 1.173642 -1.111506
v 1.793102 1.358808 -0.661531
v 1.611674 1.804592 -0.755519
v 2.459201 0.670446 -0.486050
v 2.429420 1.250555 -0.489901
v 2.770076 0.218812 -0.613213
v 2.768529 0.452657 -0.470600
v 2.528162 0.686384 -0.812266
v 2.611309 0.322025 -0.774102
v 1.442138 1.605682 -1.052086
v 1.911771 0.999955 -0.930894
v 1.267596 1.502147 -1.069367
v 2.945745 2.092825 -0.804373
v 2.182851 2.231311 -0.897639
v 3.797787 1.391691 -0.687938
v 3.145230 1.626062 -0.732034
v 4.179394 1.007477 -0.473895
v 3.970652 1.034278 -0.604372
v 3.807856 1.437225 -0.358685
v 4.173936 1.249085 -0.382685
v 2.430033 2.411629 -0.629753
v 3.620543 2.049656 -0.467607
v 2.665423 2.634414 -0.640945
v 3.734039 2.701395 -0.978526
v 3.059977 2.905226 -0.950031
v 4.587174 2.163108 -0.989057
v 4.025101 2.363099 -0.920263
v 5.007116 1.959949 -0.859060
v 4.775618 1.925748 -0.920848
v 4.674832 2.265824 -0.685288
v 5.016540 2.179632 -0.801842
v 3.270442 3.049962 -0.751798
v 4.389473 2.664143 -0.758605
v 3.402800 3.187130 -0.807726
v 4.361702 3.506175 -1.469436
v 4.491623 3.318813 -1.224735
v 4.420792 3.898939 -1.314132
v 3.929223 3.533376 -1.345795
v 4.368072 3.089712 -1.228824
v 4.617436 3.622318 -1.279447
v 4.626264 4.060675 -1.464539
v 2.479141 0.339449 -0.669585
v 2.556880 0.308359 -0.522292
v 2.061790 0.604435 -0.609675
v 2.862714 0.593991 -0.576175
v 2.780490 0.965021 -0.448128
v 2.821115 0.464967 -0.722468
v 2.117668 0.618394 -0.868132
v 2.826953 0.969832 -0.707963
v 3.867409 1.025792 -0.474505
v 3.973312 1.065300 -0.348823
v 3.447378 1.265147 -0.382728
v 4.216289 1.345303 -0.532944
v 4.049599 1.773063 -0.465607
v 4.156702 1.207000 -0.636064
v 3.458750 1.243502 -0.641484
v 4.022487 1.721362 -0.723579
v 4.842229 2.004087 -0.684929
v 5.010721 2.242218 -0.968281
v 4.806279 2.509342 -0.854580
v 4.936856 2.091963 -1.030533
v 4.725022 2.421013 -1.081252
v 4.711965 1.940220 -0.768084
v 4.341363 2.091232 -0.868120
v 4.396203 2.163485 -0.620830
v 3.380075 2.503297 -0.883760
v 4.013861 2.170138 -0.683869
v 2.922530 2.794912 -0.668127
v 2.665348 2.606185 -0.889570
v 3.595904 1.995961 -0.783257
v 4.087321 2.444639 -0.614066
v 3.086616 2.953578 -0.705477
v 1.566393 0.875289 -0.837637
v 2.958553 1.329399 -0.553044
v 4.546229 2.801611 -1.019634
v 1.321522 1.000398 -1.018188
v 0.976602 1.271267 -1.115086
v 2.485120 1.258273 -0.806080
v 1.662247 1.816037 -1.000478
v 4.302224 2.563175 -1.051297
v 3.356396 3.124225 -1.045484
v 4.510735 3.515746 -1.490123
v 4.482425 3.919148 -1.729534
v 4.644963 3.686155 -1.487077
v 4.685152 4.077642 -1.717139
v 4.454463 3.181393 -1.014197
v 4.030378 3.639794 -1.098084
v 3.129805 1.649688 -0.412340
v 2.150238 2.234120 -0.649755
v 1.842810 0.981042 -0.608021
v 1.206236 1.486597 -0.786729
v 1.266263 0.986558 -0.762180
v 0.906482 1.254064 -0.787266
v 1.205324 0.973911 -0.910415
v 0.761925 1.118056 -0.998401
v 1.152928 1.390954 -1.074588
v 1.955827 2.014144 -0.934533
v 3.588632 3.258445 -1.148228
v 4.599525 3.991074 -1.784373
v 4.709646 4.099359 -1.581948
v 3.652949 3.335166 -0.910833
v 1.910765 2.006904 -0.688653
v 1.085508 1.374003 -0.762502
v 0.790112 1.139287 -0.860694
v 0.843823 1.152751 -1.109296
v 0.771844 1.111035 -0.996639
v 0.915683 1.244293 -0.786064
v 1.221869 1.472563 -0.784763
v 1.632972 1.785888 -0.752820
v 2.173464 2.212307 -0.647232
v 2.687705 2.613386 -0.639892
v 3.108687 2.932724 -0.705007
v 3.425376 3.165774 -0.807301
v 4.034384 3.627693 -1.105699
v 4.630425 4.049488 -1.460832
v 4.687803 4.068800 -1.713839
v 4.486340 3.908007 -1.725757
v 3.935361 3.521618 -1.352240
v 3.378829 3.102849 -1.044455
v 3.081982 2.884271 -0.948954
v 2.687516 2.585008 -0.887919
v 2.205763 2.209358 -0.894762
v 1.683405 1.797494 -0.997315
v 1.283173 1.487850 -1.067054
v 0.985711 1.262087 -1.113078
v 0.969723 1.283224 -1.115371
v 1.257336 1.522022 -1.070782
v 1.649480 1.842822 -1.002196
v 2.167185 2.260655 -0.900436
v 2.650401 2.634499 -0.893545
v 3.045296 2.933228 -0.954647
v 3.341487 3.152639 -1.050353
v 3.919117 3.542798 -1.354561
v 4.471460 3.926142 -1.727366
v 4.676227 4.082737 -1.714998
v 4.615337 4.067891 -1.462473
v 4.019499 3.647174 -1.107832
v 3.388069 3.215635 -0.813222
v 3.072170 2.981576 -0.710694
v 2.650771 2.662751 -0.645498
v 2.134877 2.263707 -0.652902
v 1.598865 1.831507 -0.757727
v 1.196275 1.506418 -0.788454
v 0.899175 1.266117 -0.788465
v 0.757699 1.130307 -0.998653
v 1.463152 2.335528 -0.693244
v 0.894734 3.079458 -0.696518
v 0.498025 3.351451 -0.934050
v 0.958041 3.091856 -1.029284
v 1.515177 2.343902 -0.978479
v 1.999858 2.802987 -0.907644
v 1.621132 3.862892 -0.970505
v 1.407414 4.427234 -0.856822
v 1.617189 3.896922 -0.635680
v 1.976359 2.817097 -0.619395
v 2.908556 3.469175 -1.025673
v 2.642751 4.437383 -1.202293
v 2.556994 4.945142 -1.154588
v 2.721948 4.533281 -0.888446
v 2.954698 3.536303 -0.747109
v 3.724607 3.844553 -1.368448
v 3.601365 4.195613 -1.232341
v 3.835248 3.961383 -1.094853
v 0.567734 2.494149 -0.965677
v 0.601490 2.719181 -0.771771
v 1.144815 3.207527 -0.815119
v 0.673004 2.737617 -1.103324
v 1.495660 3.692909 -0.790043
v 1.993597 4.154900 -0.680004
v 2.216623 4.186345 -0.876030
v 1.967537 4.098201 -1.012119
v 2.990006 4.694155 -1.018330
v 3.119438 4.649675 -1.230517
v 2.890932 4.583345 -1.319202
v 2.605160 4.343704 -0.983464
v 2.503954 3.175820 -0.935156
v 1.586020 4.530288 -0.880344
v 2.519310 3.219834 -0.649463
v 0.741159 1.724834 -0.969850
v 0.345651 3.235442 -0.973581
v 2.762781 5.032885 -1.254302
v 4.071756 4.150796 -1.428325
v 0.872136 1.516899 -1.126484
v 1.109295 1.882295 -1.067463
v 3.201740 3.685832 -1.144529
v 4.231798 4.004351 -1.647334
v 4.471821 4.134345 -1.631195
v 4.374125 4.146000 -1.372953
v 3.270865 3.769724 -0.874550
v 1.043559 1.865718 -0.763961
v 0.800631 1.499357 -0.795248
v 0.732877 1.377098 -0.990640
v 2.075537 1.543936 -0.603814
v 2.647597 0.818157 -0.440350
v 2.833454 0.338565 -0.592730
v 2.711883 0.829292 -0.772951
v 2.127930 1.551880 -0.888997
v 2.684863 1.917795 -0.807505
v 3.615520 1.289997 -0.679021
v 4.090747 0.965536 -0.464655
v 3.610766 1.325067 -0.344330
v 2.661001 1.932276 -0.519308
v 3.569690 2.614648 -0.928725
v 4.453497 2.101394 -0.937651
v 4.914205 1.904156 -0.810084
v 4.531686 2.198585 -0.623964
v 3.615597 2.681983 -0.650170
v 4.177108 3.260577 -1.302373
v 4.469234 3.075993 -1.105511
v 4.287780 3.377295 -1.028751
v 2.031064 0.606341 -0.751810
v 2.234783 0.612119 -0.533076
v 2.847389 1.011114 -0.566297
v 2.306840 0.629857 -0.864534
v 3.400517 1.235489 -0.511651
v 3.959526 1.618705 -0.392696
v 4.068003 1.797942 -0.605459
v 3.934552 1.560620 -0.724637
v 4.768815 2.399367 -0.758366
v 4.782216 2.504567 -0.987503
v 4.669809 2.288465 -1.059224
v 4.330052 2.118437 -0.731371
v 3.174720 2.308902 -0.836935
v 4.237908 1.109145 -0.492771
v 3.189770 2.353196 -0.551270
v 1.336743 0.956453 -0.882809
v 2.687403 0.214402 -0.631336
v 5.061893 2.066849 -0.918287
v 4.567552 3.511114 -1.355840
v 1.186500 1.110848 -1.080579
v 1.591145 1.259875 -0.997085
v 3.865620 2.827775 -1.047069
v 4.491569 3.670281 -1.609943
v 4.676077 3.871835 -1.601872
v 4.634137 3.811640 -1.335509
v 3.934431 2.911970 -0.777106
v 1.525404 1.243294 -0.693583
v 1.115343 1.092856 -0.749263
v 1.001728 1.029225 -0.951407
vt 0.030192 0.018537
vt 0.820965 0.450830
vt 0.051704 0.011834
vt 0.048225 0.026836
vt 0.037447 0.059588
vt 0.032572 0.037006
vt 0.052645 0.040311
vt 0.061530 0.059806
vt 0.047877 0.103928
vt 0.042613 0.079573
vt 0.073923 0.084233
vt 0.085425 0.115145
vt 0.048293 0.420473
vt 0.055567 0.389729
vt 0.094155 0.414422
vt 0.081828 0.441764
vt 0.007042 0.567979
vt 0.010479 0.550939
vt 0.029131 0.540193
vt 0.022476 0.557118
vt 0.838189 0.977770
vt 0.011534 0.582610
vt 0.818535 0.983638
vt 0.821934 0.968282
vt 0.822369 0.932570
vt 0.833287 0.961270
vt 0.813982 0.952344
vt 0.799074 0.928591
vt 0.779942 0.793768
vt 0.783734 0.813759
vt 0.745555 0.837289
vt 0.738964 0.816110
vt 0.812285 0.506345
vt 0.805582 0.525257
vt 0.774316 0.528376
vt 0.788331 0.504973
vt 0.822646 0.466128
vt 0.818880 0.484300
vt 0.798591 0.486124
vt 0.804026 0.473050
vt 0.066001 0.508261
vt 0.760416 0.932196
vt 0.063422 0.534528
vt 0.048332 0.530304
vt 0.228976 0.469625
vt 0.596143 0.904099
vt 0.236649 0.491718
vt 0.220720 0.482452
vt 0.641720 0.520416
vt 0.622170 0.528224
vt 0.247818 0.091162
vt 0.628537 0.511588
vt 0.786995 0.477571
vt 0.778269 0.486765
vt 0.085033 0.032704
vt 0.072563 0.024337
vt 0.060982 0.319942
vt 0.062887 0.287181
vt 0.104433 0.307181
vt 0.099855 0.341530
vt 0.566876 0.731269
vt 0.571938 0.745140
vt 0.288715 0.317335
vt 0.546201 0.732627
vt 0.776316 0.686705
vt 0.776742 0.719843
vt 0.735239 0.737802
vt 0.731579 0.702236
vt 0.155242 0.371351
vt 0.656740 0.805269
vt 0.203305 0.405462
vt 0.194415 0.417622
vt 0.688214 0.846705
vt 0.697815 0.867062
vt 0.653097 0.890834
vt 0.644138 0.875144
vt 0.713677 0.889115
vt 0.133402 0.486885
vt 0.667247 0.917759
vt 0.662945 0.903048
vt 0.126816 0.468732
vt 0.142437 0.445203
vt 0.187845 0.468252
vt 0.178292 0.481418
vt 0.672756 0.720059
vt 0.679270 0.755016
vt 0.617981 0.751743
vt 0.612707 0.728014
vt 0.684102 0.798075
vt 0.620955 0.786218
vt 0.624802 0.770447
vt 0.160597 0.325925
vt 0.221554 0.323980
vt 0.214412 0.343617
vt 0.160003 0.209737
vt 0.653778 0.643125
vt 0.224486 0.240339
vt 0.219339 0.254987
vt 0.752194 0.502033
vt 0.728431 0.531724
vt 0.669274 0.531037
vt 0.683298 0.515890
vt 0.681313 0.645461
vt 0.636200 0.611600
vt 0.647257 0.599536
vt 0.136845 0.124184
vt 0.119987 0.090320
vt 0.179237 0.093875
vt 0.192008 0.116589
vt 0.097883 0.059473
vt 0.108498 0.045252
vt 0.165709 0.061753
vt 0.166323 0.077817
vt 0.019425 0.520371
vt 0.034140 0.470442
vt 0.062643 0.478489
vt 0.042795 0.514586
vt 0.749878 0.904674
vt 0.103314 0.495176
vt 0.791268 0.841716
vt 0.806087 0.887042
vt 0.778308 0.895370
vt 0.758308 0.862270
vt 0.059274 0.367929
vt 0.060408 0.345609
vt 0.100515 0.368322
vt 0.100601 0.391521
vt 0.196325 0.450790
vt 0.196922 0.432497
vt 0.229716 0.455726
vt 0.222073 0.439707
vt 0.237006 0.439473
vt 0.247570 0.463215
vt 0.688927 0.824912
vt 0.643189 0.858243
vt 0.645194 0.844026
vt 0.778327 0.749821
vt 0.778814 0.773306
vt 0.738980 0.794545
vt 0.739629 0.769669
vt 0.063967 0.251003
vt 0.061925 0.215220
vt 0.105955 0.230944
vt 0.108602 0.268892
vt 0.272697 0.302252
vt 0.227057 0.298356
vt 0.224385 0.273652
vt 0.270142 0.288667
vt 0.583247 0.704747
vt 0.569581 0.718621
vt 0.291174 0.291912
vt 0.272794 0.270800
vt 0.676792 0.686032
vt 0.615739 0.705260
vt 0.620943 0.687720
vt 0.784695 0.620031
vt 0.779279 0.654023
vt 0.735043 0.667117
vt 0.742709 0.631799
vt 0.798476 0.548400
vt 0.791336 0.582497
vt 0.750837 0.593985
vt 0.760690 0.557812
vt 0.613591 0.537370
vt 0.654883 0.552523
vt 0.648805 0.578236
vt 0.614149 0.554027
vt 0.234598 0.105131
vt 0.253780 0.099378
vt 0.252014 0.115958
vt 0.232607 0.121842
vt 0.145360 0.160865
vt 0.196178 0.143346
vt 0.195972 0.165136
vt 0.057793 0.178477
vt 0.052981 0.139127
vt 0.093147 0.152983
vt 0.099494 0.192942
vt 0.259198 0.469788
vt 0.562088 0.003290
vt 0.279986 0.461259
vt 0.277831 0.476505
vt 0.564559 0.018470
vt 0.561658 0.036831
vt 0.541572 0.039586
vt 0.546367 0.026264
vt 0.556136 0.059249
vt 0.550358 0.079131
vt 0.519036 0.082925
vt 0.532134 0.058814
vt 0.525826 0.367055
vt 0.528978 0.388949
vt 0.489878 0.412543
vt 0.484020 0.389474
vt 0.561818 0.520201
vt 0.570007 0.550952
vt 0.551702 0.539757
vt 0.538683 0.513828
vt 0.573030 0.568089
vt 0.252101 0.996258
vt 0.552806 0.571567
vt 0.557931 0.556851
vt 0.248740 0.981295
vt 0.253523 0.964738
vt 0.272682 0.955662
vt 0.264858 0.971672
vt 0.294557 0.845087
vt 0.301872 0.817095
vt 0.340147 0.840188
vt 0.327601 0.865265
vt 0.284425 0.551834
vt 0.277011 0.528712
vt 0.308203 0.531495
vt 0.322180 0.560827
vt 0.270036 0.509830
vt 0.263174 0.487882
vt 0.283413 0.489493
vt 0.293896 0.508212
vt 0.515762 0.506929
vt 0.532852 0.529426
vt 0.307185 0.953756
vt 0.501133 0.511652
vt 0.353890 0.463997
vt 0.361803 0.477038
vt 0.480490 0.918502
vt 0.337461 0.471681
vt 0.440505 0.522129
vt 0.371535 0.072639
vt 0.480560 0.523475
vt 0.460135 0.529731
vt 0.294840 0.480821
vt 0.301731 0.471843
vt 0.314858 0.479048
vt 0.303639 0.489912
vt 0.524238 0.250010
vt 0.524377 0.286218
vt 0.482445 0.305044
vt 0.479285 0.266648
vt 0.517522 0.732233
vt 0.294312 0.296311
vt 0.533933 0.746826
vt 0.512601 0.746156
vt 0.306646 0.753086
vt 0.307961 0.723084
vt 0.349503 0.740578
vt 0.345412 0.772494
vt 0.430178 0.367724
vt 0.389817 0.412929
vt 0.449912 0.833624
vt 0.404079 0.374229
vt 0.397384 0.848933
vt 0.441676 0.876906
vt 0.432869 0.892684
vt 0.387978 0.869383
vt 0.372305 0.891572
vt 0.423140 0.904993
vt 0.407851 0.491615
vt 0.378978 0.911602
vt 0.456010 0.465832
vt 0.404244 0.477130
vt 0.395045 0.463714
vt 0.440992 0.441915
vt 0.411597 0.722118
vt 0.471657 0.729443
vt 0.466626 0.753226
vt 0.405433 0.757137
vt 0.400999 0.800238
vt 0.459995 0.771998
vt 0.368133 0.353598
vt 0.371797 0.338395
vt 0.365186 0.318573
vt 0.426007 0.322179
vt 0.429758 0.206032
vt 0.369254 0.249664
vt 0.468197 0.674230
vt 0.403363 0.204704
vt 0.329869 0.504903
vt 0.398883 0.518040
vt 0.413064 0.533039
vt 0.353967 0.534347
vt 0.402249 0.647592
vt 0.435796 0.601304
vt 0.385418 0.172900
vt 0.455202 0.121145
vt 0.400320 0.112039
vt 0.413702 0.089681
vt 0.472979 0.087741
vt 0.495936 0.057498
vt 0.427046 0.073980
vt 0.396912 0.502010
vt 0.339206 0.489684
vt 0.535484 0.419839
vt 0.548369 0.470037
vt 0.519754 0.477312
vt 0.501511 0.440176
vt 0.349479 0.919099
vt 0.336262 0.907468
vt 0.264217 0.935978
vt 0.280118 0.890431
vt 0.307885 0.898471
vt 0.287397 0.931801
vt 0.525432 0.319027
vt 0.525304 0.344707
vt 0.484733 0.366279
vt 0.486120 0.339509
vt 0.353519 0.450084
vt 0.386919 0.427731
vt 0.387032 0.446033
vt 0.361584 0.434273
vt 0.492987 0.891238
vt 0.482862 0.867656
vt 0.440322 0.845802
vt 0.442463 0.859998
vt 0.396453 0.827137
vt 0.305496 0.797063
vt 0.306407 0.776583
vt 0.346319 0.797371
vt 0.346556 0.818942
vt 0.532404 0.177662
vt 0.527254 0.214285
vt 0.482959 0.228774
vt 0.490461 0.190957
vt 0.314644 0.295475
vt 0.317564 0.281964
vt 0.363709 0.268185
vt 0.360375 0.292808
vt 0.500883 0.705879
vt 0.517079 0.702092
vt 0.536277 0.721877
vt 0.514689 0.719613
vt 0.463018 0.689234
vt 0.468398 0.706719
vt 0.407214 0.688128
vt 0.308084 0.689928
vt 0.304776 0.657266
vt 0.349000 0.669873
vt 0.352828 0.704967
vt 0.298986 0.623327
vt 0.291944 0.585867
vt 0.332427 0.596904
vt 0.340955 0.634631
vt 0.468810 0.538787
vt 0.468428 0.555448
vt 0.434026 0.580021
vt 0.427678 0.554374
vt 0.358056 0.099428
vt 0.359591 0.116187
vt 0.487438 0.547545
vt 0.487340 0.530954
vt 0.395039 0.160460
vt 0.395424 0.138673
vt 0.445688 0.157583
vt 0.544371 0.103393
vt 0.538291 0.138458
vt 0.497896 0.151184
vt 0.506659 0.113557
vt 0.250521 0.467207
vt 0.570608 0.000000
vt 0.253459 0.452017
vt 0.252038 0.467416
vt 0.573063 0.015380
vt 0.570977 0.035600
vt 0.569397 0.035596
vt 0.571561 0.015680
vt 0.567511 0.059289
vt 0.565037 0.077417
vt 0.562559 0.077587
vt 0.565516 0.059177
vt 0.562194 0.099525
vt 0.557285 0.133503
vt 0.553958 0.133788
vt 0.559041 0.099708
vt 0.552005 0.172491
vt 0.548095 0.208564
vt 0.544374 0.208928
vt 0.548543 0.172776
vt 0.545586 0.243437
vt 0.544296 0.278718
vt 0.540752 0.279315
vt 0.541738 0.243930
vt 0.544002 0.310711
vt 0.544511 0.335820
vt 0.541045 0.336649
vt 0.540729 0.311494
vt 0.545666 0.357550
vt 0.547516 0.378910
vt 0.544053 0.379984
vt 0.541979 0.358551
vt 0.551476 0.411187
vt 0.561050 0.467021
vt 0.559247 0.467296
vt 0.548475 0.412190
vt 0.572411 0.522838
vt 0.578377 0.555794
vt 0.576942 0.555418
vt 0.570568 0.522746
vt 0.580060 0.572736
vt 0.244722 1.000000
vt 0.574028 0.586541
vt 0.578887 0.572270
vt 0.241283 0.985200
vt 0.244779 0.968688
vt 0.246233 0.968424
vt 0.242501 0.984856
vt 0.253509 0.937668
vt 0.267715 0.886664
vt 0.269448 0.887222
vt 0.255359 0.937701
vt 0.278914 0.836358
vt 0.283637 0.807205
vt 0.287068 0.808338
vt 0.281876 0.837441
vt 0.285901 0.787795
vt 0.287399 0.768076
vt 0.290861 0.768926
vt 0.289568 0.788839
vt 0.288214 0.745297
vt 0.288117 0.716240
vt 0.291673 0.716803
vt 0.291495 0.746066
vt 0.286755 0.684178
vt 0.283923 0.652510
vt 0.287645 0.652766
vt 0.290614 0.684597
vt 0.279352 0.619148
vt 0.272880 0.581760
vt 0.276200 0.581935
vt 0.282806 0.619312
vt 0.266516 0.548644
vt 0.262285 0.527631
vt 0.264791 0.527623
vt 0.269677 0.548660
vt 0.258683 0.510514
vt 0.253805 0.487127
vt 0.255347 0.487081
vt 0.260666 0.510286
vt 0.821580 0.506699
vt 0.826631 0.483420
vt 0.813062 0.545099
vt 0.817685 0.524047
vt 0.800694 0.615886
vt 0.806902 0.578434
vt 0.793581 0.681244
vt 0.796216 0.649387
vt 0.793282 0.742713
vt 0.792830 0.713455
vt 0.795652 0.785460
vt 0.794152 0.765563
vt 0.803764 0.834015
vt 0.798323 0.804933
vt 0.831165 0.934198
vt 0.816634 0.883761
vt 0.844408 0.981228
vt 0.840546 0.964860
vt 0.001128 0.571956
vt 0.841306 0.995963
vt 0.010688 0.522668
vt 0.003491 0.555191
vt 0.035621 0.412552
vt 0.023430 0.467443
vt 0.043490 0.359072
vt 0.040865 0.380443
vt 0.046016 0.312071
vt 0.045019 0.337205
vt 0.046785 0.244508
vt 0.046838 0.279904
vt 0.041926 0.173200
vt 0.045101 0.209452
vt 0.033439 0.099882
vt 0.037578 0.134075
vt 0.028152 0.059264
vt 0.030563 0.077713
vt 0.023329 0.015595
vt 0.024937 0.035570
vt 0.829717 0.463713
vt 0.026030 0.000387
vt 0.368562 0.136001
vt 0.354781 0.137069
vt 0.460767 0.575467
vt 0.384572 0.601497
vt 0.373595 0.566538
vt 0.331319 0.267347
vt 0.424654 0.248521
vt 0.420292 0.284941
vt 0.474901 0.883394
vt 0.473816 0.896385
vt 0.467536 0.867818
vt 0.433637 0.395952
vt 0.432318 0.419444
vt 0.311466 0.927812
vt 0.491735 0.484232
vt 0.385339 0.080689
vt 0.366128 0.089673
vt 0.319345 0.310465
vt 0.334104 0.324895
vt 0.512430 0.765653
vt 0.497637 0.759723
vt 0.375785 0.483539
vt 0.458349 0.925788
vt 0.450909 0.913211
vt 0.465207 0.907892
vt 0.521420 0.041233
vt 0.529635 0.031596
vt 0.292565 0.947669
vt 0.534106 0.554194
vt 0.281496 0.962959
vt 0.542140 0.546225
vt 0.223101 0.141404
vt 0.607807 0.574298
vt 0.622019 0.573963
vt 0.698540 0.599180
vt 0.709146 0.564108
vt 0.256784 0.273686
vt 0.163929 0.252332
vt 0.167309 0.288853
vt 0.610980 0.881949
vt 0.612190 0.894929
vt 0.618195 0.866304
vt 0.151010 0.399458
vt 0.151702 0.422971
vt 0.774857 0.924801
vt 0.090611 0.486189
vt 0.207834 0.085658
vt 0.226794 0.095161
vt 0.267594 0.317110
vt 0.252452 0.331137
vt 0.267114 0.336786
vt 0.587039 0.758554
vt 0.206570 0.488580
vt 0.214692 0.500649
vt 0.635258 0.911534
vt 0.620910 0.906353
vt 0.072844 0.042519
vt 0.064871 0.032650
vt 0.798122 0.968700
vt 0.793933 0.944487
vt 0.805158 0.959684
vt 0.038595 0.546865
vt 0.801719 0.457814
vt 0.779991 0.468673
vt 0.033037 0.003419
vt 0.027210 0.571975
vt 0.046437 0.555025
vt 0.835014 0.992770
vt 0.779346 0.950686
vt 0.080525 0.513345
vt 0.605730 0.917109
vt 0.627941 0.924182
vt 0.245195 0.477742
vt 0.601681 0.522183
vt 0.221851 0.077985
vt 0.594979 0.529733
vt 0.766910 0.476028
vt 0.742676 0.486916
vt 0.550613 0.746027
vt 0.292999 0.303635
vt 0.572307 0.764634
vt 0.635490 0.831942
vt 0.602867 0.866289
vt 0.181178 0.378562
vt 0.174302 0.495802
vt 0.707167 0.909221
vt 0.217661 0.358913
vt 0.615613 0.672771
vt 0.567013 0.701125
vt 0.186447 0.209132
vt 0.205250 0.177834
vt 0.236848 0.142847
vt 0.685102 0.499841
vt 0.736737 0.916428
vt 0.592970 0.889967
vt 0.548017 0.721104
vt 0.595056 0.546324
vt 0.543287 0.011189
vt 0.522190 0.023070
vt 0.260755 0.454481
vt 0.268403 0.986984
vt 0.288592 0.971924
vt 0.568112 0.582586
vt 0.517676 0.533277
vt 0.325946 0.935091
vt 0.345634 0.485879
vt 0.489951 0.905399
vt 0.367346 0.495390
vt 0.345220 0.085104
vt 0.339038 0.093155
vt 0.453594 0.513163
vt 0.509528 0.031082
vt 0.485731 0.042991
vt 0.298226 0.310121
vt 0.319295 0.330148
vt 0.538210 0.733381
vt 0.381250 0.400538
vt 0.428408 0.807151
vt 0.346662 0.433644
vt 0.418981 0.919746
vt 0.448975 0.483792
vt 0.464004 0.787731
vt 0.364500 0.234882
vt 0.429734 0.644965
vt 0.315394 0.264033
vt 0.446984 0.613251
vt 0.474982 0.575652
vt 0.428094 0.057937
vt 0.478832 0.492885
vt 0.335472 0.457097
vt 0.296452 0.284641
vt 0.340352 0.109778
vt 0.569221 0.000398
vt 0.829524 0.448052
vt 0.245808 0.999573
vt 0.004553 0.586797
vt 0.005543 0.586342
vt 0.828186 0.448339
vt 0.024719 0.000000
vt 0.252049 0.451702
vt 0.021899 0.015305
vt 0.023433 0.035559
vt 0.026240 0.059332
vt 0.028215 0.077519
vt 0.030428 0.099698
vt 0.041552 0.209088
vt 0.043115 0.244021
vt 0.021798 0.467168
vt 0.008928 0.522662
vt 0.842333 0.996328
vt 0.575062 0.587080
vt 0.845565 0.981501
vt 0.841925 0.965040
vt 0.832926 0.934101
vt 0.801617 0.803897
vt 0.799166 0.784504
vt 0.810066 0.578309
vt 0.816080 0.545125
vt 0.828093 0.483473
vt 0.831166 0.463533
vt 0.041724 0.336413
vt 0.039975 0.358106
vt 0.796220 0.712961
vt 0.797271 0.680880
vt 0.002118 0.555452
vt 0.000000 0.572326
vt 0.818190 0.883239
vt 0.806609 0.833013
vt 0.037559 0.379416
vt 0.032756 0.411584
vt 0.797458 0.764796
vt 0.796416 0.742022
vt 0.043468 0.279329
vt 0.042904 0.311322
vt 0.799771 0.649180
vt 0.803990 0.615767
vt 0.820064 0.524064
vt 0.823478 0.506909
vt 0.034410 0.133796
vt 0.038626 0.172917
vn -0.418939 -0.707041 0.569722
vn -0.343458 -0.930860 -0.124647
vn -0.311330 -0.942902 -0.118365
vn -0.387604 -0.736475 0.554407
vn -0.129275 0.113456 0.985097
vn -0.250176 -0.113650 0.961507
vn -0.231756 -0.193324 0.953370
vn -0.170675 0.000931 0.985327
vn -0.218874 0.159999 0.962546
vn -0.131361 0.210012 0.968834
vn -0.186335 0.101720 0.977206
vn -0.229818 0.112512 0.966708
vn 0.139993 0.391114 0.909633
vn 0.122387 0.362807 0.923793
vn 0.151110 0.371727 0.915961
vn 0.178749 0.386820 0.904665
vn 0.986662 0.046308 0.156059
vn 0.479032 0.413157 0.774487
vn 0.522783 0.343871 0.780033
vn 0.975769 0.019193 0.217958
vn 0.492721 -0.431266 -0.755801
vn 0.901253 -0.244996 -0.357379
vn 0.899720 -0.281900 -0.333221
vn 0.463698 -0.481608 -0.743665
vn -0.293036 -0.415026 -0.861327
vn -0.243042 -0.440547 -0.864204
vn -0.159480 -0.502309 -0.849854
vn -0.200593 -0.461955 -0.863921
vn -0.136745 -0.279772 -0.950278
vn -0.181875 -0.321498 -0.929280
vn -0.184694 -0.324795 -0.927575
vn -0.165008 -0.304570 -0.938088
vn 0.178636 -0.006175 -0.983896
vn 0.173965 -0.064785 -0.982618
vn 0.184615 -0.056474 -0.981187
vn 0.179786 -0.068645 -0.981308
vn -0.130361 -0.632913 -0.763170
vn 0.140538 -0.056899 -0.988439
vn 0.156597 -0.139397 -0.977776
vn -0.107751 -0.664799 -0.739210
vn 0.705955 0.115159 0.698831
vn 0.904960 -0.361362 -0.224647
vn 0.853762 -0.492201 -0.169789
vn 0.868357 -0.073755 0.490424
vn 0.515766 0.045755 0.855507
vn 0.747029 -0.664497 0.019799
vn 0.945218 -0.238665 -0.222713
vn 0.673931 0.252690 0.694236
vn -0.297794 -0.697128 -0.652174
vn 0.064733 -0.372071 -0.925944
vn -0.139254 -0.986832 -0.082283
vn -0.480049 -0.864214 -0.150618
vn -0.080468 -0.845330 -0.528150
vn 0.077579 -0.531732 -0.843352
vn -0.213087 -0.972050 -0.098548
vn -0.183597 -0.978619 -0.092720
vn -0.014885 0.253571 0.967202
vn -0.065455 0.214251 0.974583
vn -0.034232 0.232010 0.972111
vn 0.018398 0.272862 0.961877
vn 0.168779 -0.345114 -0.923260
vn 0.344047 -0.204365 -0.916442
vn 0.956148 -0.292850 0.004463
vn 0.692290 -0.715173 0.096241
vn 0.075413 -0.118628 -0.990071
vn 0.017045 -0.160478 -0.986892
vn 0.000065 -0.181491 -0.983393
vn 0.049280 -0.142519 -0.988564
vn 0.143525 0.214492 0.966123
vn 0.746151 -0.656172 0.112684
vn -0.253070 -0.915201 0.313629
vn -0.018400 -0.328938 0.944172
vn -0.210337 -0.308489 -0.927681
vn -0.186595 -0.292241 -0.937965
vn -0.159500 -0.272484 -0.948848
vn -0.213321 -0.348901 -0.912558
vn 0.068587 -0.210310 -0.975226
vn 0.806538 0.397959 -0.437180
vn 0.693478 0.554428 -0.460106
vn 0.184851 0.060947 -0.980875
vn 0.451081 0.450878 0.770218
vn 0.229648 0.377351 0.897145
vn 0.350014 0.370201 0.860489
vn 0.616509 0.596684 0.513697
vn 0.012144 -0.147716 -0.988955
vn -0.001938 -0.176652 -0.984272
vn 0.049163 -0.159867 -0.985914
vn 0.009836 -0.172050 -0.985039
vn 0.000535 -0.303927 -0.952695
vn 0.961965 0.225893 -0.153609
vn 0.374651 -0.052698 -0.925667
vn 0.030598 0.225990 0.973649
vn 0.129532 0.193694 0.972473
vn 0.473841 0.294559 0.829885
vn -0.108779 0.000832 0.994066
vn 0.294588 -0.947651 0.123189
vn -0.312458 -0.948511 0.051933
vn -0.222837 -0.371306 0.901374
vn -0.020467 -0.425863 -0.904556
vn 0.168135 -0.040751 -0.984921
vn 0.152741 -0.068286 -0.985904
vn -0.137783 -0.477760 -0.867619
vn 0.204862 -0.174835 -0.963050
vn 0.978977 -0.109156 0.172305
vn 0.580070 -0.008826 -0.814519
vn -0.218211 0.037030 0.975199
vn -0.234812 -0.022711 0.971775
vn -0.254708 -0.134868 0.957567
vn -0.186474 -0.055028 0.980918
vn -0.370709 -0.446992 0.814109
vn -0.431734 -0.890855 -0.141358
vn -0.489205 -0.858789 -0.152188
vn -0.471838 -0.548400 0.690382
vn 0.203374 0.443478 0.872907
vn 0.150209 0.417823 0.896025
vn 0.206972 0.390021 0.897244
vn 0.275853 0.395848 0.875905
vn 0.148009 -0.402651 -0.903308
vn 0.943333 -0.054880 -0.327278
vn -0.218865 -0.366922 -0.904139
vn -0.241786 -0.395945 -0.885871
vn -0.174658 -0.412805 -0.893916
vn -0.180602 -0.359249 -0.915600
vn 0.090980 0.338944 0.936397
vn 0.044296 0.304994 0.951324
vn 0.074874 0.323220 0.943357
vn 0.122518 0.360263 0.924770
vn 0.275174 0.285468 0.918035
vn 0.184778 0.163634 0.969062
vn 0.279473 -0.201291 0.938817
vn -0.142847 -0.624890 0.767533
vn -0.230737 -0.908483 0.348452
vn 0.303424 -0.922026 0.240421
vn -0.185747 -0.350243 -0.918056
vn -0.253044 -0.440353 -0.861428
vn -0.336354 -0.800311 -0.496355
vn -0.034400 -0.194412 -0.980317
vn -0.089222 -0.239900 -0.966689
vn -0.121601 -0.296224 -0.947346
vn -0.046264 -0.225899 -0.973052
vn -0.119268 0.175453 0.977237
vn -0.180178 0.135598 0.974243
vn -0.149630 0.149675 0.977348
vn -0.089379 0.193522 0.977016
vn 0.210434 -0.056545 0.975971
vn 0.026256 0.129250 0.991264
vn -0.061774 0.025496 0.997764
vn -0.008945 -0.276831 0.960877
vn -0.297883 -0.796318 -0.526444
vn -0.014748 -0.525533 -0.850645
vn 0.164307 -0.976164 0.141798
vn -0.329469 -0.938845 0.100101
vn 0.054251 -0.153457 -0.986665
vn -0.002282 -0.217829 -0.975984
vn -0.134476 -0.570092 -0.810500
vn 0.193968 -0.031078 -0.980515
vn 0.138103 -0.071287 -0.987849
vn 0.109625 -0.115284 -0.987265
vn 0.183677 -0.057904 -0.981280
vn 0.211700 -0.044026 -0.976343
vn 0.223579 -0.017517 -0.974528
vn 0.219543 -0.020789 -0.975381
vn 0.215788 -0.022083 -0.976191
vn 0.369238 -0.213458 -0.904488
vn 0.220140 0.001888 -0.975467
vn 0.292313 0.010545 -0.956265
vn 0.567927 -0.098554 -0.817157
vn -0.023080 -0.297237 0.954525
vn 0.583671 -0.807790 0.082480
vn 0.898577 -0.403230 0.173102
vn 0.190759 -0.171460 0.966547
vn -0.197480 0.049455 0.979059
vn -0.107497 -0.023895 0.993918
vn 0.205750 -0.014195 0.978502
vn -0.239165 0.098172 0.966003
vn -0.264104 0.093866 0.959916
vn -0.246581 0.088053 0.965114
vn -0.208178 0.109306 0.971964
vn -0.558611 -0.080942 -0.825471
vn -0.968419 -0.124589 -0.215969
vn -0.972472 -0.089918 -0.214973
vn -0.586707 -0.048242 -0.808361
vn -0.848424 -0.153254 0.506645
vn -0.277706 -0.078102 0.957486
vn -0.348972 -0.042428 0.936172
vn -0.867422 -0.118209 0.483328
vn -0.031026 -0.012958 0.999435
vn 0.062809 -0.040404 0.997207
vn -0.056010 -0.066307 0.996226
vn -0.149914 -0.025877 0.988360
vn 0.247284 0.137813 0.959092
vn 0.279298 0.160471 0.946701
vn 0.296193 0.184511 0.937137
vn 0.277180 0.161070 0.947221
vn 0.382708 0.211651 0.899299
vn 0.434840 0.469770 0.768264
vn 0.378722 0.529892 0.758804
vn 0.355226 0.293310 0.887572
vn 0.279559 0.958656 0.053156
vn 0.033631 0.874316 -0.484190
vn -0.004987 0.885093 -0.465387
vn 0.243519 0.963568 0.110614
vn -0.206480 0.470027 -0.858161
vn -0.391278 -0.249444 -0.885821
vn -0.430857 -0.151767 -0.889567
vn -0.263344 0.456717 -0.849741
vn -0.309881 -0.249349 -0.917496
vn -0.254299 -0.228283 -0.939797
vn -0.258356 -0.229808 -0.938318
vn -0.291493 -0.215773 -0.931920
vn 0.117995 0.076808 -0.990039
vn 0.089101 0.044648 -0.995021
vn 0.099499 0.053234 -0.993613
vn 0.139940 0.075640 -0.987267
vn 0.146646 0.034905 -0.988573
vn 0.088605 0.009814 -0.996018
vn 0.011975 0.046582 -0.998843
vn 0.086441 0.051450 -0.994928
vn 0.214003 0.750847 0.624846
vn 0.096214 0.921837 0.375446
vn -0.236446 0.914195 -0.329150
vn -0.091610 0.924336 -0.370418
vn 0.082532 0.604667 0.792191
vn 0.339259 0.684434 0.645332
vn 0.036295 0.933956 -0.355541
vn -0.449838 0.879533 -0.155135
vn -0.674820 -0.210763 -0.707246
vn -0.936431 -0.275445 -0.217316
vn -0.974658 0.090901 -0.204400
vn -0.240142 0.021258 -0.970505
vn -0.776132 0.051231 -0.628486
vn -0.976944 0.045244 -0.208646
vn -0.977536 0.014214 -0.210290
vn -0.401106 0.083443 -0.912223
vn 0.032060 -0.019283 0.999300
vn 0.083271 0.022719 0.996268
vn 0.108686 0.047819 0.992925
vn 0.057177 0.004781 0.998353
vn -0.187980 0.115132 -0.975402
vn -0.520806 0.849818 -0.081056
vn -0.037711 0.989316 -0.140822
vn -0.008764 0.250763 -0.968009
vn -0.089147 -0.124218 -0.988242
vn -0.042671 -0.083844 -0.995565
vn -0.067569 -0.094493 -0.993230
vn -0.123215 -0.126895 -0.984234
vn 0.137650 0.222337 0.965204
vn -0.423748 0.193630 0.884842
vn -0.977990 0.020036 0.207688
vn -0.452042 0.889802 -0.062536
vn -0.249186 -0.258521 -0.933313
vn -0.290345 -0.249539 -0.923813
vn -0.199246 -0.221205 -0.954657
vn -0.226311 -0.240957 -0.943781
vn -0.077687 -0.019891 -0.996779
vn 0.212673 0.025461 -0.976792
vn 0.759733 0.468972 -0.450413
vn 0.635600 0.618412 -0.462146
vn 0.465003 0.434002 0.771631
vn 0.674847 0.521701 0.521928
vn 0.351398 0.368533 0.860641
vn 0.323658 0.256239 0.910817
vn -0.031278 -0.091854 -0.995281
vn -0.055590 -0.087673 -0.994597
vn -0.033745 -0.052902 -0.998029
vn -0.063159 -0.097706 -0.993209
vn -0.188409 -0.060128 -0.980248
vn 0.145860 0.242826 -0.959041
vn 0.479227 0.848577 -0.224182
vn 0.313713 0.501441 0.806313
vn 0.113328 0.214655 0.970093
vn 0.119093 0.111952 0.986551
vn -0.135215 0.034990 0.990198
vn -0.511893 0.001361 0.859048
vn -0.996674 -0.065796 -0.048075
vn -0.848514 0.527348 -0.043916
vn -0.316816 -0.044885 -0.947425
vn -0.399830 -0.139844 -0.905858
vn 0.080670 0.024642 -0.996436
vn 0.110904 0.033004 -0.993283
vn -0.011290 0.103749 -0.994539
vn 0.228230 0.445314 -0.865798
vn 0.126166 0.990864 0.047648
vn -0.126173 -0.081681 0.988640
vn -0.207241 -0.028256 0.977882
vn -0.298834 -0.078007 0.951111
vn -0.187523 -0.083785 0.978680
vn -0.613398 -0.135008 0.778148
vn -0.722488 -0.225100 0.653714
vn -0.933391 -0.285742 -0.217100
vn -0.950711 -0.221293 -0.217205
vn 0.312214 0.168551 0.934940
vn 0.341891 0.169971 0.924240
vn 0.329719 0.231283 0.915311
vn 0.318724 0.205875 0.925219
vn 0.223660 0.873447 -0.432513
vn -0.249974 0.113632 -0.961562
vn -0.379720 -0.302994 -0.874075
vn -0.345550 -0.261808 -0.901139
vn -0.343710 -0.194029 -0.918812
vn -0.400925 -0.202906 -0.893358
vn 0.134811 0.060862 0.989000
vn 0.201184 0.103215 0.974100
vn 0.227531 0.126789 0.965481
vn 0.162539 0.087153 0.982846
vn -0.224182 0.448507 0.865207
vn 0.098830 0.274437 0.956513
vn 0.244586 0.324966 0.913551
vn -0.720368 0.120121 0.683111
vn -0.834508 0.545987 0.074120
vn -0.969627 0.044745 0.240462
vn -0.800904 -0.201182 -0.563985
vn -0.393956 -0.258637 -0.881990
vn -0.284267 -0.223541 -0.932321
vn -0.200607 -0.197897 -0.959476
vn -0.148400 -0.164102 -0.975217
vn -0.212907 -0.178862 -0.960562
vn -0.232950 -0.217305 -0.947899
vn -0.071669 -0.117562 0.990476
vn -0.021419 -0.068661 0.997410
vn -0.000272 -0.042535 0.999095
vn -0.053488 -0.089932 0.994511
vn -0.106817 0.352735 0.929606
vn -0.372804 0.192603 0.907701
vn -0.099900 0.074653 0.992193
vn 0.022998 0.133484 0.990784
vn -0.783818 -0.169451 -0.597424
vn -0.996972 -0.077726 0.002539
vn -0.911306 0.411442 -0.015388
vn -0.416058 -0.007791 -0.909305
vn -0.494017 -0.106527 -0.862901
vn -0.103678 -0.087088 -0.990791
vn -0.026403 -0.049713 -0.998415
vn 0.012733 -0.038257 -0.999187
vn 0.073985 0.010946 -0.997199
vn 0.024340 -0.005663 -0.999688
vn -0.017037 -0.057316 -0.998211
vn 0.126195 0.056057 -0.990420
vn 0.146250 0.082128 -0.985833
vn 0.142034 0.079072 -0.986699
vn 0.097776 0.052645 -0.993815
vn -0.012369 0.278827 -0.960262
vn 0.139232 0.454465 -0.879816
vn 0.188818 0.144077 -0.971385
vn 0.164165 0.074072 -0.983648
vn -0.395349 0.183016 0.900113
vn -0.221236 0.360015 0.906335
vn -0.176824 0.984114 0.015924
vn -0.636020 0.765702 -0.095806
vn -0.067587 0.338704 0.938462
vn -0.158578 0.042023 0.986452
vn -0.109340 -0.064171 0.991931
vn -0.006897 -0.113376 0.993528
vn -0.081635 -0.141370 0.986585
vn -0.083036 -0.122742 0.988959
vn -0.055489 -0.112239 0.992131
vn -0.312301 -0.325141 -0.892609
vn -0.777270 -0.596463 -0.200210
vn -0.962909 -0.160717 -0.216739
vn -0.520482 -0.080772 -0.850043
vn -0.643772 -0.407647 0.647597
vn -0.251457 -0.083296 0.964278
vn -0.282120 -0.066110 0.957099
vn -0.822484 -0.158671 0.546209
vn -0.048387 0.073472 0.996123
vn 0.026902 0.128697 0.991319
vn 0.092300 0.017631 0.995575
vn -0.020960 0.018931 0.999601
vn -0.097649 0.033976 0.994641
vn -0.181539 -0.029940 0.982928
vn -0.118055 -0.105174 0.987422
vn -0.014666 -0.064227 0.997828
vn -0.176052 -0.024862 0.984067
vn -0.127370 0.013782 0.991760
vn -0.074953 -0.044622 0.996188
vn -0.120873 -0.089269 0.988646
vn -0.068293 0.060087 0.995854
vn -0.010701 0.104698 0.994446
vn 0.036014 0.050032 0.998098
vn -0.019683 0.005378 0.999792
vn 0.038894 0.142731 0.988997
vn 0.094956 0.184773 0.978183
vn 0.143910 0.130145 0.980995
vn 0.085609 0.088542 0.992387
vn 0.144939 0.221723 0.964278
vn 0.194080 0.257377 0.946621
vn 0.241433 0.194198 0.950788
vn 0.195040 0.165477 0.966735
vn 0.231855 0.282307 0.930885
vn 0.259005 0.300417 0.917969
vn 0.296239 0.245103 0.923129
vn 0.273731 0.226749 0.934696
vn 0.310258 0.332957 0.890438
vn 0.451416 0.441049 0.775692
vn 0.423577 0.502865 0.753465
vn 0.341805 0.281659 0.896570
vn 0.754702 0.637196 0.156225
vn 0.640581 0.475368 -0.603059
vn 0.079918 0.860420 -0.503280
vn 0.302320 0.952483 0.037129
vn 0.126684 0.020484 -0.991732
vn -0.330251 -0.348516 -0.877195
vn -0.394930 -0.243692 -0.885801
vn -0.184722 0.466115 -0.865225
vn -0.347126 -0.360607 -0.865717
vn -0.298057 -0.328366 -0.896291
vn -0.320597 -0.297781 -0.899191
vn -0.362566 -0.332579 -0.870595
vn -0.262483 -0.304116 -0.915760
vn -0.204577 -0.264914 -0.942321
vn -0.226417 -0.235931 -0.945025
vn -0.286145 -0.274886 -0.917910
vn -0.144294 -0.221321 -0.964467
vn -0.095186 -0.185002 -0.978117
vn -0.113678 -0.168835 -0.979067
vn -0.165358 -0.203226 -0.965068
vn -0.039014 -0.142907 -0.988967
vn 0.010672 -0.104810 -0.994435
vn -0.008259 -0.088133 -0.996074
vn -0.056297 -0.128054 -0.990168
vn 0.067974 -0.060426 -0.995855
vn 0.127842 -0.013523 -0.991702
vn 0.106026 0.007259 -0.994337
vn 0.047686 -0.042312 -0.997966
vn 0.176501 0.025158 -0.983979
vn 0.193207 0.038891 -0.980387
vn 0.166277 0.069750 -0.983609
vn 0.153621 0.049828 -0.986873
vn 0.159257 0.013001 -0.987152
vn 0.101198 -0.032089 -0.994349
vn 0.070268 0.019239 -0.997343
vn 0.121424 0.055934 -0.991024
vn 0.145959 0.002075 -0.989289
vn 0.121800 -0.015335 -0.992436
vn 0.084694 0.020038 -0.996206
vn 0.131339 0.028341 -0.990932
vn 0.168743 -0.019748 -0.985462
vn 0.149121 -0.063311 -0.986790
vn 0.192741 -0.036427 -0.980573
vn 0.144946 -0.077358 -0.986411
vn 0.194977 -0.003126 -0.980803
vn 0.216901 0.004518 -0.976183
vn 0.080681 -0.084181 -0.993179
vn 0.142778 -0.039550 -0.988964
vn -0.029111 -0.162509 -0.986278
vn 0.022148 -0.126726 -0.991690
vn -0.131940 -0.245732 -0.960316
vn -0.084137 -0.206256 -0.974874
vn -0.237122 -0.337952 -0.910803
vn -0.181181 -0.293669 -0.938580
vn -0.317969 -0.390662 -0.863875
vn -0.270579 -0.362437 -0.891867
vn 0.496454 -0.407300 -0.766577
vn -0.238376 -0.444728 -0.863362
vn 0.988494 0.069502 0.134350
vn 0.901771 -0.195559 -0.385442
vn 0.260829 0.386891 0.884468
vn 0.511309 0.391821 0.764879
vn 0.185361 0.340725 0.921709
vn 0.210776 0.355582 0.910568
vn 0.102638 0.284021 0.953309
vn 0.143846 0.319571 0.936580
vn -0.002032 0.200966 0.979596
vn 0.054028 0.245344 0.967929
vn -0.109636 0.120713 0.986615
vn -0.052289 0.163334 0.985184
vn -0.225147 0.044850 0.973292
vn -0.171378 0.079150 0.982021
vn -0.174369 0.142552 0.974307
vn -0.239435 0.051454 0.969548
vn -0.096103 0.115604 0.988635
vn -0.067832 0.224718 0.972060
vn -0.423831 -0.675237 0.603674
vn -0.240143 -0.121013 0.963165
vn -0.120219 -0.599875 -0.791010
vn -0.380294 -0.915431 -0.131771
vn 0.033100 0.699008 0.714347
vn 0.175425 0.981671 0.074485
vn 0.288544 0.759646 -0.582821
vn 0.161030 0.084063 -0.983363
vn 0.172348 0.059009 -0.983267
vn -0.793311 -0.050789 0.606695
vn -0.028367 0.013592 0.999505
vn 0.055786 0.056391 0.996849
vn -0.693126 -0.063544 -0.718010
vn -0.441162 0.037358 -0.896650
vn -0.959189 -0.169466 -0.226359
vn 0.201110 0.189350 0.961094
vn 0.279235 0.221445 0.934339
vn -0.384980 0.297960 -0.873505
vn 0.339951 0.537079 0.771998
vn -0.901874 -0.267681 0.339072
vn -0.611341 -0.068061 0.788435
vn 0.098935 0.510887 0.853936
vn 0.414829 0.742378 0.526111
vn 0.428089 0.883187 -0.191624
vn 0.311576 0.522137 -0.793910
vn 0.713876 0.646851 0.268263
vn 0.613600 0.637698 -0.465657
vn 0.314574 0.198042 -0.928344
vn -0.180125 0.105311 -0.977990
vn -0.717881 0.006700 0.696134
vn -0.967161 0.003301 0.254141
vn -0.460085 0.414570 -0.785146
vn -0.159042 0.908190 -0.387165
vn -0.319259 0.657539 -0.682434
vn 0.025400 0.999523 -0.017545
vn 0.602249 -0.035251 0.797529
vn 0.979782 -0.056041 0.192061
vn 0.866891 0.013513 -0.498314
vn 0.228814 -0.003394 -0.973464
vn 0.207707 0.013442 -0.978099
vn -0.317364 -0.664780 0.676275
vn -0.102970 0.109688 0.988618
vn -0.040060 0.179890 0.982871
vn -0.159869 -0.751531 -0.640034
vn 0.020852 -0.558677 -0.829123
vn -0.383056 -0.912713 -0.142207
vn 0.128644 0.282680 0.950549
vn 0.182354 0.346279 0.920238
vn 0.280425 -0.563877 -0.776791
vn 0.517362 0.306790 0.798884
vn -0.524324 -0.754736 0.394281
vn -0.307294 -0.460324 0.832870
vn 0.423145 0.092655 0.901312
vn 0.761852 0.294688 0.576837
vn 0.978644 0.172914 -0.111164
vn 0.667564 0.062860 -0.741894
vn 0.774508 0.568640 0.277103
vn 0.819980 0.371433 -0.435512
vn 0.371619 0.124460 -0.920005
vn 0.161656 -0.335567 -0.928042
vn -0.252529 -0.591949 0.765392
vn -0.271913 -0.893600 0.357130
vn 0.874119 -0.424366 -0.236283
vn 0.364136 -0.651473 -0.665573
vn 0.623752 -0.559821 -0.545467
vn 0.968789 -0.216334 0.121024
s 1
g holly holly_leaf1
usemtl initialShadingGroup
f 1578/1805/1443 1579/2345/1444 1980/1807/1445 1599/1808/1446
f 1577/1809/1447 1580/1810/1448 1979/1811/1449 1600/1812/1450
f 1576/1813/1451 1581/1814/1452 1978/1815/1453 1743/1816/1454
f 1571/1817/1455 1586/1818/1456 1977/1819/1457 1606/1820/1458
f 1569/1821/1459 1588/1822/1460 1976/1823/1461 1608/1824/1462
f 1568/1825/1463 1589/2348/1464 1975/1827/1465 1609/1828/1466
f 1567/1829/1467 1590/1830/1468 1974/1831/1469 1776/1832/1470
f 1565/1833/1471 1592/1834/1472 1973/1835/1473 1765/1836/1474
f 1560/1837/1475 1597/1838/1476 1972/1839/1477 1617/1840/1478
f 1559/1841/1479 1598/1842/1480 1971/1843/1481 1618/1844/1482
f 1480/1845/1483 1777/2350/1484 1970/1847/1485 1781/1848/1486
f 1485/1849/1487 1769/2353/1488 1969/1851/1489 1772/1852/1490
f 1476/1853/1491 1750/1854/1492 1968/2354/1493 1783/1856/1494
f 1444/1857/1495 1817/1858/1496 1967/2357/1497 1835/2344/1498
f 1573/1861/1499 1584/1862/1500 1966/1863/1501 1604/1864/1502
f 1492/1865/1503 1796/1866/1504 1965/2359/1505 1758/1868/1506
f 1563/1869/1507 1594/1870/1508 1964/1871/1509 1754/1872/1510
f 1464/1873/1511 1808/2364/1512 1963/1875/1513 1806/1876/1514
f 1487/1877/1515 1821/1878/1516 1962/1879/1517 1767/1880/1518
f 1458/1881/1519 1816/2366/1520 1961/1883/1521 1803/1884/1522
f 1452/1885/1523 1774/1886/1524 1960/1887/1525 1801/1888/1526
f 1493/1889/1527 1811/1890/1528 1959/1891/1529 1756/1892/1530
f 1465/1893/1531 1808/1874/1512 1958/1894/1532 1798/1895/1533
f 1464/1873/1511 1763/1896/1534 1957/1897/1535 1795/1898/1536
f 1450/1899/1537 1815/2370/1538 1956/1901/1539 1793/1902/1540
f 1462/1903/1541 1752/1904/1542 1955/1905/1543 1789/1906/1544
f 1460/1907/1545 1815/1900/1538 1954/1908/1546 1790/1909/1547
f 1499/1910/1548 1831/1911/1549 1953/1912/1550 1745/1913/1551
f 1448/1914/1552 1814/1915/1553 1952/1916/1554 1785/1917/1555
f 1570/1918/1556 1587/1919/1557 1951/1920/1558 1607/1921/1559
f 1458/1881/1519 1780/1922/1560 1950/2374/1561 1816/2366/1520
f 1566/1924/1562 1591/1925/1563 1949/1926/1564 1611/1927/1565
f 1572/1928/1566 1585/1929/1567 1948/1930/1568 1605/1931/1569
f 1485/1849/1487 1771/1932/1570 1947/1933/1571 1799/1934/1572
f 1467/1935/1573 1804/1936/1574 1946/1937/1575 1799/1934/1572
f 1465/1893/1531 1768/1938/1576 1945/1939/1577 1805/1940/1578
f 1564/1941/1579 1593/1942/1580 1944/1943/1581 1807/1944/1582
f 1574/1945/1583 1583/1946/1584 1943/1947/1585 1603/1948/1586
f 1491/1949/1587 1760/1950/1588 1942/1951/1589 1792/1952/1590
f 1472/1953/1591 1759/1954/1592 1941/2376/1593 1791/2369/1594
f 1460/1907/1545 1757/1957/1595 1940/1958/1596 1797/1959/1597
f 1562/1960/1598 1595/1961/1599 1939/1962/1600 1615/1963/1601
f 1561/1964/1602 1596/1965/1603 1938/1966/1604 1616/1967/1605
f 1497/1968/1606 1749/1969/1607 1937/1970/1608 1788/1971/1609
f 1498/1972/1610 1747/1973/1611 1936/1974/1612 1748/1975/1613
f 1450/1899/1537 1746/1976/1614 1935/1977/1615 1787/1978/1616
f 1575/1979/1617 1582/1980/1618 1934/1981/1619 1602/1982/1620
f 1539/1983/1621 1638/2380/1622 1933/1985/1623 1658/1986/1624
f 1540/1987/1625 1637/1988/1626 1932/1989/1627 1657/1990/1628
f 1541/1991/1629 1636/1992/1630 1931/1993/1631 1656/1994/1632
f 1546/1995/1633 1631/1996/1634 1930/1997/1635 1651/1998/1636
f 1548/1999/1637 1629/2000/1638 1929/2001/1639 1649/2002/1640
f 1549/2003/1641 1628/2383/1642 1928/2005/1643 1648/2006/1644
f 1550/2007/1645 1627/2008/1646 1927/2009/1647 1647/2010/1648
f 1552/2011/1649 1625/2012/1650 1926/2013/1651 1645/2014/1652
f 1557/2015/1653 1620/2016/1654 1925/2017/1655 1640/2018/1656
f 1558/2019/1657 1619/2020/1658 1924/2021/1659 1639/2022/1660
f 1525/2023/1661 1731/2024/1662 1923/2384/1663 1718/2026/1664
f 1528/2027/1665 1714/2028/1666 1922/2386/1667 1717/2030/1668
f 1522/2031/1669 1710/2391/1670 1921/2033/1671 1713/2034/1672
f 1501/2035/1673 1741/2036/1674 1920/2037/1675 1719/2038/1676
f 1544/2039/1677 1633/2040/1678 1919/2041/1679 1653/2042/1680
f 1533/2043/1681 1702/2396/1682 1918/2045/1683 1705/2046/1684
f 1554/2047/1685 1623/2048/1686 1917/2049/1687 1701/2050/1688
f 1511/2051/1689 1695/2052/1690 1916/2397/1691 1698/2054/1692
f 1530/2055/1693 1693/2056/1694 1915/2057/1695 1724/2058/1696
f 1508/2059/1697 1694/2060/1698 1914/2400/1699 1692/2062/1700
f 1505/2063/1701 1691/2064/1702 1913/2065/1703 1734/2066/1704
f 1534/2067/1705 1688/2068/1706 1912/2069/1707 1700/2070/1708
f 1512/2071/1709 1689/2072/1710 1911/2402/1711 1698/2398/1692
f 1511/2051/1689 1687/2074/1712 1910/2075/1713 1707/2076/1714
f 1504/2077/1715 1682/2078/1716 1909/2403/1717 1685/2080/1718
f 1510/2081/1719 1680/2082/1720 1908/2083/1721 1721/2084/1722
f 1509/2085/1723 1677/2086/1724 1907/2406/1725 1685/2404/1718
f 1538/2088/1726 1675/2089/1727 1906/2090/1728 1737/2091/1729
f 1503/2092/1730 1676/2093/1731 1905/2408/1732 1709/2393/1733
f 1547/2096/1734 1630/2097/1735 1904/2098/1736 1650/2099/1737
f 1508/2059/1697 1692/2062/1700 1903/2100/1738 1673/2101/1739
f 1551/2102/1740 1626/2103/1741 1902/2104/1742 1726/2105/1743
f 1545/2106/1744 1632/2107/1745 1901/2108/1746 1652/2109/1747
f 1528/2027/1665 1671/2110/1748 1900/2111/1749 1690/2112/1750
f 1513/2113/1751 1671/2110/1748 1899/2410/1752 1696/2399/1753
f 1512/2071/1709 1697/2116/1754 1898/2117/1755 1669/2118/1756
f 1553/2119/1757 1624/2120/1758 1897/2121/1759 1723/2122/1760
f 1543/2123/1761 1634/2124/1762 1896/2125/1763 1654/2126/1764
f 1532/2127/1765 1666/2128/1766 1895/2129/1767 1686/2130/1768
f 1518/2131/1769 1683/2132/1770 1894/2133/1771 1665/2134/1772
f 1509/2085/1723 1684/2135/1773 1893/2136/1774 1664/2137/1775
f 1555/2138/1776 1622/2139/1777 1892/2140/1778 1699/2141/1779
f 1556/2142/1780 1621/2143/1781 1891/2144/1782 1641/2145/1783
f 1536/2146/1784 1661/2147/1785 1890/2148/1786 1681/2149/1787
f 1537/2150/1788 1660/2151/1789 1889/2412/1790 1712/2390/1791
f 1504/2077/1715 1679/2154/1792 1888/2155/1793 1659/2156/1794
f 1542/2157/1795 1635/2158/1796 1887/2159/1797 1736/2160/1798
f 1443/2161/1799 1836/2420/1800 1886/2163/1801 1742/2164/1802
f 1445/2165/1803 1834/2166/1804 1885/2167/1805 1740/2168/1806
f 1447/2169/1807 1832/2170/1808 1884/2171/1809 1738/2172/1810
f 1500/2173/1811 1744/2174/1812 1883/2175/1813 1655/2176/1814
f 1449/2177/1815 1830/2178/1816 1882/2179/1817 1668/2180/1818
f 1489/2181/1819 1764/2182/1820 1881/2183/1821 1708/2184/1822
f 1463/2185/1823 1813/2186/1824 1880/2187/1825 1706/2188/1826
f 1483/2189/1827 1775/2190/1828 1879/2191/1829 1735/2192/1830
f 1451/2193/1831 1828/2194/1832 1878/2195/1833 1733/2196/1834
f 1479/2197/1835 1782/2198/1836 1877/2199/1837 1732/2200/1838
f 1453/2201/1839 1826/2431/1840 1876/2203/1841 1730/2204/1842
f 1455/2205/1843 1824/2206/1844 1875/2207/1845 1728/2208/1846
f 1482/2209/1847 1779/2210/1848 1874/2211/1849 1646/2212/1850
f 1457/2213/1851 1822/2214/1852 1873/2215/1853 1725/2216/1854
f 1488/2217/1855 1766/2218/1856 1872/2219/1857 1644/2220/1858
f 1466/2221/1859 1810/2222/1860 1871/2223/1861 1643/2224/1862
f 1494/2225/1863 1755/2226/1864 1870/2227/1865 1642/2228/1866
f 1459/2229/1867 1820/2230/1868 1869/2231/1869 1663/2232/1870
f 1495/2233/1871 1753/2234/1872 1868/2235/1873 1722/2236/1874
f 1461/2237/1875 1818/2238/1876 1867/2239/1877 1720/2240/1878
f 1461/2458/1875 1837/2241/1879 1866/2242/1880 1818/2439/1876
f 1495/2438/1871 1751/2243/1881 1865/2244/1882 1753/2457/1872
f 1459/2456/1867 1838/2245/1883 1864/2246/1884 1820/2437/1868
f 1494/2444/1863 1614/2247/1885 1863/2248/1886 1755/2455/1864
f 1466/2452/1859 1613/2249/1887 1862/2250/1888 1810/2443/1860
f 1488/2436/1855 1612/2251/1889 1861/2252/1890 1766/2451/1856
f 1457/2448/1851 1839/2253/1891 1860/2254/1892 1822/2435/1852
f 1482/2434/1847 1610/2255/1893 1859/2256/1894 1779/2447/1848
f 1455/2432/1843 1840/2257/1895 1858/2258/1896 1824/2433/1844
f 1453/2446/1839 1841/2259/1897 1857/2417/1898 1826/2416/1840
f 1479/2429/1835 1778/2261/1899 1856/2262/1900 1782/2445/1836
f 1451/2450/1831 1842/2263/1901 1855/2264/1902 1828/2428/1832
f 1483/2442/1827 1773/2265/1903 1854/2266/1904 1775/2449/1828
f 1463/2454/1823 1809/2267/1905 1853/2268/1906 1813/2441/1824
f 1489/2427/1819 1762/2269/1907 1852/2270/1908 1764/2453/1820
f 1449/2460/1815 1843/2271/1909 1851/2272/1910 1830/2426/1816
f 1500/2425/1811 1601/2273/1911 1850/2274/1912 1744/2459/1812
f 1447/2423/1807 1844/2275/1913 1849/2276/1914 1832/2424/1808
f 1445/2421/1803 1845/2277/1915 1848/2278/1916 1834/2422/1804
f 1443/2440/1799 1846/2279/1917 1847/2418/1918 1836/2414/1800
f 1845/2277/1915 1847/2280/1918 1579/2345/1444 1578/1805/1443
f 1579/1806/1444 1847/2418/1918 1846/2279/1917 1559/1841/1479
f 1836/2419/1800 1847/2280/1918 1845/2277/1915 1445/2421/1803
f 1844/2275/1913 1848/2278/1916 1580/1810/1448 1577/1809/1447
f 1580/1810/1448 1848/2278/1916 1845/2277/1915 1578/1805/1443
f 1834/2422/1804 1848/2278/1916 1844/2275/1913 1447/2423/1807
f 1601/2273/1911 1849/2276/1914 1581/1814/1452 1576/1813/1451
f 1581/1814/1452 1849/2276/1914 1844/2275/1913 1577/1809/1447
f 1832/2424/1808 1849/2276/1914 1601/2273/1911 1500/2425/1811
f 1843/2271/1909 1850/2274/1912 1582/1980/1618 1575/1979/1617
f 1582/1980/1618 1850/2274/1912 1601/2273/1911 1576/1813/1451
f 1744/2459/1812 1850/2274/1912 1843/2271/1909 1449/2460/1815
f 1762/2269/1907 1851/2272/1910 1583/1946/1584 1574/1945/1583
f 1583/1946/1584 1851/2272/1910 1843/2271/1909 1575/1979/1617
f 1830/2426/1816 1851/2272/1910 1762/2269/1907 1489/2427/1819
f 1809/2267/1905 1852/2270/1908 1584/1862/1500 1573/1861/1499
f 1584/1862/1500 1852/2270/1908 1762/2269/1907 1574/1945/1583
f 1764/2453/1820 1852/2270/1908 1809/2267/1905 1463/2454/1823
f 1773/2265/1903 1853/2268/1906 1585/1929/1567 1572/1928/1566
f 1585/1929/1567 1853/2268/1906 1809/2267/1905 1573/1861/1499
f 1813/2441/1824 1853/2268/1906 1773/2265/1903 1483/2442/1827
f 1842/2263/1901 1854/2266/1904 1586/1818/1456 1571/1817/1455
f 1586/1818/1456 1854/2266/1904 1773/2265/1903 1572/1928/1566
f 1775/2449/1828 1854/2266/1904 1842/2263/1901 1451/2450/1831
f 1778/2261/1899 1855/2264/1902 1587/1919/1557 1570/1918/1556
f 1587/1919/1557 1855/2264/1902 1842/2263/1901 1571/1817/1455
f 1828/2428/1832 1855/2264/1902 1778/2261/1899 1479/2429/1835
f 1841/2259/1897 1856/2262/1900 1588/1822/1460 1569/1821/1459
f 1588/1822/1460 1856/2262/1900 1778/2261/1899 1570/1918/1556
f 1782/2445/1836 1856/2262/1900 1841/2259/1897 1453/2446/1839
f 1840/2257/1895 1857/2260/1898 1589/2348/1464 1568/1825/1463
f 1589/1826/1464 1857/2417/1898 1841/2259/1897 1569/1821/1459
f 1826/2430/1840 1857/2260/1898 1840/2257/1895 1455/2432/1843
f 1610/2255/1893 1858/2258/1896 1590/1830/1468 1567/1829/1467
f 1590/1830/1468 1858/2258/1896 1840/2257/1895 1568/1825/1463
f 1824/2433/1844 1858/2258/1896 1610/2255/1893 1482/2434/1847
f 1839/2253/1891 1859/2256/1894 1591/1925/1563 1566/1924/1562
f 1591/1925/1563 1859/2256/1894 1610/2255/1893 1567/1829/1467
f 1779/2447/1848 1859/2256/1894 1839/2253/1891 1457/2448/1851
f 1612/2251/1889 1860/2254/1892 1592/1834/1472 1565/1833/1471
f 1592/1834/1472 1860/2254/1892 1839/2253/1891 1566/1924/1562
f 1822/2435/1852 1860/2254/1892 1612/2251/1889 1488/2436/1855
f 1613/2249/1887 1861/2252/1890 1593/1942/1580 1564/1941/1579
f 1593/1942/1580 1861/2252/1890 1612/2251/1889 1565/1833/1471
f 1766/2451/1856 1861/2252/1890 1613/2249/1887 1466/2452/1859
f 1614/2247/1885 1862/2250/1888 1594/1870/1508 1563/1869/1507
f 1594/1870/1508 1862/2250/1888 1613/2249/1887 1564/1941/1579
f 1810/2443/1860 1862/2250/1888 1614/2247/1885 1494/2444/1863
f 1838/2245/1883 1863/2248/1886 1595/1961/1599 1562/1960/1598
f 1595/1961/1599 1863/2248/1886 1614/2247/1885 1563/1869/1507
f 1755/2455/1864 1863/2248/1886 1838/2245/1883 1459/2456/1867
f 1751/2243/1881 1864/2246/1884 1596/1965/1603 1561/1964/1602
f 1596/1965/1603 1864/2246/1884 1838/2245/1883 1562/1960/1598
f 1820/2437/1868 1864/2246/1884 1751/2243/1881 1495/2438/1871
f 1837/2241/1879 1865/2244/1882 1597/1838/1476 1560/1837/1475
f 1597/1838/1476 1865/2244/1882 1751/2243/1881 1561/1964/1602
f 1753/2457/1872 1865/2244/1882 1837/2241/1879 1461/2458/1875
f 1846/2279/1917 1866/2242/1880 1598/1842/1480 1559/1841/1479
f 1598/1842/1480 1866/2242/1880 1837/2241/1879 1560/1837/1475
f 1818/2439/1876 1866/2242/1880 1846/2279/1917 1443/2440/1799
f 1619/2020/1658 1867/2239/1877 1742/2164/1802 1539/1983/1621
f 1742/2164/1802 1867/2239/1877 1818/2238/1876 1443/2161/1799
f 1720/2240/1878 1867/2239/1877 1619/2020/1658 1558/2019/1657
f 1620/2016/1654 1868/2235/1873 1720/2240/1878 1558/2019/1657
f 1720/2240/1878 1868/2235/1873 1753/2234/1872 1461/2237/1875
f 1722/2236/1874 1868/2235/1873 1620/2016/1654 1557/2015/1653
f 1621/2143/1781 1869/2231/1869 1722/2236/1874 1557/2015/1653
f 1722/2236/1874 1869/2231/1869 1820/2230/1868 1495/2233/1871
f 1663/2232/1870 1869/2231/1869 1621/2143/1781 1556/2142/1780
f 1622/2139/1777 1870/2227/1865 1663/2232/1870 1556/2142/1780
f 1663/2232/1870 1870/2227/1865 1755/2226/1864 1459/2229/1867
f 1642/2228/1866 1870/2227/1865 1622/2139/1777 1555/2138/1776
f 1623/2048/1686 1871/2223/1861 1642/2228/1866 1555/2138/1776
f 1642/2228/1866 1871/2223/1861 1810/2222/1860 1494/2225/1863
f 1643/2224/1862 1871/2223/1861 1623/2048/1686 1554/2047/1685
f 1624/2120/1758 1872/2219/1857 1643/2224/1862 1554/2047/1685
f 1643/2224/1862 1872/2219/1857 1766/2218/1856 1466/2221/1859
f 1644/2220/1858 1872/2219/1857 1624/2120/1758 1553/2119/1757
f 1625/2012/1650 1873/2215/1853 1644/2220/1858 1553/2119/1757
f 1644/2220/1858 1873/2215/1853 1822/2214/1852 1488/2217/1855
f 1725/2216/1854 1873/2215/1853 1625/2012/1650 1552/2011/1649
f 1626/2103/1741 1874/2211/1849 1725/2216/1854 1552/2011/1649
f 1725/2216/1854 1874/2211/1849 1779/2210/1848 1457/2213/1851
f 1646/2212/1850 1874/2211/1849 1626/2103/1741 1551/2102/1740
f 1627/2008/1646 1875/2207/1845 1646/2212/1850 1551/2102/1740
f 1646/2212/1850 1875/2207/1845 1824/2206/1844 1482/2209/1847
f 1728/2208/1846 1875/2207/1845 1627/2008/1646 1550/2007/1645
f 1628/2004/1642 1876/2415/1841 1728/2208/1846 1550/2007/1645
f 1728/2208/1846 1876/2415/1841 1826/2202/1840 1455/2205/1843
f 1730/2204/1842 1876/2203/1841 1628/2383/1642 1549/2003/1641
f 1629/2000/1638 1877/2199/1837 1730/2204/1842 1549/2003/1641
f 1730/2204/1842 1877/2199/1837 1782/2198/1836 1453/2201/1839
f 1732/2200/1838 1877/2199/1837 1629/2000/1638 1548/1999/1637
f 1630/2097/1735 1878/2195/1833 1732/2200/1838 1548/1999/1637
f 1732/2200/1838 1878/2195/1833 1828/2194/1832 1479/2197/1835
f 1733/2196/1834 1878/2195/1833 1630/2097/1735 1547/2096/1734
f 1631/1996/1634 1879/2191/1829 1733/2196/1834 1547/2096/1734
f 1733/2196/1834 1879/2191/1829 1775/2190/1828 1451/2193/1831
f 1735/2192/1830 1879/2191/1829 1631/1996/1634 1546/1995/1633
f 1632/2107/1745 1880/2187/1825 1735/2192/1830 1546/1995/1633
f 1735/2192/1830 1880/2187/1825 1813/2186/1824 1483/2189/1827
f 1706/2188/1826 1880/2187/1825 1632/2107/1745 1545/2106/1744
f 1633/2040/1678 1881/2183/1821 1706/2188/1826 1545/2106/1744
f 1706/2188/1826 1881/2183/1821 1764/2182/1820 1463/2185/1823
f 1708/2184/1822 1881/2183/1821 1633/2040/1678 1544/2039/1677
f 1634/2124/1762 1882/2179/1817 1708/2184/1822 1544/2039/1677
f 1708/2184/1822 1882/2179/1817 1830/2178/1816 1489/2181/1819
f 1668/2180/1818 1882/2179/1817 1634/2124/1762 1543/2123/1761
f 1635/2158/1796 1883/2175/1813 1668/2180/1818 1543/2123/1761
f 1668/2180/1818 1883/2175/1813 1744/2174/1812 1449/2177/1815
f 1655/2176/1814 1883/2175/1813 1635/2158/1796 1542/2157/1795
f 1636/1992/1630 1884/2171/1809 1655/2176/1814 1542/2157/1795
f 1655/2176/1814 1884/2171/1809 1832/2170/1808 1500/2173/1811
f 1738/2172/1810 1884/2171/1809 1636/1992/1630 1541/1991/1629
f 1637/1988/1626 1885/2167/1805 1738/2172/1810 1541/1991/1629
f 1738/2172/1810 1885/2167/1805 1834/2166/1804 1447/2169/1807
f 1740/2168/1806 1885/2167/1805 1637/1988/1626 1540/1987/1625
f 1638/1984/1622 1886/2413/1801 1740/2168/1806 1540/1987/1625
f 1740/2168/1806 1886/2413/1801 1836/2162/1800 1445/2165/1803
f 1742/2164/1802 1886/2163/1801 1638/2380/1622 1539/1983/1621
f 1659/2156/1794 1887/2159/1797 1654/2126/1764 1504/2077/1715
f 1654/2126/1764 1887/2159/1797 1635/2158/1796 1543/2123/1761
f 1736/2160/1798 1887/2159/1797 1659/2156/1794 1538/2088/1726
f 1675/2089/1727 1888/2155/1793 1660/2151/1789 1537/2150/1788
f 1660/2151/1789 1888/2155/1793 1679/2154/1792 1523/2281/1919
f 1659/2156/1794 1888/2155/1793 1675/2089/1727 1538/2088/1726
f 1661/2147/1785 1889/2152/1790 1678/2407/1920 1521/2283/1921
f 1678/2282/1920 1889/2412/1790 1660/2151/1789 1523/2281/1919
f 1712/2153/1791 1889/2152/1790 1661/2147/1785 1536/2146/1784
f 1662/2284/1922 1890/2148/1786 1677/2086/1724 1509/2085/1723
f 1677/2086/1724 1890/2148/1786 1661/2147/1785 1521/2283/1921
f 1681/2149/1787 1890/2148/1786 1662/2284/1922 1535/2285/1923
f 1662/2284/1922 1891/2144/1782 1640/2018/1656 1535/2285/1923
f 1640/2018/1656 1891/2144/1782 1621/2143/1781 1557/2015/1653
f 1641/2145/1783 1891/2144/1782 1662/2284/1922 1509/2085/1723
f 1664/2137/1775 1892/2140/1778 1641/2145/1783 1509/2085/1723
f 1641/2145/1783 1892/2140/1778 1622/2139/1777 1556/2142/1780
f 1699/2141/1779 1892/2140/1778 1664/2137/1775 1534/2067/1705
f 1688/2068/1706 1893/2136/1774 1665/2134/1772 1533/2043/1681
f 1665/2134/1772 1893/2136/1774 1684/2135/1773 1518/2131/1769
f 1664/2137/1775 1893/2136/1774 1688/2068/1706 1534/2067/1705
f 1702/2044/1682 1894/2411/1771 1666/2128/1766 1532/2127/1765
f 1666/2128/1766 1894/2411/1771 1683/2405/1770 1520/2286/1924
f 1665/2134/1772 1894/2133/1771 1702/2396/1682 1533/2043/1681
f 1667/2287/1925 1895/2129/1767 1682/2078/1716 1504/2077/1715
f 1682/2078/1716 1895/2129/1767 1666/2128/1766 1520/2286/1924
f 1686/2130/1768 1895/2129/1767 1667/2287/1925 1531/2288/1926
f 1667/2287/1925 1896/2125/1763 1653/2042/1680 1531/2288/1926
f 1653/2042/1680 1896/2125/1763 1634/2124/1762 1544/2039/1677
f 1654/2126/1764 1896/2125/1763 1667/2287/1925 1504/2077/1715
f 1669/2118/1756 1897/2121/1759 1701/2050/1688 1512/2071/1709
f 1701/2050/1688 1897/2121/1759 1624/2120/1758 1554/2047/1685
f 1723/2122/1760 1897/2121/1759 1669/2118/1756 1530/2055/1693
f 1693/2056/1694 1898/2117/1755 1670/2289/1927 1529/2290/1928
f 1670/2289/1927 1898/2117/1755 1697/2116/1754 1514/2291/1929
f 1669/2118/1756 1898/2117/1755 1693/2056/1694 1530/2055/1693
f 1670/2289/1927 1899/2114/1752 1717/2387/1668 1529/2290/1928
f 1717/2030/1668 1899/2410/1752 1671/2110/1748 1528/2027/1665
f 1696/2115/1753 1899/2114/1752 1670/2289/1927 1514/2291/1929
f 1672/2292/1930 1900/2111/1749 1695/2052/1690 1511/2051/1689
f 1695/2052/1690 1900/2111/1749 1671/2110/1748 1513/2113/1751
f 1690/2112/1750 1900/2111/1749 1672/2292/1930 1527/2293/1931
f 1672/2292/1930 1901/2108/1746 1651/1998/1636 1527/2293/1931
f 1651/1998/1636 1901/2108/1746 1632/2107/1745 1546/1995/1633
f 1652/2109/1747 1901/2108/1746 1672/2292/1930 1511/2051/1689
f 1673/2101/1739 1902/2104/1742 1645/2014/1652 1508/2059/1697
f 1645/2014/1652 1902/2104/1742 1626/2103/1741 1552/2011/1649
f 1726/2105/1743 1902/2104/1742 1673/2101/1739 1526/2294/1932
f 1718/2026/1664 1903/2409/1738 1674/2295/1933 1525/2023/1661
f 1674/2295/1933 1903/2409/1738 1692/2401/1700 1505/2063/1701
f 1673/2101/1739 1903/2100/1738 1718/2385/1664 1526/2294/1932
f 1674/2295/1933 1904/2098/1736 1649/2002/1640 1525/2023/1661
f 1649/2002/1640 1904/2098/1736 1630/2097/1735 1548/1999/1637
f 1650/2099/1737 1904/2098/1736 1674/2295/1933 1505/2063/1701
f 1680/2082/1720 1905/2094/1732 1710/2391/1670 1522/2031/1669
f 1710/2032/1670 1905/2408/1732 1676/2093/1731 1524/2296/1934
f 1709/2095/1733 1905/2094/1732 1680/2082/1720 1510/2081/1719
f 1676/2093/1731 1906/2090/1728 1711/2297/1935 1524/2296/1934
f 1711/2297/1935 1906/2090/1728 1675/2089/1727 1537/2150/1788
f 1737/2091/1729 1906/2090/1728 1676/2093/1731 1503/2092/1730
f 1679/2154/1792 1907/2087/1725 1678/2282/1920 1523/2281/1919
f 1678/2407/1920 1907/2406/1725 1677/2086/1724 1521/2283/1921
f 1685/2080/1718 1907/2087/1725 1679/2154/1792 1504/2077/1715
f 1681/2149/1787 1908/2083/1721 1713/2034/1672 1536/2146/1784
f 1713/2034/1672 1908/2083/1721 1680/2082/1720 1522/2031/1669
f 1721/2084/1722 1908/2083/1721 1681/2149/1787 1535/2285/1923
f 1684/2135/1773 1909/2079/1717 1683/2132/1770 1518/2131/1769
f 1683/2405/1770 1909/2403/1717 1682/2078/1716 1520/2286/1924
f 1685/2404/1718 1909/2079/1717 1684/2135/1773 1509/2085/1723
f 1686/2130/1768 1910/2075/1713 1703/2298/1936 1532/2127/1765
f 1703/2298/1936 1910/2075/1713 1687/2074/1712 1519/2299/1937
f 1707/2076/1714 1910/2075/1713 1686/2130/1768 1531/2288/1926
f 1687/2074/1712 1911/2073/1711 1704/2395/1938 1519/2299/1937
f 1704/2300/1938 1911/2402/1711 1689/2072/1710 1517/2301/1939
f 1698/2054/1692 1911/2073/1711 1687/2074/1712 1511/2051/1689
f 1689/2072/1710 1912/2069/1707 1705/2046/1684 1517/2301/1939
f 1705/2046/1684 1912/2069/1707 1688/2068/1706 1533/2043/1681
f 1700/2070/1708 1912/2069/1707 1689/2072/1710 1512/2071/1709
f 1690/2112/1750 1913/2065/1703 1714/2028/1666 1528/2027/1665
f 1714/2028/1666 1913/2065/1703 1691/2064/1702 1516/2302/1940
f 1734/2066/1704 1913/2065/1703 1690/2112/1750 1527/2293/1931
f 1691/2064/1702 1914/2061/1699 1715/2388/1941 1516/2302/1940
f 1715/2303/1941 1914/2400/1699 1694/2060/1698 1515/2304/1942
f 1692/2401/1700 1914/2061/1699 1691/2064/1702 1505/2063/1701
f 1694/2060/1698 1915/2057/1695 1716/2305/1943 1515/2304/1942
f 1716/2305/1943 1915/2057/1695 1693/2056/1694 1529/2290/1928
f 1724/2058/1696 1915/2057/1695 1694/2060/1698 1508/2059/1697
f 1697/2116/1754 1916/2053/1691 1696/2115/1753 1514/2291/1929
f 1696/2399/1753 1916/2397/1691 1695/2052/1690 1513/2113/1751
f 1698/2398/1692 1916/2053/1691 1697/2116/1754 1512/2071/1709
f 1700/2070/1708 1917/2049/1687 1699/2141/1779 1534/2067/1705
f 1699/2141/1779 1917/2049/1687 1623/2048/1686 1555/2138/1776
f 1701/2050/1688 1917/2049/1687 1700/2070/1708 1512/2071/1709
f 1704/2395/1938 1918/2394/1683 1703/2298/1936 1519/2299/1937
f 1703/2298/1936 1918/2394/1683 1702/2044/1682 1532/2127/1765
f 1705/2046/1684 1918/2045/1683 1704/2300/1938 1517/2301/1939
f 1707/2076/1714 1919/2041/1679 1652/2109/1747 1511/2051/1689
f 1652/2109/1747 1919/2041/1679 1633/2040/1678 1545/2106/1744
f 1653/2042/1680 1919/2041/1679 1707/2076/1714 1531/2288/1926
f 1709/2393/1733 1920/2392/1675 1739/2306/1944 1503/2092/1730
f 1739/2306/1944 1920/2392/1675 1741/2379/1674 1502/2307/1945
f 1719/2038/1676 1920/2037/1675 1709/2095/1733 1510/2081/1719
f 1712/2390/1791 1921/2389/1671 1711/2297/1935 1537/2150/1788
f 1711/2297/1935 1921/2389/1671 1710/2032/1670 1524/2296/1934
f 1713/2034/1672 1921/2033/1671 1712/2153/1791 1536/2146/1784
f 1716/2305/1943 1922/2029/1667 1715/2303/1941 1515/2304/1942
f 1715/2388/1941 1922/2386/1667 1714/2028/1666 1516/2302/1940
f 1717/2387/1668 1922/2029/1667 1716/2305/1943 1529/2290/1928
f 1727/2308/1946 1923/2025/1663 1729/2382/1947 1507/2310/1948
f 1729/2309/1947 1923/2384/1663 1731/2024/1662 1506/2311/1949
f 1718/2385/1664 1923/2025/1663 1727/2308/1946 1526/2294/1932
f 1719/2038/1676 1924/2021/1659 1658/1986/1624 1501/2035/1673
f 1658/1986/1624 1924/2021/1659 1619/2020/1658 1539/1983/1621
f 1639/2022/1660 1924/2021/1659 1719/2038/1676 1510/2081/1719
f 1721/2084/1722 1925/2017/1655 1639/2022/1660 1510/2081/1719
f 1639/2022/1660 1925/2017/1655 1620/2016/1654 1558/2019/1657
f 1640/2018/1656 1925/2017/1655 1721/2084/1722 1535/2285/1923
f 1724/2058/1696 1926/2013/1651 1723/2122/1760 1530/2055/1693
f 1723/2122/1760 1926/2013/1651 1625/2012/1650 1553/2119/1757
f 1645/2014/1652 1926/2013/1651 1724/2058/1696 1508/2059/1697
f 1727/2308/1946 1927/2009/1647 1726/2105/1743 1526/2294/1932
f 1726/2105/1743 1927/2009/1647 1627/2008/1646 1551/2102/1740
f 1647/2010/1648 1927/2009/1647 1727/2308/1946 1507/2310/1948
f 1729/2382/1947 1928/2381/1643 1647/2010/1648 1507/2310/1948
f 1647/2010/1648 1928/2381/1643 1628/2004/1642 1550/2007/1645
f 1648/2006/1644 1928/2005/1643 1729/2309/1947 1506/2311/1949
f 1731/2024/1662 1929/2001/1639 1648/2006/1644 1506/2311/1949
f 1648/2006/1644 1929/2001/1639 1629/2000/1638 1549/2003/1641
f 1649/2002/1640 1929/2001/1639 1731/2024/1662 1525/2023/1661
f 1734/2066/1704 1930/1997/1635 1650/2099/1737 1505/2063/1701
f 1650/2099/1737 1930/1997/1635 1631/1996/1634 1547/2096/1734
f 1651/1998/1636 1930/1997/1635 1734/2066/1704 1527/2293/1931
f 1737/2091/1729 1931/1993/1631 1736/2160/1798 1538/2088/1726
f 1736/2160/1798 1931/1993/1631 1636/1992/1630 1542/2157/1795
f 1656/1994/1632 1931/1993/1631 1737/2091/1729 1503/2092/1730
f 1739/2306/1944 1932/1989/1627 1656/1994/1632 1503/2092/1730
f 1656/1994/1632 1932/1989/1627 1637/1988/1626 1541/1991/1629
f 1657/1990/1628 1932/1989/1627 1739/2306/1944 1502/2307/1945
f 1741/2379/1674 1933/2378/1623 1657/1990/1628 1502/2307/1945
f 1657/1990/1628 1933/2378/1623 1638/1984/1622 1540/1987/1625
f 1658/1986/1624 1933/1985/1623 1741/2036/1674 1501/2035/1673
f 1746/1976/1614 1934/1981/1619 1743/1816/1454 1499/1910/1548
f 1743/1816/1454 1934/1981/1619 1582/1980/1618 1576/1813/1451
f 1602/1982/1620 1934/1981/1619 1746/1976/1614 1450/1899/1537
f 1748/1975/1613 1935/1977/1615 1745/1913/1551 1498/1972/1610
f 1745/1913/1551 1935/1977/1615 1746/1976/1614 1499/1910/1548
f 1787/1978/1616 1935/1977/1615 1748/1975/1613 1477/2312/1950
f 1786/2313/1951 1936/2377/1612 1788/1971/1609 1475/2314/1952
f 1788/1971/1609 1936/2377/1612 1747/2356/1611 1497/1968/1606
f 1748/1975/1613 1936/1974/1612 1786/2372/1951 1477/2312/1950
f 1790/1909/1547 1937/1970/1608 1819/2315/1953 1460/1907/1545
f 1819/2315/1953 1937/1970/1608 1749/1969/1607 1496/2316/1954
f 1788/1971/1609 1937/1970/1608 1790/1909/1547 1475/2314/1952
f 1819/2315/1953 1938/1966/1604 1615/1963/1601 1460/1907/1545
f 1615/1963/1601 1938/1966/1604 1596/1965/1603 1562/1960/1598
f 1616/1967/1605 1938/1966/1604 1819/2315/1953 1496/2316/1954
f 1757/1957/1595 1939/1962/1600 1754/1872/1510 1493/1889/1527
f 1754/1872/1510 1939/1962/1600 1595/1961/1599 1563/1869/1507
f 1615/1963/1601 1939/1962/1600 1757/1957/1595 1460/1907/1545
f 1759/1954/1592 1940/1958/1596 1756/1892/1530 1492/1865/1503
f 1756/1892/1530 1940/1958/1596 1757/1957/1595 1493/1889/1527
f 1797/1959/1597 1940/1958/1596 1759/1954/1592 1472/1953/1591
f 1792/1952/1590 1941/1955/1593 1758/2360/1506 1491/1949/1587
f 1758/1868/1506 1941/2376/1593 1759/1954/1592 1492/1865/1503
f 1791/1956/1594 1941/1955/1593 1792/1952/1590 1474/2317/1955
f 1793/1902/1540 1942/1951/1589 1829/2318/1956 1450/1899/1537
f 1829/2318/1956 1942/1951/1589 1760/1950/1588 1490/2319/1957
f 1792/1952/1590 1942/1951/1589 1793/1902/1540 1474/2317/1955
f 1829/2318/1956 1943/1947/1585 1602/1982/1620 1450/1899/1537
f 1602/1982/1620 1943/1947/1585 1583/1946/1584 1575/1979/1617
f 1603/1948/1586 1943/1947/1585 1829/2318/1956 1490/2319/1957
f 1768/1938/1576 1944/1943/1581 1765/1836/1474 1487/1877/1515
f 1765/1836/1474 1944/1943/1581 1593/1942/1580 1565/1833/1471
f 1807/1944/1582 1944/1943/1581 1768/1938/1576 1465/1893/1531
f 1770/2320/1958 1945/1939/1577 1767/1880/1518 1486/2321/1959
f 1767/1880/1518 1945/1939/1577 1768/1938/1576 1487/1877/1515
f 1805/1940/1578 1945/1939/1577 1770/2320/1958 1468/2322/1960
f 1769/1850/1488 1946/2375/1575 1770/2320/1958 1486/2321/1959
f 1770/2320/1958 1946/2375/1575 1804/2363/1574 1468/2322/1960
f 1799/1934/1572 1946/1937/1575 1769/2353/1488 1485/1849/1487
f 1806/1876/1514 1947/1933/1571 1812/2323/1961 1464/1873/1511
f 1812/2323/1961 1947/1933/1571 1771/1932/1570 1484/2324/1962
f 1799/1934/1572 1947/1933/1571 1806/1876/1514 1467/1935/1573
f 1812/2323/1961 1948/1930/1568 1604/1864/1502 1464/1873/1511
f 1604/1864/1502 1948/1930/1568 1585/1929/1567 1573/1861/1499
f 1605/1931/1569 1948/1930/1568 1812/2323/1961 1484/2324/1962
f 1780/1922/1560 1949/1926/1564 1776/1832/1470 1481/2325/1963
f 1776/1832/1470 1949/1926/1564 1591/1925/1563 1567/1829/1467
f 1611/1927/1565 1949/1926/1564 1780/1922/1560 1458/1881/1519
f 1827/2326/1964 1950/1923/1561 1777/2350/1484 1480/1845/1483
f 1777/1846/1484 1950/2374/1561 1780/1922/1560 1481/2325/1963
f 1816/1882/1520 1950/1923/1561 1827/2326/1964 1452/1885/1523
f 1827/2326/1964 1951/1920/1558 1606/1820/1458 1452/1885/1523
f 1606/1820/1458 1951/1920/1558 1587/1919/1557 1571/1817/1455
f 1607/1921/1559 1951/1920/1558 1827/2326/1964 1480/1845/1483
f 1783/1856/1494 1952/2373/1554 1789/1906/1544 1476/1853/1491
f 1789/1906/1544 1952/2373/1554 1814/2358/1553 1462/1903/1541
f 1785/1917/1555 1952/1916/1554 1783/2355/1494 1478/2327/1965
f 1784/2328/1966 1953/1912/1550 1785/1917/1555 1478/2327/1965
f 1785/1917/1555 1953/1912/1550 1831/1911/1549 1448/1914/1552
f 1745/1913/1551 1953/1912/1550 1784/2328/1966 1498/1972/1610
f 1786/2372/1951 1954/2371/1546 1787/1978/1616 1477/2312/1950
f 1787/1978/1616 1954/2371/1546 1815/2370/1538 1450/1899/1537
f 1790/1909/1547 1954/1908/1546 1786/2313/1951 1475/2314/1952
f 1750/1854/1492 1955/1905/1543 1749/1969/1607 1497/1968/1606
f 1749/1969/1607 1955/1905/1543 1752/1904/1542 1496/2316/1954
f 1789/1906/1544 1955/1905/1543 1750/1854/1492 1476/1853/1491
f 1791/2369/1594 1956/2368/1539 1797/1959/1597 1472/1953/1591
f 1797/1959/1597 1956/2368/1539 1815/1900/1538 1460/1907/1545
f 1793/1902/1540 1956/1901/1539 1791/1956/1594 1474/2317/1955
f 1761/2329/1967 1957/1897/1535 1760/1950/1588 1491/1949/1587
f 1760/1950/1588 1957/1897/1535 1763/1896/1534 1490/2319/1957
f 1795/1898/1536 1957/1897/1535 1761/2329/1967 1473/2330/1968
f 1794/2331/1969 1958/2367/1532 1795/1898/1536 1473/2330/1968
f 1795/1898/1536 1958/2367/1532 1808/2364/1512 1464/1873/1511
f 1798/1895/1533 1958/1894/1532 1794/2361/1969 1471/2332/1970
f 1796/1866/1504 1959/1891/1529 1798/1895/1533 1471/2332/1970
f 1798/1895/1533 1959/1891/1529 1811/1890/1528 1465/1893/1531
f 1756/1892/1530 1959/1891/1529 1796/1866/1504 1492/1865/1503
f 1772/1852/1490 1960/1887/1525 1771/1932/1570 1485/1849/1487
f 1771/1932/1570 1960/1887/1525 1774/1886/1524 1484/2324/1962
f 1801/1888/1526 1960/1887/1525 1772/1852/1490 1470/2333/1971
f 1800/2334/1972 1961/2365/1521 1801/1888/1526 1470/2333/1971
f 1801/1888/1526 1961/2365/1521 1816/1882/1520 1452/1885/1523
f 1803/1884/1522 1961/1883/1521 1800/2352/1972 1469/2335/1973
f 1802/2336/1974 1962/1879/1517 1803/1884/1522 1469/2335/1973
f 1803/1884/1522 1962/1879/1517 1821/1878/1516 1458/1881/1519
f 1767/1880/1518 1962/1879/1517 1802/2336/1974 1486/2321/1959
f 1804/2363/1574 1963/2362/1513 1805/1940/1578 1468/2322/1960
f 1805/1940/1578 1963/2362/1513 1808/1874/1512 1465/1893/1531
f 1806/1876/1514 1963/1875/1513 1804/1936/1574 1467/1935/1573
f 1811/1890/1528 1964/1871/1509 1807/1944/1582 1465/1893/1531
f 1807/1944/1582 1964/1871/1509 1594/1870/1508 1564/1941/1579
f 1754/1872/1510 1964/1871/1509 1811/1890/1528 1493/1889/1527
f 1761/2329/1967 1965/1867/1505 1794/2331/1969 1473/2330/1968
f 1794/2361/1969 1965/2359/1505 1796/1866/1504 1471/2332/1970
f 1758/2360/1506 1965/1867/1505 1761/2329/1967 1491/1949/1587
f 1763/1896/1534 1966/1863/1501 1603/1948/1586 1490/2319/1957
f 1603/1948/1586 1966/1863/1501 1584/1862/1500 1574/1945/1583
f 1604/1864/1502 1966/1863/1501 1763/1896/1534 1464/1873/1511
f 1833/2337/1975 1967/1859/1497 1814/1915/1553 1448/1914/1552
f 1814/2358/1553 1967/2357/1497 1817/1858/1496 1462/1903/1541
f 1835/1860/1498 1967/1859/1497 1833/2337/1975 1446/2338/1976
f 1784/2328/1966 1968/1855/1493 1747/1973/1611 1498/1972/1610
f 1747/2356/1611 1968/2354/1493 1750/1854/1492 1497/1968/1606
f 1783/2355/1494 1968/1855/1493 1784/2328/1966 1478/2327/1965
f 1800/2352/1972 1969/2351/1489 1802/2336/1974 1469/2335/1973
f 1802/2336/1974 1969/2351/1489 1769/1850/1488 1486/2321/1959
f 1772/1852/1490 1969/1851/1489 1800/2334/1972 1470/2333/1971
f 1825/2339/1977 1970/2349/1485 1823/2340/1978 1456/2341/1979
f 1823/2340/1978 1970/2349/1485 1777/1846/1484 1481/2325/1963
f 1781/1848/1486 1970/1847/1485 1825/2347/1977 1454/2342/1980
f 1817/1858/1496 1971/1843/1481 1617/1840/1478 1462/1903/1541
f 1617/1840/1478 1971/1843/1481 1598/1842/1480 1560/1837/1475
f 1618/1844/1482 1971/1843/1481 1817/1858/1496 1444/1857/1495
f 1752/1904/1542 1972/1839/1477 1616/1967/1605 1496/2316/1954
f 1616/1967/1605 1972/1839/1477 1597/1838/1476 1561/1964/1602
f 1617/1840/1478 1972/1839/1477 1752/1904/1542 1462/1903/1541
f 1821/1878/1516 1973/1835/1473 1611/1927/1565 1458/1881/1519
f 1611/1927/1565 1973/1835/1473 1592/1834/1472 1566/1924/1562
f 1765/1836/1474 1973/1835/1473 1821/1878/1516 1487/1877/1515
f 1823/2340/1978 1974/1831/1469 1609/1828/1466 1456/2341/1979
f 1609/1828/1466 1974/1831/1469 1590/1830/1468 1568/1825/1463
f 1776/1832/1470 1974/1831/1469 1823/2340/1978 1481/2325/1963
f 1825/2347/1977 1975/2346/1465 1608/1824/1462 1454/2342/1980
f 1608/1824/1462 1975/2346/1465 1589/1826/1464 1569/1821/1459
f 1609/1828/1466 1975/1827/1465 1825/2339/1977 1456/2341/1979
f 1781/1848/1486 1976/1823/1461 1607/1921/1559 1480/1845/1483
f 1607/1921/1559 1976/1823/1461 1588/1822/1460 1570/1918/1556
f 1608/1824/1462 1976/1823/1461 1781/1848/1486 1454/2342/1980
f 1774/1886/1524 1977/1819/1457 1605/1931/1569 1484/2324/1962
f 1605/1931/1569 1977/1819/1457 1586/1818/1456 1572/1928/1566
f 1606/1820/1458 1977/1819/1457 1774/1886/1524 1452/1885/1523
f 1831/1911/1549 1978/1815/1453 1600/1812/1450 1448/1914/1552
f 1600/1812/1450 1978/1815/1453 1581/1814/1452 1577/1809/1447
f 1743/1816/1454 1978/1815/1453 1831/1911/1549 1499/1910/1548
f 1833/2337/1975 1979/1811/1449 1599/1808/1446 1446/2338/1976
f 1599/1808/1446 1979/1811/1449 1580/1810/1448 1578/1805/1443
f 1600/1812/1450 1979/1811/1449 1833/2337/1975 1448/1914/1552
f 1835/2344/1498 1980/2343/1445 1618/1844/1482 1444/1857/1495
f 1618/1844/1482 1980/2343/1445 1579/1806/1444 1559/1841/1479
f 1599/1808/1446 1980/1807/1445 1835/1860/1498 1446/2338/1976
