v 0 0.44458011 0.39941409
v -0.01079559 0.44287109 0.39941409
v -0.01079559 0.43847659 0.41308591
v 0 0.4394531 0.41430661
v -0.01079559 0.43847659 0.3859863
v 0 0.4394531 0.38427731
v 0.01079559 0.43847659 0.41308591
v 0.01079559 0.44287109 0.39941409
v 0.01079559 0.43847659 0.3859863
v 0 0.43115231 0.42456049
v 0.02192688 0.42822269 0.41699219
v 0.02192688 0.4353027 0.4084473
v 0.01079559 0.4296875 0.42163089
v 0.02192688 0.43823239 0.39941409
v 0.02192688 0.4353027 0.39086911
v 0.01079559 0.4296875 0.3769531
v -0.01079559 0.4296875 0.42163089
v 0 0.41674799 0.42675781
v 0.029998779 0.43115231 0.39941409
v 0.02192688 0.41674799 0.41918951
v 0.01079559 0.41674799 0.4240723
v 0.02192688 0.42822269 0.3828125
v 0.01079559 0.41674799 0.37475589
v 0 0.43115231 0.37524411
v -0.01079559 0.41674799 0.4240723
v 0 0.4040527 0.42456049
v 0.029998779 0.42431641 0.409668
v 0.029998779 0.42431641 0.3894043
v 0.02192688 0.40698239 0.41699219
v 0.01079559 0.4050293 0.42211911
v -0.01079559 0.4296875 0.3769531
v -0.01079559 0.4050293 0.42211911
v 0 0.3952637 0.4082031
v 0.029998779 0.40551761 0.39941409
v 0.029998779 0.41113281 0.3894043
v 0.03414917 0.4174805 0.39941409
v 0.029998779 0.41113281 0.409668
v -0.02192688 0.4353027 0.39086911
v -0.02192688 0.43823239 0.39941409
v 0.02192688 0.3972168 0.39941409
v 0.02192688 0.41674799 0.3806152
v 0.02192688 0.40112299 0.3886719
v 0.02192688 0.40112299 0.41113281
v -0.02192688 0.4353027 0.4084473
v -0.02192688 0.42822269 0.3828125
v -0.029998779 0.43115231 0.39941409
v 0.02192688 0.40698239 0.38256839
v 0.01079559 0.4050293 0.37744141
v 0 0.41674799 0.37255859
v 0.01079559 0.39794919 0.41357419
v -0.02192688 0.42822269 0.41699219
v -0.01079559 0.41674799 0.37475589
v 0.01079559 0.39794919 0.3862305
v 0 0.4040527 0.37524411
v -0.01079559 0.4050293 0.37744141
v 0.01079559 0.39306641 0.39941409
v 0 0.390625 0.39941409
v -0.02192688 0.41674799 0.3806152
v -0.02192688 0.41674799 0.41918951
v 0 0.3952637 0.38427731
v -0.01079559 0.39794919 0.3862305
v -0.02192688 0.40698239 0.38256839
v -0.01079559 0.39794919 0.41357419
v -0.01079559 0.39306641 0.39941409
v -0.029998779 0.41113281 0.3894043
v -0.02192688 0.40112299 0.3886719
v -0.029998779 0.42431641 0.3894043
v -0.02192688 0.40698239 0.41699219
v -0.02192688 0.40112299 0.41113281
v -0.02192688 0.3972168 0.39941409
v -0.029998779 0.40551761 0.39941409
v -0.03414917 0.4174805 0.39941409
v -0.029998779 0.42431641 0.409668
v -0.029998779 0.41113281 0.409668
v 0.1551514 0.71435553 0.2020264
v 0.1427002 0.69824219 0.21020509
v 0.1593018 0.69384772 0.2052002
v 0.1638184 0.71289062 0.19909669
v 0.13037109 0.68017578 0.21801759
v 0.1547852 0.67529303 0.2113037
v 0.17260741 0.66992188 0.19775391
v 0.1719971 0.69042969 0.19604491
v 0.1713867 0.71191412 0.19433589
v 0.1182251 0.66210938 0.2286377
v 0.1503906 0.65332031 0.21972661
v 0.1740723 0.64746088 0.20068359
v 0.1889648 0.66503912 0.1762695
v 0.19433589 0.64208978 0.171875
v 0.18334959 0.68798828 0.1827393
v 0.17443851 0.71142578 0.1894531
v 0.1085815 0.64648438 0.23828129
v 0.1468506 0.63574219 0.2271729
v 0.1751709 0.62939447 0.203125
v 0.1986084 0.62353522 0.16833501
v 0.096557617 0.625 0.25073239
v 0.1392822 0.61230469 0.2355957
v 0.17553709 0.60351562 0.20666499
v 0.20544431 0.59277338 0.1641846
v 0.080993652 0.59667969 0.26391599
v 0.1295166 0.58154303 0.2456055
v 0.17590331 0.56982422 0.2113037
v 0.21447749 0.55273438 0.15869141
v -0.17443851 0.71142578 0.1894531
v -0.18212891 0.68701172 0.182373
v -0.1719971 0.68945312 0.19616701
v -0.1713867 0.71191412 0.19433589
v -0.1889648 0.66503912 0.1762695
v -0.17260741 0.66992188 0.19775391
v -0.1590576 0.69287109 0.20556641
v -0.1638184 0.71289062 0.19909669
v -0.1936035 0.64501947 0.1724854
v -0.1738281 0.65039062 0.2003174
v -0.1547852 0.67529303 0.2113037
v -0.15100101 0.65625 0.21801759
v -0.1419678 0.69726562 0.2122803
v -0.1551514 0.71435553 0.2020264
v -0.1986084 0.62353522 0.16833501
v -0.1751709 0.62939447 0.203125
v -0.1468506 0.63574219 0.2253418
v -0.13037109 0.68212891 0.22131351
v -0.119873 0.66503912 0.2294922
v -0.17553709 0.60009772 0.20715331
v -0.2062988 0.58886719 0.1635742
v -0.13830569 0.60888672 0.23522951
v -0.1085815 0.64648438 0.23840331
v -0.17590331 0.56982422 0.2113037
v -0.1295166 0.58154303 0.2456055
v -0.21447749 0.55273438 0.15869141
v -0.095031738 0.62207031 0.25097659
v -0.080993652 0.59667969 0.26391599
v 0.03059387 0.29541019 -0.27050781
v 0.03059387 0.35693359 -0.31396481
v 0.033538818 0.36425781 -0.3024902
v 0.033538818 0.3027344 -0.25878909
v 0.02398682 0.28955081 -0.28051761
v 0.03059387 0.409668 -0.3425293
v 0.033538818 0.41674799 -0.3312988
v 0.02401733 0.35107419 -0.3237305
v 0.03155518 0.4238281 -0.3215332
v 0.031280521 0.37109381 -0.2924805
v 0.031036381 0.31005859 -0.2489014
v 0.01442719 0.28417969 -0.2902832
v 0.03059387 0.44702151 -0.3671875
v 0.033538818 0.45385739 -0.3562012
v 0.02406311 0.40380859 -0.35253909
v 0.03182983 0.46069339 -0.34643549
v 0.01442719 0.3457031 -0.33325201
v 0.0244751 0.4665527 -0.33764651
v 0.024307249 0.4296875 -0.3125
v 0.024124149 0.3769531 -0.2834473
v 0.023956301 0.315918 -0.23974609
v 0 0.28271481 -0.293457
v 0.033538818 0.48852539 -0.3793945
v 0.032073971 0.49511719 -0.36987299
v 0.01442719 0.39868161 -0.3615723
v 0.02409363 0.440918 -0.3769531
v 0.024627689 0.50097662 -0.36108401
v 0 0.34423831 -0.33618161
v 0.01271057 0.47167969 -0.33105469
v 0.01271057 0.43457031 -0.3059082
v 0.01271057 0.38208011 -0.2768555
v 0.01271057 0.32104489 -0.2331543
v -0.01442719 0.28417969 -0.2902832
v -0.01442719 0.3457031 -0.33325201
v 0.01442719 0.43603519 -0.38574219
v 0 0.39697269 -0.36450201
v -0.01442719 0.39868161 -0.3615723
v 0 0.47387701 -0.32885739
v 0 0.43676761 -0.30395511
v 0 0.38427731 -0.27490231
v 0 0.32324219 -0.2314453
v -0.02398682 0.28955081 -0.28051761
v -0.02401733 0.35107419 -0.3237305
v -0.02406311 0.40380859 -0.35253909
v 0 0.4343262 -0.3886719
v -0.01442719 0.43603519 -0.38574219
v -0.02409363 0.440918 -0.3769531
v -0.01271057 0.47167969 -0.33105469
v -0.01271057 0.43457031 -0.3059082
v -0.01271057 0.38208011 -0.2768555
v -0.01271057 0.32104489 -0.2331543
v -0.03059387 0.29541019 -0.27050781
v -0.03059387 0.35693359 -0.31396481
v -0.03059387 0.409668 -0.3425293
v -0.01442719 0.4707031 -0.4082031
v -0.024139401 0.47583011 -0.39990231
v -0.03059387 0.44702151 -0.3671875
v -0.0244751 0.4665527 -0.33764651
v -0.024307249 0.4296875 -0.3125
v -0.024124149 0.3769531 -0.2834473
v -0.023956301 0.315918 -0.23974609
v -0.033538818 0.3027344 -0.25878909
v -0.033538818 0.36425781 -0.3024902
v -0.033538818 0.41674799 -0.3312988
v -0.033538818 0.45385739 -0.3562012
v -0.02416992 0.51074219 -0.42285159
v -0.03059387 0.48168951 -0.38989261
v -0.033538818 0.48852539 -0.3793945
v -0.03155518 0.4238281 -0.3215332
v -0.031280521 0.37109381 -0.2924805
v -0.031036381 0.31005859 -0.2489014
v -0.03182983 0.46069339 -0.34643549
v -0.0242157 0.54589838 -0.44604489
v -0.01442719 0.50585938 -0.43115231
v -0.03059387 0.51660162 -0.41308591
v -0.033538818 0.52294922 -0.402832
v -0.032073971 0.49511719 -0.36987299
v -0.024627689 0.50097662 -0.36108401
v -0.02424622 0.58007812 -0.46850589
v -0.01442719 0.54101562 -0.45385739
v -0.03059387 0.55126947 -0.4362793
v 0 0.50390631 -0.43383789
v 0 0.46899411 -0.41113281
v -0.033538818 0.55810553 -0.4262695
v -0.032318119 0.52978522 -0.39331049
v -0.02479553 0.53564447 -0.38452151
v -0.01271057 0.50585938 -0.35449219
v -0.01442719 0.57519531 -0.47607419
v 0 0.5390625 -0.456543
v 0.01442719 0.54101562 -0.45385739
v 0.01442719 0.50585938 -0.43115231
v 0.01442719 0.4707031 -0.4082031
v -0.03259277 0.56445312 -0.41674799
v -0.024963381 0.57080078 -0.4082031
v -0.01271057 0.54052728 -0.37792969
v 0 0.50830078 -0.35205081
v 0.01442719 0.57519531 -0.47607419
v 0 0.57324219 -0.4787598
v 0.0242157 0.54589838 -0.44604489
v 0.02416992 0.51074219 -0.42285159
v 0.024139401 0.47583011 -0.39990231
v -0.025115971 0.60449219 -0.43115231
v -0.01271057 0.57568359 -0.4016113
v 0 0.54296881 -0.37548831
v 0.01271057 0.50585938 -0.35449219
v 0.03059387 0.51660162 -0.41308591
v 0.03059387 0.48168951 -0.38989261
v -0.03283691 0.59863281 -0.4396973
v -0.01271057 0.609375 -0.42456049
v -0.025268549 0.63671881 -0.45288089
v 0 0.57763672 -0.39892581
v 0.01271057 0.54052728 -0.37792969
v 0.033538818 0.52294922 -0.402832
v -0.033538818 0.59228522 -0.44921881
v 0 0.61132812 -0.421875
v -0.01271057 0.64111328 -0.44628909
v 0.01271057 0.57568359 -0.4016113
v 0.02479553 0.53564447 -0.38452151
v 0.032318119 0.52978522 -0.39331049
v 0.033538818 0.55810553 -0.4262695
v 0.03259277 0.56445312 -0.41674799
v 0.01271057 0.609375 -0.42456049
v 0 0.64355469 -0.4433594
v 0.024963381 0.57080078 -0.4082031
v 0.033538818 0.59228522 -0.44921881
v 0.03283691 0.59863281 -0.4396973
v 0.03059387 0.55126947 -0.4362793
v 0.025115971 0.60449219 -0.43115231
v -0.03059387 0.58544922 -0.4587402
v 0.01271057 0.64111328 -0.44628909
v 0.033050541 0.63037109 -0.46142581
v 0.025268549 0.63671881 -0.45288089
v 0.02424622 0.58007812 -0.46850589
v 0.03059387 0.58544922 -0.4587402
v -0.02427673 0.61181641 -0.48974609
v -0.033538818 0.62402338 -0.4707031
v 0.025390631 0.66259772 -0.47045901
v 0.01271057 0.66748053 -0.46386719
v 0.032073971 0.65673828 -0.47900391
v 0.02427673 0.61181641 -0.48974609
v -0.01442719 0.60742188 -0.49707031
v -0.033050541 0.63037109 -0.46142581
v 0.007667542 0.67382812 -0.47729489
v 0.016448971 0.66943359 -0.48071289
v 0 0.66943359 -0.46118161
v -0.01271057 0.66748053 -0.46386719
v 0.01442719 0.60742188 -0.49707031
v 0 0.60546881 -0.49975589
v -0.025390631 0.66259772 -0.47045901
v -0.032073971 0.65673828 -0.47900391
v -0.033538818 0.65039062 -0.48828131
v 0.01055908 0.67578131 -0.49169919
v 0.021331791 0.66845697 -0.4890137
v 0 0.67675781 -0.47729489
v 0.01442719 0.63378912 -0.51416022
v -0.021331791 0.66845697 -0.4890137
v -0.016448971 0.66943359 -0.48071289
v -0.03059387 0.61767578 -0.4799805
v 0.033538818 0.65039062 -0.48828131
v 0.024307249 0.63818359 -0.50683588
v 0.03059387 0.61767578 -0.4799805
v -0.007667542 0.67382812 -0.47729489
v -0.01055908 0.67578131 -0.49169919
v 0.033538818 0.62402338 -0.4707031
v 0 0.67773438 -0.49194339
v 0.03059387 0.64404303 -0.49731451
v -0.01203156 0.67138672 -0.50244141
v 0 0.67333978 -0.50390631
v -0.024307249 0.63818359 -0.50683588
v 0.01203156 0.67138672 -0.50244141
v -0.02331543 0.66552728 -0.49902341
v 0 0.66210938 -0.51318359
v -0.01062012 0.66064447 -0.51123053
v -0.01442719 0.63378912 -0.51416022
v -0.03059387 0.64404303 -0.49731451
v 0.02331543 0.66552728 -0.49902341
v 0.01062012 0.66064447 -0.51123053
v -0.02137756 0.65576172 -0.50585938
v 0 0.64941412 -0.51806641
v -0.0098495483 0.6484375 -0.515625
v 0 0.63183588 -0.51660162
v 0.02137756 0.65576172 -0.50585938
v 0.0098495483 0.6484375 -0.515625
v -0.01529694 0.64648438 -0.50976562
v 0.01529694 0.64648438 -0.50976562
v -0.1629639 0.1391602 0.2080078
v -0.16174319 0.1174316 0.2058105
v -0.13964839 0.1174316 0.23181149
v -0.14147951 0.1391602 0.23510741
v -0.17724609 0.1391602 0.1724854
v -0.15856931 0.1628418 0.2052002
v -0.1705322 0.1628418 0.1739502
v -0.17602541 0.1174316 0.1721191
v -0.16052251 0.1015015 0.2043457
v -0.1392822 0.1011963 0.2293701
v -0.1124268 0.1391602 0.2363281
v -0.1140137 0.1174316 0.232666
v -0.1139526 0.1628418 0.23022459
v -0.1402588 0.1628418 0.22888181
v -0.1611328 0.1391602 0.1334229
v -0.1560059 0.1628418 0.1385498
v -0.1463623 0.1889648 0.15258791
v -0.1557617 0.1889648 0.1768799
v -0.1357422 0.086853027 0.2285156
v -0.1159668 0.1011963 0.2298584
v -0.090881348 0.1174316 0.2235107
v -0.087280273 0.1391602 0.2250977
v -0.093261719 0.1011353 0.2208252
v -0.1308594 0.1889648 0.14477541
v -0.1325684 0.1628418 0.1278076
v -0.1489258 0.1889648 0.19921879
v -0.1147461 0.086853027 0.2287598
v -0.092346191 0.086853027 0.2191162
v -0.072998047 0.1174316 0.1876221
v -0.076904297 0.1008301 0.1887207
v -0.068786621 0.1391602 0.1888428
v -0.091064453 0.1628418 0.21948241
v -0.076904297 0.086853027 0.1894531
v -0.1108398 0.1889648 0.14416499
v -0.1350098 0.1889648 0.21496581
v -0.091430657 0.072631843 0.2191162
v -0.076293953 0.070495613 0.19177251
v -0.081542969 0.086853027 0.1583252
v -0.08203125 0.1015015 0.1546631
v -0.1167603 0.1889648 0.2167969
v -0.079284668 0.068725593 0.1636963
v -0.1057739 0.1628418 0.1279297
v -0.093139648 0.1889648 0.1629639
v -0.075256348 0.051696781 0.19604491
v -0.075317383 0.048614498 0.1721191
v -0.078979492 0.1174316 0.1529541
v -0.099853523 0.1889648 0.2093506
v -0.13366701 0.1391602 0.1217651
v -0.080810547 0.1628418 0.15380859
v -0.1029053 0.1391602 0.1221924
v -0.071777336 0.033447269 0.2015381
v -0.076538093 0.03170776 0.1779785
v -0.075195312 0.1391602 0.15100101
v -0.075073242 0.1628418 0.1875
v -0.088378914 0.1889648 0.18652339
v -0.1341553 0.1174316 0.1253662
v -0.1611328 0.1174316 0.1361084
v -0.075195312 0.1391602 0.15100101
v -0.1046753 0.1174316 0.1262207
v -0.077392578 0.01602173 0.1828613
v -0.080810547 0.1628418 0.15380859
v -0.093139648 0.1889648 0.1629639
v -0.1342773 0.100769 0.12866209
v -0.1584473 0.1010742 0.1384277
v -0.1697998 0.1010742 0.17272951
v -0.078979492 0.1174316 0.1529541
v -0.1054688 0.099975593 0.1297607
v -0.07800293 0.004516602 0.2130127
v -0.08392334 0.0051078801 0.185791
v -0.071655273 0.01872253 0.2077637
v -0.13183589 0.086853027 0.1329346
v -0.15698241 0.086853027 0.1424561
v -0.1674805 0.086853027 0.1750488
v -0.15698241 0.086853027 0.2034912
v -0.08203125 0.1015015 0.1546631
v -0.1034546 0.086853027 0.1341553
v -0.087768547 0.0069923401 0.2359619
v -0.084716797 0.022918699 0.23681641
v -0.085449219 0.037811279 0.23205569
v -0.154541 0.067687988 0.1469727
v -0.16503911 0.070617683 0.17724609
v -0.154541 0.072509773 0.2050781
v -0.1340332 0.072753914 0.2276611
v -0.112793 0.072692871 0.2285156
v -0.081542969 0.086853027 0.1583252
v -0.1050415 0.0063095088 0.2424316
v -0.1043701 0.024032591 0.24597169
v -0.089904793 0.05511475 0.22399899
v -0.1606445 0.051696781 0.1842041
v -0.1502686 0.054656979 0.21179201
v -0.1307373 0.056488041 0.230957
v -0.109314 0.0562439 0.2331543
v -0.079284668 0.068725593 0.1636963
v -0.1027222 0.067138672 0.1420898
v -0.1228027 0.0064888 0.2410889
v -0.1053467 0.03894043 0.24121089
v -0.15271001 0.037445068 0.22277831
v -0.1309814 0.038970951 0.2415771
v -0.075317383 0.048614498 0.1721191
v -0.1015015 0.047607418 0.15075681
v -0.1306152 0.067138672 0.1402588
v -0.12866209 0.047607418 0.1478271
v -0.14929201 0.02243042 0.2294922
v -0.1411133 0.005878448 0.2341309
v -0.128418 0.02406311 0.24633791
v -0.076538093 0.03170776 0.1779785
v -0.1004639 0.029266359 0.1584473
v -0.1502686 0.048614498 0.1560059
v -0.14599609 0.03019714 0.16320799
v -0.1280518 0.02919006 0.1549072
v -0.14587399 0.0025215149 0.21325681
v -0.077392578 0.01602173 0.1828613
v -0.099975593 0.01485443 0.1654053
v -0.1254883 0.01470184 0.16503911
v -0.1607666 0.033996578 0.1923828
v -0.14611819 0.01551056 0.1716309
v -0.1584473 0.018737789 0.2011719
v -0.13806149 0.004997253 0.1827393
v -0.08392334 0.0051078801 0.185791
v -0.099060059 0.0042419429 0.1818848
v -0.1212769 0.002552032 0.1791992
v -0.1252441 4.863739e-05 0.213623
v -0.14587399 0.0025215149 0.21325681
v -0.1038208 0.001745224 0.21337891
v -0.07800293 0.004516602 0.2130127
v -0.1228027 0.0064888 0.2410889
v -0.1411133 0.005878448 0.2341309
v -0.1050415 0.0063095088 0.2424316
v -0.087768547 0.0069923401 0.2359619
v 0.1635742 0.1392822 0.2076416
v 0.1409912 0.1174316 0.2314453
v 0.1621094 0.1174316 0.20544431
v 0.1420898 0.1392822 0.2347412
v 0.1778564 0.1392822 0.1721191
v 0.157959 0.1640625 0.2044678
v 0.1697998 0.1640625 0.1737061
v 0.1130981 0.1392822 0.2359619
v 0.1143188 0.1174316 0.2322998
v 0.1392822 0.1005859 0.2285156
v 0.1575928 0.1010132 0.2037354
v 0.1762695 0.1174316 0.1717529
v 0.13989259 0.1640625 0.2277832
v 0.1140137 0.1640625 0.22912601
v 0.16174319 0.1392822 0.1330566
v 0.15539549 0.1640625 0.1387939
v 0.14599609 0.1843262 0.1531982
v 0.1550293 0.1843262 0.1766357
v 0.091186523 0.1174316 0.2231445
v 0.1137695 0.1005859 0.22900391
v 0.1361084 0.086853027 0.2281494
v 0.1173706 0.1843262 0.21521001
v 0.091430657 0.1640625 0.2185059
v 0.08795166 0.1392822 0.2247314
v 0.1323242 0.1640625 0.1282959
v 0.1309814 0.1843262 0.1456299
v 0.1485596 0.1843262 0.1982422
v 0.1011353 0.1843262 0.2080078
v 0.1350098 0.1843262 0.21337891
v 0.075683586 0.1640625 0.1870117
v 0.069458008 0.1392822 0.18847661
v 0.073303223 0.1174316 0.1873779
v 0.1116943 0.1843262 0.1450195
v 0.08996582 0.1843262 0.1860352
v 0.081359863 0.1640625 0.15380859
v 0.075866699 0.1392822 0.1506348
v 0.079284668 0.1174316 0.15258791
v 0.091186523 0.1010742 0.2199707
v 0.075073242 0.1008301 0.1885986
v 0.105957 0.1640625 0.1282959
v 0.094604492 0.1843262 0.16320799
v 0.094604492 0.1843262 0.16320799
v 0.080078132 0.1012573 0.15539549
v 0.075073242 0.086853027 0.1890869
v 0.090515137 0.086853027 0.21875
v 0.112915 0.086853027 0.2283936
v 0.079711907 0.086853027 0.157959
v 0.1342773 0.1392822 0.1213989
v 0.081359863 0.1640625 0.15380859
v 0.1035767 0.1392822 0.1218872
v 0.074584961 0.072021477 0.19116209
v 0.08972168 0.073974609 0.2185059
v 0.1112061 0.073974609 0.2280273
v 0.1323242 0.074035637 0.2271729
v 0.1544189 0.085632317 0.203125
v 0.1517334 0.072692871 0.2043457
v 0.077758789 0.070373543 0.1629639
v 0.16149899 0.1174316 0.1357422
v 0.075866699 0.1392822 0.1506348
v 0.073425293 0.051757809 0.1956787
v 0.08807373 0.055175781 0.2236328
v 0.1074829 0.05627441 0.2327881
v 0.1656494 0.086853027 0.1748047
v 0.1691895 0.1012573 0.17272951
v 0.1484375 0.0546875 0.2114258
v 0.1634521 0.072143547 0.1779785
v 0.073486328 0.04864502 0.1717529
v 0.1574707 0.1015625 0.1387939
v 0.1049805 0.1174316 0.12585451
v 0.079284668 0.1174316 0.15258791
v 0.1551514 0.086853027 0.14294431
v 0.1530762 0.069335938 0.1478271
v 0.15881351 0.051757809 0.18383791
v 0.074768066 0.031768799 0.1776123
v 0.069946289 0.033477779 0.2011719
v 0.1317139 0.099487297 0.1300049
v 0.080078132 0.1012573 0.15539549
v 0.1345215 0.1174316 0.125
v 0.1484375 0.04864502 0.1557617
v 0.12902831 0.068786621 0.1392822
v 0.083618157 0.037841801 0.23181149
v 0.075561523 0.016067499 0.1824951
v 0.069824219 0.018768311 0.20739751
v 0.1016235 0.086853027 0.1346436
v 0.079711907 0.086853027 0.157959
v 0.1030884 0.099487297 0.1311035
v 0.1035156 0.038970951 0.2409668
v 0.082092293 0.005153656 0.1854248
v 0.076171882 0.0045585632 0.2126465
v 0.0859375 0.007038116 0.2355957
v 0.082885742 0.022964479 0.2365723
v 0.077758789 0.070373543 0.1629639
v 0.1300049 0.086853027 0.1334229
v 0.12890629 0.056549069 0.23059081
v 0.1032104 0.0063552861 0.2420654
v 0.1025391 0.02406311 0.2456055
v 0.09967041 0.047637939 0.1503906
v 0.073486328 0.04864502 0.1717529
v 0.1010132 0.068786621 0.1411133
v 0.12915041 0.039001461 0.24121089
v 0.1210327 0.006534576 0.2408447
v 0.1265869 0.02410889 0.24597169
v 0.1268311 0.047637939 0.14746089
v 0.098693848 0.029296881 0.1582031
v 0.074768066 0.031768799 0.1776123
v 0.15087891 0.03747559 0.22253419
v 0.1392822 0.0059204102 0.2337646
v 0.14746089 0.022460939 0.22912601
v 0.14416499 0.03024292 0.1628418
v 0.1262207 0.029220579 0.1546631
v 0.075561523 0.016067499 0.1824951
v 0.1236572 0.01473999 0.1646729
v 0.098144531 0.01490021 0.16503911
v 0.1589355 0.034057621 0.1920166
v 0.144043 0.002563477 0.2128906
v 0.1567383 0.018783569 0.2009277
v 0.14428709 0.01554871 0.1712646
v 0.082092293 0.005153656 0.1854248
v 0.1362305 0.0050430298 0.182373
v 0.1194458 0.0025939939 0.17883299
v 0.097290039 0.004283905 0.1815186
v 0.1019897 0.001789093 0.2130127
v 0.076171882 0.0045585632 0.2126465
v 0.144043 0.002563477 0.2128906
v 0.1234741 9.8586082e-05 0.21325681
v 0.1210327 0.006534576 0.2408447
v 0.1032104 0.0063552861 0.2420654
v 0.0859375 0.007038116 0.2355957
v 0.1392822 0.0059204102 0.2337646
v -0.1166382 0.1582031 -0.1032104
v -0.1173096 0.1322021 -0.1070557
v -0.089477539 0.1322021 -0.1065674
v -0.088684082 0.1582031 -0.1032715
v -0.1390381 0.1582031 -0.13183589
v -0.1154785 0.1877441 -0.1086426
v -0.1356201 0.1877441 -0.1350098
v -0.116333 0.1130981 -0.109436
v -0.089416496 0.1130981 -0.1083984
v -0.1375732 0.1322021 -0.1308594
v -0.067321777 0.1124268 -0.13037109
v -0.066894531 0.1322021 -0.1298828
v -0.063293457 0.1582031 -0.13024899
v -0.093078613 0.1877441 -0.1109009
v -0.1427002 0.1582031 -0.1662598
v -0.1386719 0.1877441 -0.16503911
v -0.1254883 0.2142334 -0.1435547
v -0.12744141 0.2142334 -0.16174319
v -0.089416496 0.094177254 -0.1092529
v -0.067565918 0.094177254 -0.12902831
v -0.071472168 0.1877441 -0.1340332
v -0.097412109 0.2142334 -0.1244507
v -0.1123657 0.2142334 -0.1244507
v -0.1245117 0.2142334 -0.1768799
v -0.1328125 0.1877441 -0.1901855
v -0.089538567 0.07208252 -0.1091919
v -0.069091797 0.072509773 -0.12866209
v -0.1157837 0.094177254 -0.1092529
v -0.082824707 0.2142334 -0.1408691
v -0.1123657 0.2142334 -0.1890869
v -0.1136475 0.1877441 -0.20849609
v -0.13671879 0.1582031 -0.1982422
v -0.071594238 0.050750729 -0.125
v -0.1162109 0.07208252 -0.1091919
v -0.089782707 0.050750729 -0.1079712
v -0.1347656 0.094177254 -0.12915041
v -0.1357422 0.1124268 -0.1308594
v -0.095092773 0.2142334 -0.1890869
v -0.083618157 0.1877441 -0.2075195
v -0.1144409 0.1582031 -0.2181396
v -0.1412354 0.1322021 -0.16491701
v -0.13659669 0.1322021 -0.19628911
v -0.088806152 0.03167725 -0.1009521
v -0.069152832 0.031890869 -0.1168823
v -0.1168213 0.050750729 -0.1079712
v -0.1394043 0.1135254 -0.1621094
v -0.07434082 0.2142334 -0.17443851
v -0.064758301 0.1877441 -0.1859131
v -0.079345703 0.1582031 -0.21618649
v -0.1151733 0.1322021 -0.2141113
v -0.1359863 0.1135254 -0.1920166
v -0.071289062 0.01779175 -0.1131592
v -0.090942383 0.01779175 -0.09942627
v -0.1182861 0.03167725 -0.1009521
v -0.1348877 0.050750729 -0.1254883
v -0.1347656 0.072509773 -0.12902831
v -0.1384277 0.094177254 -0.16015629
v -0.07434082 0.2142334 -0.159668
v -0.1134033 0.1132813 -0.20996089
v -0.1357422 0.094177254 -0.189209
v -0.073181152 0.0022659299 -0.1203613
v -0.1395264 0.031524658 -0.1159668
v -0.1176758 0.01779175 -0.09942627
v -0.13830569 0.07244873 -0.1578369
v -0.13830569 0.050750729 -0.1531982
v -0.059967041 0.1877441 -0.16027831
v -0.082824707 0.2142334 -0.1408691
v -0.1125488 0.094177254 -0.20410161
v -0.135498 0.072387703 -0.18518069
v -0.090087891 0.004253387 -0.1060181
v -0.07232666 -0.00058841711 -0.13525391
v -0.1350098 0.050750729 -0.1795654
v -0.14306641 0.032318119 -0.1490479
v -0.05355835 0.1582031 -0.19287109
v -0.071472168 0.1877441 -0.1340332
v -0.1126709 0.072631843 -0.197998
v -0.090087891 -0.00058841711 -0.13525391
v -0.1149292 0.004253387 -0.1060181
v -0.075073242 0.001747131 -0.16003419
v -0.112915 0.050750729 -0.19116209
v -0.1362305 0.034515381 -0.17553709
v -0.082702637 0.1322021 -0.2113037
v -0.063293457 0.1582031 -0.13024899
v -0.049255371 0.1582031 -0.1612549
v -0.1386719 0.01779175 -0.112915
v -0.090087891 0.0036582949 -0.1687012
v -0.083557129 0.1132813 -0.20739751
v -0.055297852 0.1322021 -0.19116209
v -0.066894531 0.1322021 -0.1298828
v -0.05291748 0.1322021 -0.1611328
v -0.1314697 0.0022659299 -0.1146851
v -0.1427002 0.01779175 -0.1427002
v -0.1160889 -0.00058841711 -0.13366701
v -0.1160889 0.0036582949 -0.1688232
v -0.05700684 0.1135254 -0.1887207
v -0.067321777 0.1124268 -0.13037109
v -0.055786129 0.1135254 -0.1584473
v -0.1317139 -0.00058841711 -0.13366701
v -0.1317139 -0.00058841711 -0.13366701
v -0.1376953 0.019943239 -0.1705322
v -0.13208009 0.001273155 -0.1589355
v -0.08392334 0.094177254 -0.2016602
v -0.067565918 0.094177254 -0.12902831
v -0.05725098 0.094177254 -0.15698241
v -0.057891849 0.094177254 -0.1861572
v -0.1155396 0.034515381 -0.18664549
v -0.13208009 0.001273155 -0.1589355
v -0.1176758 0.019943239 -0.18200681
v -0.086120613 0.072631843 -0.1959229
v -0.069091797 0.072509773 -0.12866209
v -0.05917358 0.07244873 -0.1550293
v -0.061340328 0.072387703 -0.1827393
v -0.089782707 0.050750729 -0.19140629
v -0.088806152 0.034515381 -0.18664549
v -0.1160889 0.0036582949 -0.1688232
v -0.090942383 0.019943239 -0.18200681
v -0.071594238 0.050750729 -0.125
v -0.0625 0.050750729 -0.1517334
v -0.067260742 0.050750729 -0.17724609
v -0.066162109 0.034515381 -0.17419431
v -0.090087891 0.0036582949 -0.1687012
v -0.067321777 0.019943239 -0.1687012
v -0.069152832 0.031890869 -0.1168823
v -0.0625 0.032318119 -0.1470947
v -0.075073242 0.001747131 -0.16003419
v -0.064697273 0.01779175 -0.1424561
v -0.071289062 0.01779175 -0.1131592
v -0.07232666 -0.00058841711 -0.13525391
v -0.073181152 0.0022659299 -0.1203613
v 0.1176758 0.15856931 -0.1032104
v 0.090515137 0.13183589 -0.105896
v 0.1183472 0.13183589 -0.105957
v 0.08972168 0.15856931 -0.1032715
v 0.1400146 0.15856931 -0.13183589
v 0.1165161 0.18835451 -0.1085205
v 0.13671879 0.18835451 -0.1350098
v 0.06842041 0.1112061 -0.12866209
v 0.090454102 0.1118774 -0.1085205
v 0.067932129 0.13183589 -0.13024899
v 0.1173096 0.1118774 -0.109436
v 0.1385498 0.13183589 -0.1312256
v 0.064331047 0.15856931 -0.13024899
v 0.094116211 0.18835451 -0.1108398
v 0.1437988 0.15856931 -0.1662598
v 0.13977049 0.18835451 -0.16503911
v 0.12573241 0.21484379 -0.144043
v 0.1276855 0.21484379 -0.16162109
v 0.068603523 0.094848633 -0.12902831
v 0.090454102 0.094848633 -0.1092529
v 0.13659669 0.1112061 -0.12915041
v 0.1168213 0.094848633 -0.1092529
v 0.1422119 0.13183589 -0.16479491
v 0.07244873 0.18835451 -0.1340332
v 0.1378174 0.15856931 -0.1982422
v 0.1339111 0.18835451 -0.1903076
v 0.1248779 0.21484379 -0.1762695
v 0.1130371 0.21484379 -0.1253662
v 0.070068359 0.073791496 -0.12866209
v 0.090576172 0.073364258 -0.1091919
v 0.1171875 0.073364258 -0.1091919
v 0.1357422 0.094848633 -0.12915041
v 0.098510742 0.21484379 -0.1253662
v 0.084411621 0.21484379 -0.14135741
v 0.1130371 0.21484379 -0.18823241
v 0.1147461 0.18835451 -0.20849609
v 0.072631843 0.051422119 -0.125
v 0.090820312 0.051422119 -0.1079712
v 0.1358643 0.073791496 -0.12902831
v 0.1178589 0.051422119 -0.1079712
v 0.1394043 0.094848633 -0.16015629
v 0.1402588 0.1123047 -0.1618652
v 0.096313477 0.21484379 -0.18823241
v 0.084655762 0.18835451 -0.2076416
v 0.1154785 0.15856931 -0.2181396
v 0.08984375 0.032318119 -0.1009521
v 0.07019043 0.032531738 -0.1168823
v 0.1193237 0.032318119 -0.1009521
v 0.1359863 0.051422119 -0.1254883
v 0.13708501 0.1123047 -0.19165041
v 0.076171882 0.21484379 -0.1739502
v 0.065734863 0.18835451 -0.1860352
v 0.080383301 0.15856931 -0.21618649
v 0.1376953 0.13183589 -0.1959229
v 0.1162109 0.13183589 -0.21337891
v 0.07232666 0.01844788 -0.1131592
v 0.09197998 0.01844788 -0.09942627
v 0.076171882 0.21484379 -0.1595459
v 0.0609436 0.18835451 -0.16027831
v 0.054595951 0.15856931 -0.19287109
v 0.083740227 0.13183589 -0.2106934
v 0.1143799 0.1119995 -0.2094727
v 0.07421875 0.0029144289 -0.1203613
v 0.091125488 0.004901886 -0.1060181
v 0.1187744 0.01844788 -0.09942627
v 0.084411621 0.21484379 -0.14135741
v 0.07244873 0.18835451 -0.1340332
v 0.050292969 0.15856931 -0.1612549
v 0.056335449 0.13183589 -0.1907959
v 0.084655762 0.1119995 -0.20690919
v 0.073364258 5.8591369e-05 -0.13525391
v 0.091125488 5.8591369e-05 -0.13525391
v 0.1159668 0.004901886 -0.1060181
v 0.13977049 0.01844788 -0.112915
v 0.140625 0.032196041 -0.1159668
v 0.064331047 0.15856931 -0.13024899
v 0.053955082 0.13183589 -0.1611328
v 0.0581665 0.1123047 -0.18835451
v 0.084960938 0.094848633 -0.2016602
v 0.05892944 0.094848633 -0.1861572
v 0.07611084 0.0023956301 -0.16003419
v 0.144043 0.032958981 -0.1490479
v 0.1392822 0.051422119 -0.1531982
v 0.1394043 0.073791496 -0.157959
v 0.067932129 0.13183589 -0.13024899
v 0.05700684 0.1123047 -0.1582031
v 0.13671879 0.094848633 -0.189209
v 0.1135864 0.094848633 -0.20410161
v 0.091125488 0.0043067932 -0.1687012
v 0.1361084 0.051422119 -0.1795654
v 0.13647459 0.073730469 -0.1853027
v 0.06842041 0.1112061 -0.12866209
v 0.05828857 0.094848633 -0.15698241
v 0.1137085 0.073974609 -0.1982422
v 0.1171265 0.0043067932 -0.1688232
v 0.1171265 5.8591369e-05 -0.13366701
v 0.068603523 0.094848633 -0.12902831
v 0.087036133 0.073974609 -0.19604491
v 0.062225342 0.073730469 -0.1828613
v 0.06015015 0.073791496 -0.1551514
v 0.1139526 0.051422119 -0.19116209
v 0.090820312 0.051422119 -0.19140629
v 0.1331787 0.001921654 -0.1589355
v 0.1328125 5.8591369e-05 -0.13366701
v 0.1324463 0.0029144289 -0.1146851
v 0.070068359 0.073791496 -0.12866209
v 0.06829834 0.051422119 -0.17724609
v 0.063537598 0.051422119 -0.1517334
v 0.1373291 0.03515625 -0.17553709
v 0.1165771 0.03515625 -0.18664549
v 0.08984375 0.03515625 -0.18664549
v 0.1328125 5.8591369e-05 -0.13366701
v 0.1437988 0.01844788 -0.1427002
v 0.072631843 0.051422119 -0.125
v 0.067199707 0.03515625 -0.17419431
v 0.063537598 0.032958981 -0.1470947
v 0.1387939 0.02058411 -0.1705322
v 0.1187744 0.02058411 -0.18200681
v 0.09197998 0.02058411 -0.18200681
v 0.1331787 0.001921654 -0.1589355
v 0.07019043 0.032531738 -0.1168823
v 0.068359382 0.02058411 -0.1687012
v 0.065734863 0.01844788 -0.1424561
v 0.1171265 0.0043067932 -0.1688232
v 0.091125488 0.0043067932 -0.1687012
v 0.07232666 0.01844788 -0.1131592
v 0.07611084 0.0023956301 -0.16003419
v 0.073364258 5.8591369e-05 -0.13525391
v 0.07421875 0.0029144289 -0.1203613
v 0.18334959 0.68798828 0.1827393
v 0.1889648 0.66503912 0.1762695
v 0.1781006 0.67480469 0.16003419
v 0.1746826 0.69384772 0.1723633
v 0.17443851 0.71142578 0.1894531
v 0.19433589 0.64208978 0.171875
v 0.1801758 0.65380859 0.14929201
v 0.1486816 0.68408197 0.15539549
v 0.1428223 0.6640625 0.1434326
v 0.15539549 0.70019531 0.1699219
v 0.17114259 0.71337891 0.1848145
v 0.1629639 0.71679688 0.19299319
v 0.1713867 0.71191412 0.19433589
v 0.1986084 0.62353522 0.16833501
v 0.1818848 0.63769531 0.1407471
v 0.1187744 0.68994141 0.1702881
v 0.1067505 0.67285162 0.1618652
v 0.13806149 0.6484375 0.1339111
v 0.097290039 0.65917969 0.1550293
v 0.1356201 0.70361328 0.1784668
v 0.1622314 0.71728522 0.1846924
v 0.1638184 0.71289062 0.19909669
v 0.20544431 0.59277338 0.1641846
v 0.1827393 0.61572272 0.1323242
v 0.13378911 0.6328125 0.1264648
v 0.1166382 0.68945312 0.2036133
v 0.1016846 0.671875 0.20861819
v 0.089782707 0.65722662 0.2110596
v 0.087219238 0.64453131 0.15087891
v 0.13378911 0.703125 0.2000732
v 0.15271001 0.71777338 0.18676759
v 0.1512451 0.71728522 0.1964111
v 0.1551514 0.71435553 0.2020264
v 0.21447749 0.55273438 0.15869141
v 0.18383791 0.58691412 0.1213989
v 0.1182251 0.66210938 0.2286377
v 0.13037109 0.68017578 0.21801759
v 0.074157707 0.62597662 0.1455078
v 0.078857422 0.64208978 0.215332
v 0.1427002 0.69824219 0.21020509
v 0.2271729 0.52099609 0.201416
v 0.2347412 0.52587891 0.1516113
v 0.17590331 0.56982422 0.2113037
v 0.1085815 0.64648438 0.23828129
v 0.064697273 0.62207031 0.21875
v 0.096557617 0.625 0.25073239
v 0.25878909 0.4550781 0.18981931
v 0.26708981 0.4609375 0.13818359
v 0.237793 0.53125 0.1026611
v 0.1295166 0.58154303 0.2456055
v 0.1618652 0.53808588 0.27758789
v 0 0.63330078 0.152832
v 0 0.62402338 0.22399899
v 0.080993652 0.59667969 0.26391599
v 0.2702637 0.4609375 0.089355469
v 0.2373047 0.52734381 0.05435181
v 0.18652339 0.58447272 0.066040039
v 0.1282959 0.61181641 0.1169434
v 0.12902831 0.609375 0.073242188
v 0.119751 0.55615228 0.28857419
v 0.069580078 0.57275391 0.30078131
v 0 0.60400391 0.27050781
v 0 0.578125 0.30541989
v 0.18493649 0.57617188 0.0085678101
v 0.12853999 0.60107422 0.01531982
v 0.072753914 0.62353522 0.08026123
v 0.071350098 0.61669922 0.018325809
v 0.05889893 0.53369141 0.33862299
v 0 0.53564447 0.34277341
v -0.080993652 0.59667969 0.26391599
v -0.069580078 0.57275391 0.30078131
v 0.2337646 0.51855469 0.00017535689
v 0.1767578 0.56005859 -0.045837399
v 0.1240234 0.58691412 -0.04296875
v -0.05889893 0.53369141 0.33862299
v 0 0.49145511 0.3703613
v -0.064697273 0.62207031 0.21875
v -0.119751 0.55615228 0.28857419
v -0.1295166 0.58154303 0.2456055
v -0.095031738 0.62207031 0.25097659
v 0.22412109 0.50683588 -0.050354
v 0.16821291 0.53955078 -0.1013794
v 0.2675781 0.4597168 0.043487549
v -0.05233765 0.48950201 0.36669919
v 0.05233765 0.48950201 0.36669919
v -0.17590331 0.56982422 0.2113037
v -0.1618652 0.53808588 0.27758789
v -0.077514648 0.64013672 0.2156982
v -0.1085815 0.64648438 0.23840331
v 0.2824707 0.37866211 0.081481934
v 0.2824707 0.37866211 0.037567139
v 0.2624512 0.4562988 -0.0046005249
v -0.1069946 0.52197272 0.32641599
v -0.096374512 0.47827151 0.35791019
v -0.21447749 0.55273438 0.15869141
v -0.2271729 0.52099609 0.201416
v -0.089782707 0.65722662 0.2126465
v -0.119873 0.66503912 0.2294922
v 0.277832 0.37744141 0.130127
v 0.25415039 0.45239261 -0.054290771
v 0.2120361 0.4909668 -0.1022339
v -0.1472168 0.50488281 0.3125
v -0.1281738 0.46166989 0.34667969
v -0.1037598 0.67431641 0.2080078
v -0.13037109 0.68212891 0.22131351
v 0.23815919 0.44262701 0.2419434
v 0.2702637 0.37353519 0.18334959
v 0.15869141 0.51464838 -0.1499023
v 0.1156616 0.5625 -0.1019287
v -0.16308589 0.43676761 0.33081049
v -0.18652339 0.4746094 0.29785159
v -0.1166382 0.68945312 0.2036133
v -0.1419678 0.69726562 0.2122803
v 0.2062988 0.50195312 0.2609863
v 0.068115227 0.60058588 -0.040801998
v 0.063415527 0.57519531 -0.1029053
v -0.2062988 0.50195312 0.2609863
v -0.1901855 0.402832 0.31640631
v -0.2175293 0.42822269 0.2832031
v -0.1328125 0.70263672 0.2001953
v -0.1551514 0.71435553 0.2020264
v 0.2175293 0.42822269 0.2832031
v 0.18652339 0.4746094 0.29785159
v 0 0.62402338 0.02003479
v -0.23815919 0.44262701 0.2419434
v -0.2314453 0.35571289 0.27319339
v -0.20544431 0.3493652 0.30639651
v -0.1346436 0.70263672 0.1779785
v -0.1512451 0.71728522 0.1964111
v -0.1629639 0.71679688 0.19299319
v -0.1638184 0.71289062 0.19909669
v 0 0.63183588 0.086181641
v -0.20080569 0.3046875 0.3024902
v -0.2276611 0.30541989 0.2712402
v -0.25292969 0.36474609 0.2332764
v -0.1187744 0.68994141 0.1702881
v -0.1083984 0.67529303 0.1629639
v -0.1713867 0.71191412 0.19433589
v -0.072753914 0.62353522 0.08026123
v -0.074157707 0.62597662 0.1455078
v -0.1871338 0.26586911 0.30517581
v -0.097290039 0.65917969 0.1550293
v -0.1436768 0.66699219 0.1450195
v -0.17443851 0.71142578 0.1894531
v -0.12902831 0.609375 0.073242188
v -0.071350098 0.61669922 0.018325809
v -0.2160645 0.2565918 0.2746582
v -0.1564941 0.237793 0.31518549
v -0.0859375 0.64306641 0.1503906
v -0.1622314 0.71728522 0.1846924
v -0.17114259 0.71337891 0.1848145
v -0.18212891 0.68701172 0.182373
v -0.2493896 0.30859381 0.23071291
v -0.1827393 0.21337891 0.28979489
v -0.2357178 0.24902339 0.2376709
v -0.1385498 0.1947021 0.30493161
v -0.1208496 0.2247314 0.33227539
v -0.1333008 0.63085938 0.1256104
v -0.1749268 0.69287109 0.1716309
v -0.1781006 0.67480469 0.16003419
v -0.1889648 0.66503912 0.1762695
v -0.1282959 0.61181641 0.1169434
v -0.098144531 0.1872559 0.3190918
v -0.091003418 0.21960451 0.34326169
v -0.13806149 0.6484375 0.1339111
v -0.1486816 0.68408197 0.15539549
v -0.1550293 0.69921881 0.1690674
v -0.1936035 0.64501947 0.1724854
v -0.1799316 0.65673828 0.15075681
v -0.18383791 0.58691412 0.1213989
v -0.050018311 0.1859131 0.32885739
v -0.045257568 0.22558589 0.35400391
v -0.1818848 0.63769531 0.1407471
v -0.15271001 0.71777338 0.18676759
v -0.1986084 0.62353522 0.16833501
v -0.1828613 0.61279303 0.1312256
v 0 0.1843262 0.3312988
v 0 0.2280273 0.35546881
v -0.2062988 0.58886719 0.1635742
v 0 0.1427002 0.2902832
v 0.045257568 0.22558589 0.35400391
v 0.050018311 0.1859131 0.32885739
v -0.18652339 0.58447272 0.066040039
v -0.237793 0.53125 0.1026611
v -0.2347412 0.52587891 0.1516113
v -0.054595951 0.1464844 0.28637701
v 0 0.1096802 0.24121089
v 0.054595951 0.1464844 0.28637701
v 0.091003418 0.21960451 0.34326169
v 0.098144531 0.1872559 0.3190918
v -0.12853999 0.60107422 0.01531982
v -0.26708981 0.4609375 0.13818359
v -0.25878909 0.4550781 0.18981931
v -0.1066284 0.15234379 0.27636719
v 0.1208496 0.2247314 0.33227539
v 0.1385498 0.1947021 0.30493161
v 0.1066284 0.15234379 0.27636719
v -0.068115227 0.60058588 -0.040801998
v -0.1240234 0.58691412 -0.04296875
v -0.277832 0.37744141 0.130127
v -0.2702637 0.37353519 0.18334959
v -0.1558838 0.1658936 0.26391599
v 0.1564941 0.237793 0.31518549
v 0 0.60693359 -0.040801998
v -0.063415527 0.57519531 -0.1029053
v 0 0.58056641 -0.1051636
v -0.2675781 0.30859381 0.18066411
v -0.1987305 0.1959229 0.25048831
v -0.16784669 0.1341553 0.21337891
v -0.058319092 0.54931641 -0.1577148
v -0.1156616 0.5625 -0.1019287
v -0.25097659 0.23986819 0.1861572
v -0.27832031 0.30859381 0.1295166
v -0.1164551 0.1199341 0.22888181
v 0.058319092 0.54931641 -0.1577148
v -0.16821291 0.53955078 -0.1013794
v -0.1767578 0.56005859 -0.045837399
v -0.2824707 0.37866211 0.081481934
v -0.060272221 0.1126099 0.236084
v 0 0.55371088 -0.159668
v 0.1092529 0.53710938 -0.1544189
v -0.18493649 0.57617188 0.0085678101
v -0.2702637 0.4609375 0.089355469
v 0 0.092773438 0.17272951
v 0.060272221 0.1126099 0.236084
v 0 0.52148438 -0.20690919
v 0.197998 0.4746094 -0.1472168
v 0.14770509 0.48950201 -0.1950684
v -0.2373047 0.52734381 0.05435181
v -0.2675781 0.4597168 0.043487549
v -0.2824707 0.37866211 0.037567139
v 0.1164551 0.1199341 0.22888181
v 0.053741459 0.51757812 -0.2042236
v 0.2261963 0.43041989 -0.14611819
v 0.18371581 0.4589844 -0.1895752
v -0.2337646 0.51855469 0.00017535689
v -0.2624512 0.4562988 -0.0046005249
v -0.28198239 0.30859381 0.080871582
v 0.16784669 0.1341553 0.21337891
v 0.1558838 0.1658936 0.26391599
v 0.1019897 0.50634772 -0.201416
v -0.22412109 0.50683588 -0.050354
v -0.2600098 0.23693851 0.13183589
v 0.1987305 0.1959229 0.25048831
v 0.1827393 0.21337891 0.28979489
v 0.094787598 0.47729489 -0.24572749
v 0.13684081 0.46166989 -0.237793
v 0.1661377 0.4343262 -0.232666
v -0.2160645 0.17724609 0.1987305
v 0.2160645 0.2565918 0.2746582
v 0.2357178 0.24902339 0.2376709
v 0.1871338 0.26586911 0.30517581
v 0.049102779 0.48461911 -0.2512207
v 0.2078857 0.41674799 -0.1879883
v 0.1842041 0.39868161 -0.2313232
v 0.1450195 0.4074707 -0.26855469
v 0.2276611 0.30541989 0.2712402
v 0.20080569 0.3046875 0.3024902
v 0.2402344 0.44360349 -0.1029053
v 0.2410889 0.36743161 -0.14746089
v 0.1964111 0.35693359 -0.2332764
v 0.2248535 0.36328131 -0.1879883
v 0.1237793 0.4230957 -0.2756348
v -0.2247314 0.17443851 0.1391602
v -0.175293 0.1219482 0.15209959
v 0.2314453 0.35571289 0.27319339
v 0.20544431 0.3493652 0.30639651
v 0.087158203 0.4387207 -0.2800293
v -0.1200562 0.1039429 0.1622314
v -0.22741701 0.1712646 0.088989258
v -0.17871089 0.1207886 0.096984863
v 0.1901855 0.402832 0.31640631
v 0.2687988 0.3769531 -0.05670166
v 0.2558594 0.3728027 -0.1048584
v -0.062988281 0.095703132 0.1671143
v -0.1205444 0.1008911 0.1027832
v -0.22888181 0.1724854 0.04150391
v -0.1776123 0.1216431 0.047027592
v -0.2600098 0.236084 0.083312988
v 0.27832031 0.378418 -0.0073127751
v -0.1191406 0.1014404 0.052886959
v -0.063354492 0.094116211 0.107666
v -0.1763916 0.1224976 -0.0032653811
v -0.2279053 0.1737061 -0.0062599182
v -0.28100589 0.30859381 0.037414551
v 0.24145509 0.30859381 -0.15100101
v -0.063110352 0.094665527 0.05615234
v -0.1176147 0.1020508 0.00054931641
v -0.2218018 0.1801758 -0.062225342
v -0.17578129 0.1295166 -0.063842773
v -0.27832031 0.378418 -0.0073127751
v -0.2624512 0.23669431 0.03875732
v 0.2232666 0.30859381 -0.1936035
v 0.1936035 0.30859381 -0.23840331
v -0.2687988 0.3769531 -0.05670166
v -0.27636719 0.30859381 -0.008140564
v -0.25415039 0.45239261 -0.054290771
v -0.25805661 0.2373047 -0.0079727173
v 0.18359379 0.26660159 -0.24597169
v 0.15722661 0.30859381 -0.27856451
v 0.1589355 0.3515625 -0.2722168
v -0.2120361 0.4909668 -0.1022339
v -0.2402344 0.44360349 -0.1029053
v -0.2558594 0.3728027 -0.1048584
v -0.2521973 0.2408447 -0.06115723
v 0.1162109 0.35131839 -0.3081055
v 0.1550293 0.38574219 -0.26977539
v -0.15869141 0.51464838 -0.1499023
v -0.269043 0.30859381 -0.058563229
v -0.24475101 0.24633791 -0.1104736
v -0.2111816 0.1861572 -0.1176147
v 0.1154785 0.38964841 -0.29711911
v -0.197998 0.4746094 -0.1472168
v -0.14770509 0.48950201 -0.1950684
v -0.1092529 0.53710938 -0.1544189
v -0.25683591 0.30859381 -0.1063843
v 0.080078132 0.39355469 -0.309082
v 0.077941887 0.35131839 -0.32055661
v -0.2261963 0.43041989 -0.14611819
v -0.053741459 0.51757812 -0.2042236
v -0.1019897 0.50634772 -0.201416
v -0.24145509 0.30859381 -0.15100101
v 0.1166382 0.30859381 -0.31274411
v 0.044067379 0.44775391 -0.28613281
v -0.2410889 0.36743161 -0.14746089
v -0.049102779 0.48461911 -0.2512207
v 0 0.4863281 -0.25244141
v -0.2298584 0.2521973 -0.1567383
v -0.19946291 0.1844482 -0.1645508
v 0.040924069 0.39990231 -0.31518549
v -0.2248535 0.36328131 -0.1879883
v -0.2078857 0.41674799 -0.1879883
v -0.044067379 0.44775391 -0.28613281
v 0 0.4487305 -0.28833011
v -0.16931149 0.1374512 -0.1220093
v 0.077941887 0.30859381 -0.32543951
v 0.039306641 0.35180661 -0.32836911
v -0.2232666 0.30859381 -0.1936035
v -0.18371581 0.4589844 -0.1895752
v 0 0.402832 -0.3181152
v -0.1170654 0.1049805 -0.065063477
v -0.1114502 0.116394 -0.12597661
v 0.116272 0.27319339 -0.30981451
v -0.20996089 0.25927731 -0.2030029
v -0.040924069 0.39990231 -0.31518549
v 0 0.35327151 -0.33203131
v -0.06036377 0.097717293 0.0021152501
v 0.1479492 0.27246091 -0.28173831
v -0.1593018 0.1514893 -0.17419431
v -0.1801758 0.2088623 -0.21496581
v -0.087158203 0.4387207 -0.2800293
v -0.080078132 0.39355469 -0.309082
v 0 0.090820312 0.057495121
v 0 0.091247559 0.002470016
v 0.140625 0.2484131 -0.28491211
v -0.094787598 0.47729489 -0.24572749
v -0.1237793 0.4230957 -0.2756348
v -0.1154785 0.38964841 -0.29711911
v -0.077941887 0.35131839 -0.32055661
v 0 0.090454102 0.1099854
v 0.1135864 0.23510741 -0.29833981
v 0.079833977 0.2702637 -0.32543951
v -0.1450195 0.4074707 -0.26855469
v -0.13684081 0.46166989 -0.237793
v -0.039306641 0.35180661 -0.32836911
v 0.03762817 0.26733401 -0.33520511
v 0.081237793 0.2209473 -0.31079099
v 0.041473389 0.2166748 -0.31860349
v 0.03918457 0.30859381 -0.33447269
v -0.1661377 0.4343262 -0.232666
v 0 0.30859381 -0.33764651
v -0.03918457 0.30859381 -0.33447269
v -0.077941887 0.30859381 -0.32543951
v 0.062988281 0.095703132 0.1671143
v 0 0.26489261 -0.33862299
v -0.1842041 0.39868161 -0.2313232
v -0.03762817 0.26733401 -0.33520511
v -0.1166382 0.30859381 -0.31274411
v -0.1162109 0.35131839 -0.3081055
v 0.1200562 0.1039429 0.1622314
v 0.063354492 0.094116211 0.107666
v -0.1550293 0.38574219 -0.26977539
v -0.116272 0.27319339 -0.30981451
v -0.15722661 0.30859381 -0.27856451
v -0.1589355 0.3515625 -0.2722168
v 0.175293 0.1219482 0.15209959
v 0.063110352 0.094665527 0.05615234
v 0.1205444 0.1008911 0.1027832
v -0.1964111 0.35693359 -0.2332764
v -0.079833977 0.2702637 -0.32543951
v 0 0.098083504 -0.067077637
v 0.06036377 0.097717293 0.0021152501
v 0.17871089 0.1207886 0.096984863
v -0.1936035 0.30859381 -0.23840331
v -0.059814449 0.1028442 -0.065429688
v 0.059814449 0.1028442 -0.065429688
v 0.1170654 0.1049805 -0.065063477
v 0.1176147 0.1020508 0.00054931641
v 0.2247314 0.17443851 0.1391602
v 0.22741701 0.1712646 0.088989258
v -0.18359379 0.26660159 -0.24597169
v 0.1191406 0.1014404 0.052886959
v 0.2160645 0.17724609 0.1987305
v -0.159668 0.2296143 -0.2565918
v -0.05603027 0.1254883 -0.18518069
v -0.059112549 0.109436 -0.12731931
v -0.105957 0.1333008 -0.1812744
v 0.25097659 0.23986819 0.1861572
v 0.2600098 0.23693851 0.13183589
v 0 0.1228638 -0.1868896
v 0 0.1060181 -0.12927251
v -0.098083504 0.1549072 -0.2316895
v -0.14318851 0.1733398 -0.2244873
v 0.059112549 0.109436 -0.12731931
v 0.1776123 0.1216431 0.047027592
v -0.051574711 0.1464844 -0.2348633
v -0.045928959 0.1799316 -0.28295901
v -0.088500977 0.1848145 -0.27709961
v -0.1282959 0.201416 -0.26733401
v 0.1114502 0.116394 -0.12597661
v 0.1763916 0.1224976 -0.0032653811
v 0.22888181 0.1724854 0.04150391
v -0.041473389 0.2166748 -0.31860349
v -0.081237793 0.2209473 -0.31079099
v -0.1135864 0.23510741 -0.29833981
v -0.140625 0.2484131 -0.28491211
v 0.17578129 0.1295166 -0.063842773
v 0.2218018 0.1801758 -0.062225342
v 0.2279053 0.1737061 -0.0062599182
v 0 0.2159424 -0.3225098
v -0.1479492 0.27246091 -0.28173831
v 0.2521973 0.2408447 -0.06115723
v 0.25805661 0.2373047 -0.0079727173
v 0 0.1768799 -0.2871094
v 0.2624512 0.23669431 0.03875732
v 0.269043 0.30859381 -0.058563229
v 0.24475101 0.24633791 -0.1104736
v 0.27636719 0.30859381 -0.008140564
v 0 0.1464844 -0.23535161
v 0.28100589 0.30859381 0.037414551
v 0.2600098 0.236084 0.083312988
v 0.2111816 0.1861572 -0.1176147
v 0.045928959 0.1799316 -0.28295901
v 0.051574711 0.1464844 -0.2348633
v 0.05603027 0.1254883 -0.18518069
v 0.16931149 0.1374512 -0.1220093
v 0.098083504 0.1549072 -0.2316895
v 0.105957 0.1333008 -0.1812744
v 0.27832031 0.30859381 0.1295166
v 0.28198239 0.30859381 0.080871582
v 0.1593018 0.1514893 -0.17419431
v 0.25683591 0.30859381 -0.1063843
v 0.14318851 0.1733398 -0.2244873
v 0.088500977 0.1848145 -0.27709961
v 0.2675781 0.30859381 0.18066411
v 0.19946291 0.1948242 -0.1645508
v 0.1801758 0.2088623 -0.21496581
v 0.2298584 0.2521973 -0.1567383
v 0.1282959 0.201416 -0.26733401
v 0.2493896 0.30859381 0.23071291
v 0.20996089 0.25927731 -0.2030029
v 0.25292969 0.36474609 0.2332764
v 0.159668 0.2296143 -0.2565918
v 0.16308589 0.43676761 0.33081049
v 0.1472168 0.50488281 0.3125
v 0.1281738 0.46166989 0.34667969
v 0.096374512 0.47827151 0.35791019
v 0.1069946 0.52197272 0.32641599
v 0.04498291 0.4082031 0.3918457
v 0.078979492 0.35571289 0.39111331
v 0.080627441 0.40258789 0.38378909
v 0.042755131 0.35888669 0.39697269
v 0 0.40917969 0.39355469
v 0 0.3613281 0.39892581
v 0.047637939 0.4511719 0.3828125
v 0.078063957 0.31201169 0.38916019
v 0.1126099 0.35229489 0.37915039
v 0.1160278 0.39477539 0.37207031
v 0.087036133 0.44482419 0.371582
v 0 0.3171387 0.39916989
v 0.041015629 0.31494141 0.39672849
v -0.042755131 0.35888669 0.39697269
v -0.04498291 0.4082031 0.3918457
v 0.13964839 0.30615231 0.3605957
v 0.1435547 0.34863281 0.36181641
v 0.1104126 0.30834961 0.37646481
v 0.14611819 0.38134769 0.35766599
v 0.1224365 0.43261719 0.36083981
v 0.096374512 0.47827151 0.35791019
v 0.041015629 0.27734381 0.394043
v 0.1427002 0.27368161 0.35253909
v 0.1669922 0.30517581 0.3425293
v 0.170166 0.3459473 0.34301761
v 0.111084 0.27294919 0.37084961
v 0.1672363 0.36572269 0.34277341
v 0.1544189 0.41552731 0.34448239
v 0.1281738 0.46166989 0.34667969
v 0.05233765 0.48950201 0.36669919
v 0 0.45336911 0.3847656
v 0.079528809 0.27416989 0.3828125
v 0.1794434 0.38574219 0.331543
v 0.1895752 0.34790039 0.32666019
v 0.1165161 0.2421875 0.35058591
v 0.15222169 0.2521973 0.33325201
v 0.16308589 0.43676761 0.33081049
v 0 0.49145511 0.3703613
v -0.05233765 0.48950201 0.36669919
v -0.047637939 0.4511719 0.3828125
v 0.084106453 0.2402344 0.36572269
v 0.1901855 0.402832 0.31640631
v 0.16491701 0.28808591 0.34008789
v 0.1777344 0.2734375 0.32055661
v -0.096374512 0.47827151 0.35791019
v -0.087036133 0.44482419 0.371582
v -0.080627441 0.40258789 0.38378909
v -0.078979492 0.35571289 0.39111331
v 0.20544431 0.3493652 0.30639651
v 0.18652339 0.30371091 0.32397461
v 0.1871338 0.26586911 0.30517581
v 0.20080569 0.3046875 0.3024902
v -0.1224365 0.43261719 0.36083981
v -0.1281738 0.46166989 0.34667969
v -0.1160278 0.39477539 0.37207031
v -0.1126099 0.35229489 0.37915039
v -0.078063957 0.31201169 0.38916019
v -0.041015629 0.31494141 0.39672849
v 0.1564941 0.237793 0.31518549
v 0.1208496 0.2247314 0.33227539
v -0.1544189 0.41552731 0.34448239
v -0.14611819 0.38134769 0.35766599
v -0.16308589 0.43676761 0.33081049
v -0.1435547 0.34863281 0.36181641
v -0.041015629 0.27734381 0.394043
v 0 0.28100589 0.39697269
v 0.091003418 0.21960451 0.34326169
v -0.1794434 0.38574219 0.331543
v -0.1672363 0.36572269 0.34277341
v -0.170166 0.3459473 0.34301761
v -0.1901855 0.402832 0.31640631
v -0.1669922 0.30517581 0.3425293
v -0.13964839 0.30615231 0.3605957
v 0 0.24646001 0.3815918
v 0.044036869 0.2432861 0.3769531
v 0.045257568 0.22558589 0.35400391
v -0.1895752 0.34790039 0.32666019
v -0.20544431 0.3493652 0.30639651
v -0.16491701 0.28808591 0.34008789
v -0.1427002 0.27368161 0.35253909
v -0.18652339 0.30371091 0.32397461
v -0.1104126 0.30834961 0.37646481
v -0.044036869 0.2432861 0.3769531
v 0 0.2280273 0.35546881
v -0.20080569 0.3046875 0.3024902
v -0.1777344 0.2734375 0.32055661
v -0.111084 0.27294919 0.37084961
v -0.15222169 0.2521973 0.33325201
v -0.079528809 0.27416989 0.3828125
v -0.084106453 0.2402344 0.36572269
v -0.045257568 0.22558589 0.35400391
v -0.1871338 0.26586911 0.30517581
v -0.1165161 0.2421875 0.35058591
v -0.1564941 0.237793 0.31518549
v -0.1208496 0.2247314 0.33227539
v -0.091003418 0.21960451 0.34326169
v 0.01428223 0.42553711 0.36962891
v 0.00013613699 0.42724609 0.37109381
v 0.01429749 0.4274902 0.38964841
v 0.0302887 0.425293 0.38891599
v 0.030258181 0.4230957 0.36767581
v -0.01400757 0.42553711 0.36962891
v -0.01402283 0.4274902 0.38964841
v 0.00013613699 0.42919919 0.39038089
v 0.01254272 0.42236331 0.40234381
v 0.02618408 0.42114261 0.40209961
v 0.04888916 0.41113281 0.4016113
v 0.054870609 0.40869141 0.38305661
v 0.05422974 0.40478519 0.3649902
v -0.029983521 0.4230957 0.36767581
v -0.030029301 0.425293 0.38891599
v -0.01226807 0.42236331 0.40234381
v -0.02590942 0.42114261 0.40209961
v 0.00013613699 0.42333981 0.40234381
v 0.01186371 0.4108887 0.41674799
v 0.02459717 0.41113281 0.41357419
v 0.038208012 0.41137701 0.40869141
v 0.06262207 0.39160159 0.40014651
v 0.070739754 0.3874512 0.3815918
v 0.070983887 0.38574219 0.3659668
v -0.053955082 0.40478519 0.3649902
v -0.054595951 0.40869141 0.38305661
v -0.048614498 0.41113281 0.4016113
v -0.01158905 0.4108887 0.41674799
v -0.02432251 0.41113281 0.41357419
v 0.00013613699 0.4106445 0.41918951
v 0.046173099 0.3950195 0.41479489
v 0.02796936 0.3964844 0.42163089
v 0.080993652 0.36669919 0.36474609
v 0.082214363 0.3652344 0.37988281
v -0.070739754 0.38574219 0.3659668
v -0.070495613 0.3874512 0.3815918
v -0.06237793 0.39160159 0.40014651
v -0.03793335 0.41137701 0.40869141
v -0.045898441 0.3950195 0.41479489
v -0.0276947 0.3964844 0.42163089
v 0.083740227 0.3469238 0.36181641
v 0.07208252 0.36767581 0.40136719
v 0.085510246 0.34643549 0.38110349
v -0.080749512 0.36669919 0.36474609
v -0.08190918 0.3652344 0.37988281
v -0.071838379 0.36767581 0.40136719
v -0.051940922 0.37207031 0.42016599
v -0.03074646 0.37451169 0.43115231
v -0.01408386 0.37475589 0.43457031
v -0.01249695 0.39672849 0.4250488
v 0.081176758 0.31982419 0.37402341
v 0.076782227 0.31958011 0.35839841
v -0.083435059 0.3469238 0.36181641
v -0.085205078 0.34643549 0.38110349
v -0.076599121 0.3457031 0.40454099
v -0.033325199 0.3483887 0.4375
v -0.01409912 0.3483887 0.4418945
v 0.00013613699 0.39697269 0.42138669
v 0.076171882 0.29077151 0.36987299
v 0.066162109 0.300293 0.3581543
v 0.05221558 0.37207031 0.42016599
v 0.03102112 0.37451169 0.43115231
v 0.01276398 0.39672849 0.4250488
v 0.00013613699 0.37475589 0.43383789
v 0.01435852 0.37475589 0.43457031
v 0.03268433 0.26953131 0.3625488
v 0.076843262 0.3457031 0.40454099
v 0.03359985 0.3483887 0.4375
v 0.01437378 0.3483887 0.4418945
v 0.00013613699 0.3483887 0.43798831
v 0.02276611 0.26513669 0.37670901
v 0.0097351074 0.2766113 0.38232419
v 0.01397705 0.28100589 0.36450201
v 0.056884769 0.347168 0.4250488
v 0.075805657 0.31396481 0.40258789
v 0.01371002 0.31860349 0.44140631
v -0.01344299 0.31860349 0.44140631
v 0.00013613699 0.3203125 0.4353027
v 0.063049316 0.28393549 0.39331049
v 0.00013613699 0.2890625 0.38110349
v 0.00013613699 0.28955081 0.36572269
v 0.056732181 0.3144531 0.42358401
v 0.01108551 0.28149411 0.4238281
v 0.032043461 0.31640631 0.4387207
v -0.01081085 0.28149411 0.4238281
v -0.031768799 0.31640631 0.4387207
v -0.056610111 0.347168 0.4250488
v 0.00013613699 0.28881839 0.41918951
v -0.01370239 0.28100589 0.36450201
v 0.0088272085 0.2722168 0.4074707
v 0.025924681 0.27636719 0.42260739
v -0.0085525513 0.2722168 0.4074707
v -0.025650021 0.27636719 0.42260739
v -0.05645752 0.3144531 0.42358401
v -0.075500488 0.31396481 0.40258789
v 0.00013613699 0.28173831 0.41162109
v -0.0094604492 0.2766113 0.38232419
v -0.032409672 0.26953131 0.3625488
v 0.02064514 0.26464841 0.39453131
v 0.049865719 0.2800293 0.41162109
v -0.062805183 0.28393549 0.39331049
v -0.049591061 0.2800293 0.41162109
v -0.080871582 0.31982419 0.37402341
v -0.022491461 0.26513669 0.37670901
v -0.075866699 0.29077151 0.36987299
v -0.065856934 0.300293 0.3581543
v -0.02037048 0.26464841 0.39453131
v -0.076477051 0.31958011 0.35839841
v 0.035644531 0.28417969 0.38916019
v 0.02989197 0.2922363 0.4042969
v 0.037811279 0.2956543 0.39306641
v 0.02874756 0.28051761 0.4003906
v 0.038238529 0.2890625 0.3762207
v 0.032867432 0.26953131 0.38427731
v 0.02622986 0.26513669 0.394043
v 0.01524353 0.29052731 0.4094238
v 0.0425415 0.29980469 0.37890631
v 0.01451111 0.28027341 0.4040527
v 0.04037476 0.29272461 0.36181641
v 0.034667969 0.27319339 0.37402341
v 0.0269165 0.26074219 0.38037109
v 0.02911377 0.262207 0.37011719
v 0.021911619 0.25927731 0.38769531
v 0.01356506 0.2668457 0.39697269
v 0 0.2800293 0.40600589
v 0 0.2890625 0.4121094
v 0.04556274 0.30395511 0.3625488
v 0 0.26806641 0.39794919
v 0.036102291 0.27832031 0.36010739
v 0.030715941 0.2634277 0.35913089
v 0.01144409 0.25878909 0.3884277
v 0.01263428 0.2600098 0.38134769
v 0.01423645 0.26147461 0.3706055
v -0.01524353 0.29052731 0.4094238
v -0.01451111 0.28027341 0.4040527
v 0.048553471 0.30444339 0.3449707
v 0.04486084 0.2937012 0.3449707
v 0.040100101 0.27978519 0.3449707
v 0.03086853 0.2687988 0.3449707
v 0.0149231 0.26269531 0.359375
v 0 0.25830081 0.38891599
v 0 0.25927731 0.3828125
v 0 0.2609863 0.371582
v -0.02874756 0.28051761 0.4003906
v -0.02989197 0.2922363 0.4042969
v 0.01596069 0.26708981 0.3449707
v 0 0.262207 0.35961911
v -0.01144409 0.25878909 0.3884277
v -0.01263428 0.2600098 0.38134769
v -0.01356506 0.2668457 0.39697269
v -0.01423645 0.26147461 0.3706055
v -0.0149231 0.26269531 0.359375
v -0.035644531 0.28417969 0.38916019
v -0.02622986 0.26513669 0.394043
v -0.037811279 0.2956543 0.39306641
v 0 0.26586911 0.3449707
v -0.01596069 0.26708981 0.3449707
v -0.0269165 0.26074219 0.38037109
v -0.02911377 0.262207 0.37011719
v -0.021911619 0.25927731 0.38769531
v -0.030715941 0.2634277 0.35913089
v -0.03086853 0.2687988 0.3449707
v -0.038238529 0.2890625 0.3762207
v -0.032867432 0.26953131 0.38427731
v -0.0425415 0.29980469 0.37890631
v -0.034667969 0.27319339 0.37402341
v -0.036102291 0.27832031 0.36010739
v -0.040100101 0.27978519 0.3449707
v -0.04037476 0.29272461 0.36181641
v -0.04556274 0.30395511 0.3625488
v -0.04486084 0.2937012 0.3449707
v -0.048553471 0.30444339 0.3449707
v 0.0173645 0.24609379 0.3671875
v 0.018386841 0.24609379 0.3571777
v 0.03570557 0.25 0.35766599
v 0.034088131 0.25 0.36767581
v 0 0.2451172 0.36743161
v 0.0165863 0.24609379 0.37866211
v 0 0.2451172 0.38012701
v 0 0.2451172 0.3449707
v 0.019729611 0.24609379 0.3449707
v 0 0.2451172 0.35668951
v 0.038665771 0.25146481 0.3449707
v 0.055541988 0.2644043 0.3449707
v 0.05413818 0.262207 0.35839841
v 0.050720211 0.26049799 0.37426761
v 0.031433109 0.25024411 0.37988281
v 0.017105101 0.2480469 0.394043
v 0.02575684 0.25024411 0.38916019
v -0.018386841 0.24609379 0.3571777
v -0.019729611 0.24609379 0.3449707
v 0.068115227 0.27832031 0.3449707
v 0.065185547 0.27587891 0.35986331
v 0.060211182 0.27441409 0.37792969
v 0.045837399 0.25830081 0.38891599
v 0.021057131 0.25415039 0.40771481
v 0 0.2473145 0.3984375
v 0.035217289 0.2565918 0.39990231
v -0.03570557 0.25 0.35766599
v -0.038665771 0.25146481 0.3449707
v -0.0173645 0.24609379 0.3671875
v 0.068847664 0.29174799 0.3449707
v 0.066223137 0.28979489 0.3613281
v 0.039703369 0.2702637 0.40722659
v 0.054656979 0.27270511 0.394043
v -0.017105101 0.2480469 0.394043
v -0.0165863 0.24609379 0.37866211
v 0.02220154 0.26611331 0.41479489
v -0.055541988 0.2644043 0.3449707
v -0.034088131 0.25 0.36767581
v -0.05413818 0.262207 0.35839841
v 0.06451416 0.30175781 0.34423831
v 0.062286381 0.29980469 0.36181641
v 0.040252689 0.28100589 0.40917969
v 0.022445681 0.27758789 0.4174805
v -0.021057131 0.25415039 0.40771481
v -0.02575684 0.25024411 0.38916019
v -0.031433109 0.25024411 0.37988281
v -0.065185547 0.27587891 0.35986331
v -0.068115227 0.27832031 0.3449707
v -0.050720211 0.26049799 0.37426761
v 0.048553471 0.30444339 0.3449707
v 0 0.25292969 0.4118652
v -0.035217289 0.2565918 0.39990231
v -0.02220154 0.26611331 0.41479489
v -0.045837399 0.25830081 0.38891599
v -0.066223137 0.28979489 0.3613281
v -0.060211182 0.27441409 0.37792969
v -0.068847664 0.29174799 0.3449707
v 0.04556274 0.30395511 0.3625488
v 0 0.26513669 0.4199219
v -0.039703369 0.2702637 0.40722659
v -0.022445681 0.27758789 0.4174805
v -0.054656979 0.27270511 0.394043
v -0.061431881 0.28930661 0.3796387
v -0.062286381 0.29980469 0.36181641
v -0.06451416 0.30175781 0.34423831
v 0.057617191 0.29785159 0.37890631
v 0.0425415 0.29980469 0.37890631
v 0 0.27636719 0.421875
v -0.040252689 0.28100589 0.40917969
v -0.056091309 0.28491211 0.3962402
v -0.057617191 0.29785159 0.37890631
v -0.052490231 0.293457 0.39550781
v -0.048553471 0.30444339 0.3449707
v 0.052490231 0.293457 0.39550781
v 0.037811279 0.2956543 0.39306641
v 0.061431881 0.28930661 0.3796387
v 0 0.28417969 0.42089841
v -0.04556274 0.30395511 0.3625488
v 0.02989197 0.2922363 0.4042969
v 0.038787842 0.28881839 0.40917969
v 0.056091309 0.28491211 0.3962402
v -0.02157593 0.28540039 0.41455081
v 0.02157593 0.28540039 0.41455081
v -0.0425415 0.29980469 0.37890631
v 0.01524353 0.29052731 0.4094238
v -0.01524353 0.29052731 0.4094238
v -0.038787842 0.28881839 0.40917969
v -0.037811279 0.2956543 0.39306641
v 0 0.2890625 0.4121094
v -0.02989197 0.2922363 0.4042969
vt 0.9307698 0.9018082
vt 0.9307698 0.88891429
vt 0.91023117 0.88325322
vt 0.90290678 0.89382768
vt 0.949691 0.88241398
vt 0.95756471 0.8942855
vt 0.91023117 0.88325322
vt 0.9307698 0.88891429
vt 0.949691 0.88241398
vt 0.88207829 0.87685972
vt 0.90720987 0.86294347
vt 0.91677731 0.87298387
vt 0.8950637 0.86865032
vt 0.9307698 0.87685972
vt 0.94265658 0.87206829
vt 0.96556038 0.86865032
vt 0.8950637 0.86865032
vt 0.87754643 0.84863049
vt 0.93083078 0.86465251
vt 0.90286112 0.84863049
vt 0.89108109 0.84863049
vt 0.95434499 0.86095983
vt 0.9700923 0.84863049
vt 0.97755402 0.87685972
vt 0.89108109 0.84863049
vt 0.88207829 0.82041663
vt 0.91909659 0.85577172
vt 0.94305331 0.85458148
vt 0.90539408 0.83488208
vt 0.8950637 0.8278935
vt 0.96556038 0.86865032
vt 0.8950637 0.8278935
vt 0.90359348 0.80048829
vt 0.9307698 0.8309148
vt 0.94323641 0.83971918
vt 0.9307698 0.84583813
vt 0.91891348 0.83804071
vt 0.94265658 0.87206829
vt 0.9307698 0.87685972
vt 0.9307698 0.81786829
vt 0.95796138 0.84863049
vt 0.94341958 0.82388037
vt 0.91438162 0.82304108
vt 0.91677731 0.87298387
vt 0.95434499 0.86095983
vt 0.93083078 0.86465251
vt 0.95434499 0.83334088
vt 0.96556038 0.82586408
vt 0.98352033 0.84863049
vt 0.90968192 0.81214619
vt 0.90720987 0.86294347
vt 0.9700923 0.84863049
vt 0.9509117 0.81364149
vt 0.97755402 0.81786829
vt 0.96556038 0.82586408
vt 0.9307698 0.80479127
vt 0.9307698 0.79081398
vt 0.95796138 0.84863049
vt 0.90286112 0.84863049
vt 0.95805287 0.80268562
vt 0.9509117 0.81364149
vt 0.95434499 0.83334088
vt 0.90968192 0.81214619
vt 0.9307698 0.80479127
vt 0.94323641 0.83971918
vt 0.94341958 0.82388037
vt 0.94305331 0.85458148
vt 0.90539408 0.83488208
vt 0.91438162 0.82304108
vt 0.9307698 0.81786829
vt 0.9307698 0.8309148
vt 0.9307698 0.84583813
vt 0.91909659 0.85577172
vt 0.91891348 0.83804071
vt 0.35623711 0.96208131
vt 0.3667964 0.94502169
vt 0.37688261 0.95689332
vt 0.36061651 0.96868849
vt 0.37547871 0.93009841
vt 0.3918975 0.94834822
vt 0.40042731 0.96202028
vt 0.3837339 0.96884108
vt 0.36418709 0.97550929
vt 0.38548869 0.9136492
vt 0.40634781 0.93455398
vt 0.41733429 0.95436019
vt 0.4087587 0.98425269
vt 0.42935839 0.98356599
vt 0.38873881 0.98249787
vt 0.36592659 0.9801175
vt 0.39612421 0.89645231
vt 0.41960779 0.92224002
vt 0.43320361 0.94665438
vt 0.44570079 0.98281842
vt 0.40640879 0.87469292
vt 0.4319219 0.90617228
vt 0.45056841 0.93743801
vt 0.4761425 0.9791562
vt 0.4209812 0.84951562
vt 0.4501411 0.88532847
vt 0.47669181 0.92793173
vt 0.50785083 0.97611958
vt 0.36592659 0.9801175
vt 0.38873881 0.98249787
vt 0.3837339 0.96884108
vt 0.36418709 0.97550929
vt 0.4087587 0.98425269
vt 0.40042731 0.96202028
vt 0.37688261 0.95689332
vt 0.36061651 0.96868849
vt 0.42935839 0.98356599
vt 0.41733429 0.95436019
vt 0.3918975 0.94834822
vt 0.40634781 0.93455398
vt 0.3667964 0.94502169
vt 0.35623711 0.96208131
vt 0.44570079 0.98281842
vt 0.43320361 0.94665438
vt 0.41960779 0.92224002
vt 0.37547871 0.93009841
vt 0.38548869 0.9136492
vt 0.45056841 0.93743801
vt 0.4761425 0.9791562
vt 0.4319219 0.90617228
vt 0.39612421 0.89645231
vt 0.47669181 0.92793173
vt 0.4501411 0.88532847
vt 0.50785083 0.97611958
vt 0.40640879 0.87469292
vt 0.4209812 0.84951562
vt 0.97979712 0.93858242
vt 0.93597323 0.93858242
vt 0.93597323 0.94645607
vt 0.97979712 0.94645607
vt 0.97979712 0.93192953
vt 0.88899058 0.93858242
vt 0.88899058 0.94645607
vt 0.93597323 0.93192953
vt 0.88899058 0.95431447
vt 0.93597323 0.95431447
vt 0.97979712 0.95431447
vt 0.97979712 0.92292672
vt 0.8431983 0.93858242
vt 0.8431983 0.94645607
vt 0.88899058 0.93192953
vt 0.8431983 0.95431447
vt 0.93597323 0.92292672
vt 0.8431983 0.96290529
vt 0.88899058 0.96290529
vt 0.93597323 0.96290529
vt 0.97979712 0.96290529
vt 0.97979712 0.9156481
vt 0.80048829 0.94645607
vt 0.80048829 0.95431447
vt 0.88899058 0.92292672
vt 0.8431983 0.93192953
vt 0.80048829 0.96290529
vt 0.93597323 0.9156481
vt 0.8431983 0.97267109
vt 0.88899058 0.97267109
vt 0.93597323 0.97267109
vt 0.97979712 0.97267109
vt 0.97979712 0.92292672
vt 0.93597323 0.92292672
vt 0.8431983 0.92292672
vt 0.88899058 0.9156481
vt 0.88899058 0.92292672
vt 0.8431983 0.98057532
vt 0.88899058 0.98057532
vt 0.93597323 0.98057532
vt 0.97979712 0.98057532
vt 0.97979712 0.93192953
vt 0.93597323 0.93192953
vt 0.88899058 0.93192953
vt 0.8431983 0.9156481
vt 0.8431983 0.92292672
vt 0.8431983 0.93192953
vt 0.8431983 0.97267109
vt 0.88899058 0.97267109
vt 0.93597323 0.97267109
vt 0.97979712 0.97267109
vt 0.97979712 0.93858242
vt 0.93597323 0.93858242
vt 0.88899058 0.93858242
vt 0.80048829 0.92292672
vt 0.80048829 0.93192953
vt 0.8431983 0.93858242
vt 0.8431983 0.96290529
vt 0.88899058 0.96290529
vt 0.93597323 0.96290529
vt 0.97979712 0.96290529
vt 0.97979712 0.94645607
vt 0.93597323 0.94645607
vt 0.88899058 0.94645607
vt 0.8431983 0.94645607
vt 0.75744259 0.93192953
vt 0.80048829 0.93858242
vt 0.80048829 0.94645607
vt 0.88899058 0.95431447
vt 0.93597323 0.95431447
vt 0.97979712 0.95431447
vt 0.8431983 0.95431447
vt 0.71439689 0.93192953
vt 0.75744259 0.92292672
vt 0.75744259 0.93858242
vt 0.75744259 0.94645607
vt 0.80048829 0.95431447
vt 0.80048829 0.96290529
vt 0.67229718 0.93192953
vt 0.71439689 0.92292672
vt 0.71439689 0.93858242
vt 0.75744259 0.9156481
vt 0.80048829 0.9156481
vt 0.71439689 0.94645607
vt 0.75744259 0.95431447
vt 0.75744259 0.96290529
vt 0.80048829 0.97267109
vt 0.67229718 0.92292672
vt 0.71439689 0.9156481
vt 0.71439689 0.92292672
vt 0.75744259 0.92292672
vt 0.80048829 0.92292672
vt 0.71439689 0.95431447
vt 0.71439689 0.96290529
vt 0.75744259 0.97267109
vt 0.80048829 0.98057532
vt 0.67229718 0.92292672
vt 0.67229718 0.9156481
vt 0.71439689 0.93192953
vt 0.75744259 0.93192953
vt 0.80048829 0.93192953
vt 0.67229718 0.96290529
vt 0.71439689 0.97267109
vt 0.75744259 0.98057532
vt 0.80048829 0.97267109
vt 0.75744259 0.93858242
vt 0.80048829 0.93858242
vt 0.67229718 0.95431447
vt 0.67229718 0.97267109
vt 0.63277638 0.96290529
vt 0.71439689 0.98057532
vt 0.75744259 0.97267109
vt 0.75744259 0.94645607
vt 0.67229718 0.94645607
vt 0.67229718 0.98057532
vt 0.63277638 0.97267109
vt 0.71439689 0.97267109
vt 0.75744259 0.96290529
vt 0.75744259 0.95431447
vt 0.71439689 0.94645607
vt 0.71439689 0.95431447
vt 0.67229718 0.97267109
vt 0.63277638 0.98057532
vt 0.71439689 0.96290529
vt 0.67229718 0.94645607
vt 0.67229718 0.95431447
vt 0.71439689 0.93858242
vt 0.67229718 0.96290529
vt 0.67229718 0.93858242
vt 0.63277638 0.97267109
vt 0.63277638 0.95431447
vt 0.63277638 0.96290529
vt 0.67229718 0.93192953
vt 0.67229718 0.93858242
vt 0.63277638 0.93192953
vt 0.63277638 0.94645607
vt 0.60039681 0.96290529
vt 0.60039681 0.97267109
vt 0.60039681 0.95431447
vt 0.63277638 0.93192953
vt 0.63277638 0.92292672
vt 0.63277638 0.95431447
vt 0.57767612 0.96319532
vt 0.5822385 0.95780879
vt 0.60039681 0.98057532
vt 0.60039681 0.97267109
vt 0.63277638 0.92292672
vt 0.63277638 0.9156481
vt 0.60039681 0.96290529
vt 0.60039681 0.95431447
vt 0.60039681 0.94645607
vt 0.577142 0.9544518
vt 0.58426797 0.95188832
vt 0.57396811 0.96754408
vt 0.60039681 0.92292672
vt 0.58426797 0.95188832
vt 0.5822385 0.95780879
vt 0.63277638 0.93858242
vt 0.60039681 0.94645607
vt 0.60039681 0.93192953
vt 0.63277638 0.93858242
vt 0.57767612 0.96319532
vt 0.577142 0.9544518
vt 0.63277638 0.94645607
vt 0.57137412 0.95654231
vt 0.60039681 0.93858242
vt 0.57665372 0.94645607
vt 0.56899369 0.94645607
vt 0.60039681 0.93192953
vt 0.57665372 0.94645607
vt 0.58612949 0.94645607
vt 0.57320517 0.93601888
vt 0.57854581 0.93817037
vt 0.60039681 0.92292672
vt 0.60039681 0.93858242
vt 0.58612949 0.94645607
vt 0.57854581 0.93817037
vt 0.58513772 0.94082552
vt 0.57677579 0.92719918
vt 0.58013278 0.93116653
vt 0.60039681 0.9156481
vt 0.58513772 0.94082552
vt 0.58013278 0.93116653
vt 0.58429849 0.93606472
vt 0.58429849 0.93606472
vt 0.45127031 0.181033
vt 0.4652018 0.181033
vt 0.4652018 0.2079652
vt 0.45127031 0.2079652
vt 0.45127031 0.1512322
vt 0.4393225 0.181033
vt 0.4393225 0.1512322
vt 0.4652018 0.1512322
vt 0.4723278 0.181033
vt 0.4723278 0.2079652
vt 0.45127031 0.2361791
vt 0.4652018 0.2361791
vt 0.4393225 0.2361791
vt 0.4393225 0.2079652
vt 0.45127031 0.1181811
vt 0.4393225 0.1181811
vt 0.4280766 0.1181811
vt 0.4280766 0.1512322
vt 0.47711909 0.2079652
vt 0.4723278 0.2361791
vt 0.4652018 0.26684979
vt 0.45127031 0.26684979
vt 0.4723278 0.26684979
vt 0.4280766 0.087892003
vt 0.4393225 0.087892003
vt 0.4280766 0.181033
vt 0.47711909 0.2361791
vt 0.47711909 0.26684979
vt 0.4652018 0.29793239
vt 0.4723278 0.29793239
vt 0.45127031 0.29793239
vt 0.4393225 0.26684979
vt 0.47711909 0.29793239
vt 0.4280766 0.059006631
vt 0.4280766 0.2079652
vt 0.49584189 0.26684979
vt 0.49584189 0.29793239
vt 0.47711909 0.33383691
vt 0.4723278 0.33383691
vt 0.4280766 0.2361791
vt 0.49584189 0.33383691
vt 0.4393225 0.059006631
vt 0.4280766 0.02655071
vt 0.5293355 0.29793239
vt 0.5293355 0.33383691
vt 0.4652018 0.33383691
vt 0.4280766 0.26684979
vt 0.45127031 0.087892003
vt 0.4393225 0.02655071
vt 0.45127031 0.059006631
vt 0.57924771 0.29793239
vt 0.57924771 0.33383691
vt 0.45127031 0.33383691
vt 0.4393225 0.29793239
vt 0.4280766 0.29793239
vt 0.4652018 0.087892003
vt 0.4652018 0.1181811
vt 0.45127031 0.02655071
vt 0.4652018 0.059006631
vt 0.61980617 0.33383691
vt 0.4393225 0.33383691
vt 0.4280766 0.33383691
vt 0.4723278 0.087892003
vt 0.4723278 0.1181811
vt 0.4723278 0.1512322
vt 0.4652018 0.02655071
vt 0.4723278 0.059006631
vt 0.66416419 0.29793239
vt 0.66416419 0.33383691
vt 0.61980617 0.29793239
vt 0.47711909 0.087892003
vt 0.47711909 0.1181811
vt 0.47711909 0.1512322
vt 0.47711909 0.181033
vt 0.4723278 0.02655071
vt 0.47711909 0.059006631
vt 0.66416419 0.26684979
vt 0.61980617 0.26684979
vt 0.57924771 0.26684979
vt 0.49584189 0.1181811
vt 0.49584189 0.1512322
vt 0.49584189 0.181033
vt 0.49584189 0.2079652
vt 0.49584189 0.2361791
vt 0.47711909 0.02655071
vt 0.66416419 0.2361791
vt 0.61980617 0.2361791
vt 0.5293355 0.26684979
vt 0.5293355 0.1512322
vt 0.5293355 0.181033
vt 0.5293355 0.2079652
vt 0.5293355 0.2361791
vt 0.49584189 0.02655071
vt 0.49584189 0.059006631
vt 0.66416419 0.2079652
vt 0.57924771 0.2361791
vt 0.57924771 0.181033
vt 0.57924771 0.2079652
vt 0.5293355 0.02655071
vt 0.5293355 0.059006631
vt 0.49584189 0.087892003
vt 0.5293355 0.087892003
vt 0.61980617 0.181033
vt 0.66416419 0.181033
vt 0.61980617 0.2079652
vt 0.57924771 0.02655071
vt 0.57924771 0.059006631
vt 0.5293355 0.1181811
vt 0.57924771 0.1181811
vt 0.57924771 0.087892003
vt 0.66416419 0.1512322
vt 0.61980617 0.02655071
vt 0.61980617 0.059006631
vt 0.61980617 0.087892003
vt 0.57924771 0.1512322
vt 0.61980617 0.1181811
vt 0.61980617 0.1512322
vt 0.66416419 0.1181811
vt 0.66416419 0.036942061
vt 0.66416419 0.059006631
vt 0.66416419 0.087892003
vt 0.70991081 0.089677267
vt 0.70991081 0.1252308
vt 0.70991081 0.060517251
vt 0.70991081 0.0239414
vt 0.75875479 0.089204252
vt 0.7423209 0.1210803
vt 0.75875479 0.064957678
vt 0.75115591 0.040512681
vt 0.45127031 0.181033
vt 0.4652018 0.2079652
vt 0.4652018 0.181033
vt 0.45127031 0.2079652
vt 0.45127031 0.1512322
vt 0.4393225 0.181033
vt 0.4393225 0.1512322
vt 0.45127031 0.2361791
vt 0.4652018 0.2361791
vt 0.47371629 0.2079652
vt 0.47371629 0.181033
vt 0.4652018 0.1512322
vt 0.4393225 0.2079652
vt 0.4393225 0.2361791
vt 0.45127031 0.1181811
vt 0.4393225 0.1181811
vt 0.4280766 0.1181811
vt 0.4280766 0.1512322
vt 0.4652018 0.26684979
vt 0.47371629 0.2361791
vt 0.47711909 0.2079652
vt 0.4280766 0.2361791
vt 0.4393225 0.26684979
vt 0.45127031 0.26684979
vt 0.4393225 0.087892003
vt 0.4280766 0.087892003
vt 0.4280766 0.181033
vt 0.4280766 0.26684979
vt 0.4280766 0.2079652
vt 0.4393225 0.29793239
vt 0.45127031 0.29793239
vt 0.4652018 0.29793239
vt 0.4280766 0.059006631
vt 0.4280766 0.29793239
vt 0.4393225 0.33383691
vt 0.45127031 0.33383691
vt 0.4652018 0.33383691
vt 0.47371629 0.26684979
vt 0.47371629 0.29793239
vt 0.4393225 0.059006631
vt 0.4280766 0.02655071
vt 0.4280766 0.33383691
vt 0.47371629 0.33383691
vt 0.47711909 0.29793239
vt 0.47711909 0.26684979
vt 0.47711909 0.2361791
vt 0.47711909 0.33383691
vt 0.45127031 0.087892003
vt 0.4393225 0.02655071
vt 0.45127031 0.059006631
vt 0.4936904 0.29793239
vt 0.4936904 0.26684979
vt 0.4936904 0.2361791
vt 0.4936904 0.2079652
vt 0.47711909 0.181033
vt 0.4936904 0.181033
vt 0.4936904 0.33383691
vt 0.4652018 0.1181811
vt 0.45127031 0.02655071
vt 0.5293355 0.29793239
vt 0.5293355 0.26684979
vt 0.5293355 0.2361791
vt 0.47711909 0.1512322
vt 0.47371629 0.1512322
vt 0.5293355 0.181033
vt 0.4936904 0.1512322
vt 0.5293355 0.33383691
vt 0.47371629 0.1181811
vt 0.4652018 0.059006631
vt 0.4652018 0.02655071
vt 0.47711909 0.1181811
vt 0.4936904 0.1181811
vt 0.5293355 0.1512322
vt 0.57924771 0.33383691
vt 0.57924771 0.29793239
vt 0.47371629 0.087892003
vt 0.47371629 0.02655071
vt 0.4652018 0.087892003
vt 0.5293355 0.1181811
vt 0.4936904 0.087892003
vt 0.57924771 0.26684979
vt 0.61980617 0.33383691
vt 0.61980617 0.29793239
vt 0.47711909 0.059006631
vt 0.47711909 0.02655071
vt 0.47371629 0.059006631
vt 0.57924771 0.2361791
vt 0.66416419 0.33383691
vt 0.66416419 0.29793239
vt 0.66416419 0.26684979
vt 0.61980617 0.26684979
vt 0.4936904 0.02655071
vt 0.47711909 0.087892003
vt 0.5293355 0.2079652
vt 0.66416419 0.2361791
vt 0.61980617 0.2361791
vt 0.5293355 0.059006631
vt 0.5293355 0.02655071
vt 0.4936904 0.059006631
vt 0.57924771 0.2079652
vt 0.66416419 0.2079652
vt 0.61980617 0.2079652
vt 0.5293355 0.087892003
vt 0.57924771 0.059006631
vt 0.57924771 0.02655071
vt 0.57924771 0.181033
vt 0.66416419 0.181033
vt 0.61980617 0.181033
vt 0.57924771 0.1181811
vt 0.57924771 0.087892003
vt 0.61980617 0.02655071
vt 0.61980617 0.087892003
vt 0.61980617 0.059006631
vt 0.57924771 0.1512322
vt 0.66416419 0.1512322
vt 0.61980617 0.1512322
vt 0.61980617 0.1181811
vt 0.66416419 0.036942061
vt 0.66416419 0.1181811
vt 0.66416419 0.087892003
vt 0.66416419 0.059006631
vt 0.70991081 0.060517251
vt 0.70991081 0.0239414
vt 0.70991081 0.1252308
vt 0.70991081 0.089677267
vt 0.75875479 0.089204252
vt 0.75875479 0.064957678
vt 0.75115591 0.040512681
vt 0.7423209 0.1210803
vt 0.96594179 0.3022202
vt 0.95294118 0.3022202
vt 0.95294118 0.3293049
vt 0.96594179 0.3293049
vt 0.96594179 0.2765545
vt 0.97778279 0.3022202
vt 0.97778279 0.2765545
vt 0.94370949 0.3022202
vt 0.94370949 0.3293049
vt 0.95294118 0.2765545
vt 0.94370949 0.34642559
vt 0.95294118 0.34642559
vt 0.96594179 0.34642559
vt 0.97778279 0.3293049
vt 0.96594179 0.2452125
vt 0.97778279 0.2452125
vt 0.98742658 0.2765545
vt 0.98742658 0.2452125
vt 0.93896389 0.3293049
vt 0.93896389 0.34642559
vt 0.97778279 0.34642559
vt 0.98742658 0.3293049
vt 0.98742658 0.3022202
vt 0.98742658 0.2059816
vt 0.97778279 0.2059816
vt 0.92585641 0.3293049
vt 0.92585641 0.34642559
vt 0.93896389 0.3022202
vt 0.98742658 0.34642559
vt 0.98742658 0.1664149
vt 0.97778279 0.1664149
vt 0.96594179 0.2059816
vt 0.9032883 0.34642559
vt 0.92585641 0.3022202
vt 0.9032883 0.3293049
vt 0.93896389 0.2765545
vt 0.94370949 0.2765545
vt 0.98742658 0.1284962
vt 0.97778279 0.1284962
vt 0.96594179 0.1664149
vt 0.95294118 0.2452125
vt 0.95294118 0.2059816
vt 0.86698711 0.3293049
vt 0.86698711 0.3464103
vt 0.9032883 0.3022202
vt 0.94370949 0.2452125
vt 0.98742658 0.089707792
vt 0.97778279 0.089707792
vt 0.96594179 0.1284962
vt 0.95294118 0.1664149
vt 0.94370949 0.2059816
vt 0.82507062 0.3464103
vt 0.82507062 0.3293049
vt 0.86698711 0.3022202
vt 0.9032883 0.2765545
vt 0.92585641 0.2765545
vt 0.93896389 0.2452125
vt 0.98742658 0.05378807
vt 0.94370949 0.1664149
vt 0.93896389 0.2059816
vt 0.77987337 0.3464103
vt 0.86698711 0.2765545
vt 0.82507062 0.3022202
vt 0.92585641 0.2452278
vt 0.9032883 0.2452278
vt 0.97778279 0.05378807
vt 0.98742658 0.0143435
vt 0.93896389 0.1664149
vt 0.92585641 0.2059816
vt 0.77987337 0.32967111
vt 0.74839401 0.3555657
vt 0.9032883 0.2059816
vt 0.86698711 0.2452125
vt 0.96594179 0.089707792
vt 0.97778279 0.0143435
vt 0.92585641 0.1664149
vt 0.74839401 0.32967111
vt 0.77987337 0.3022202
vt 0.72010368 0.3439689
vt 0.9032883 0.1664149
vt 0.86698711 0.2059816
vt 0.95294118 0.1284962
vt 0.96594179 0.0143435
vt 0.96594179 0.05378807
vt 0.82507062 0.2765545
vt 0.70699632 0.32967111
vt 0.94370949 0.1284962
vt 0.95294118 0.089707792
vt 0.95294118 0.0143435
vt 0.95294118 0.05378807
vt 0.77987337 0.2765545
vt 0.82507062 0.2452125
vt 0.74839401 0.3022202
vt 0.70699632 0.3022202
vt 0.94370949 0.089707792
vt 0.94370949 0.0143435
vt 0.94370949 0.05378807
vt 0.74839401 0.2731365
vt 0.77987337 0.2452125
vt 0.82507062 0.2059816
vt 0.72019529 0.28314641
vt 0.93896389 0.1284962
vt 0.93896389 0.0143435
vt 0.93896389 0.05378807
vt 0.93896389 0.089707792
vt 0.86698711 0.1664149
vt 0.77987337 0.2059816
vt 0.82507062 0.1664149
vt 0.92585641 0.1284962
vt 0.92585641 0.0143435
vt 0.92585641 0.05378807
vt 0.92585641 0.089707792
vt 0.9032883 0.1284962
vt 0.86698711 0.1284962
vt 0.77987337 0.1664149
vt 0.82507062 0.1284962
vt 0.9032883 0.0143435
vt 0.9032883 0.05378807
vt 0.9032883 0.089707792
vt 0.86698711 0.089707792
vt 0.77987337 0.1284962
vt 0.82507062 0.089707792
vt 0.86698711 0.0143435
vt 0.86698711 0.05378807
vt 0.77987337 0.089707792
vt 0.82507062 0.05378807
vt 0.82507062 0.0143435
vt 0.77987337 0.05378807
vt 0.77987337 0.0143435
vt 0.96594179 0.3022202
vt 0.95294118 0.3293049
vt 0.95294118 0.3022202
vt 0.96594179 0.3293049
vt 0.96594179 0.2765545
vt 0.97778279 0.3022202
vt 0.97778279 0.2765545
vt 0.94311428 0.34642559
vt 0.94311428 0.3293049
vt 0.95294118 0.34642559
vt 0.94311428 0.3022202
vt 0.95294118 0.2765545
vt 0.96594179 0.34642559
vt 0.97778279 0.3293049
vt 0.96594179 0.2452125
vt 0.97778279 0.2452125
vt 0.98742658 0.2765545
vt 0.98742658 0.2452125
vt 0.93896389 0.34642559
vt 0.93896389 0.3293049
vt 0.94311428 0.2765545
vt 0.93896389 0.3022202
vt 0.95294118 0.2452125
vt 0.97778279 0.34642559
vt 0.96594179 0.2059816
vt 0.97778279 0.2059816
vt 0.98742658 0.2059816
vt 0.98742658 0.3022202
vt 0.92639053 0.34642559
vt 0.92639053 0.3293049
vt 0.92639053 0.3022202
vt 0.93896389 0.2765545
vt 0.98742658 0.3293049
vt 0.98742658 0.34642559
vt 0.98742658 0.1664149
vt 0.97778279 0.1664149
vt 0.9032883 0.34642559
vt 0.9032883 0.3293049
vt 0.92639053 0.2765545
vt 0.9032883 0.3022202
vt 0.93896389 0.2452125
vt 0.94311428 0.2452125
vt 0.98742658 0.1284962
vt 0.97778279 0.1284962
vt 0.96594179 0.1664149
vt 0.86698711 0.3293049
vt 0.86698711 0.3464103
vt 0.86698711 0.3022202
vt 0.9032883 0.2765545
vt 0.94311428 0.2059816
vt 0.98742658 0.089707792
vt 0.97778279 0.089707792
vt 0.96594179 0.1284962
vt 0.95294118 0.2059816
vt 0.95294118 0.1664149
vt 0.82507062 0.3464103
vt 0.82507062 0.3293049
vt 0.98742658 0.05378807
vt 0.97778279 0.05378807
vt 0.96594179 0.089707792
vt 0.95294118 0.1284962
vt 0.94311428 0.1664149
vt 0.77987337 0.3464103
vt 0.77987337 0.32967111
vt 0.82507062 0.3022202
vt 0.98742658 0.0143435
vt 0.97778279 0.0143435
vt 0.96594179 0.05378807
vt 0.95294118 0.089707792
vt 0.94311428 0.1284962
vt 0.74839401 0.3555657
vt 0.74839401 0.32967111
vt 0.77987337 0.3022202
vt 0.82507062 0.2765545
vt 0.86698711 0.2765545
vt 0.96594179 0.0143435
vt 0.95294118 0.05378807
vt 0.94311428 0.089707792
vt 0.93896389 0.1284962
vt 0.93896389 0.089707792
vt 0.72010368 0.3439689
vt 0.86698711 0.2452125
vt 0.9032883 0.2452278
vt 0.92639053 0.2452125
vt 0.95294118 0.0143435
vt 0.94311428 0.05378807
vt 0.93896389 0.2059816
vt 0.93896389 0.1664149
vt 0.70699632 0.32967111
vt 0.9032883 0.2059816
vt 0.92639053 0.2059816
vt 0.94311428 0.0143435
vt 0.93896389 0.05378807
vt 0.92639053 0.1664149
vt 0.70699632 0.3022202
vt 0.74839401 0.3022202
vt 0.93896389 0.0143435
vt 0.92639053 0.1284962
vt 0.92639053 0.089707792
vt 0.92639053 0.05378807
vt 0.9032883 0.1664149
vt 0.9032883 0.1284962
vt 0.72019529 0.28314641
vt 0.74839401 0.2731365
vt 0.77987337 0.2765545
vt 0.92639053 0.0143435
vt 0.9032883 0.089707792
vt 0.9032883 0.05378807
vt 0.86698711 0.2059816
vt 0.86698711 0.1664149
vt 0.86698711 0.1284962
vt 0.77987337 0.2452125
vt 0.82507062 0.2452125
vt 0.9032883 0.0143435
vt 0.86698711 0.089707792
vt 0.86698711 0.05378807
vt 0.82507062 0.2059816
vt 0.82507062 0.1664149
vt 0.82507062 0.1284962
vt 0.77987337 0.2059816
vt 0.86698711 0.0143435
vt 0.82507062 0.089707792
vt 0.82507062 0.05378807
vt 0.77987337 0.1664149
vt 0.77987337 0.1284962
vt 0.82507062 0.0143435
vt 0.77987337 0.089707792
vt 0.77987337 0.05378807
vt 0.77987337 0.0143435
vt 0.61264968 0.80383003
vt 0.61356533 0.79960328
vt 0.61774617 0.80321968
vt 0.61513692 0.80608833
vt 0.61159688 0.80862129
vt 0.61519802 0.79142439
vt 0.62308693 0.79813838
vt 0.62020302 0.81058979
vt 0.62780201 0.81063563
vt 0.6164645 0.81034559
vt 0.6121462 0.80901808
vt 0.61126113 0.8100099
vt 0.61106282 0.80894178
vt 0.61647981 0.78492409
vt 0.62732887 0.79411
vt 0.61707479 0.81857032
vt 0.62255281 0.82418561
vt 0.63382918 0.81066608
vt 0.62690163 0.82864118
vt 0.61463338 0.81492329
vt 0.61220717 0.81008631
vt 0.61039138 0.80979627
vt 0.6183871 0.76786453
vt 0.63482112 0.78486311
vt 0.64168757 0.80994892
vt 0.60776693 0.81953162
vt 0.60479128 0.82836652
vt 0.60158688 0.83537042
vt 0.63154042 0.83599597
vt 0.60920119 0.81548792
vt 0.61216152 0.81120008
vt 0.61083388 0.81138319
vt 0.61004043 0.81081867
vt 0.62037081 0.75008768
vt 0.64261848 0.77523458
vt 0.59324032 0.81904328
vt 0.6025635 0.81532007
vt 0.63637751 0.84365612
vt 0.59661251 0.84544128
vt 0.60605782 0.81309217
vt 0.59302658 0.73540848
vt 0.62008089 0.73395902
vt 0.58663309 0.76772708
vt 0.58583963 0.82307172
vt 0.59015793 0.85593963
vt 0.56400388 0.82616931
vt 0.59584957 0.6954757
vt 0.62400252 0.69494158
vt 0.64606702 0.7331655
vt 0.55922788 0.79240102
vt 0.54616618 0.76795602
vt 0.62644392 0.89190513
vt 0.57491422 0.88819712
vt 0.54125279 0.82938892
vt 0.64946967 0.69231713
vt 0.67104602 0.7291981
vt 0.66962689 0.76989388
vt 0.64986652 0.80901808
vt 0.67077142 0.80495918
vt 0.53621727 0.79421681
vt 0.52469671 0.82635242
vt 0.53887242 0.88081181
vt 0.50885779 0.87145799
vt 0.7002365 0.76343942
vt 0.70392919 0.79772639
vt 0.67161059 0.84002441
vt 0.71017009 0.83318841
vt 0.4889296 0.81843293
vt 0.47121379 0.85587847
vt 0.54125279 0.82938892
vt 0.52469671 0.82635242
vt 0.69910729 0.72315562
vt 0.73057139 0.75567257
vt 0.73801792 0.78870833
vt 0.4889296 0.81843293
vt 0.43710989 0.8391394
vt 0.59015793 0.85593963
vt 0.53621727 0.79421681
vt 0.55922788 0.79240102
vt 0.56400388 0.82616931
vt 0.72620738 0.71731138
vt 0.76221871 0.74447238
vt 0.67316699 0.69033343
vt 0.4540627 0.8049897
vt 0.4540627 0.8049897
vt 0.58663309 0.76772708
vt 0.54616618 0.76795602
vt 0.59661251 0.84544128
vt 0.58583963 0.82307172
vt 0.65058368 0.64869148
vt 0.67345691 0.64754713
vt 0.69803917 0.68751049
vt 0.50347137 0.78741127
vt 0.4677195 0.77387649
vt 0.62037081 0.75008768
vt 0.59302658 0.73540848
vt 0.60158688 0.83537042
vt 0.59324032 0.81904328
vt 0.624506 0.64960712
vt 0.72397947 0.68487072
vt 0.75487912 0.70925462
vt 0.51613641 0.76025021
vt 0.4780041 0.74824142
vt 0.60479128 0.82836652
vt 0.6025635 0.81532007
vt 0.56345463 0.69498742
vt 0.59482718 0.64957649
vt 0.79085982 0.73109019
vt 0.77454787 0.77579921
vt 0.4911879 0.71758598
vt 0.52671093 0.72904551
vt 0.60776693 0.81953162
vt 0.60605782 0.81309217
vt 0.55619133 0.734905
vt 0.74793619 0.82273591
vt 0.78881508 0.80674452
vt 0.55619133 0.734905
vt 0.50103003 0.68571001
vt 0.53414208 0.69336998
vt 0.60920119 0.81548792
vt 0.61004043 0.81081867
vt 0.53414208 0.69336998
vt 0.52671093 0.72904551
vt 0.72010368 0.88036919
vt 0.56345463 0.69498742
vt 0.53466088 0.64510572
vt 0.50464642 0.64475471
vt 0.61463338 0.81492329
vt 0.61083388 0.81138319
vt 0.61126113 0.8100099
vt 0.61039138 0.80979627
vt 0.6736095 0.88892961
vt 0.50267798 0.60959792
vt 0.53257042 0.61113912
vt 0.56380558 0.64751661
vt 0.61707479 0.81857032
vt 0.62255281 0.82418561
vt 0.61106282 0.80894178
vt 0.67161059 0.84002441
vt 0.63637751 0.84365612
vt 0.49782559 0.57700467
vt 0.62690163 0.82864118
vt 0.62780201 0.81063563
vt 0.61159688 0.80862129
vt 0.67077142 0.80495918
vt 0.71017009 0.83318841
vt 0.52930498 0.57695889
vt 0.4838331 0.54547948
vt 0.63154042 0.83599597
vt 0.61220717 0.81008631
vt 0.6121462 0.80901808
vt 0.61264968 0.80383003
vt 0.56237131 0.61324477
vt 0.51587701 0.54077971
vt 0.55745792 0.57622647
vt 0.49655911 0.51110089
vt 0.46341649 0.5182116
vt 0.64168757 0.80985731
vt 0.61513692 0.80608833
vt 0.61774617 0.80321968
vt 0.61356533 0.79960328
vt 0.64986652 0.80901808
vt 0.47742429 0.48563361
vt 0.44803539 0.49701679
vt 0.63382918 0.81066608
vt 0.62020302 0.81058979
vt 0.6164645 0.81036091
vt 0.61519802 0.79142439
vt 0.62308693 0.79813838
vt 0.64261848 0.77523458
vt 0.45667201 0.4552682
vt 0.4229801 0.4692454
vt 0.62732887 0.79411
vt 0.61216152 0.81120008
vt 0.61647981 0.78492409
vt 0.63482112 0.78486311
vt 0.43949029 0.42096591
vt 0.40482181 0.43883419
vt 0.6183871 0.76786453
vt 0.48055241 0.40196839
vt 0.4229801 0.4692454
vt 0.45667201 0.4552682
vt 0.66962689 0.76989388
vt 0.64606702 0.7331655
vt 0.62008089 0.73395902
vt 0.496788 0.439643
vt 0.52295721 0.3861143
vt 0.496788 0.439643
vt 0.44803539 0.49701679
vt 0.47742429 0.48563361
vt 0.70392919 0.79772639
vt 0.62400252 0.69494158
vt 0.59584957 0.6954757
vt 0.51508361 0.4727245
vt 0.46341649 0.5182116
vt 0.49655911 0.51110089
vt 0.51508361 0.4727245
vt 0.74793619 0.82273591
vt 0.73801792 0.78870833
vt 0.624506 0.64960712
vt 0.59482718 0.64957649
vt 0.53221941 0.50376141
vt 0.4838331 0.54547948
vt 0.7634241 0.866804
vt 0.78881508 0.80674452
vt 0.8096742 0.84606701
vt 0.59389639 0.61289388
vt 0.54647142 0.53694981
vt 0.56879532 0.49346149
vt 0.82522309 0.7881285
vt 0.77454787 0.77579921
vt 0.58902878 0.57236588
vt 0.62279701 0.6120851
vt 0.55265123 0.4631266
vt 0.82522309 0.7881285
vt 0.76221871 0.74447238
vt 0.73057139 0.75567257
vt 0.65058368 0.64869148
vt 0.53850621 0.42752719
vt 0.84898138 0.82281232
vt 0.80682081 0.75944149
vt 0.7002365 0.76343942
vt 0.64946967 0.69231713
vt 0.57474631 0.37291521
vt 0.53850621 0.42752719
vt 0.8840009 0.79562068
vt 0.78075838 0.70112163
vt 0.81809717 0.71648741
vt 0.67104602 0.7291981
vt 0.67316699 0.69033343
vt 0.67345691 0.64754713
vt 0.55265123 0.4631266
vt 0.85731292 0.76589608
vt 0.77428848 0.6737926
vt 0.80556953 0.6924392
vt 0.69910729 0.72315562
vt 0.69803917 0.68751049
vt 0.64927143 0.61159682
vt 0.56879532 0.49346149
vt 0.53221941 0.50376141
vt 0.83674371 0.74001682
vt 0.72620738 0.71731138
vt 0.62011141 0.57102311
vt 0.54647142 0.53694981
vt 0.51587701 0.54077971
vt 0.86373693 0.71859312
vt 0.84361029 0.69907677
vt 0.83196771 0.67898071
vt 0.5801633 0.53098339
vt 0.52930498 0.57695889
vt 0.55745792 0.57622647
vt 0.49782559 0.57700467
vt 0.88795298 0.73881131
vt 0.7989319 0.66683447
vt 0.82629132 0.6574502
vt 0.85674828 0.66440833
vt 0.53257042 0.61113912
vt 0.50267798 0.60959792
vt 0.75030142 0.68044561
vt 0.77178609 0.64028382
vt 0.82362098 0.63382918
vt 0.79478139 0.63765931
vt 0.86797887 0.67602038
vt 0.61487752 0.53041887
vt 0.60588998 0.48941791
vt 0.53466088 0.64510572
vt 0.50464642 0.64475471
vt 0.88647288 0.69329369
vt 0.59581912 0.45479509
vt 0.64359498 0.529778
vt 0.63854432 0.48903641
vt 0.50103003 0.68571001
vt 0.72257572 0.64542609
vt 0.74831772 0.64315248
vt 0.58689249 0.41742581
vt 0.63373768 0.45114821
vt 0.6703136 0.53086138
vt 0.66834521 0.48865491
vt 0.64695197 0.57044327
vt 0.69672692 0.64670789
vt 0.66597998 0.4498665
vt 0.62818342 0.4126803
vt 0.69834441 0.4898451
vt 0.69697112 0.53199053
vt 0.67217523 0.61101699
vt 0.77256429 0.61066598
vt 0.66468298 0.41148999
vt 0.70008391 0.45102611
vt 0.72834361 0.53488982
vt 0.73408097 0.4957504
vt 0.69672692 0.64670789
vt 0.67116809 0.57122147
vt 0.79725337 0.60923171
vt 0.82655072 0.60726333
vt 0.72257572 0.64542609
vt 0.69611663 0.61052871
vt 0.72397947 0.68487072
vt 0.69634539 0.57120621
vt 0.83233392 0.58309299
vt 0.85723662 0.60561532
vt 0.85412377 0.63074702
vt 0.75487912 0.70925462
vt 0.75030142 0.68044561
vt 0.74831772 0.64315248
vt 0.72481883 0.57337302
vt 0.88760197 0.63117421
vt 0.85395592 0.65081251
vt 0.79085982 0.73109019
vt 0.72254521 0.6103456
vt 0.75091171 0.57770658
vt 0.75997561 0.53630888
vt 0.8824445 0.65535969
vt 0.78075838 0.70112163
vt 0.81809717 0.71648741
vt 0.80682081 0.75944149
vt 0.74805832 0.61040658
vt 0.90572977 0.66231787
vt 0.91384763 0.63321888
vt 0.77428848 0.6737926
vt 0.85731292 0.76589608
vt 0.83674371 0.74001682
vt 0.77256429 0.61066598
vt 0.88915849 0.60422671
vt 0.91206223 0.71068889
vt 0.77178609 0.64028382
vt 0.88795298 0.73881131
vt 0.91653317 0.76282901
vt 0.77598232 0.58437479
vt 0.78872359 0.53630888
vt 0.93194479 0.67377728
vt 0.79478139 0.63765931
vt 0.7989319 0.66683447
vt 0.91206223 0.71068889
vt 0.94201571 0.72787058
vt 0.76838332 0.50095367
vt 0.91586173 0.60347903
vt 0.94239718 0.63668269
vt 0.79725337 0.60923171
vt 0.80556953 0.6924392
vt 0.96258491 0.68621349
vt 0.7422446 0.4575265
vt 0.78165859 0.46597999
vt 0.88699168 0.58210123
vt 0.80418098 0.58207059
vt 0.93194479 0.67377728
vt 0.97454792 0.64261842
vt 0.70350188 0.41188681
vt 0.86080718 0.58379501
vt 0.79960328 0.50833899
vt 0.81733418 0.54726481
vt 0.88647288 0.69329369
vt 0.90572977 0.66231787
vt 0.66417938 0.36406499
vt 0.70814067 0.36617079
vt 0.86349279 0.56919211
vt 0.86373693 0.71859312
vt 0.86797887 0.67602038
vt 0.8824445 0.65535969
vt 0.91384763 0.63321888
vt 0.62272072 0.36598769
vt 0.88149852 0.55741203
vt 0.91247427 0.57721829
vt 0.85674828 0.66440833
vt 0.84361029 0.69907677
vt 0.94239718 0.63668269
vt 0.94329739 0.56990921
vt 0.90138102 0.54349577
vt 0.92785537 0.5313344
vt 0.94503701 0.6025635
vt 0.83196771 0.67898071
vt 0.97810328 0.60207522
vt 0.94503701 0.6025635
vt 0.91586173 0.60347903
vt 0.58689249 0.41742581
vt 0.97404438 0.5617609
vt 0.82629132 0.6574502
vt 0.94329739 0.56990921
vt 0.88915849 0.60422671
vt 0.88760197 0.63117421
vt 0.59581912 0.45479509
vt 0.62818342 0.4126803
vt 0.85395592 0.65081251
vt 0.88699168 0.58210123
vt 0.85723662 0.60561532
vt 0.85412377 0.63074702
vt 0.60588998 0.48941791
vt 0.66468298 0.41148999
vt 0.63373768 0.45114821
vt 0.82362098 0.63382918
vt 0.91247427 0.57721829
vt 0.76331729 0.3753567
vt 0.70350188 0.41188681
vt 0.63854432 0.48903641
vt 0.82655072 0.60726333
vt 0.75168991 0.41974509
vt 0.75168991 0.41974509
vt 0.7422446 0.4575265
vt 0.70008391 0.45102611
vt 0.61487752 0.53041887
vt 0.64359498 0.529778
vt 0.83233392 0.58309299
vt 0.66597998 0.4498665
vt 0.5801633 0.53098339
vt 0.84412909 0.55892271
vt 0.8355993 0.45003429
vt 0.79507142 0.4326238
vt 0.81713587 0.47937739
vt 0.58902878 0.57236588
vt 0.62011141 0.57102311
vt 0.8587625 0.41226831
vt 0.81290913 0.39028001
vt 0.84945452 0.49631491
vt 0.83114368 0.5206989
vt 0.79507142 0.4326238
vt 0.66834521 0.48865491
vt 0.87011522 0.47071031
vt 0.90392917 0.4997482
vt 0.87931639 0.51810479
vt 0.85897613 0.53759062
vt 0.78165859 0.46597999
vt 0.69834441 0.4898451
vt 0.6703136 0.53086138
vt 0.92785537 0.5313344
vt 0.90138102 0.54349577
vt 0.88149852 0.55741203
vt 0.86349279 0.56919211
vt 0.73408097 0.4957504
vt 0.72834361 0.53488982
vt 0.69697112 0.53199053
vt 0.95941103 0.51763183
vt 0.86080718 0.58379501
vt 0.72481883 0.57337302
vt 0.69634539 0.57120621
vt 0.93424892 0.47719541
vt 0.67116809 0.57122147
vt 0.72254521 0.6103456
vt 0.75091171 0.57770658
vt 0.69611663 0.61052871
vt 0.89726102 0.43953621
vt 0.67217523 0.61101699
vt 0.64695197 0.57044327
vt 0.75997561 0.53630888
vt 0.90392917 0.4997482
vt 0.87011522 0.47071031
vt 0.8355993 0.45003429
vt 0.76838332 0.50095367
vt 0.84945452 0.49631491
vt 0.81713587 0.47937739
vt 0.62279701 0.6120851
vt 0.64927143 0.61159682
vt 0.79960328 0.50833899
vt 0.74805832 0.61040658
vt 0.83114368 0.5206989
vt 0.87931639 0.51810479
vt 0.59389639 0.61289388
vt 0.78872359 0.53630888
vt 0.81733418 0.54726481
vt 0.77598232 0.58437479
vt 0.85897613 0.53759062
vt 0.56237131 0.61324477
vt 0.80418098 0.58207059
vt 0.56380558 0.64751661
vt 0.84412909 0.55892271
vt 0.4911879 0.71758598
vt 0.51613641 0.76025021
vt 0.4780041 0.74824142
vt 0.4677195 0.77387649
vt 0.50347137 0.78741127
vt 0.1007553 0.81420612
vt 0.1640345 0.71601439
vt 0.16935989 0.80440992
vt 0.096284427 0.72208738
vt 0.01731899 0.81687647
vt 0.01731899 0.72780949
vt 0.1063401 0.89530778
vt 0.1636072 0.63399708
vt 0.230808 0.70998698
vt 0.2403754 0.79127181
vt 0.18477149 0.88764781
vt 0.01731899 0.64461738
vt 0.093339443 0.64010072
vt 0.096284427 0.72208738
vt 0.1007553 0.81420612
vt 0.29239339 0.62151521
vt 0.2980392 0.70353252
vt 0.2287938 0.62682527
vt 0.30521089 0.76716262
vt 0.25740439 0.86669719
vt 0.2064546 0.95689332
vt 0.093766689 0.56929892
vt 0.3037461 0.55725938
vt 0.35614559 0.61843288
vt 0.36125731 0.69890898
vt 0.2329748 0.55826658
vt 0.35674071 0.73812473
vt 0.33031201 0.83651477
vt 0.27631041 0.92874038
vt 0.1168994 0.97344929
vt 0.01731899 0.89898533
vt 0.16878 0.56200498
vt 0.3886168 0.77871358
vt 0.41208509 0.70279998
vt 0.2576791 0.48896009
vt 0.33917749 0.507393
vt 0.35762569 0.8834058
vt 0.01731899 0.97309828
vt 0.1168994 0.97344929
vt 0.1063401 0.89530778
vt 0.18568701 0.4893721
vt 0.4238804 0.81593043
vt 0.35475701 0.58390182
vt 0.39876401 0.54973668
vt 0.2064546 0.95689332
vt 0.18477149 0.88764781
vt 0.16935989 0.80440992
vt 0.1640345 0.71601439
vt 0.4643473 0.70629442
vt 0.40972 0.61383992
vt 0.4345006 0.52932018
vt 0.46289769 0.6121614
vt 0.25740439 0.86669719
vt 0.27631041 0.92874038
vt 0.2403754 0.79127181
vt 0.230808 0.70998698
vt 0.1636072 0.63399708
vt 0.093339443 0.64010072
vt 0.36754411 0.4673228
vt 0.2822156 0.44121459
vt 0.33031201 0.83651477
vt 0.30521089 0.76716262
vt 0.35762569 0.8834058
vt 0.2980392 0.70353252
vt 0.093766689 0.56929892
vt 0.01731899 0.57439542
vt 0.21304651 0.43070111
vt 0.3886168 0.77871358
vt 0.35674071 0.73812473
vt 0.36125731 0.69890898
vt 0.4238804 0.81593043
vt 0.35614559 0.61843288
vt 0.29239339 0.62151521
vt 0.01731899 0.50157928
vt 0.1037003 0.49668121
vt 0.1121843 0.43888
vt 0.41208509 0.70279998
vt 0.4643473 0.70629442
vt 0.35475701 0.58390182
vt 0.3037461 0.55725938
vt 0.40972 0.61383992
vt 0.2287938 0.62682527
vt 0.1037003 0.49668121
vt 0.01731899 0.44049749
vt 0.46289769 0.6121614
vt 0.39876401 0.54973668
vt 0.2329748 0.55826658
vt 0.33917749 0.507393
vt 0.16878 0.56200498
vt 0.18568701 0.4893721
vt 0.1121843 0.43888
vt 0.4345006 0.52932018
vt 0.2576791 0.48896009
vt 0.36754411 0.4673228
vt 0.2822156 0.44121459
vt 0.21304651 0.43070111
vt 0.0512398 0.39435419
vt 0.02217136 0.39751279
vt 0.048676278 0.37488371
vt 0.084153503 0.36948201
vt 0.090119787 0.39012739
vt 0.0512398 0.39435419
vt 0.048676278 0.37488371
vt 0.02217136 0.37892729
vt 0.04415961 0.34657821
vt 0.073563747 0.345449
vt 0.1175402 0.32329291
vt 0.1427481 0.33195999
vt 0.15161359 0.34457919
vt 0.090119787 0.39012739
vt 0.084153503 0.36948201
vt 0.04415961 0.34657821
vt 0.073563747 0.345449
vt 0.02217136 0.34741741
vt 0.039322499 0.31369501
vt 0.062256809 0.31369501
vt 0.093308918 0.31442741
vt 0.1390249 0.27412829
vt 0.1736019 0.2794385
vt 0.2001221 0.28340581
vt 0.15161359 0.34457919
vt 0.1427481 0.33195999
vt 0.1175402 0.32329291
vt 0.039322499 0.31369501
vt 0.062256809 0.31369501
vt 0.02217136 0.31369501
vt 0.099290453 0.2719768
vt 0.065537497 0.27379259
vt 0.20743109 0.2347753
vt 0.1807736 0.22665749
vt 0.2001221 0.28340581
vt 0.1736019 0.2794385
vt 0.1390249 0.27412829
vt 0.093308918 0.31442741
vt 0.099290453 0.2719768
vt 0.065537497 0.27379259
vt 0.21004041 0.179736
vt 0.1439078 0.22504009
vt 0.18017849 0.179736
vt 0.20743109 0.2347753
vt 0.1807736 0.22665749
vt 0.1439078 0.22504009
vt 0.1043717 0.22504009
vt 0.068543524 0.22504009
vt 0.042008091 0.22504009
vt 0.04072633 0.2767224
vt 0.1824674 0.1311361
vt 0.2121767 0.1326925
vt 0.21004041 0.179736
vt 0.18017849 0.179736
vt 0.1447318 0.179736
vt 0.068543524 0.179736
vt 0.042008091 0.179736
vt 0.02217136 0.27891961
vt 0.1562524 0.069108129
vt 0.1861296 0.081361108
vt 0.1043717 0.22504009
vt 0.068543524 0.22504009
vt 0.04072633 0.2767224
vt 0.02217136 0.22504009
vt 0.042008091 0.22504009
vt 0.1125658 0.027450981
vt 0.1447318 0.179736
vt 0.068543524 0.179736
vt 0.042008091 0.179736
vt 0.02217136 0.179736
vt 0.085221641 0.039444569
vt 0.04913405 0.035355151
vt 0.06083772 0.02247655
vt 0.1046921 0.179736
vt 0.1381247 0.1268024
vt 0.042008091 0.1268024
vt 0.042008091 0.1268024
vt 0.02217136 0.1268024
vt 0.1214771 0.065583289
vt 0.02217136 0.032288071
vt 0.02217136 0.01876861
vt 0.1044175 0.1268024
vt 0.039520871 0.069703221
vt 0.068543524 0.1268024
vt 0.039520871 0.069703221
vt 0.068543524 0.1268024
vt 0.1046921 0.179736
vt 0.02217136 0.078538179
vt 0.06083772 0.02247655
vt 0.042877849 0.050125901
vt 0.062729843 0.057877481
vt 0.042877849 0.050125901
vt 0.062729843 0.057877481
vt 0.1044175 0.1268024
vt 0.1381247 0.1268024
vt 0.02217136 0.049774941
vt 0.04913405 0.035355151
vt 0.1125658 0.027450981
vt 0.07057298 0.050598919
vt 0.088853277 0.063599586
vt 0.1214771 0.065583289
vt 0.088853277 0.063599586
vt 0.1824674 0.1311361
vt 0.085221641 0.039444569
vt 0.1562524 0.069108129
vt 0.1861296 0.081361108
vt 0.07057298 0.050598919
vt 0.2121767 0.1326925
vt 0.29613179 0.050125901
vt 0.27450979 0.01496911
vt 0.30783549 0.02452123
vt 0.2686809 0.041596111
vt 0.32498661 0.064530432
vt 0.2815595 0.077485323
vt 0.26106659 0.070405133
vt 0.2382849 0.0146029
vt 0.34316021 0.042145431
vt 0.2389563 0.038315419
vt 0.35312429 0.087281577
vt 0.29956511 0.089906164
vt 0.26915389 0.093583576
vt 0.28154421 0.1092393
vt 0.2562753 0.084779143
vt 0.23926149 0.065613814
vt 0.2099947 0.040131211
vt 0.2067598 0.022430779
vt 0.37776759 0.068909757
vt 0.2142977 0.063584328
vt 0.3254292 0.1106431
vt 0.29472801 0.1282368
vt 0.23901729 0.08708322
vt 0.2446021 0.1001297
vt 0.25397119 0.1200427
vt 0.2382849 0.0146029
vt 0.2389563 0.038315419
vt 0.40646979 0.1043107
vt 0.38210121 0.1206073
vt 0.3502098 0.1409934
vt 0.31593809 0.1568933
vt 0.26364541 0.14341959
vt 0.2188144 0.088303983
vt 0.22122531 0.1014878
vt 0.22583351 0.1266651
vt 0.2686809 0.041596111
vt 0.27450979 0.01496911
vt 0.28064391 0.1767147
vt 0.2308995 0.1543145
vt 0.23901729 0.08708322
vt 0.2446021 0.1001297
vt 0.23926149 0.065613814
vt 0.25397119 0.1200427
vt 0.26364541 0.14341959
vt 0.29613179 0.050125901
vt 0.26106659 0.070405133
vt 0.30783549 0.02452123
vt 0.23753721 0.1906005
vt 0.28064391 0.1767147
vt 0.26915389 0.093583576
vt 0.28154421 0.1092393
vt 0.2562753 0.084779143
vt 0.29472801 0.1282368
vt 0.31593809 0.1568933
vt 0.32498661 0.064530432
vt 0.2815595 0.077485323
vt 0.34316021 0.042145431
vt 0.29956511 0.089906164
vt 0.3254292 0.1106431
vt 0.3502098 0.1409934
vt 0.35312429 0.087281577
vt 0.37776759 0.068909757
vt 0.38210121 0.1206073
vt 0.40646979 0.1043107
vt 0.2330205 0.3635157
vt 0.2168154 0.3548333
vt 0.2328679 0.3238422
vt 0.24782179 0.33557639
vt 0.2226444 0.3931945
vt 0.2506294 0.3723354
vt 0.2433967 0.39971009
vt 0.1856413 0.38158241
vt 0.19554441 0.34378579
vt 0.2049744 0.38765541
vt 0.2135195 0.3049973
vt 0.2402228 0.26706341
vt 0.25856411 0.28879231
vt 0.27739379 0.31248951
vt 0.26396579 0.34937051
vt 0.273518 0.38027009
vt 0.27338061 0.36414129
vt 0.2168154 0.3548333
vt 0.19554441 0.34378579
vt 0.2691386 0.2371252
vt 0.28473341 0.26532391
vt 0.30283049 0.29527739
vt 0.29156941 0.33392841
vt 0.29831389 0.3819181
vt 0.26684979 0.40706491
vt 0.29826811 0.35687801
vt 0.2328679 0.3238422
vt 0.2135195 0.3049973
vt 0.2330205 0.3635157
vt 0.2944991 0.21979091
vt 0.30926979 0.25212479
vt 0.3245441 0.35120171
vt 0.3161059 0.32014951
vt 0.273518 0.38027009
vt 0.2506294 0.3723354
vt 0.3226673 0.38355079
vt 0.2402228 0.26706341
vt 0.24782179 0.33557639
vt 0.25856411 0.28879231
vt 0.31595331 0.20836189
vt 0.32945761 0.243595
vt 0.34341961 0.3464866
vt 0.3464866 0.3840085
vt 0.29831389 0.3819181
vt 0.27338061 0.36414129
vt 0.26396579 0.34937051
vt 0.28473341 0.26532391
vt 0.2691386 0.2371252
vt 0.27739379 0.31248951
vt 0.35158309 0.20160221
vt 0.2892805 0.41409931
vt 0.29826811 0.35687801
vt 0.3226673 0.38355079
vt 0.29156941 0.33392841
vt 0.30926979 0.25212479
vt 0.30283049 0.29527739
vt 0.2944991 0.21979091
vt 0.3659113 0.2386664
vt 0.3130846 0.42157629
vt 0.3245441 0.35120171
vt 0.3464866 0.3840085
vt 0.3161059 0.32014951
vt 0.32722971 0.28337529
vt 0.32945761 0.243595
vt 0.31595331 0.20836189
vt 0.34287021 0.27600521
vt 0.3745937 0.27635619
vt 0.34143591 0.43047231
vt 0.34341961 0.3464866
vt 0.33455399 0.31241319
vt 0.34287021 0.27600521
vt 0.3493095 0.3080644
vt 0.35158309 0.20160221
vt 0.3493095 0.3080644
vt 0.37927821 0.31241319
vt 0.32722971 0.28337529
vt 0.36081481 0.4365454
vt 0.3659113 0.2386664
vt 0.381796 0.3484855
vt 0.35828179 0.34312961
vt 0.33455399 0.31241319
vt 0.36531621 0.38258949
vt 0.36531621 0.38258949
vt 0.3745937 0.27635619
vt 0.38895249 0.39435419
vt 0.38895249 0.39435419
vt 0.35828179 0.34312961
vt 0.37927821 0.31241319
vt 0.3853361 0.44425121
vt 0.381796 0.3484855
vn 0 1 0
vn -0.25636011 0.96673191 0.0019569469
vn -0.27984339 0.83170247 0.48140901
vn 0 0.86888462 0.49706459
vn -0.2857143 0.82387477 -0.4892368
vn 0 0.86105669 -0.50684929
vn 0.27984339 0.83170247 0.48140901
vn 0.25636011 0.96673191 0.0019569469
vn 0.2857143 0.82387477 -0.4892368
vn 0 0.4618395 0.88649708
vn 0.57338548 0.39530331 0.71624267
vn 0.5362035 0.74755383 0.3933464
vn 0.32876709 0.4422701 0.83561641
vn 0.4892368 0.87279838 0.0039138938
vn 0.53816038 0.74168289 -0.40117419
vn 0.33072409 0.42661449 -0.84148729
vn -0.32876709 0.4422701 0.83561641
vn 0 0.0078277886 1
vn 0.84735811 0.53228962 -0.0039138938
vn 0.5694716 -0.015655581 0.82191777
vn 0.32681021 0.0078277886 0.94520551
vn 0.58512717 0.38747561 -0.71232879
vn 0.33072409 -0.0039138938 -0.94324851
vn 0 0.4618395 -0.88649708
vn -0.32681021 0.0078277886 0.94520551
vn 0 -0.57729942 0.81604701
vn 0.86888462 0.2465753 0.4285714
vn 0.86301368 0.2426614 -0.4422701
vn 0.54011738 -0.40704501 0.73581213
vn 0.27005869 -0.52641881 0.80626231
vn -0.33072409 0.42661449 -0.84148729
vn -0.27005869 -0.52641881 0.80626231
vn 0 -0.89432478 0.44814089
vn 0.8708415 -0.49315071 0
vn 0.84148729 -0.25831699 -0.47358119
vn 1 -0.0097847357 0
vn 0.85322899 -0.2641879 0.45009789
vn -0.53816038 0.74168289 -0.40117419
vn -0.4892368 0.87279838 0.0039138938
vn 0.53228962 -0.84735811 0
vn 0.5812133 -0.02152642 -0.81409001
vn 0.53033268 -0.72211349 -0.44618389
vn 0.5362035 -0.72602743 0.4305284
vn -0.5362035 0.74755383 0.3933464
vn -0.58512717 0.38747561 -0.71232879
vn -0.84735811 0.53228962 -0.0039138938
vn 0.54011738 -0.4148728 -0.73189819
vn 0.32681021 -0.46771041 -0.82191777
vn 0 -0.0039138938 -1
vn 0.2093934 -0.85322899 0.4774951
vn -0.57338548 0.39530331 0.71624267
vn -0.33072409 -0.0039138938 -0.94324851
vn 0.295499 -0.83170247 -0.46771041
vn 0 -0.4990215 -0.86692762
vn -0.32681021 -0.46771041 -0.82191777
vn 0.26810181 -0.96281803 0
vn 0 -1 -0.0039138938
vn -0.5812133 -0.02152642 -0.81409001
vn -0.5694716 -0.015655581 0.82191777
vn 0 -0.87475538 -0.48532289
vn -0.295499 -0.83170247 -0.46771041
vn -0.54011738 -0.4148728 -0.73189819
vn -0.2093934 -0.85322899 0.4774951
vn -0.26810181 -0.96281803 0
vn -0.84148729 -0.25831699 -0.47358119
vn -0.53033268 -0.72211349 -0.44618389
vn -0.86301368 0.2426614 -0.4422701
vn -0.54011738 -0.40704501 0.73581213
vn -0.5362035 -0.72602743 0.4305284
vn -0.53228962 -0.84735811 0
vn -0.8708415 -0.49315071 0
vn -1 -0.0097847357 0
vn -0.86888462 0.2465753 0.4285714
vn -0.85322899 -0.2641879 0.45009789
vn 0.045009781 0.52641881 0.84931499
vn -0.017612521 0.44422701 0.89628178
vn 0.4618395 0.1585127 0.87279838
vn 0.46771041 0.30919769 0.82778871
vn -0.01174168 0.46575341 0.88454008
vn 0.47162431 0.20156559 0.85909981
vn 0.72602743 0.1037182 0.68101758
vn 0.70254397 0.080234833 0.70645791
vn 0.67906058 0.22896279 0.69667321
vn -0.029354209 0.49315071 0.86888462
vn 0.48532289 0.24070451 0.83953029
vn 0.74363989 0.1311155 0.6555773
vn 0.96477503 0.22113501 0.1428571
vn 0.96673191 0.2133072 0.1389433
vn 0.95694709 0.2446184 0.1585127
vn 0.90606648 0.39726031 0.148728
vn -0.031311151 0.48140901 0.87671232
vn 0.50880629 0.20156559 0.83757341
vn 0.7514677 0.1076321 0.65166342
vn 0.97260273 0.1898239 0.1311155
vn -0.05088063 0.4403131 0.89628178
vn 0.51272023 0.15264191 0.84540123
vn 0.74168289 0.093933463 0.66340512
vn 0.97455972 0.183953 0.1291585
vn 0.18199611 0.7729941 0.60861057
vn 0.50489229 0.54990208 0.66536212
vn 0.70645791 0.47945201 0.52054793
vn 0.81213307 0.5596869 0.1663405
vn -0.92172211 0.35812131 0.1448141
vn -0.95499021 0.2524462 0.1585127
vn -0.71624267 0.088062622 0.69275928
vn -0.69667321 0.2152642 0.68493152
vn -0.96281803 0.22896279 0.1448141
vn -0.72798443 0.1076321 0.6771037
vn -0.4990215 0.1565558 0.85322899
vn -0.4872798 0.29941291 0.81996077
vn -0.96673191 0.2133072 0.14090019
vn -0.73776913 0.1232877 0.66536212
vn -0.50880629 0.17025439 0.84344423
vn -0.50489229 0.183953 0.84344423
vn -0.01369863 0.49510759 0.86888462
vn -0.05479452 0.5479452 0.83561641
vn -0.97260273 0.1898239 0.1311155
vn -0.74363989 0.109589 0.65949118
vn -0.50880629 0.1722113 0.84344423
vn 0.01174168 0.46966729 0.88258308
vn 0.017612521 0.45009789 0.8923679
vn -0.73776913 0.1017613 0.667319
vn -0.97455972 0.183953 0.1311155
vn -0.50880629 0.1663405 0.84540123
vn 0.01956947 0.4422701 0.89628178
vn -0.70058709 0.49315071 0.51467711
vn -0.50097853 0.5694716 0.65166342
vn -0.80626231 0.56751472 0.1663405
vn 0.033268102 0.44618389 0.89432478
vn -0.1878669 0.77886498 0.59882581
vn 0.93737769 -0.19960859 -0.2837573
vn 0.93346381 -0.19178081 -0.30332679
vn 1 -0.017612521 -0.02739726
vn 1 -0.01174168 -0.01369863
vn 0.81409001 -0.334638 -0.47553819
vn 0.93542081 -0.18003909 -0.30528381
vn 1 -0.017612521 -0.025440309
vn 0.80821919 -0.31311151 -0.4990215
vn 0.92367911 0.1956947 0.33072409
vn 0.92759287 0.19960859 0.31702551
vn 0.92367911 0.22113501 0.31506851
vn 0.52054793 -0.4892368 -0.69863021
vn 0.93150687 -0.19960859 -0.30136991
vn 0.99804312 -0.029354209 -0.04109589
vn 0.80626231 -0.29941291 -0.50880629
vn 0.92759287 0.2054795 0.3111546
vn 0.50293541 -0.45792559 -0.73385519
vn 0.70450097 0.39530331 0.58904111
vn 0.70841491 0.36399221 0.60665357
vn 0.72015661 0.37377691 0.58512717
vn 0.72015661 0.40117419 0.56555772
vn 0 -0.5714286 -0.81996077
vn 0.99804312 -0.035225049 -0.05088063
vn 0.92954987 0.2035225 0.30919769
vn 0.50293541 -0.43639919 -0.74559689
vn 0.80039138 -0.32876709 -0.50097853
vn 0.69863021 0.39921719 0.59491187
vn 0 -0.52837569 -0.84931499
vn 0.4187867 0.50880629 0.75342458
vn 0.41291589 0.47162431 0.77886498
vn 0.42074361 0.4892368 0.7632094
vn 0.42661449 0.52641881 0.73581213
vn -0.52054793 -0.4892368 -0.69863021
vn -0.50293541 -0.45792559 -0.73385519
vn 0.4892368 -0.47553819 -0.73189819
vn 0 -0.50293541 -0.86497062
vn -0.50293541 -0.43639919 -0.74559689
vn 0 0.5596869 0.82778871
vn 0 0.51859099 0.85518593
vn 0 0.53816038 0.84344423
vn 0 0.5812133 0.81409001
vn -0.81409001 -0.334638 -0.47553819
vn -0.80821919 -0.31311151 -0.4990215
vn -0.80626231 -0.29941291 -0.50880629
vn 0 -0.54403132 -0.83953029
vn -0.4892368 -0.47553819 -0.73189819
vn -0.80039138 -0.32876709 -0.50097853
vn -0.4187867 0.50880629 0.75342458
vn -0.41291589 0.47162431 0.77886498
vn -0.42074361 0.4892368 0.7632094
vn -0.42661449 0.52641881 0.73581213
vn -0.93737769 -0.19960859 -0.2837573
vn -0.93346381 -0.19178081 -0.30332679
vn -0.93542081 -0.18003909 -0.30528381
vn -0.47945201 -0.47945201 -0.73581213
vn -0.79452062 -0.332681 -0.50684929
vn -0.93150687 -0.19960859 -0.30136991
vn -0.70450097 0.39530331 0.58904111
vn -0.70841491 0.36399221 0.60665357
vn -0.72015661 0.37377691 0.58512717
vn -0.72015661 0.40117419 0.56555772
vn -1 -0.01174168 -0.01369863
vn -1 -0.017612521 -0.02739726
vn -1 -0.017612521 -0.025440309
vn -0.99804312 -0.029354209 -0.04109589
vn -0.79060668 -0.33659491 -0.51272023
vn -0.93150687 -0.20156559 -0.30528381
vn -0.99804312 -0.035225049 -0.05088063
vn -0.92367911 0.1956947 0.33072409
vn -0.92759287 0.19960859 0.31702551
vn -0.92367911 0.22113501 0.31506851
vn -0.92759287 0.2054795 0.3111546
vn -0.78669268 -0.33855179 -0.51663399
vn -0.46966729 -0.48140901 -0.73972601
vn -0.92954987 -0.2035225 -0.30919769
vn -0.99804312 -0.04109589 -0.060665362
vn -0.92954987 0.2035225 0.30919769
vn -0.69863021 0.39921719 0.59491187
vn -0.78082192 -0.34246579 -0.52250493
vn -0.45988259 -0.48336601 -0.74363989
vn -0.92759287 -0.2054795 -0.3111546
vn 0 -0.54403132 -0.83953029
vn 0 -0.54403132 -0.83953029
vn -0.99608612 -0.048923679 -0.070450097
vn -0.92954987 0.20156559 0.30528381
vn -0.69080228 0.4031311 0.59882581
vn -0.4187867 0.50880629 0.75342458
vn -0.45009789 -0.4872798 -0.74755383
vn 0 -0.54403132 -0.83953029
vn 0.45988259 -0.48336601 -0.74363989
vn 0.46966729 -0.48140901 -0.73972601
vn 0.47945201 -0.47945201 -0.73581213
vn -0.93150687 0.19960859 0.30332679
vn -0.68493152 0.40704501 0.60469669
vn -0.41682971 0.50880629 0.75342458
vn 0 0.5596869 0.82778871
vn 0.45009789 -0.4872798 -0.74755383
vn 0 -0.54403132 -0.83953029
vn 0.78669268 -0.33855179 -0.51663399
vn 0.79060668 -0.33659491 -0.51272023
vn 0.79452062 -0.332681 -0.50684929
vn -0.67906058 0.40900189 0.60861057
vn -0.41682971 0.50880629 0.75342458
vn 0 0.5596869 0.82778871
vn 0.4187867 0.50880629 0.75342458
vn 0.92954987 -0.2035225 -0.30919769
vn 0.93150687 -0.20156559 -0.30528381
vn -0.93346381 0.1976517 0.29941291
vn -0.41682971 0.50880629 0.75342458
vn -0.67906058 0.41291589 0.60861057
vn 0 0.5596869 0.82778871
vn 0.41682971 0.50880629 0.75342458
vn 0.99804312 -0.04109589 -0.060665362
vn -0.99608612 -0.05479452 -0.080234833
vn 0 0.5596869 0.82778871
vn -0.41682971 0.50880629 0.75342458
vn 0.41682971 0.50880629 0.75342458
vn 0.69080228 0.4031311 0.59882581
vn 0.92954987 0.20156559 0.30528381
vn 0.99608612 -0.048923679 -0.070450097
vn 0.93150687 0.19960859 0.30332679
vn 0.41682971 0.50880629 0.75342458
vn 0 0.5596869 0.82778871
vn 0.68493152 0.40704501 0.60469669
vn 0.99608612 -0.05479452 -0.080234833
vn 0.93346381 0.1976517 0.29941291
vn 0.92759287 -0.2054795 -0.3111546
vn 0.67906058 0.40900189 0.60861057
vn -0.92563599 -0.2074364 -0.31506851
vn 0.41682971 0.50880629 0.75342458
vn 0.93542081 0.20156559 0.29158509
vn 0.67906058 0.41291589 0.60861057
vn 0.78082192 -0.34246579 -0.52250493
vn 0.92563599 -0.2074364 -0.31506851
vn -0.77690798 -0.34637961 -0.52641881
vn -0.99608612 -0.05088063 -0.08219178
vn 0.67318982 0.55185908 0.49510759
vn 0.42074361 0.63796479 0.6438356
vn 0.90802348 0.37182 0.1937378
vn 0.77690798 -0.34637961 -0.52641881
vn -0.4422701 -0.4892368 -0.7514677
vn -0.93542081 0.20156559 0.29158509
vn 0.3542074 0.9041096 0.2387476
vn 0.53424662 0.82778871 0.16438361
vn 0 0.68493152 0.72994131
vn -0.42074361 0.63796479 0.6438356
vn 0.4422701 -0.4892368 -0.7514677
vn 0 -0.54403132 -0.83953029
vn -0.67318982 0.55185908 0.49510759
vn -0.90802348 0.37182 0.1937378
vn -0.9784736 0.1252446 -0.1663405
vn 0.37769079 0.92172211 -0.080234833
vn 0.6771037 0.73581213 -0.029354209
vn 0 0.96673191 0.25440311
vn 0.43639919 -0.36399221 -0.82191777
vn -0.6771037 0.73581213 -0.029354209
vn -0.53424662 0.82778871 0.16438361
vn -0.92367911 -0.21135031 -0.31702551
vn 0.9784736 0.1252446 -0.1663405
vn 0.76125252 -0.2191781 -0.61056751
vn 0.92367911 -0.21135031 -0.31702551
vn -0.3542074 0.9041096 0.2387476
vn -0.37769079 0.92172211 -0.080234833
vn 0.99608612 -0.05088063 -0.08219178
vn 0 0.99217218 -0.1291585
vn 0.9041096 -0.074363992 -0.42270061
vn -0.38551861 0.74363989 -0.5479452
vn 0 0.7964775 -0.60469669
vn -0.76125252 -0.2191781 -0.61056751
vn 0.38551861 0.74363989 -0.5479452
vn -0.73385519 0.54011738 -0.41291589
vn 0 0.51076323 -0.85909981
vn -0.37964779 0.43639919 -0.81604701
vn -0.43639919 -0.36399221 -0.82191777
vn -0.9041096 -0.074363992 -0.42270061
vn 0.73385519 0.54011738 -0.41291589
vn 0.37964779 0.43639919 -0.81604701
vn -0.68688852 0.27005869 -0.67318982
vn 0 0.1154599 -0.99412918
vn -0.35029349 0.111546 -0.92954987
vn 0 -0.4187867 -0.90802348
vn 0.68688852 0.27005869 -0.67318982
vn 0.35029349 0.111546 -0.92954987
vn -0.62035233 0.16438361 -0.76712328
vn 0.62035233 0.16438361 -0.76712328
vn -0.86301368 0.060665362 0.50097853
vn -0.85714293 -0.1291585 0.4990215
vn -0.47945201 -0.15264191 0.86497062
vn -0.47945201 0.05088063 0.87671232
vn -0.99412918 0.1076321 -0.029354209
vn -0.82974559 0.31506851 0.4618395
vn -0.92954987 0.36399221 -0.037182
vn -0.99021518 -0.1448141 -0.025440309
vn -0.85518593 -0.18591 0.48336601
vn -0.51467711 -0.16242661 0.84148729
vn 0.183953 0.062622309 0.98043048
vn 0.1741683 -0.17025439 0.97064579
vn 0.1663405 0.36203521 0.91780818
vn -0.45988259 0.35029349 0.81604701
vn -0.74755383 0.1056751 -0.6555773
vn -0.70058709 0.39921719 -0.59295499
vn -0.67514682 0.52837569 -0.51663399
vn -0.87866932 0.4774951 -0.025440309
vn -0.4892368 -0.1252446 0.86301368
vn 0.1722113 -0.1311155 0.9765166
vn 0.71624267 -0.1937378 0.67123288
vn 0.73776913 0.046966732 0.67318982
vn 0.71428567 -0.1291585 0.6888454
vn -0.1898239 0.54207438 -0.81800389
vn -0.18591 0.39726031 -0.89823872
vn -0.79452062 0.42270061 0.43444231
vn 0.1976517 -0.037182 0.98043048
vn 0.72994131 0.02152642 0.68493152
vn 0.96673191 -0.20156559 0.15068489
vn 0.9784736 -0.1193738 0.1741683
vn 0.98630142 0.039138939 0.16438361
vn 0.69080228 0.3542074 0.63013703
vn 0.98630142 0.037182 0.16242661
vn 0.37769079 0.54598832 -0.74755383
vn -0.43835619 0.46966729 0.76712328
vn 0.73581213 0.1585127 0.65949118
vn 0.9765166 0.109589 0.1898239
vn 0.88454008 -0.086105667 -0.45792559
vn 0.87866932 -0.1565558 -0.4520548
vn 0.15068489 0.46771041 0.8708415
vn 0.86692762 -0.097847357 -0.4892368
vn 0.40117419 0.39921719 -0.82387477
vn 0.77690798 0.49315071 -0.3913894
vn 0.96281803 0.18003909 0.19960859
vn 0.87279838 -0.1174168 -0.47553819
vn 0.87279838 -0.19960859 -0.44422701
vn 0.65753418 0.45596871 0.60078281
vn -0.183953 0.056751471 -0.98043048
vn 0.82191777 0.369863 -0.43248531
vn 0.44814089 0.04109589 -0.8923679
vn 0.9784736 0.14090019 0.15264191
vn 0.83757341 -0.18591 -0.51272023
vn 0.88845402 0.04109589 -0.45596871
vn 0.92563599 0.35225049 0.1389433
vn 0.87671232 0.45988259 0.1389433
vn -0.1741683 -0.17025439 -0.97064579
vn -0.75538158 -0.1545988 -0.63600779
vn 0.88845402 0.04109589 -0.45596871
vn 0.43248531 -0.19960859 -0.87866932
vn 0.80039138 -0.3816047 -0.45988259
vn 0.82191777 0.369863 -0.43248531
vn 0.77690798 0.49315071 -0.3913894
vn -0.1682975 -0.2465753 -0.95499021
vn -0.72798443 -0.2641879 -0.63209391
vn -0.97260273 -0.2348337 -0.02739726
vn 0.87279838 -0.19960859 -0.44422701
vn 0.41682971 -0.22113501 -0.88258308
vn 0.57534248 -0.80626231 0.1389433
vn 0.41291589 -0.87279838 -0.26027399
vn 0.9784736 -0.1389433 0.15068489
vn -0.1272016 -0.32485321 -0.93737769
vn -0.72994131 -0.26614481 -0.62818003
vn -0.98434442 -0.1761252 -0.01369863
vn -0.85714293 -0.15264191 0.49119371
vn 0.87866932 -0.1565558 -0.4520548
vn 0.4285714 -0.26027399 -0.86497062
vn 0.48336601 -0.71819961 0.50097853
vn 0.74755383 0.02739726 0.66340512
vn 0.73972601 0.32681021 0.58904111
vn -0.69863021 -0.332681 -0.63209391
vn -0.9784736 -0.2054795 -0.025440309
vn -0.86105669 -0.070450097 0.50293541
vn -0.51076323 0.025440309 0.85909981
vn 0.19178081 0.148728 0.97064579
vn 0.88454008 -0.086105667 -0.45792559
vn 0.1291585 -0.78277892 0.61056751
vn 0.1937378 0.05479452 0.9784736
vn 0.71819961 0.332681 0.61056751
vn -0.9882583 -0.146771 -0.02739726
vn -0.84931499 0.1663405 0.50293541
vn -0.42465749 0.34050879 0.83757341
vn 0.18199611 0.3933464 0.90019572
vn 0.86692762 -0.097847357 -0.4892368
vn 0.4050881 -0.30136991 -0.86301368
vn -0.1369863 -0.76125252 0.63209391
vn 0.1976517 0.40117419 0.89432478
vn -0.83953029 0.2172211 0.4990215
vn -0.37182 0.36594909 0.85322899
vn 0.87279838 -0.1174168 -0.47553819
vn 0.4031311 -0.3209393 -0.85714293
vn -0.109589 -0.369863 -0.92172211
vn -0.097847357 -0.39530331 -0.9138943
vn -0.81800389 -0.13502941 0.5596869
vn -0.51663399 -0.67514682 0.52641881
vn -0.31311151 0.017612521 0.94911939
vn 0.83757341 -0.18591 -0.51272023
vn 0.3816047 -0.37182 -0.84540123
vn -0.71624267 -0.37182 -0.59099811
vn -0.70058709 -0.369863 -0.61056751
vn -0.111546 -0.4422701 -0.89041102
vn -0.54990208 -0.83170247 0.078277893
vn 0.80039138 -0.3816047 -0.45988259
vn 0.30528381 -0.5694716 -0.7632094
vn -0.090019569 -0.65949118 -0.74559689
vn -0.99412918 -0.08219178 -0.064579263
vn -0.667319 -0.56555772 -0.48336601
vn -0.91585129 -0.4031311 -0.017612521
vn -0.39726031 -0.87866932 -0.26614481
vn 0.41291589 -0.87279838 -0.26027399
vn 0.1448141 -0.94716239 -0.28767121
vn -0.02152642 -0.95303333 -0.30528381
vn -0.025440309 -0.99804312 0.04109589
vn -0.54990208 -0.83170247 0.078277893
vn 0.078277893 -0.99608612 0.045009781
vn 0.57534248 -0.80626231 0.1389433
vn -0.1369863 -0.76125252 0.63209391
vn -0.51663399 -0.67514682 0.52641881
vn 0.1291585 -0.78277892 0.61056751
vn 0.48336601 -0.71819961 0.50097853
vn 0.86497062 0.08219178 0.49510759
vn 0.48532289 -0.183953 0.85518593
vn 0.85518593 -0.1780822 0.48532289
vn 0.47945201 0.072407037 0.87475538
vn 0.99217218 0.1252446 -0.029354209
vn 0.81409001 0.36203521 0.45401171
vn 0.90998042 0.41291589 -0.035225049
vn -0.1780822 0.074363992 0.98043048
vn -0.16438361 -0.1682975 0.97260273
vn 0.51076323 -0.1937378 0.83757341
vn 0.84931499 -0.24070451 0.46966729
vn 0.98238748 -0.1898239 -0.01956947
vn 0.44618389 0.39530331 0.80234832
vn -0.1682975 0.4050881 0.89823872
vn 0.74755383 0.1232877 -0.65166342
vn 0.68101758 0.44422701 -0.58317018
vn 0.62230921 0.62622309 -0.46966729
vn 0.82191777 0.5714286 -0.02152642
vn -0.71428567 -0.1545988 0.68297458
vn -0.1780822 -0.1193738 0.9765166
vn 0.50880629 -0.1428571 0.84931499
vn -0.1369863 0.5812133 0.80234832
vn -0.68297458 0.38943249 0.61643833
vn -0.73581213 0.05479452 0.67514682
vn 0.1780822 0.4422701 -0.87866932
vn 0.1761252 0.64774948 -0.74168289
vn 0.75342458 0.51467711 0.40900189
vn -0.60273981 0.57729942 0.55185908
vn 0.41095889 0.5714286 0.70841491
vn -0.91193742 0.38551861 0.1369863
vn -0.98434442 0.045009781 0.16438361
vn -0.9784736 -0.1428571 0.1545988
vn -0.33855179 0.65949118 -0.67123288
vn -0.80234832 0.58317018 0.1272016
vn -0.81017607 0.4050881 -0.42465749
vn -0.88649708 0.046966732 -0.45792559
vn -0.87671232 -0.1545988 -0.45792559
vn -0.72798443 -0.072407037 0.68101758
vn -0.98238748 -0.046966732 0.1761252
vn -0.39921719 0.43444231 -0.80821919
vn -0.70450097 0.61448139 -0.3542074
vn -0.70450097 0.61448139 -0.3542074
vn -0.89041102 -0.09589041 -0.4422701
vn -0.98630142 0.033268102 0.16242661
vn -0.72602743 0.01956947 0.68688852
vn -0.19178081 -0.031311151 0.98043048
vn -0.88258308 -0.076320939 -0.4637965
vn 0.1878669 0.072407037 -0.98043048
vn -0.81017607 0.4050881 -0.42465749
vn -0.4422701 0.052837569 -0.89432478
vn -0.9765166 0.109589 0.1878669
vn -0.73581213 0.1585127 0.65949118
vn -0.1878669 0.146771 0.97064579
vn 0.50293541 0.01174168 0.86301368
vn 0.86105669 -0.1663405 0.47945201
vn 0.86105669 -0.072407037 0.50489229
vn -0.86301368 -0.09589041 -0.49510759
vn 0.74363989 -0.1976517 -0.63796479
vn -0.88649708 0.046966732 -0.45792559
vn -0.96281803 0.1780822 0.19960859
vn -0.72015661 0.32876709 0.61252439
vn -0.18199611 0.38747561 0.9041096
vn 0.9784736 -0.2054795 -0.0097847357
vn 0.95107633 -0.30724069 -0.005870841
vn 0.84735811 0.1722113 0.50293541
vn 0.98043048 -0.1956947 -0.0078277886
vn -0.87279838 -0.1135029 -0.47358119
vn 0.70254397 -0.32681021 -0.63405091
vn -0.41682971 -0.20156559 -0.88649708
vn -0.87671232 -0.1545988 -0.45792559
vn 0.72015661 -0.2857143 -0.63209391
vn 0.71232879 -0.3228963 -0.62230921
vn 0.99021518 -0.1389433 -0.033268102
vn -0.83757341 -0.18591 -0.51272023
vn -0.9784736 0.14090019 0.15264191
vn 0.148728 -0.2837573 -0.94716239
vn -0.89041102 -0.09589041 -0.4422701
vn 0.1741683 -0.21135031 -0.96281803
vn 0.71819961 -0.35225049 -0.59882581
vn 0.1272016 -0.35225049 -0.92759287
vn -0.73972601 0.32681021 0.58904111
vn -0.80039138 -0.3816047 -0.45988259
vn -0.9784736 -0.1389433 0.15068489
vn -0.42661449 -0.23091979 -0.87475538
vn -0.88258308 -0.076320939 -0.4637965
vn -0.4403131 -0.2054795 -0.87475538
vn -0.1976517 0.40117419 0.89432478
vn -0.41291589 -0.87279838 -0.26027399
vn -0.57534248 -0.80626231 0.1389433
vn -0.48336601 -0.71819961 0.50097853
vn -0.74755383 0.02739726 0.66340512
vn -0.86301368 -0.09589041 -0.49510759
vn 0.1389433 -0.30136991 -0.94324851
vn 0.42661449 0.33855179 0.83757341
vn -0.1291585 -0.78277892 0.61056751
vn -0.1937378 0.05479452 0.9784736
vn -0.4050881 -0.31898239 -0.85714293
vn -0.87279838 -0.1135029 -0.47358119
vn -0.40117419 -0.28962821 -0.86888462
vn 0.37182 0.36594909 0.85322899
vn 0.1369863 -0.76125252 0.63209391
vn 0.31311151 0.017612521 0.94911939
vn 0.1056751 -0.38551861 -0.91585129
vn -0.3816047 -0.37182 -0.84540123
vn -0.83757341 -0.18591 -0.51272023
vn 0.83953029 0.2172211 0.4990215
vn 0.51663399 -0.67514682 0.52641881
vn 0.81800389 -0.13502941 0.5596869
vn 0.70058709 -0.369863 -0.61056751
vn 0.111546 -0.4422701 -0.89041102
vn -0.80039138 -0.3816047 -0.45988259
vn 0.090019569 -0.65949118 -0.74559689
vn -0.30528381 -0.5694716 -0.7632094
vn 0.99412918 -0.08219178 -0.064579263
vn 0.54990208 -0.83170247 0.078277893
vn 0.91585129 -0.4031311 -0.017612521
vn 0.667319 -0.56555772 -0.48336601
vn -0.41291589 -0.87279838 -0.26027399
vn 0.39726031 -0.87866932 -0.26614481
vn 0.02152642 -0.95303333 -0.30528381
vn -0.1448141 -0.94716239 -0.28767121
vn -0.078277893 -0.99608612 0.045009781
vn -0.57534248 -0.80626231 0.1389433
vn 0.54990208 -0.83170247 0.078277893
vn 0.025440309 -0.99804312 0.04109589
vn 0.1369863 -0.76125252 0.63209391
vn -0.1291585 -0.78277892 0.61056751
vn -0.48336601 -0.71819961 0.50097853
vn 0.51663399 -0.67514682 0.52641881
vn -0.46575341 0.056751471 0.88258308
vn -0.47162431 -0.1017613 0.87671232
vn 0.4187867 -0.109589 0.90019572
vn 0.45401171 0.08219178 0.88649708
vn -0.92172211 0.052837569 0.3816047
vn -0.47162431 0.31702551 0.82191777
vn -0.89041102 0.26027399 0.37182
vn -0.43639919 -0.062622309 0.89823872
vn 0.39726031 -0.046966732 0.91585129
vn -0.91976517 -0.06849315 0.38747561
vn 0.83170247 -0.029354209 0.55381602
vn 0.82191777 -0.088062622 0.56164378
vn 0.82778871 0.099804297 0.55185908
vn 0.44422701 0.3542074 0.82387477
vn -0.99804312 0.052837569 -0.037182
vn -0.96868879 0.2446184 -0.043052841
vn -0.84931499 0.41682971 0.32485321
vn -0.91976517 0.3913894 -0.031311151
vn 0.38356161 -0.0078277886 0.92367911
vn 0.82974559 -0.023483369 0.55773002
vn 0.77690798 0.35225049 0.52250493
vn 0.44422701 0.47945201 0.75733852
vn -0.48336601 0.49315071 0.72407043
vn -0.79256362 0.45596871 -0.4050881
vn -0.82583171 0.3209393 -0.4637965
vn 0.37573391 0.01956947 0.92563599
vn 0.84148729 -0.033268102 0.53816038
vn -0.4031311 0.0019569469 0.91585129
vn 0.74755383 0.4422701 0.49706459
vn -0.3209393 0.5694716 -0.75733852
vn -0.29354209 0.4148728 -0.86105669
vn -0.86105669 0.088062622 -0.50097853
vn 0.84735811 0.109589 0.51859099
vn -0.3933464 0.043052841 0.91780818
vn 0.3444227 0.2133072 0.9138943
vn -0.90998042 -0.0039138938 0.4148728
vn -0.91780818 -0.060665362 0.3913894
vn 0.28962821 0.60078281 -0.74559689
vn 0.36007831 0.45009789 -0.81800389
vn -0.27984339 0.091976523 -0.95499021
vn -0.99804312 -0.064579263 -0.017612521
vn -0.8708415 -0.1037182 -0.47945201
vn 0.30919769 0.2485323 0.91780818
vn 0.85127199 0.13502941 0.50684929
vn -0.34833661 0.2465753 0.9041096
vn -0.99804312 -0.066536203 0.005870841
vn 0.74951082 0.53033268 -0.39726031
vn 0.78082192 0.4422701 -0.4403131
vn 0.38943249 0.097847357 -0.91585129
vn -0.28767121 -0.1722113 -0.94324851
vn -0.8708415 -0.1448141 -0.47162431
vn 0.81213307 -0.1741683 0.55577302
vn 0.26027399 -0.1682975 0.95107633
vn -0.29158509 0.27592951 0.91585129
vn -0.88845402 0.2093934 0.40900189
vn -0.9138943 0.031311151 0.4031311
vn -1 -0.023483369 0.0097847357
vn 0.87671232 0.45009789 0.1722113
vn -0.25048921 -0.24070451 -0.93737769
vn -0.85127199 -0.1291585 -0.50880629
vn 0.60273981 -0.71232879 0.36203521
vn -0.85714293 0.2270059 0.4618395
vn -0.25636011 -0.15068489 0.95499021
vn -1 -0.0078277886 0.0078277886
vn -0.99608612 0.093933463 -0.0039138938
vn 0.91193742 0.3816047 0.1448141
vn 0.74755383 0.4422701 0.49706459
vn -0.22896279 -0.25440311 -0.93933457
vn -0.83365953 -0.14090019 -0.5362035
vn 0.1663405 -0.82387477 0.54207438
vn 0.5694716 -0.82191777 0.033268102
vn -0.83170247 -0.1037182 -0.54598832
vn -0.99217218 0.1135029 -0.033268102
vn 0.86692762 0.1252446 -0.48140901
vn 0.77690798 0.35225049 0.52250493
vn -0.2191781 -0.25048921 -0.94324851
vn -0.0039138938 -1 0.0078277886
vn -0.1017613 -0.83561641 0.54207438
vn 0.49510759 -0.80234832 -0.334638
vn -0.22113501 -0.25048921 -0.94324851
vn -0.82191777 -0.064579263 -0.56555772
vn 0.35029349 -0.183953 -0.91780818
vn 0.82778871 0.099804297 0.55185908
vn 0.98238748 0.1232877 0.1448141
vn -0.85127199 -0.2074364 0.48140901
vn 0.1037182 -0.87866932 -0.46771041
vn 0.332681 -0.22113501 -0.91585129
vn 0.85518593 -0.1545988 -0.49706459
vn 0.82191777 -0.088062622 0.56164378
vn 0.98043048 -0.109589 0.1663405
vn -0.54403132 -0.74755383 0.3816047
vn -0.96477503 -0.2641879 -0.017612521
vn 0.01174168 -1 0.01369863
vn -0.093933463 -0.88258308 -0.4618395
vn 0.85127199 -0.1604697 -0.4990215
vn 0.83170247 -0.029354209 0.55381602
vn 0.98043048 -0.066536203 0.18199611
vn -0.52837569 -0.84931499 0.01956947
vn -0.52837569 -0.84931499 0.01956947
vn -0.77886498 -0.36399221 -0.51076323
vn -0.51663399 -0.80626231 -0.28767121
vn 0.3111546 -0.2524462 -0.91585129
vn 0.82974559 -0.023483369 0.55773002
vn 0.98434442 -0.06849315 0.1585127
vn 0.84540123 -0.1780822 -0.50293541
vn -0.23091979 -0.25048921 -0.93933457
vn -0.51663399 -0.80626231 -0.28767121
vn -0.2093934 -0.46966729 -0.85714293
vn 0.28767121 -0.27201569 -0.91780818
vn 0.84148729 -0.033268102 0.53816038
vn 0.98434442 -0.1272016 0.1272016
vn 0.81213307 -0.2485323 -0.52837569
vn 0.25048921 -0.2641879 -0.93150687
vn 0.2641879 -0.27592951 -0.92367911
vn -0.093933463 -0.88258308 -0.4618395
vn 0.19178081 -0.48140901 -0.85518593
vn 0.84735811 0.109589 0.51859099
vn 0.99412918 -0.048923679 0.093933463
vn 0.80430532 -0.2191781 -0.55381602
vn 0.81604701 -0.1780822 -0.55185908
vn 0.1037182 -0.87866932 -0.46771041
vn 0.77103722 -0.39921719 -0.49706459
vn 0.85127199 0.13502941 0.50684929
vn 0.99804312 -0.0019569469 0.072407037
vn 0.49510759 -0.80234832 -0.334638
vn 0.96477503 -0.25831699 0.025440309
vn 0.81213307 -0.1741683 0.55577302
vn 0.5694716 -0.82191777 0.033268102
vn 0.60273981 -0.71232879 0.36203521
vn 0.47162431 0.066536203 0.87866932
vn -0.42270061 -0.099804297 0.90019572
vn 0.46966729 -0.091976523 0.87671232
vn -0.45988259 0.086105667 0.88258308
vn 0.92172211 0.052837569 0.3816047
vn 0.46966729 0.32485321 0.81996077
vn 0.88845402 0.26810181 0.369863
vn -0.82778871 -0.031311151 0.56164378
vn -0.3933464 -0.060665362 0.91780818
vn -0.82778871 -0.076320939 0.55577302
vn 0.4285714 -0.080234833 0.90019572
vn 0.92367911 -0.062622309 0.37769079
vn -0.82974559 0.097847357 0.55185908
vn -0.4422701 0.36203521 0.82191777
vn 0.99804312 0.05088063 -0.037182
vn 0.96673191 0.2524462 -0.043052841
vn 0.83757341 0.4403131 0.3209393
vn 0.90998042 0.4148728 -0.029354209
vn -0.83170247 -0.035225049 0.55185908
vn -0.37769079 -0.015655581 0.92563599
vn 0.91193742 -0.064579263 0.4050881
vn 0.39726031 -0.005870841 0.91780818
vn 0.99804312 -0.064579263 -0.017612521
vn -0.7729941 0.35812131 0.52250493
vn 0.86105669 0.08219178 -0.50293541
vn 0.82387477 0.32876709 -0.4618395
vn 0.78082192 0.48140901 -0.39921719
vn 0.47358119 0.51859099 0.71037179
vn -0.84148729 -0.033268102 0.53816038
vn -0.37573391 0.01956947 0.92563599
vn 0.3933464 0.043052841 0.91780818
vn 0.9138943 -0.01174168 0.40704501
vn -0.43835619 0.50293541 0.74559689
vn -0.73776913 0.4618395 0.49119371
vn 0.31506851 0.59099811 -0.74363989
vn 0.29354209 0.42074361 -0.85909981
vn -0.84735811 0.1076321 0.52054793
vn -0.3444227 0.2093934 0.9138943
vn 0.9138943 0.031311151 0.4031311
vn 0.35029349 0.2426614 0.9041096
vn 1 -0.023483369 0.01174168
vn 0.99804312 -0.06849315 0.005870841
vn -0.2857143 0.61839533 -0.73189819
vn -0.35812131 0.45401171 -0.81604701
vn 0.27788651 0.080234833 -0.95694709
vn -0.30919769 0.2485323 0.91780818
vn -0.85127199 0.13502941 0.50684929
vn 0.29158509 0.27592951 0.91585129
vn 0.88845402 0.2074364 0.40900189
vn 0.8708415 -0.1428571 -0.47162431
vn -0.73776913 0.55185908 -0.3913894
vn -0.77886498 0.44814089 -0.43835619
vn -0.38747561 0.086105667 -0.91780818
vn 0.8708415 -0.1056751 -0.47945201
vn 0.2857143 -0.1761252 -0.94129157
vn -0.81213307 -0.1741683 0.55577302
vn -0.26027399 -0.1682975 0.95107633
vn -0.86497062 0.47162431 0.17025439
vn -0.90998042 0.38747561 0.1448141
vn -0.86692762 0.1193738 -0.48532289
vn -0.34833661 -0.1878669 -0.91780818
vn 0.2485323 -0.23091979 -0.94129157
vn -0.60273981 -0.71232879 0.36203521
vn -0.1663405 -0.82387477 0.54207438
vn 0.25636011 -0.15068489 0.95499021
vn -0.73776913 0.4618395 0.49119371
vn -0.7729941 0.35812131 0.52250493
vn -0.98238748 0.1193738 0.146771
vn -0.85322899 -0.1545988 -0.49706459
vn -0.332681 -0.2133072 -0.91780818
vn -0.5694716 -0.82191777 0.033268102
vn 0.0039138938 -1 0.0078277886
vn 0.1017613 -0.83561641 0.54207438
vn 0.85127199 -0.2074364 0.48140901
vn 0.85714293 0.2270059 0.4618395
vn -0.82974559 0.097847357 0.55185908
vn -0.98043048 -0.1056751 0.1663405
vn -0.85127199 -0.1585127 -0.50097853
vn -0.3111546 -0.25440311 -0.91585129
vn -0.84540123 -0.1780822 -0.50489229
vn -0.49510759 -0.80234832 -0.334638
vn 0.99217218 0.1135029 -0.033268102
vn 0.99608612 0.093933463 -0.0039138938
vn 1 -0.0078277886 0.005870841
vn -0.82778871 -0.076320939 0.55577302
vn -0.98043048 -0.064579263 0.18199611
vn 0.84931499 -0.1272016 -0.51076323
vn 0.22896279 -0.25440311 -0.93933457
vn -0.1037182 -0.87866932 -0.46771041
vn 0.83170247 -0.1037182 -0.54598832
vn 0.83170247 -0.14090019 -0.5362035
vn -0.82778871 -0.031311151 0.56164378
vn -0.98434442 -0.072407037 0.1565558
vn 0.2191781 -0.25048921 -0.94324851
vn 0.093933463 -0.88258308 -0.4618395
vn -0.01174168 -1 0.01369863
vn -0.83170247 -0.035225049 0.55185908
vn -0.28767121 -0.27201569 -0.91780818
vn -0.81213307 -0.2485323 -0.52837569
vn -0.98434442 -0.1272016 0.1272016
vn 0.22113501 -0.25048921 -0.94324851
vn -0.2524462 -0.2641879 -0.93150687
vn 0.51663399 -0.80626231 -0.28767121
vn 0.52837569 -0.84931499 0.01956947
vn 0.54403132 -0.74755383 0.3816047
vn -0.84148729 -0.033268102 0.53816038
vn -0.80430532 -0.2191781 -0.55381602
vn -0.99412918 -0.05088063 0.093933463
vn 0.82191777 -0.064579263 -0.56555772
vn 0.23091979 -0.25048921 -0.93933457
vn -0.2641879 -0.27592951 -0.92367911
vn 0.52837569 -0.84931499 0.01956947
vn 0.96477503 -0.2641879 -0.017612521
vn -0.84735811 0.1076321 0.52054793
vn -0.81604701 -0.1780822 -0.55185908
vn -0.99804312 -0.0019569469 0.072407037
vn 0.77886498 -0.36399221 -0.51076323
vn 0.2093934 -0.46966729 -0.85714293
vn -0.19178081 -0.48140901 -0.85518593
vn 0.51663399 -0.80626231 -0.28767121
vn -0.85127199 0.13502941 0.50684929
vn -0.77103722 -0.39921719 -0.49706459
vn -0.96477503 -0.25831699 0.025440309
vn 0.093933463 -0.88258308 -0.4618395
vn -0.1037182 -0.87866932 -0.46771041
vn -0.81213307 -0.1741683 0.55577302
vn -0.49510759 -0.80234832 -0.334638
vn -0.5694716 -0.82191777 0.033268102
vn -0.60273981 -0.71232879 0.36203521
vn 0.95694709 0.2446184 0.1585127
vn 0.96477503 0.22113501 0.1428571
vn 0.54990208 0.45009789 -0.70254397
vn 0.5362035 0.51859099 -0.66536212
vn 0.90606648 0.39726031 0.148728
vn 0.96673191 0.2133072 0.1389433
vn 0.56360078 0.4148728 -0.71428567
vn 0.0039138938 0.57729942 -0.81604701
vn -0.0097847357 0.53033268 -0.84735811
vn 0.04109589 0.6438356 -0.76516628
vn 0.50097853 0.61839533 -0.60469669
vn 0.2485323 0.94911939 0.1937378
vn 0.67906058 0.22896279 0.69667321
vn 0.97260273 0.1898239 0.1311155
vn 0.58317018 0.35812131 -0.72798443
vn -0.56164378 0.70841491 -0.4285714
vn -0.59686887 0.65753418 -0.45792559
vn -0.02152642 0.46966729 -0.88258308
vn -0.62818003 0.61448139 -0.47945201
vn -0.44422701 0.7964775 -0.41095889
vn 0.093933463 0.74951082 -0.6555773
vn 0.46771041 0.30919769 0.82778871
vn 0.97455972 0.183953 0.1291585
vn 0.59686887 0.3209393 -0.73385519
vn -0.033268102 0.42661449 -0.9041096
vn -0.66340512 0.70645791 0.2485323
vn -0.70450097 0.66536212 0.2446184
vn -0.74168289 0.63796479 0.2035225
vn -0.65949118 0.58708417 -0.46771041
vn -0.5714286 0.7749511 0.27201569
vn -0.36399221 0.83953029 -0.4031311
vn -0.4774951 0.84735811 0.2348337
vn 0.045009781 0.52641881 0.84931499
vn 0.81213307 0.5596869 0.1663405
vn 0.68297458 0.70058709 -0.2074364
vn -0.029354209 0.49315071 0.86888462
vn -0.01174168 0.46575341 0.88454008
vn -0.01956947 0.99804312 -0.070450097
vn -0.75929552 0.61448139 0.2152642
vn -0.017612521 0.44422701 0.89628178
vn 0.80039138 0.49315071 0.33855179
vn 0.84735811 0.51272023 0.14090019
vn 0.70645791 0.47945201 0.52054793
vn -0.031311151 0.48140901 0.87671232
vn -0.1056751 0.95694709 0.26810181
vn -0.05088063 0.4403131 0.89628178
vn 0.92759287 0.2426614 0.28180039
vn 0.95694709 0.2641879 0.1272016
vn 0.83170247 0.55577302 0.01174168
vn 0.50489229 0.54990208 0.66536212
vn 0.57534248 0.60665357 0.54990208
vn 0 1 0.039138939
vn 0 0.96868879 0.2485323
vn 0.18199611 0.7729941 0.60861057
vn 0.95890409 0.27984339 0.02152642
vn 0.81996077 0.56360078 -0.088062622
vn 0.59295499 0.80039138 -0.086105667
vn 0.2524462 0.91585129 -0.3111546
vn 0.31506851 0.94520551 -0.090019569
vn 0.4305284 0.66536212 0.61056751
vn 0.2191781 0.72015661 0.65753418
vn 0 0.86497062 0.50097853
vn 0 0.74363989 0.66927588
vn 0.58317018 0.7847358 -0.2093934
vn 0.31311151 0.92954987 -0.1976517
vn 0.1585127 0.98434442 -0.078277893
vn 0.1604697 0.96868879 -0.1898239
vn 0.1937378 0.59099811 0.78277892
vn 0 0.60861057 0.79452062
vn -0.1878669 0.77886498 0.59882581
vn -0.2191781 0.72015661 0.65753418
vn 0.80626231 0.55773002 -0.1976517
vn 0.56164378 0.75929552 -0.33072409
vn 0.30528381 0.89432478 -0.32876709
vn -0.1937378 0.59099811 0.78277892
vn 0 0.4637965 0.88649708
vn 0.090019569 0.95890409 0.26614481
vn -0.4305284 0.66536212 0.61056751
vn -0.50097853 0.5694716 0.65166342
vn 0.033268102 0.44618389 0.89432478
vn 0.76908022 0.56555772 -0.30136991
vn 0.54207438 0.73385519 -0.40900189
vn 0.94911939 0.30332679 -0.080234833
vn -0.1780822 0.45009789 0.87475538
vn 0.1780822 0.45009789 0.87475538
vn -0.70058709 0.49315071 0.51467711
vn -0.57534248 0.60665357 0.54990208
vn 0.76125252 0.61252439 0.2152642
vn 0.01956947 0.4422701 0.89628178
vn 0.99608612 0.078277893 0.031311151
vn 0.99412918 0.090019569 -0.064579263
vn 0.93542081 0.31311151 -0.1604697
vn -0.3933464 0.53228962 0.74951082
vn -0.369863 0.40704501 0.83561641
vn -0.80626231 0.56751472 0.1663405
vn -0.80039138 0.49315071 0.33855179
vn 0.74363989 0.63013703 0.22113501
vn 0.017612521 0.45009789 0.8923679
vn 0.99021518 0.064579263 0.1252446
vn 0.90998042 0.32681021 -0.25440311
vn 0.73581213 0.56164378 -0.37964779
vn -0.52641881 0.44422701 0.72407043
vn -0.50293541 0.34833661 0.79060668
vn 0.72211349 0.65362042 0.223092
vn 0.01174168 0.46966729 0.88258308
vn 0.8708415 0.2152642 0.4422701
vn 0.96477503 0.052837569 0.25636011
vn 0.51859099 0.70841491 -0.4774951
vn 0.30136991 0.85714293 -0.4187867
vn -0.60665357 0.27201569 0.74755383
vn -0.66144812 0.32876709 0.67318982
vn 0.66927588 0.70645791 0.2328767
vn -0.01369863 0.49510759 0.86888462
vn 0.73972601 0.4520548 0.49706459
vn 0.15068489 0.93346381 -0.32485321
vn 0.146771 0.90019572 -0.40900189
vn -0.73972601 0.4520548 0.49706459
vn -0.71428567 0.15068489 0.68493152
vn -0.78669268 0.1761252 0.59099811
vn 0.5694716 0.7847358 0.2426614
vn -0.05479452 0.5479452 0.83561641
vn 0.78669268 0.1761252 0.59099811
vn 0.66144812 0.32876709 0.67318982
vn 0 0.98238748 -0.1878669
vn -0.8708415 0.2152642 0.4422701
vn -0.83757341 0.017612521 0.5479452
vn -0.77690798 -0.0019569469 0.63013703
vn 0.44422701 0.7964775 -0.40900189
vn 0.48336601 0.84540123 0.2270059
vn -0.2485323 0.94911939 0.1937378
vn -0.4872798 0.29941291 0.81996077
vn 0 0.99804312 -0.06849315
vn -0.76516628 -0.1448141 0.62818003
vn -0.82778871 -0.1272016 0.54598832
vn -0.9138943 0.037182 0.4050881
vn 0.55773002 0.71232879 -0.42661449
vn 0.60273981 0.65753418 -0.45401171
vn -0.69667321 0.2152642 0.68493152
vn -0.1585127 0.98434442 -0.078277893
vn 0.0078277886 0.99804312 -0.062622309
vn -0.67318982 -0.2622309 0.69080228
vn 0.62818003 0.61643833 -0.47553819
vn 0.0097847357 0.53033268 -0.84735811
vn -0.92172211 0.35812131 0.1448141
vn -0.31506851 0.94520551 -0.090019569
vn -0.1604697 0.96868879 -0.1898239
vn -0.76908022 -0.2739726 0.57534248
vn -0.54403132 -0.39726031 0.73972601
vn 0.66144812 0.58708417 -0.46575341
vn -0.091976523 0.74363989 -0.66144812
vn -0.51467711 0.60861057 -0.60469669
vn -0.95499021 0.2524462 0.1585127
vn -0.91585129 -0.1252446 0.3816047
vn -0.61643833 -0.45792559 0.63992172
vn -0.86105669 -0.30724069 0.4050881
vn -0.43248531 -0.57925642 0.69080228
vn -0.42465749 -0.51272023 0.74559689
vn 0.031311151 0.42661449 -0.9041096
vn -0.54990208 0.52054793 -0.65362042
vn -0.55577302 0.45596871 -0.69471622
vn -0.96281803 0.22896279 0.1448141
vn -0.25831699 0.92172211 -0.29158509
vn -0.25440311 -0.64579248 0.72015661
vn -0.2328767 -0.58904111 0.7749511
vn 0.02152642 0.46966729 -0.88258308
vn -0.0039138938 0.57925642 -0.81409001
vn -0.04109589 0.6438356 -0.76516628
vn -0.96673191 0.2133072 0.14090019
vn -0.55773002 0.4148728 -0.71819961
vn -0.68101758 0.70645791 -0.1937378
vn -0.111546 -0.63992172 0.75929552
vn -0.064579263 -0.63405091 0.77103722
vn -0.58317018 0.35812131 -0.72798443
vn 0.36790609 0.83757341 -0.40704501
vn -0.97260273 0.1898239 0.1311155
vn -0.60469669 0.3209393 -0.72994131
vn 0 -0.63013703 0.7749511
vn 0 -0.63600779 0.77103722
vn -0.97455972 0.183953 0.1311155
vn 0 -0.77690798 0.62818003
vn 0.064579263 -0.63405091 0.77103722
vn 0.111546 -0.63992172 0.75929552
vn -0.59295499 0.80039138 -0.086105667
vn -0.83170247 0.55577302 0.01174168
vn -0.84735811 0.51272023 0.14090019
vn -0.13307241 -0.77103722 0.62230921
vn 0 -0.91976517 0.3933464
vn 0.13307241 -0.77103722 0.62230921
vn 0.2328767 -0.58904111 0.7749511
vn 0.25440311 -0.64579248 0.72015661
vn -0.31311151 0.92954987 -0.1976517
vn -0.95694709 0.2641879 0.1272016
vn -0.92759287 0.2426614 0.28180039
vn -0.26810181 -0.74951082 0.60665357
vn 0.42465749 -0.51272023 0.74559689
vn 0.43248531 -0.57925642 0.69080228
vn 0.26810181 -0.74951082 0.60665357
vn -0.15068489 0.93346381 -0.32485321
vn -0.30528381 0.89432478 -0.32876709
vn -0.99021518 0.064579263 0.1252446
vn -0.96477503 0.052837569 0.25636011
vn -0.48336601 -0.67123288 0.56164378
vn 0.54403132 -0.39726031 0.73972601
vn 0 0.94520551 -0.32681021
vn -0.146771 0.90019572 -0.40900189
vn 0 0.9138943 -0.40704501
vn -0.96086103 -0.1291585 0.2465753
vn -0.71037179 -0.52054793 0.47358119
vn -0.53033268 -0.7729941 0.35029349
vn -0.15068489 0.85322899 -0.49706459
vn -0.30136991 0.85714293 -0.4187867
vn -0.90606648 -0.34050879 0.25440311
vn -0.98434442 -0.13502941 0.1213307
vn -0.2622309 -0.87866932 0.39921719
vn 0.15068489 0.85322899 -0.49706459
vn -0.54207438 0.73385519 -0.40900189
vn -0.56164378 0.75929552 -0.33072409
vn -0.99608612 0.078277893 0.031311151
vn -0.1232877 -0.91193742 0.3913894
vn 0 0.86692762 -0.49706459
vn 0.30136991 0.81409001 -0.49706459
vn -0.58317018 0.7847358 -0.2093934
vn -0.95890409 0.27984339 0.02152642
vn 0 -0.9882583 0.148728
vn 0.1232877 -0.91193742 0.3913894
vn 0 0.81409001 -0.57925642
vn 0.71037179 0.5479452 -0.4422701
vn 0.49315071 0.68688852 -0.53424662
vn -0.81996077 0.56360078 -0.088062622
vn -0.94911939 0.30332679 -0.080234833
vn -0.99412918 0.090019569 -0.064579263
vn 0.2622309 -0.87866932 0.39921719
vn 0.1428571 0.80626231 -0.57338548
vn 0.84931499 0.33855179 -0.40704501
vn 0.6888454 0.51859099 -0.50489229
vn -0.80626231 0.55773002 -0.1976517
vn -0.93542081 0.31311151 -0.1604697
vn -0.9882583 -0.1428571 0.033268102
vn 0.53033268 -0.7729941 0.35029349
vn 0.48336601 -0.67123288 0.56164378
vn 0.29158509 0.77690798 -0.55773002
vn -0.76908022 0.56555772 -0.30136991
vn -0.92759287 -0.36007831 0.109589
vn 0.71037179 -0.52054793 0.47358119
vn 0.61643833 -0.45792559 0.63992172
vn 0.2837573 0.70645791 -0.64970648
vn 0.46575341 0.62230921 -0.63013703
vn 0.65949118 0.45596871 -0.59686887
vn -0.7749511 -0.56164378 0.28767121
vn 0.76908022 -0.2739726 0.57534248
vn 0.86105669 -0.30724069 0.4050881
vn 0.67318982 -0.2622309 0.69080228
vn 0.13502941 0.74363989 -0.6555773
vn 0.80626231 0.33072409 -0.4892368
vn 0.75342458 0.28962821 -0.59099811
vn 0.60078281 0.38747561 -0.69863021
vn 0.82778871 -0.1272016 0.54598832
vn 0.76516628 -0.1448141 0.62818003
vn 0.87671232 0.33855179 -0.34246579
vn 0.91976517 0.1311155 -0.37182
vn 0.78864968 0.1252446 -0.60273981
vn 0.8708415 0.1369863 -0.47162431
vn 0.42465749 0.49706459 -0.75733852
vn -0.80821919 -0.57729942 0.1154599
vn -0.54990208 -0.82387477 0.13502941
vn 0.83757341 0.017612521 0.5479452
vn 0.77690798 -0.0019569469 0.63013703
vn 0.2739726 0.56164378 -0.78082192
vn -0.2367906 -0.96086103 0.146771
vn -0.80821919 -0.58708417 0.031311151
vn -0.55185908 -0.83365953 0.023483369
vn 0.71428567 0.15068489 0.68493152
vn 0.96868879 0.109589 -0.223092
vn 0.94520551 0.1213307 -0.30528381
vn -0.1017613 -0.98434442 0.1448141
vn -0.22896279 -0.97260273 0.015655581
vn -0.80821919 -0.58904111 -0.017612521
vn -0.54011738 -0.84148729 -0.02152642
vn -0.92954987 -0.36790609 0.033268102
vn 0.98434442 0.097847357 -0.14090019
vn -0.2191781 -0.97455972 -0.023483369
vn -0.090019569 -0.99608612 0.015655581
vn -0.54207438 -0.83757341 -0.066536203
vn -0.80821919 -0.58317018 -0.090019569
vn -0.9882583 -0.1448141 -0.048923679
vn 0.93150687 -0.070450097 -0.35812131
vn -0.088062622 -0.99608612 -0.023483369
vn -0.21135031 -0.9765166 -0.05088063
vn -0.81213307 -0.56164378 -0.16242661
vn -0.56555772 -0.81213307 -0.1448141
vn -0.98434442 0.097847357 -0.14090019
vn -0.93346381 -0.3561644 -0.029354209
vn 0.88258308 -0.058708411 -0.46575341
vn 0.79256362 -0.029354209 -0.60861057
vn -0.96868879 0.109589 -0.223092
vn -0.98238748 -0.13502941 -0.1252446
vn -0.90998042 0.32681021 -0.25440311
vn -0.93150687 -0.34637961 -0.109589
vn 0.7749511 -0.1976517 -0.60078281
vn 0.69080228 0.0019569469 -0.72407043
vn 0.68101758 0.1193738 -0.72211349
vn -0.73581213 0.56164378 -0.37964779
vn -0.87671232 0.33855179 -0.34246579
vn -0.94520551 0.1213307 -0.30528381
vn -0.92563599 -0.33855179 -0.1682975
vn 0.49315071 0.15264191 -0.85714293
vn 0.65949118 0.2387476 -0.71232879
vn -0.51859099 0.70841491 -0.4774951
vn -0.9765166 -0.1135029 -0.18591
vn -0.91585129 -0.31506851 -0.2465753
vn -0.81213307 -0.53816038 -0.2250489
vn 0.43639919 0.31506851 -0.84148729
vn -0.71037179 0.5479452 -0.4422701
vn -0.49315071 0.68688852 -0.53424662
vn -0.30136991 0.81409001 -0.49706459
vn -0.95890409 -0.084148727 -0.2739726
vn 0.25636011 0.37964779 -0.88845402
vn 0.25440311 0.183953 -0.94911939
vn -0.84931499 0.33855179 -0.40704501
vn -0.1428571 0.80626231 -0.57338548
vn -0.29158509 0.77690798 -0.55773002
vn -0.93150687 -0.070450097 -0.35812131
vn 0.51076323 0.029354209 -0.85909981
vn 0.1389433 0.59686887 -0.79060668
vn -0.91976517 0.1311155 -0.37182
vn -0.13502941 0.74363989 -0.6555773
vn 0 0.75538158 -0.6555773
vn -0.88845402 -0.2837573 -0.36007831
vn -0.77690798 -0.51467711 -0.36203521
vn 0.1448141 0.4031311 -0.9041096
vn -0.8708415 0.1369863 -0.47162431
vn -0.80626231 0.33072409 -0.4892368
vn -0.1389433 0.59686887 -0.79060668
vn 0 0.61056751 -0.79256362
vn -0.54990208 -0.80234832 -0.23091979
vn 0.27201569 0.058708411 -0.96086103
vn 0.1448141 0.1976517 -0.96868879
vn -0.88258308 -0.058708411 -0.46575341
vn -0.6888454 0.51859099 -0.50489229
vn 0 0.41291589 -0.90998042
vn -0.2250489 -0.96673191 -0.1174168
vn -0.24070451 -0.94324851 -0.23091979
vn 0.50880629 -0.1428571 -0.84931499
vn -0.84148729 -0.25048921 -0.47945201
vn -0.1448141 0.4031311 -0.9041096
vn 0 0.2054795 -0.9784736
vn -0.08219178 -0.99412918 -0.056751471
vn 0.67906058 -0.13307241 -0.72211349
vn -0.52250493 -0.7632094 -0.37964779
vn -0.73776913 -0.44422701 -0.50880629
vn -0.2739726 0.56164378 -0.78082192
vn -0.25636011 0.37964779 -0.88845402
vn 0 -1 -0.02152642
vn 0 -0.99804312 -0.062622309
vn 0.62818003 -0.2857143 -0.72211349
vn -0.2837573 0.70645791 -0.64970648
vn -0.42465749 0.49706459 -0.75733852
vn -0.43639919 0.31506851 -0.84148729
vn -0.25440311 0.183953 -0.94911939
vn 0 -1 0.01369863
vn 0.49315071 -0.3816047 -0.78277892
vn 0.30136991 -0.1565558 -0.94129157
vn -0.60078281 0.38747561 -0.69863021
vn -0.46575341 0.62230921 -0.63013703
vn -0.1448141 0.1976517 -0.96868879
vn 0.1585127 -0.1604697 -0.97455972
vn 0.3111546 -0.4618395 -0.82974559
vn 0.1565558 -0.49706459 -0.85322899
vn 0.1545988 0.072407037 -0.98630142
vn -0.65949118 0.45596871 -0.59686887
vn 0 0.076320939 -0.99804312
vn -0.1545988 0.072407037 -0.98630142
vn -0.27201569 0.058708411 -0.96086103
vn 0.1017613 -0.98434442 0.1448141
vn 0 -0.1722113 -0.98434442
vn -0.75342458 0.28962821 -0.59099811
vn -0.1585127 -0.1604697 -0.97455972
vn -0.51076323 0.029354209 -0.85909981
vn -0.49315071 0.15264191 -0.85714293
vn 0.2367906 -0.96086103 0.146771
vn 0.090019569 -0.99608612 0.015655581
vn -0.65949118 0.2387476 -0.71232879
vn -0.50880629 -0.1428571 -0.84931499
vn -0.69080228 0.0019569469 -0.72407043
vn -0.68101758 0.1193738 -0.72211349
vn 0.54990208 -0.82387477 0.13502941
vn 0.088062622 -0.99608612 -0.023483369
vn 0.22896279 -0.97260273 0.015655581
vn -0.78864968 0.1252446 -0.60273981
vn -0.30136991 -0.1565558 -0.94129157
vn 0 -0.99412918 -0.1017613
vn 0.08219178 -0.99412918 -0.056751471
vn 0.55185908 -0.83365953 0.023483369
vn -0.79256362 -0.029354209 -0.60861057
vn -0.076320939 -0.99217218 -0.1017613
vn 0.076320939 -0.99217218 -0.1017613
vn 0.2250489 -0.96673191 -0.1174168
vn 0.21135031 -0.9765166 -0.05088063
vn 0.80821919 -0.57729942 0.1154599
vn 0.80821919 -0.58708417 0.031311151
vn -0.7749511 -0.1976517 -0.60078281
vn 0.2191781 -0.97455972 -0.023483369
vn 0.7749511 -0.56164378 0.28767121
vn -0.69275928 -0.38943249 -0.60861057
vn -0.1037182 -0.93346381 -0.34050879
vn -0.090019569 -0.97455972 -0.2035225
vn -0.26614481 -0.89432478 -0.35812131
vn 0.90606648 -0.34050879 0.25440311
vn 0.92759287 -0.36007831 0.109589
vn 0 -0.93933457 -0.34050879
vn 0 -0.98043048 -0.1956947
vn -0.28767121 -0.81800389 -0.4990215
vn -0.51859099 -0.67906058 -0.52054793
vn 0.090019569 -0.97455972 -0.2035225
vn 0.54011738 -0.84148729 -0.02152642
vn -0.1076321 -0.86888462 -0.48336601
vn -0.1252446 -0.76125252 -0.63600779
vn -0.30136991 -0.69863021 -0.64774948
vn -0.51859099 -0.5714286 -0.63600779
vn 0.24070451 -0.94324851 -0.23091979
vn 0.54207438 -0.83757341 -0.066536203
vn 0.80821919 -0.58904111 -0.017612521
vn -0.1565558 -0.49706459 -0.85322899
vn -0.3111546 -0.4618395 -0.82974559
vn -0.49315071 -0.3816047 -0.78277892
vn -0.62818003 -0.2857143 -0.72211349
vn 0.56555772 -0.81213307 -0.1448141
vn 0.81213307 -0.56164378 -0.16242661
vn 0.80821919 -0.58317018 -0.090019569
vn 0 -0.51076323 -0.85909981
vn -0.67906058 -0.13307241 -0.72211349
vn 0.92563599 -0.33855179 -0.1682975
vn 0.93150687 -0.34637961 -0.109589
vn 0 -0.7749511 -0.63209391
vn 0.93346381 -0.3561644 -0.029354209
vn 0.9765166 -0.1135029 -0.18591
vn 0.91193742 -0.31898239 -0.25636011
vn 0.98238748 -0.13502941 -0.1252446
vn 0 -0.87671232 -0.47945201
vn 0.9882583 -0.1448141 -0.048923679
vn 0.92954987 -0.36790609 0.033268102
vn 0.80430532 -0.53816038 -0.2485323
vn 0.1252446 -0.76125252 -0.63600779
vn 0.1076321 -0.86888462 -0.48336601
vn 0.1037182 -0.93346381 -0.34050879
vn 0.56164378 -0.79060668 -0.2465753
vn 0.28767121 -0.81800389 -0.4990215
vn 0.26614481 -0.89432478 -0.35812131
vn 0.98434442 -0.13502941 0.1213307
vn 0.9882583 -0.1428571 0.033268102
vn 0.54990208 -0.74559689 -0.37769079
vn 0.95890409 -0.084148727 -0.2739726
vn 0.53424662 -0.67514682 -0.50880629
vn 0.30136991 -0.69863021 -0.64774948
vn 0.96086103 -0.1291585 0.2465753
vn 0.7847358 -0.4990215 -0.36790609
vn 0.74363989 -0.45988259 -0.4872798
vn 0.88454008 -0.295499 -0.36203521
vn 0.51859099 -0.5714286 -0.63600779
vn 0.91585129 -0.1252446 0.3816047
vn 0.84344423 -0.26027399 -0.47162431
vn 0.9138943 0.037182 0.4050881
vn 0.69275928 -0.38943249 -0.60861057
vn 0.60665357 0.27201569 0.74755383
vn 0.52641881 0.44422701 0.72407043
vn 0.50293541 0.34833661 0.79060668
vn 0.369863 0.40704501 0.83561641
vn 0.3933464 0.53228962 0.74951082
vn 0.13502941 0.1565558 0.9784736
vn 0.2641879 0.045009781 0.96281803
vn 0.28767121 0.16438361 0.94324851
vn 0.1135029 0.052837569 0.99217218
vn 0 0.15068489 0.9882583
vn 0 0.058708411 0.99804312
vn 0.1565558 0.27788651 0.94716239
vn 0.27005869 -0.08219178 0.95890409
vn 0.40704501 0.025440309 0.9138943
vn 0.41291589 0.1585127 0.89628178
vn 0.3228963 0.25831699 0.90998042
vn 0 -0.02739726 1
vn 0.1232877 -0.046966732 0.99021518
vn -0.1135029 0.052837569 0.99217218
vn -0.13502941 0.1565558 0.9784736
vn 0.51076323 -0.1037182 0.85322899
vn 0.51859099 -0.0019569469 0.85518593
vn 0.41095889 -0.1017613 0.90606648
vn 0.53228962 0.1272016 0.83757341
vn 0.45009789 0.2387476 0.86105669
vn 0.369863 0.40704501 0.83561641
vn 0.13502941 -0.2622309 0.95499021
vn 0.52446193 -0.31311151 0.79256362
vn 0.61252439 -0.1154599 0.78277892
vn 0.61252439 -0.01956947 0.79060668
vn 0.41291589 -0.29354209 0.86105669
vn 0.60665357 0.09589041 0.79060668
vn 0.57338548 0.2093934 0.79256362
vn 0.50293541 0.34833661 0.79060668
vn 0.1780822 0.45009789 0.87475538
vn 0 0.2857143 0.95890409
vn 0.28180039 -0.28180039 0.91780818
vn 0.6771037 0.14090019 0.72211349
vn 0.73972601 -0.0078277886 0.67318982
vn 0.42465749 -0.52054793 0.74168289
vn 0.56164378 -0.47945201 0.67514682
vn 0.60665357 0.27201569 0.74755383
vn 0 0.4637965 0.88649708
vn -0.1780822 0.45009789 0.87475538
vn -0.1565558 0.27788651 0.94716239
vn 0.24070451 -0.5714286 0.7847358
vn 0.71428567 0.15068489 0.68493152
vn 0.62230921 -0.26027399 0.73776913
vn 0.70058709 -0.3542074 0.62035233
vn -0.369863 0.40704501 0.83561641
vn -0.3228963 0.25831699 0.90998042
vn -0.28767121 0.16438361 0.94324851
vn -0.2641879 0.045009781 0.96281803
vn 0.77690798 -0.0019569469 0.63013703
vn 0.74951082 -0.1585127 0.6438356
vn 0.67318982 -0.2622309 0.69080228
vn 0.76516628 -0.1448141 0.62818003
vn -0.45009789 0.2387476 0.86105669
vn -0.50293541 0.34833661 0.79060668
vn -0.41291589 0.1585127 0.89628178
vn -0.40704501 0.025440309 0.9138943
vn -0.27005869 -0.08219178 0.95890409
vn -0.1232877 -0.046966732 0.99021518
vn 0.54403132 -0.39726031 0.73972601
vn 0.42465749 -0.51272023 0.74559689
vn -0.57338548 0.2093934 0.79256362
vn -0.53228962 0.1272016 0.83757341
vn -0.60665357 0.27201569 0.74755383
vn -0.51859099 -0.0019569469 0.85518593
vn -0.13502941 -0.2622309 0.95499021
vn 0 -0.2426614 0.97064579
vn 0.2328767 -0.58904111 0.7749511
vn -0.6771037 0.14090019 0.72211349
vn -0.60665357 0.09589041 0.79060668
vn -0.61252439 -0.01956947 0.79060668
vn -0.71428567 0.15068489 0.68493152
vn -0.61252439 -0.1154599 0.78277892
vn -0.51076323 -0.1037182 0.85322899
vn 0 -0.60273981 0.7964775
vn 0.09589041 -0.60078281 0.79452062
vn 0.064579263 -0.63405091 0.77103722
vn -0.73972601 -0.0078277886 0.67318982
vn -0.77690798 -0.0019569469 0.63013703
vn -0.62230921 -0.26027399 0.73776913
vn -0.52446193 -0.31311151 0.79256362
vn -0.74951082 -0.1585127 0.6438356
vn -0.41095889 -0.1017613 0.90606648
vn -0.09589041 -0.60078281 0.79452062
vn 0 -0.63600779 0.77103722
vn -0.76516628 -0.1448141 0.62818003
vn -0.70058709 -0.3542074 0.62035233
vn -0.41291589 -0.29354209 0.86105669
vn -0.56164378 -0.47945201 0.67514682
vn -0.28180039 -0.28180039 0.91780818
vn -0.24070451 -0.5714286 0.7847358
vn -0.064579263 -0.63405091 0.77103722
vn -0.67318982 -0.2622309 0.69080228
vn -0.42465749 -0.52054793 0.74168289
vn -0.54403132 -0.39726031 0.73972601
vn -0.42465749 -0.51272023 0.74559689
vn -0.2328767 -0.58904111 0.7749511
vn 0.1232877 0.98630142 -0.1017613
vn 0 0.99412918 -0.1037182
vn 0.1213307 0.9882583 0.090019569
vn 0.40900189 0.91193742 0.04109589
vn 0.43444231 0.8923679 -0.1291585
vn -0.1232877 0.98630142 -0.1017613
vn -0.1213307 0.9882583 0.090019569
vn 0 0.99412918 0.109589
vn 0.1017613 0.84540123 0.52446193
vn 0.29941291 0.85714293 0.4187867
vn 0.62426609 0.67514682 0.3933464
vn 0.68493152 0.72994131 0.017612521
vn 0.66927588 0.73189819 -0.1272016
vn -0.43444231 0.8923679 -0.1291585
vn -0.40900189 0.91193742 0.04109589
vn -0.1017613 0.84540123 0.52446193
vn -0.29941291 0.85714293 0.4187867
vn 0 0.84735811 0.53228962
vn 0.097847357 0.63405091 0.76712328
vn 0.22896279 0.62035233 0.74951082
vn 0.39921719 0.58512717 0.70645791
vn 0.77103722 0.43444231 0.46575341
vn 0.85127199 0.50880629 0.1272016
vn 0.83170247 0.55185908 -0.076320939
vn -0.66927588 0.73189819 -0.1272016
vn -0.68493152 0.72994131 0.017612521
vn -0.62426609 0.67514682 0.3933464
vn -0.097847357 0.63405091 0.76712328
vn -0.22896279 0.62035233 0.74951082
vn 0 0.61056751 0.79256362
vn 0.53033268 0.38943249 0.75342458
vn 0.30136991 0.42661449 0.85322899
vn 0.94520551 0.31898239 -0.05479452
vn 0.93542081 0.30528381 0.183953
vn -0.83170247 0.55185908 -0.076320939
vn -0.85127199 0.50880629 0.1272016
vn -0.77103722 0.43444231 0.46575341
vn -0.39921719 0.58512717 0.70645791
vn -0.53033268 0.38943249 0.75342458
vn -0.30136991 0.42661449 0.85322899
vn 0.9882583 -0.046966732 -0.1389433
vn 0.7964775 0.29941291 0.52641881
vn 0.9882583 -0.0097847357 0.15068489
vn -0.94520551 0.31898239 -0.05479452
vn -0.93542081 0.30528381 0.183953
vn -0.7964775 0.29941291 0.52641881
vn -0.57925642 0.29354209 0.75929552
vn -0.34246579 0.31506851 0.88454008
vn -0.046966732 0.3228963 0.94520551
vn -0.05479452 0.43444231 0.89823872
vn 0.97260273 -0.2270059 0.046966732
vn 0.9138943 -0.19960859 -0.3542074
vn -0.9882583 -0.046966732 -0.1389433
vn -0.9882583 -0.0097847357 0.15068489
vn -0.84931499 0.043052841 0.52641881
vn -0.37769079 0.1076321 0.91976517
vn 0 0.1017613 0.99412918
vn 0 0.40704501 0.9138943
vn 0.76516628 -0.63796479 -0.08219178
vn 0.63796479 -0.59491187 -0.4892368
vn 0.57925642 0.29354209 0.75929552
vn 0.34246579 0.31506851 0.88454008
vn 0.05479452 0.43444231 0.89823872
vn 0 0.3209393 0.94716239
vn 0.046966732 0.3228963 0.94520551
vn 0.27592951 -0.83757341 -0.47162431
vn 0.84931499 0.043052841 0.52641881
vn 0.37769079 0.1076321 0.91976517
vn 0 0.1017613 0.99412918
vn 0 0.078277893 0.99608612
vn 0.1252446 -0.97064579 -0.20156559
vn -0.69080228 -0.69275928 -0.2074364
vn -0.62426609 -0.70254397 -0.3444227
vn 0.61448139 0.088062622 0.7847358
vn 0.85518593 -0.2387476 0.45988259
vn -0.1213307 -0.2250489 0.96673191
vn 0.1213307 -0.2250489 0.96673191
vn 0 -0.25636011 0.96673191
vn 0.6555773 -0.71232879 0.2485323
vn 0 -0.97260273 -0.2348337
vn 0 -0.97064579 -0.2426614
vn 0.60861057 -0.22896279 0.75929552
vn -0.21135031 -0.54598832 0.81017607
vn 0.334638 -0.2270059 0.91585129
vn 0.21135031 -0.54598832 0.81017607
vn -0.334638 -0.2270059 0.91585129
vn -0.61448139 0.088062622 0.7847358
vn 0 -0.50293541 0.86497062
vn 0.62426609 -0.70254397 -0.3444227
vn -0.54011738 -0.82387477 0.1722113
vn 0.27005869 -0.66144812 0.69863021
vn 0.54011738 -0.82387477 0.1722113
vn -0.27005869 -0.66144812 0.69863021
vn -0.60861057 -0.22896279 0.75929552
vn -0.85518593 -0.2387476 0.45988259
vn 0 -0.98043048 0.1937378
vn 0.69080228 -0.69275928 -0.2074364
vn -0.27592951 -0.83757341 -0.47162431
vn 0.1252446 -0.9882583 0.076320939
vn 0.52250493 -0.64579248 0.55577302
vn -0.6555773 -0.71232879 0.2485323
vn -0.52250493 -0.64579248 0.55577302
vn -0.97260273 -0.2270059 0.046966732
vn -0.1252446 -0.97064579 -0.20156559
vn -0.76516628 -0.63796479 -0.08219178
vn -0.63796479 -0.59491187 -0.4892368
vn -0.1252446 -0.9882583 0.076320939
vn -0.9138943 -0.19960859 -0.3542074
vn -0.9138943 0.2857143 -0.28962821
vn -0.32681021 0.94324851 -0.062622309
vn -0.4148728 0.9041096 0.099804297
vn -0.57729942 0.38551861 -0.71819961
vn -0.95107633 0.29941291 -0.08219178
vn -0.89041102 0.38943249 -0.2328767
vn -0.51663399 0.54403132 -0.66144812
vn -0.1232877 0.96477503 -0.22896279
vn -0.35812131 0.92172211 0.1545988
vn -0.18003909 0.46575341 -0.86692762
vn -0.93346381 0.33659491 -0.1272016
vn -0.94324851 0.32681021 -0.052837569
vn -0.49119371 0.8708415 -0.0078277886
vn -0.55381602 0.83170247 0.052837569
vn -0.28767121 0.90019572 -0.32681021
vn -0.1017613 0.57338548 -0.81213307
vn 0 0.51859099 -0.85518593
vn 0 0.99021518 -0.13502941
vn -0.3228963 0.94324851 0.060665362
vn 0 0.59491187 -0.80430532
vn -0.93150687 0.35812131 -0.078277893
vn -0.5479452 0.82583171 0.13307241
vn -0.04109589 0.90606648 -0.42074361
vn -0.037182 0.9882583 0.1448141
vn -0.035225049 0.99217218 0.1193738
vn 0.1232877 0.96477503 -0.22896279
vn 0.18003909 0.46575341 -0.86692762
vn -0.27201569 0.96281803 -0.005870841
vn -0.91780818 0.34050879 -0.20156559
vn -0.91193742 0.38747561 -0.1369863
vn -0.5714286 0.80430532 0.16242661
vn -0.048923679 0.9765166 0.21135031
vn 0 0.88258308 -0.46966729
vn 0 0.9882583 0.15068489
vn 0 0.99217218 0.1232877
vn 0.57729942 0.38551861 -0.71819961
vn 0.32681021 0.94324851 -0.062622309
vn -0.058708411 0.95499021 0.29354209
vn 0 0.98043048 0.1976517
vn 0.04109589 0.90606648 -0.42074361
vn 0.037182 0.9882583 0.1448141
vn 0.1017613 0.57338548 -0.81213307
vn 0.035225049 0.99217218 0.1193738
vn 0.048923679 0.9765166 0.21135031
vn 0.9138943 0.2857143 -0.28962821
vn 0.51663399 0.54403132 -0.66144812
vn 0.4148728 0.9041096 0.099804297
vn 0 0.96477503 0.2641879
vn 0.058708411 0.95499021 0.29354209
vn 0.49119371 0.8708415 -0.0078277886
vn 0.55381602 0.83170247 0.052837569
vn 0.28767121 0.90019572 -0.32681021
vn 0.5479452 0.82583171 0.13307241
vn 0.5714286 0.80430532 0.16242661
vn 0.95107633 0.29941291 -0.08219178
vn 0.89041102 0.38943249 -0.2328767
vn 0.35812131 0.92172211 0.1545988
vn 0.94324851 0.32681021 -0.052837569
vn 0.93150687 0.35812131 -0.078277893
vn 0.91193742 0.38747561 -0.1369863
vn 0.93346381 0.33659491 -0.1272016
vn 0.3228963 0.94324851 0.060665362
vn 0.91780818 0.34050879 -0.20156559
vn 0.27201569 0.96281803 -0.005870841
vn 0.146771 -0.9882583 0.017612521
vn 0.148728 -0.9882583 0.0039138938
vn 0.42074361 -0.90606648 0.01174168
vn 0.40704501 -0.91193742 0.05088063
vn 0 -1 0.0019569469
vn 0.1448141 -0.98630142 0.074363992
vn 0 -0.99804312 0.076320939
vn 0 -1 0.0039138938
vn 0.16242661 -0.98630142 -0.0078277886
vn 0 -1 0.0039138938
vn 0.4618395 -0.88649708 -0.01956947
vn 0.68101758 -0.73189819 -0.0039138938
vn 0.6771037 -0.73385519 0.048923679
vn 0.67318982 -0.72994131 0.1213307
vn 0.37377691 -0.91976517 0.1135029
vn 0.18003909 -0.95303333 0.2426614
vn 0.33072409 -0.91976517 0.21135031
vn -0.148728 -0.9882583 0.0039138938
vn -0.16242661 -0.98630142 -0.0078277886
vn 0.92563599 -0.36594909 0.09589041
vn 0.90606648 -0.39726031 0.1448141
vn 0.89628178 -0.3816047 0.223092
vn 0.61839533 -0.72602743 0.30136991
vn 0.29158509 -0.72994131 0.61839533
vn 0 -0.96281803 0.27201569
vn 0.4892368 -0.71037179 0.50489229
vn -0.42074361 -0.90606648 0.01174168
vn -0.4618395 -0.88649708 -0.01956947
vn -0.146771 -0.9882583 0.017612521
vn 0.97260273 0.1545988 0.1722113
vn 0.96868879 0.1056751 0.22113501
vn 0.56164378 -0.37964779 0.73385519
vn 0.79843438 -0.38551861 0.4618395
vn -0.18003909 -0.95303333 0.2426614
vn -0.1448141 -0.98630142 0.074363992
vn 0.32485321 -0.38356161 0.86497062
vn -0.68101758 -0.73189819 -0.0039138938
vn -0.40704501 -0.91193742 0.05088063
vn -0.6771037 -0.73385519 0.048923679
vn 0.54403132 0.82778871 0.1448141
vn 0.54011738 0.81800389 0.19960859
vn 0.54403132 -0.02152642 0.83953029
vn 0.30332679 -0.02739726 0.95303333
vn -0.29158509 -0.72994131 0.61839533
vn -0.33072409 -0.91976517 0.21135031
vn -0.37377691 -0.91976517 0.1135029
vn -0.90606648 -0.39726031 0.1448141
vn -0.92563599 -0.36594909 0.09589041
vn -0.67318982 -0.72994131 0.1213307
vn -0.27201569 0.96281803 -0.005870841
vn 0 -0.74559689 0.66536212
vn -0.4892368 -0.71037179 0.50489229
vn -0.32485321 -0.38356161 0.86497062
vn -0.61839533 -0.72602743 0.30136991
vn -0.96868879 0.1056751 0.22113501
vn -0.89628178 -0.3816047 0.223092
vn -0.97260273 0.1545988 0.1722113
vn -0.3228963 0.94324851 0.060665362
vn 0 -0.38356161 0.92367911
vn -0.56164378 -0.37964779 0.73385519
vn -0.30332679 -0.02739726 0.95303333
vn -0.79843438 -0.38551861 0.4618395
vn -0.94716239 0.1056751 0.30136991
vn -0.54011738 0.81800389 0.19960859
vn -0.54403132 0.82778871 0.1448141
vn 0.48336601 0.81996077 0.30528381
vn -0.35812131 0.92172211 0.1545988
vn 0 -0.02152642 1
vn -0.54403132 -0.02152642 0.83953029
vn -0.82974559 0.02739726 0.55577302
vn -0.48336601 0.81996077 0.30528381
vn -0.45988259 0.73385519 0.4990215
vn 0.27201569 0.96281803 -0.005870841
vn 0.45988259 0.73385519 0.4990215
vn -0.4148728 0.9041096 0.099804297
vn 0.94716239 0.1056751 0.30136991
vn 0 0.52837569 0.84931499
vn 0.3228963 0.94324851 0.060665362
vn -0.32681021 0.94324851 -0.062622309
vn 0.33072409 0.60665357 0.72211349
vn 0.82974559 0.02739726 0.55577302
vn -0.18591 0.53424662 0.82387477
vn 0.18591 0.53424662 0.82387477
vn 0.35812131 0.92172211 0.1545988
vn -0.1232877 0.96477503 -0.22896279
vn 0.1232877 0.96477503 -0.22896279
vn -0.33072409 0.60665357 0.72211349
vn 0.4148728 0.9041096 0.099804297
vn 0 0.99021518 -0.13502941
vn 0.32681021 0.94324851 -0.062622309
s 1
f 1/1/1 2/2/2 3/3/3
f 1/1/1 3/3/3 4/4/4
f 1/1/1 5/5/5 2/2/2
f 1/1/1 6/6/6 5/5/5
f 1/1/1 7/7/7 8/8/8
f 1/1/1 4/4/4 7/7/7
f 1/1/1 8/8/8 9/9/9
f 1/1/1 9/9/9 6/6/6
f 4/4/4 3/3/3 10/10/10
f 4/4/4 10/10/10 7/7/7
f 7/7/7 11/11/11 12/12/12
f 7/7/7 13/13/13 11/11/11
f 7/7/7 12/12/12 8/8/8
f 7/7/7 10/10/10 13/13/13
f 8/8/8 12/12/12 14/14/14
f 8/8/8 14/14/14 9/9/9
f 9/9/9 15/15/15 16/16/16
f 9/9/9 14/14/14 15/15/15
f 9/9/9 16/16/16 6/6/6
f 10/10/10 3/3/3 17/17/17
f 10/10/10 17/17/17 18/18/18
f 10/10/10 18/18/18 13/13/13
f 12/12/12 15/15/15 14/14/14
f 12/12/12 19/19/19 15/15/15
f 12/12/12 11/11/11 19/19/19
f 13/13/13 20/20/20 11/11/11
f 13/13/13 21/21/21 20/20/20
f 13/13/13 18/18/18 21/21/21
f 15/15/15 22/22/22 16/16/16
f 15/15/15 19/19/19 22/22/22
f 16/16/16 22/22/22 23/23/23
f 16/16/16 23/23/23 24/24/24
f 16/16/16 24/24/24 6/6/6
f 18/18/18 17/17/17 25/25/25
f 18/18/18 25/25/25 26/26/26
f 18/18/18 26/26/26 21/21/21
f 19/19/19 27/27/27 28/28/28
f 19/19/19 28/28/28 22/22/22
f 19/19/19 11/11/11 27/27/27
f 21/21/21 29/29/29 20/20/20
f 21/21/21 30/30/30 29/29/29
f 21/21/21 26/26/26 30/30/30
f 6/6/6 31/31/31 5/5/5
f 6/6/6 24/24/24 31/31/31
f 26/26/26 25/25/25 32/32/32
f 26/26/26 32/32/32 33/33/33
f 26/26/26 33/33/33 30/30/30
f 28/28/28 34/34/34 35/35/35
f 28/28/28 36/36/36 34/34/34
f 28/28/28 27/27/27 36/36/36
f 28/28/28 35/35/35 22/22/22
f 11/11/11 20/20/20 37/37/37
f 11/11/11 37/37/37 27/27/27
f 5/5/5 31/31/31 38/38/38
f 5/5/5 38/38/38 39/39/39
f 5/5/5 39/39/39 2/2/2
f 36/36/36 27/27/27 34/34/34
f 34/34/34 27/27/27 37/37/37
f 34/34/34 37/37/37 40/40/40
f 34/34/34 40/40/40 35/35/35
f 35/35/35 41/41/41 22/22/22
f 35/35/35 40/40/40 42/42/42
f 35/35/35 42/42/42 41/41/41
f 22/22/22 41/41/41 23/23/23
f 20/20/20 29/29/29 43/43/43
f 20/20/20 43/43/43 37/37/37
f 37/37/37 43/43/43 40/40/40
f 39/39/39 44/44/44 2/2/2
f 39/39/39 38/38/38 44/44/44
f 38/38/38 31/31/31 45/45/45
f 38/38/38 45/45/45 46/46/46
f 38/38/38 46/46/46 44/44/44
f 2/2/2 44/44/44 3/3/3
f 41/41/41 42/42/42 47/47/47
f 41/41/41 47/47/47 48/48/48
f 41/41/41 48/48/48 23/23/23
f 23/23/23 48/48/48 49/49/49
f 23/23/23 49/49/49 24/24/24
f 29/29/29 30/30/30 43/43/43
f 43/43/43 50/50/50 40/40/40
f 43/43/43 30/30/30 50/50/50
f 44/44/44 51/51/51 3/3/3
f 44/44/44 46/46/46 51/51/51
f 31/31/31 52/52/52 45/45/45
f 31/31/31 24/24/24 52/52/52
f 3/3/3 51/51/51 17/17/17
f 47/47/47 42/42/42 53/53/53
f 47/47/47 53/53/53 48/48/48
f 48/48/48 53/53/53 54/54/54
f 48/48/48 54/54/54 49/49/49
f 24/24/24 49/49/49 52/52/52
f 49/49/49 55/55/55 52/52/52
f 49/49/49 54/54/54 55/55/55
f 30/30/30 33/33/33 50/50/50
f 50/50/50 56/56/56 40/40/40
f 50/50/50 57/57/57 56/56/56
f 50/50/50 33/33/33 57/57/57
f 40/40/40 56/56/56 42/42/42
f 52/52/52 58/58/58 45/45/45
f 52/52/52 55/55/55 58/58/58
f 17/17/17 51/51/51 59/59/59
f 17/17/17 59/59/59 25/25/25
f 42/42/42 56/56/56 53/53/53
f 53/53/53 56/56/56 60/60/60
f 53/53/53 60/60/60 54/54/54
f 54/54/54 61/61/61 55/55/55
f 54/54/54 60/60/60 61/61/61
f 55/55/55 61/61/61 62/62/62
f 55/55/55 62/62/62 58/58/58
f 33/33/33 32/32/32 63/63/63
f 33/33/33 63/63/63 57/57/57
f 56/56/56 57/57/57 60/60/60
f 57/57/57 63/63/63 64/64/64
f 57/57/57 64/64/64 60/60/60
f 58/58/58 65/65/65 45/45/45
f 58/58/58 62/62/62 66/66/66
f 58/58/58 66/66/66 65/65/65
f 45/45/45 65/65/65 67/67/67
f 45/45/45 67/67/67 46/46/46
f 25/25/25 59/59/59 68/68/68
f 25/25/25 68/68/68 32/32/32
f 60/60/60 64/64/64 61/61/61
f 61/61/61 64/64/64 66/66/66
f 61/61/61 66/66/66 62/62/62
f 32/32/32 68/68/68 69/69/69
f 32/32/32 69/69/69 63/63/63
f 63/63/63 69/69/69 70/70/70
f 63/63/63 70/70/70 64/64/64
f 64/64/64 70/70/70 66/66/66
f 65/65/65 71/71/71 67/67/67
f 65/65/65 66/66/66 70/70/70
f 65/65/65 70/70/70 71/71/71
f 67/67/67 71/71/71 72/72/72
f 67/67/67 73/73/73 46/46/46
f 67/67/67 72/72/72 73/73/73
f 46/46/46 73/73/73 51/51/51
f 68/68/68 59/59/59 69/69/69
f 69/69/69 59/59/59 74/74/74
f 69/69/69 74/74/74 70/70/70
f 70/70/70 74/74/74 71/71/71
f 71/71/71 74/74/74 73/73/73
f 71/71/71 73/73/73 72/72/72
f 73/73/73 74/74/74 51/51/51
f 51/51/51 74/74/74 59/59/59
f 75/75/75 76/76/76 77/77/77
f 75/75/75 77/77/77 78/78/78
f 76/76/76 79/79/79 80/80/80
f 76/76/76 80/80/80 77/77/77
f 77/77/77 80/80/80 81/81/81
f 77/77/77 81/81/81 82/82/82
f 77/77/77 82/82/82 78/78/78
f 78/78/78 82/82/82 83/83/83
f 79/79/79 84/84/84 85/85/85
f 79/79/79 85/85/85 80/80/80
f 80/80/80 85/85/85 86/86/86
f 80/80/80 86/86/86 81/81/81
f 81/81/81 87/87/87 82/82/82
f 81/81/81 86/86/86 88/88/88
f 81/81/81 88/88/88 87/87/87
f 82/82/82 87/87/87 89/89/89
f 82/82/82 89/89/89 83/83/83
f 83/83/83 89/89/89 90/90/90
f 84/84/84 91/91/91 92/92/92
f 84/84/84 92/92/92 85/85/85
f 85/85/85 92/92/92 86/86/86
f 86/86/86 93/93/93 88/88/88
f 86/86/86 92/92/92 93/93/93
f 88/88/88 93/93/93 94/94/94
f 91/91/91 95/95/95 96/96/96
f 91/91/91 96/96/96 92/92/92
f 92/92/92 96/96/96 93/93/93
f 93/93/93 97/97/97 94/94/94
f 93/93/93 96/96/96 97/97/97
f 94/94/94 97/97/97 98/98/98
f 95/95/95 99/99/99 100/100/100
f 95/95/95 100/100/100 96/96/96
f 96/96/96 100/100/100 97/97/97
f 97/97/97 101/101/101 98/98/98
f 97/97/97 100/100/100 101/101/101
f 98/98/98 101/101/101 102/102/102
f 103/103/103 104/104/104 105/105/105
f 103/103/103 105/105/105 106/106/106
f 104/104/104 107/107/107 105/105/105
f 105/105/105 107/107/107 108/108/108
f 105/105/105 108/108/108 109/109/109
f 105/105/105 109/109/109 106/106/106
f 106/106/106 109/109/109 110/110/110
f 107/107/107 111/111/111 112/112/112
f 107/107/107 112/112/112 108/108/108
f 108/108/108 113/113/113 109/109/109
f 108/108/108 112/112/112 114/114/114
f 108/108/108 114/114/114 113/113/113
f 109/109/109 113/113/113 115/115/115
f 109/109/109 115/115/115 116/116/116
f 109/109/109 116/116/116 110/110/110
f 111/111/111 117/117/117 118/118/118
f 111/111/111 118/118/118 112/112/112
f 112/112/112 118/118/118 119/119/119
f 112/112/112 119/119/119 114/114/114
f 113/113/113 120/120/120 115/115/115
f 113/113/113 114/114/114 120/120/120
f 114/114/114 119/119/119 121/121/121
f 114/114/114 121/121/121 120/120/120
f 117/117/117 122/122/122 118/118/118
f 117/117/117 123/123/123 122/122/122
f 118/118/118 124/124/124 119/119/119
f 118/118/118 122/122/122 124/124/124
f 119/119/119 125/125/125 121/121/121
f 119/119/119 124/124/124 125/125/125
f 122/122/122 123/123/123 126/126/126
f 122/122/122 127/127/127 124/124/124
f 122/122/122 126/126/126 127/127/127
f 123/123/123 128/128/128 126/126/126
f 124/124/124 127/127/127 129/129/129
f 124/124/124 129/129/129 125/125/125
f 127/127/127 130/130/130 129/129/129
f 131/131/131 132/132/132 133/133/133
f 131/131/131 133/133/133 134/134/134
f 131/131/131 135/135/135 132/132/132
f 132/132/132 136/136/136 137/137/137
f 132/132/132 137/137/137 133/133/133
f 132/132/132 138/138/138 136/136/136
f 132/132/132 135/135/135 138/138/138
f 133/133/133 137/137/137 139/139/139
f 133/133/133 139/139/139 140/140/140
f 133/133/133 140/140/140 134/134/134
f 134/134/134 140/140/140 141/141/141
f 135/135/135 142/142/142 138/138/138
f 136/136/136 143/143/143 144/144/144
f 136/136/136 144/144/144 137/137/137
f 136/136/136 145/145/145 143/143/143
f 136/136/136 138/138/138 145/145/145
f 137/137/137 144/144/144 146/146/146
f 137/137/137 146/146/146 139/139/139
f 138/138/138 147/147/147 145/145/145
f 138/138/138 142/142/142 147/147/147
f 139/139/139 146/146/146 148/148/148
f 139/139/139 148/148/148 149/149/149
f 139/139/139 149/149/149 140/140/140
f 140/140/140 149/149/149 150/150/150
f 140/140/140 150/150/150 141/141/141
f 141/141/141 150/150/150 151/151/151
f 142/142/142 152/152/152 147/147/147
f 144/144/144 153/153/153 154/154/154
f 144/144/144 154/154/154 146/146/146
f 144/144/144 143/143/143 153/153/153
f 145/145/145 155/155/155 156/156/156
f 145/145/145 156/156/156 143/143/143
f 145/145/145 147/147/147 155/155/155
f 146/146/146 154/154/154 157/157/157
f 146/146/146 157/157/157 148/148/148
f 147/147/147 158/158/158 155/155/155
f 147/147/147 152/152/152 158/158/158
f 149/149/149 148/148/148 159/159/159
f 149/149/149 159/159/159 160/160/160
f 149/149/149 160/160/160 150/150/150
f 150/150/150 160/160/160 161/161/161
f 150/150/150 161/161/161 151/151/151
f 151/151/151 161/161/161 162/162/162
f 152/152/152 163/163/163 164/164/164
f 152/152/152 164/164/164 158/158/158
f 155/155/155 165/165/165 156/156/156
f 155/155/155 166/166/166 165/165/165
f 155/155/155 158/158/158 166/166/166
f 158/158/158 164/164/164 167/167/167
f 158/158/158 167/167/167 166/166/166
f 160/160/160 159/159/159 168/168/168
f 160/160/160 168/168/168 169/169/169
f 160/160/160 169/169/169 161/161/161
f 161/161/161 169/169/169 170/170/170
f 161/161/161 170/170/170 162/162/162
f 162/162/162 170/170/170 171/171/171
f 163/163/163 172/172/172 173/173/173
f 163/163/163 173/173/173 164/164/164
f 164/164/164 173/173/173 174/174/174
f 164/164/164 174/174/174 167/167/167
f 166/166/166 175/175/175 165/165/165
f 166/166/166 167/167/167 176/176/176
f 166/166/166 176/176/176 175/175/175
f 167/167/167 174/174/174 177/177/177
f 167/167/167 177/177/177 176/176/176
f 169/169/169 168/168/168 178/178/178
f 169/169/169 178/178/178 179/179/179
f 169/169/169 179/179/179 170/170/170
f 170/170/170 179/179/179 180/180/180
f 170/170/170 180/180/180 171/171/171
f 171/171/171 180/180/180 181/181/181
f 172/172/172 182/182/182 173/173/173
f 173/173/173 183/183/183 174/174/174
f 173/173/173 182/182/182 183/183/183
f 174/174/174 184/184/184 177/177/177
f 174/174/174 183/183/183 184/184/184
f 176/176/176 185/185/185 175/175/175
f 176/176/176 177/177/177 186/186/186
f 176/176/176 186/186/186 185/185/185
f 177/177/177 187/187/187 186/186/186
f 177/177/177 184/184/184 187/187/187
f 179/179/179 178/178/178 188/188/188
f 179/179/179 188/188/188 189/189/189
f 179/179/179 189/189/189 180/180/180
f 180/180/180 189/189/189 190/190/190
f 180/180/180 190/190/190 181/181/181
f 181/181/181 190/190/190 191/191/191
f 182/182/182 192/192/192 193/193/193
f 182/182/182 193/193/193 183/183/183
f 183/183/183 193/193/193 194/194/194
f 183/183/183 194/194/194 184/184/184
f 184/184/184 194/194/194 195/195/195
f 184/184/184 195/195/195 187/187/187
f 186/186/186 196/196/196 185/185/185
f 186/186/186 197/197/197 196/196/196
f 186/186/186 187/187/187 197/197/197
f 187/187/187 195/195/195 198/198/198
f 187/187/187 198/198/198 197/197/197
f 189/189/189 188/188/188 199/199/199
f 189/189/189 200/200/200 190/190/190
f 189/189/189 199/199/199 200/200/200
f 190/190/190 201/201/201 191/191/191
f 190/190/190 200/200/200 201/201/201
f 192/192/192 201/201/201 193/193/193
f 193/193/193 200/200/200 194/194/194
f 193/193/193 201/201/201 200/200/200
f 194/194/194 199/199/199 195/195/195
f 194/194/194 200/200/200 199/199/199
f 195/195/195 202/202/202 198/198/198
f 195/195/195 199/199/199 202/202/202
f 196/196/196 203/203/203 204/204/204
f 196/196/196 205/205/205 203/203/203
f 196/196/196 204/204/204 185/185/185
f 196/196/196 197/197/197 205/205/205
f 197/197/197 198/198/198 206/206/206
f 197/197/197 206/206/206 205/205/205
f 198/198/198 207/207/207 206/206/206
f 198/198/198 202/202/202 207/207/207
f 199/199/199 188/188/188 202/202/202
f 202/202/202 188/188/188 208/208/208
f 202/202/202 208/208/208 207/207/207
f 203/203/203 209/209/209 210/210/210
f 203/203/203 211/211/211 209/209/209
f 203/203/203 210/210/210 204/204/204
f 203/203/203 205/205/205 211/211/211
f 204/204/204 210/210/210 212/212/212
f 204/204/204 213/213/213 185/185/185
f 204/204/204 212/212/212 213/213/213
f 205/205/205 206/206/206 214/214/214
f 205/205/205 214/214/214 211/211/211
f 185/185/185 213/213/213 175/175/175
f 206/206/206 215/215/215 214/214/214
f 206/206/206 207/207/207 215/215/215
f 207/207/207 208/208/208 216/216/216
f 207/207/207 216/216/216 215/215/215
f 188/188/188 178/178/178 208/208/208
f 208/208/208 217/217/217 216/216/216
f 208/208/208 178/178/178 217/217/217
f 210/210/210 218/218/218 219/219/219
f 210/210/210 209/209/209 218/218/218
f 210/210/210 219/219/219 212/212/212
f 212/212/212 220/220/220 221/221/221
f 212/212/212 219/219/219 220/220/220
f 212/212/212 221/221/221 213/213/213
f 213/213/213 221/221/221 222/222/222
f 213/213/213 222/222/222 175/175/175
f 175/175/175 222/222/222 165/165/165
f 215/215/215 223/223/223 214/214/214
f 215/215/215 216/216/216 224/224/224
f 215/215/215 224/224/224 223/223/223
f 216/216/216 225/225/225 224/224/224
f 216/216/216 217/217/217 225/225/225
f 178/178/178 168/168/168 217/217/217
f 217/217/217 226/226/226 225/225/225
f 217/217/217 168/168/168 226/226/226
f 219/219/219 227/227/227 220/220/220
f 219/219/219 228/228/228 227/227/227
f 219/219/219 218/218/218 228/228/228
f 221/221/221 220/220/220 229/229/229
f 221/221/221 229/229/229 230/230/230
f 221/221/221 230/230/230 222/222/222
f 222/222/222 230/230/230 231/231/231
f 222/222/222 231/231/231 165/165/165
f 165/165/165 231/231/231 156/156/156
f 224/224/224 232/232/232 223/223/223
f 224/224/224 233/233/233 232/232/232
f 224/224/224 225/225/225 233/233/233
f 225/225/225 234/234/234 233/233/233
f 225/225/225 226/226/226 234/234/234
f 168/168/168 159/159/159 226/226/226
f 226/226/226 235/235/235 234/234/234
f 226/226/226 159/159/159 235/235/235
f 230/230/230 229/229/229 236/236/236
f 230/230/230 236/236/236 237/237/237
f 230/230/230 237/237/237 231/231/231
f 231/231/231 237/237/237 156/156/156
f 156/156/156 237/237/237 143/143/143
f 232/232/232 238/238/238 223/223/223
f 232/232/232 233/233/233 239/239/239
f 232/232/232 240/240/240 238/238/238
f 232/232/232 239/239/239 240/240/240
f 233/233/233 241/241/241 239/239/239
f 233/233/233 234/234/234 241/241/241
f 234/234/234 242/242/242 241/241/241
f 234/234/234 235/235/235 242/242/242
f 159/159/159 148/148/148 235/235/235
f 235/235/235 157/157/157 242/242/242
f 235/235/235 148/148/148 157/157/157
f 237/237/237 236/236/236 243/243/243
f 237/237/237 243/243/243 153/153/153
f 237/237/237 153/153/153 143/143/143
f 223/223/223 238/238/238 244/244/244
f 223/223/223 244/244/244 214/214/214
f 239/239/239 241/241/241 245/245/245
f 239/239/239 246/246/246 240/240/240
f 239/239/239 245/245/245 246/246/246
f 241/241/241 247/247/247 245/245/245
f 241/241/241 242/242/242 247/247/247
f 242/242/242 248/248/248 247/247/247
f 242/242/242 157/157/157 248/248/248
f 157/157/157 154/154/154 248/248/248
f 153/153/153 243/243/243 249/249/249
f 153/153/153 249/249/249 154/154/154
f 243/243/243 250/250/250 251/251/251
f 243/243/243 251/251/251 249/249/249
f 243/243/243 236/236/236 250/250/250
f 214/214/214 244/244/244 211/211/211
f 245/245/245 247/247/247 252/252/252
f 245/245/245 253/253/253 246/246/246
f 245/245/245 252/252/252 253/253/253
f 247/247/247 254/254/254 252/252/252
f 247/247/247 248/248/248 254/254/254
f 248/248/248 249/249/249 254/254/254
f 248/248/248 154/154/154 249/249/249
f 249/249/249 251/251/251 254/254/254
f 250/250/250 255/255/255 256/256/256
f 250/250/250 256/256/256 251/251/251
f 250/250/250 257/257/257 255/255/255
f 250/250/250 236/236/236 257/257/257
f 251/251/251 256/256/256 258/258/258
f 251/251/251 258/258/258 254/254/254
f 236/236/236 229/229/229 257/257/257
f 211/211/211 259/259/259 209/209/209
f 211/211/211 244/244/244 259/259/259
f 254/254/254 258/258/258 252/252/252
f 252/252/252 260/260/260 253/253/253
f 252/252/252 258/258/258 260/260/260
f 256/256/256 261/261/261 262/262/262
f 256/256/256 262/262/262 258/258/258
f 256/256/256 255/255/255 261/261/261
f 257/257/257 263/263/263 264/264/264
f 257/257/257 229/229/229 263/263/263
f 257/257/257 264/264/264 255/255/255
f 258/258/258 262/262/262 260/260/260
f 229/229/229 220/220/220 263/263/263
f 209/209/209 265/265/265 218/218/218
f 209/209/209 259/259/259 265/265/265
f 244/244/244 266/266/266 259/259/259
f 244/244/244 238/238/238 266/266/266
f 260/260/260 267/267/267 268/268/268
f 260/260/260 262/262/262 267/267/267
f 260/260/260 268/268/268 253/253/253
f 262/262/262 269/269/269 267/267/267
f 262/262/262 261/261/261 269/269/269
f 220/220/220 227/227/227 263/263/263
f 263/263/263 270/270/270 264/264/264
f 263/263/263 227/227/227 270/270/270
f 218/218/218 271/271/271 228/228/228
f 218/218/218 265/265/265 271/271/271
f 238/238/238 272/272/272 266/266/266
f 238/238/238 240/240/240 272/272/272
f 267/267/267 273/273/273 268/268/268
f 267/267/267 274/274/274 273/273/273
f 267/267/267 269/269/269 274/274/274
f 253/253/253 275/275/275 276/276/276
f 253/253/253 276/276/276 246/246/246
f 253/253/253 268/268/268 275/275/275
f 227/227/227 277/277/277 270/270/270
f 227/227/227 228/228/228 277/277/277
f 228/228/228 278/278/278 277/277/277
f 228/228/228 271/271/271 278/278/278
f 240/240/240 246/246/246 279/279/279
f 240/240/240 279/279/279 272/272/272
f 272/272/272 280/280/280 281/281/281
f 272/272/272 281/281/281 266/266/266
f 272/272/272 279/279/279 280/280/280
f 274/274/274 282/282/282 273/273/273
f 274/274/274 283/283/283 282/282/282
f 274/274/274 269/269/269 283/283/283
f 275/275/275 284/284/284 276/276/276
f 275/275/275 268/268/268 284/284/284
f 246/246/246 276/276/276 279/279/279
f 277/277/277 285/285/285 270/270/270
f 277/277/277 278/278/278 285/285/285
f 280/280/280 286/286/286 281/281/281
f 280/280/280 279/279/279 287/287/287
f 280/280/280 287/287/287 286/286/286
f 266/266/266 281/281/281 288/288/288
f 266/266/266 288/288/288 259/259/259
f 269/269/269 261/261/261 289/289/289
f 269/269/269 289/289/289 283/283/283
f 268/268/268 273/273/273 284/284/284
f 270/270/270 285/285/285 290/290/290
f 270/270/270 290/290/290 291/291/291
f 270/270/270 291/291/291 264/264/264
f 287/287/287 279/279/279 292/292/292
f 287/287/287 292/292/292 293/293/293
f 287/287/287 293/293/293 286/286/286
f 259/259/259 288/288/288 265/265/265
f 261/261/261 294/294/294 289/289/289
f 261/261/261 255/255/255 294/294/294
f 273/273/273 295/295/295 284/284/284
f 273/273/273 282/282/282 295/295/295
f 264/264/264 291/291/291 294/294/294
f 264/264/264 294/294/294 255/255/255
f 291/291/291 290/290/290 296/296/296
f 291/291/291 296/296/296 294/294/294
f 279/279/279 276/276/276 292/292/292
f 292/292/292 276/276/276 284/284/284
f 292/292/292 284/284/284 295/295/295
f 292/292/292 295/295/295 293/293/293
f 293/293/293 297/297/297 286/286/286
f 293/293/293 295/295/295 298/298/298
f 293/293/293 298/298/298 297/297/297
f 265/265/265 299/299/299 271/271/271
f 265/265/265 288/288/288 299/299/299
f 294/294/294 296/296/296 289/289/289
f 295/295/295 282/282/282 298/298/298
f 282/282/282 283/283/283 300/300/300
f 282/282/282 300/300/300 298/298/298
f 286/286/286 297/297/297 301/301/301
f 286/286/286 301/301/301 281/281/281
f 298/298/298 302/302/302 297/297/297
f 298/298/298 300/300/300 302/302/302
f 297/297/297 302/302/302 303/303/303
f 297/297/297 303/303/303 301/301/301
f 271/271/271 299/299/299 304/304/304
f 271/271/271 304/304/304 278/278/278
f 288/288/288 305/305/305 299/299/299
f 288/288/288 281/281/281 305/305/305
f 289/289/289 306/306/306 283/283/283
f 289/289/289 296/296/296 306/306/306
f 283/283/283 306/306/306 300/300/300
f 300/300/300 307/307/307 302/302/302
f 300/300/300 306/306/306 307/307/307
f 301/301/301 303/303/303 308/308/308
f 301/301/301 305/305/305 281/281/281
f 301/301/301 308/308/308 305/305/305
f 302/302/302 309/309/309 303/303/303
f 302/302/302 307/307/307 309/309/309
f 303/303/303 310/310/310 308/308/308
f 303/303/303 309/309/309 310/310/310
f 278/278/278 304/304/304 311/311/311
f 278/278/278 311/311/311 285/285/285
f 305/305/305 308/308/308 299/299/299
f 306/306/306 312/312/312 307/307/307
f 306/306/306 296/296/296 312/312/312
f 296/296/296 290/290/290 312/312/312
f 307/307/307 312/312/312 313/313/313
f 307/307/307 313/313/313 309/309/309
f 308/308/308 310/310/310 314/314/314
f 308/308/308 314/314/314 299/299/299
f 309/309/309 311/311/311 310/310/310
f 309/309/309 313/313/313 311/311/311
f 310/310/310 304/304/304 314/314/314
f 310/310/310 311/311/311 304/304/304
f 311/311/311 313/313/313 285/285/285
f 285/285/285 313/313/313 315/315/315
f 285/285/285 315/315/315 290/290/290
f 299/299/299 314/314/314 304/304/304
f 312/312/312 315/315/315 313/313/313
f 312/312/312 290/290/290 315/315/315
f 316/316/316 317/317/317 318/318/318
f 316/316/316 318/318/318 319/319/319
f 316/316/316 320/320/320 317/317/317
f 316/316/316 319/319/319 321/321/321
f 316/316/316 322/322/322 320/320/320
f 316/316/316 321/321/321 322/322/322
f 317/317/317 320/320/320 323/323/323
f 317/317/317 324/324/324 325/325/325
f 317/317/317 325/325/325 318/318/318
f 317/317/317 323/323/323 324/324/324
f 318/318/318 326/326/326 319/319/319
f 318/318/318 327/327/327 326/326/326
f 318/318/318 325/325/325 327/327/327
f 319/319/319 328/328/328 329/329/329
f 319/319/319 326/326/326 328/328/328
f 319/319/319 329/329/329 321/321/321
f 320/320/320 330/330/330 323/323/323
f 320/320/320 331/331/331 330/330/330
f 320/320/320 322/322/322 331/331/331
f 322/322/322 332/332/332 331/331/331
f 322/322/322 333/333/333 332/332/332
f 322/322/322 321/321/321 333/333/333
f 325/325/325 324/324/324 334/334/334
f 325/325/325 334/334/334 335/335/335
f 325/325/325 335/335/335 327/327/327
f 326/326/326 327/327/327 336/336/336
f 326/326/326 336/336/336 337/337/337
f 326/326/326 337/337/337 328/328/328
f 327/327/327 335/335/335 338/338/338
f 327/327/327 338/338/338 336/336/336
f 331/331/331 339/339/339 340/340/340
f 331/331/331 332/332/332 339/339/339
f 331/331/331 340/340/340 330/330/330
f 333/333/333 321/321/321 341/341/341
f 335/335/335 342/342/342 343/343/343
f 335/335/335 343/343/343 338/338/338
f 335/335/335 334/334/334 342/342/342
f 336/336/336 344/344/344 337/337/337
f 336/336/336 338/338/338 345/345/345
f 336/336/336 345/345/345 344/344/344
f 337/337/337 344/344/344 346/346/346
f 337/337/337 346/346/346 347/347/347
f 337/337/337 347/347/347 328/328/328
f 338/338/338 343/343/343 348/348/348
f 338/338/338 348/348/348 345/345/345
f 339/339/339 349/349/349 340/340/340
f 321/321/321 329/329/329 341/341/341
f 341/341/341 329/329/329 350/350/350
f 343/343/343 351/351/351 352/352/352
f 343/343/343 352/352/352 348/348/348
f 343/343/343 342/342/342 351/351/351
f 345/345/345 348/348/348 353/353/353
f 345/345/345 353/353/353 354/354/354
f 345/345/345 354/354/354 344/344/344
f 328/328/328 347/347/347 355/355/355
f 328/328/328 355/355/355 329/329/329
f 348/348/348 352/352/352 356/356/356
f 348/348/348 356/356/356 353/353/353
f 349/349/349 357/357/357 340/340/340
f 349/349/349 358/358/358 357/357/357
f 329/329/329 355/355/355 350/350/350
f 352/352/352 351/351/351 359/359/359
f 352/352/352 359/359/359 360/360/360
f 352/352/352 360/360/360 356/356/356
f 354/354/354 361/361/361 344/344/344
f 355/355/355 347/347/347 362/362/362
f 340/340/340 363/363/363 330/330/330
f 340/340/340 357/357/357 363/363/363
f 358/358/358 364/364/364 357/357/357
f 357/357/357 365/365/365 363/363/363
f 357/357/357 364/364/364 365/365/365
f 360/360/360 366/366/366 367/367/367
f 360/360/360 359/359/359 366/366/366
f 361/361/361 346/346/346 344/344/344
f 361/361/361 368/368/368 346/346/346
f 347/347/347 369/369/369 362/362/362
f 347/347/347 346/346/346 369/369/369
f 362/362/362 369/369/369 370/370/370
f 363/363/363 371/371/371 372/372/372
f 363/363/363 372/372/372 330/330/330
f 363/363/363 365/365/365 371/371/371
f 330/330/330 372/372/372 323/323/323
f 364/364/364 373/373/373 365/365/365
f 365/365/365 374/374/374 371/371/371
f 365/365/365 373/373/373 374/374/374
f 367/367/367 366/366/366 375/375/375
f 346/346/346 368/368/368 369/369/369
f 368/368/368 376/376/376 369/369/369
f 369/369/369 376/376/376 370/370/370
f 370/370/370 376/376/376 377/377/377
f 371/371/371 378/378/378 379/379/379
f 371/371/371 379/379/379 372/372/372
f 371/371/371 374/374/374 378/378/378
f 372/372/372 379/379/379 380/380/380
f 372/372/372 380/380/380 323/323/323
f 323/323/323 380/380/380 324/324/324
f 373/373/373 381/381/381 374/374/374
f 374/374/374 382/382/382 378/378/378
f 374/374/374 381/381/381 382/382/382
f 375/375/375 383/383/383 384/384/384
f 375/375/375 385/385/385 383/383/383
f 375/375/375 366/366/366 385/385/385
f 378/378/378 386/386/386 387/387/387
f 378/378/378 387/387/387 379/379/379
f 378/378/378 382/382/382 386/386/386
f 379/379/379 387/387/387 388/388/388
f 379/379/379 388/388/388 380/380/380
f 380/380/380 388/388/388 389/389/389
f 380/380/380 389/389/389 324/324/324
f 324/324/324 389/389/389 334/334/334
f 381/381/381 390/390/390 382/382/382
f 382/382/382 391/391/391 386/386/386
f 382/382/382 390/390/390 391/391/391
f 383/383/383 385/385/385 392/392/392
f 385/385/385 393/393/393 392/392/392
f 385/385/385 394/394/394 393/393/393
f 385/385/385 366/366/366 394/394/394
f 366/366/366 359/359/359 394/394/394
f 387/387/387 386/386/386 395/395/395
f 387/387/387 395/395/395 396/396/396
f 387/387/387 396/396/396 388/388/388
f 388/388/388 396/396/396 397/397/397
f 388/388/388 397/397/397 389/389/389
f 389/389/389 397/397/397 334/334/334
f 334/334/334 397/397/397 398/398/398
f 334/334/334 398/398/398 399/399/399
f 334/334/334 399/399/399 342/342/342
f 390/390/390 400/400/400 391/391/391
f 392/392/392 393/393/393 401/401/401
f 393/393/393 402/402/402 401/401/401
f 393/393/393 394/394/394 402/402/402
f 359/359/359 403/403/403 394/394/394
f 359/359/359 351/351/351 403/403/403
f 396/396/396 395/395/395 404/404/404
f 396/396/396 404/404/404 405/405/405
f 396/396/396 405/405/405 397/397/397
f 397/397/397 406/406/406 398/398/398
f 397/397/397 405/405/405 406/406/406
f 398/398/398 406/406/406 407/407/407
f 398/398/398 407/407/407 399/399/399
f 342/342/342 399/399/399 351/351/351
f 399/399/399 407/407/407 403/403/403
f 399/399/399 403/403/403 351/351/351
f 400/400/400 408/408/408 409/409/409
f 400/400/400 409/409/409 391/391/391
f 401/401/401 402/402/402 410/410/410
f 403/403/403 407/407/407 411/411/411
f 403/403/403 411/411/411 394/394/394
f 405/405/405 412/412/412 413/413/413
f 405/405/405 413/413/413 406/406/406
f 405/405/405 404/404/404 412/412/412
f 406/406/406 411/411/411 407/407/407
f 406/406/406 413/413/413 411/411/411
f 408/408/408 414/414/414 415/415/415
f 408/408/408 415/415/415 409/409/409
f 409/409/409 416/416/416 391/391/391
f 409/409/409 415/415/415 417/417/417
f 409/409/409 417/417/417 416/416/416
f 391/391/391 416/416/416 386/386/386
f 410/410/410 418/418/418 419/419/419
f 410/410/410 420/420/420 418/418/418
f 410/410/410 402/402/402 420/420/420
f 394/394/394 411/411/411 402/402/402
f 411/411/411 413/413/413 402/402/402
f 413/413/413 412/412/412 420/420/420
f 413/413/413 420/420/420 402/402/402
f 414/414/414 421/421/421 422/422/422
f 414/414/414 422/422/422 415/415/415
f 415/415/415 422/422/422 417/417/417
f 416/416/416 395/395/395 386/386/386
f 416/416/416 417/417/417 423/423/423
f 416/416/416 423/423/423 395/395/395
f 417/417/417 424/424/424 423/423/423
f 417/417/417 425/425/425 424/424/424
f 417/417/417 422/422/422 425/425/425
f 419/419/419 418/418/418 426/426/426
f 420/420/420 412/412/412 418/418/418
f 421/421/421 427/427/427 422/422/422
f 422/422/422 428/428/428 429/429/429
f 422/422/422 429/429/429 425/425/425
f 422/422/422 427/427/427 428/428/428
f 395/395/395 423/423/423 404/404/404
f 423/423/423 430/430/430 404/404/404
f 423/423/423 424/424/424 430/430/430
f 424/424/424 425/425/425 431/431/431
f 424/424/424 432/432/432 430/430/430
f 424/424/424 431/431/431 432/432/432
f 425/425/425 429/429/429 431/431/431
f 426/426/426 432/432/432 433/433/433
f 426/426/426 418/418/418 432/432/432
f 412/412/412 430/430/430 418/418/418
f 412/412/412 404/404/404 430/430/430
f 427/427/427 434/434/434 428/428/428
f 428/428/428 435/435/435 436/436/436
f 428/428/428 436/436/436 429/429/429
f 428/428/428 434/434/434 435/435/435
f 429/429/429 433/433/433 431/431/431
f 429/429/429 436/436/436 433/433/433
f 430/430/430 432/432/432 418/418/418
f 431/431/431 433/433/433 432/432/432
f 433/433/433 437/437/437 438/438/438
f 433/433/433 436/436/436 437/437/437
f 434/434/434 439/439/439 435/435/435
f 434/434/434 440/440/440 439/439/439
f 435/435/435 439/439/439 437/437/437
f 435/435/435 437/437/437 436/436/436
f 437/437/437 441/441/441 438/438/438
f 437/437/437 439/439/439 441/441/441
f 438/438/438 441/441/441 442/442/442
f 439/439/439 443/443/443 441/441/441
f 439/439/439 440/440/440 443/443/443
f 440/440/440 444/444/444 443/443/443
f 445/445/445 446/446/446 447/447/447
f 445/445/445 448/448/448 446/446/446
f 445/445/445 447/447/447 449/449/449
f 445/445/445 450/450/450 448/448/448
f 445/445/445 449/449/449 451/451/451
f 445/445/445 451/451/451 450/450/450
f 446/446/446 448/448/448 452/452/452
f 446/446/446 452/452/452 453/453/453
f 446/446/446 454/454/454 455/455/455
f 446/446/446 455/455/455 447/447/447
f 446/446/446 453/453/453 454/454/454
f 447/447/447 456/456/456 449/449/449
f 447/447/447 455/455/455 456/456/456
f 448/448/448 457/457/457 458/458/458
f 448/448/448 458/458/458 452/452/452
f 448/448/448 450/450/450 457/457/457
f 449/449/449 456/456/456 459/459/459
f 449/449/449 459/459/459 460/460/460
f 449/449/449 460/460/460 451/451/451
f 451/451/451 460/460/460 461/461/461
f 451/451/451 461/461/461 462/462/462
f 451/451/451 462/462/462 450/450/450
f 453/453/453 452/452/452 463/463/463
f 453/453/453 464/464/464 454/454/454
f 453/453/453 463/463/463 464/464/464
f 454/454/454 465/465/465 455/455/455
f 454/454/454 464/464/464 465/465/465
f 458/458/458 466/466/466 467/467/467
f 458/458/458 457/457/457 466/466/466
f 458/458/458 468/468/468 452/452/452
f 458/458/458 467/467/467 468/468/468
f 460/460/460 469/469/469 470/470/470
f 460/460/460 470/470/470 461/461/461
f 460/460/460 459/459/459 469/469/469
f 462/462/462 471/471/471 450/450/450
f 466/466/466 472/472/472 467/467/467
f 466/466/466 457/457/457 473/473/473
f 467/467/467 472/472/472 474/474/474
f 467/467/467 475/475/475 468/468/468
f 467/467/467 474/474/474 475/475/475
f 452/452/452 468/468/468 463/463/463
f 468/468/468 476/476/476 463/463/463
f 468/468/468 475/475/475 476/476/476
f 470/470/470 469/469/469 477/477/477
f 471/471/471 457/457/457 450/450/450
f 471/471/471 473/473/473 457/457/457
f 472/472/472 478/478/478 474/474/474
f 474/474/474 478/478/478 479/479/479
f 474/474/474 480/480/480 475/475/475
f 474/474/474 479/479/479 480/480/480
f 475/475/475 481/481/481 476/476/476
f 475/475/475 480/480/480 481/481/481
f 463/463/463 482/482/482 464/464/464
f 463/463/463 476/476/476 482/482/482
f 476/476/476 483/483/483 482/482/482
f 476/476/476 481/481/481 483/483/483
f 477/477/477 469/469/469 484/484/484
f 477/477/477 484/484/484 485/485/485
f 478/478/478 486/486/486 479/479/479
f 481/481/481 487/487/487 483/483/483
f 482/482/482 488/488/488 489/489/489
f 482/482/482 483/483/483 488/488/488
f 482/482/482 489/489/489 464/464/464
f 464/464/464 489/489/489 490/490/490
f 464/464/464 490/490/490 465/465/465
f 483/483/483 491/491/491 488/488/488
f 483/483/483 487/487/487 491/491/491
f 469/469/469 459/459/459 492/492/492
f 469/469/469 492/492/492 484/484/484
f 485/485/485 484/484/484 493/493/493
f 484/484/484 492/492/492 494/494/494
f 484/484/484 494/494/494 493/493/493
f 488/488/488 495/495/495 496/496/496
f 488/488/488 496/496/496 489/489/489
f 488/488/488 491/491/491 495/495/495
f 489/489/489 496/496/496 497/497/497
f 489/489/489 497/497/497 490/490/490
f 490/490/490 497/497/497 498/498/498
f 490/490/490 498/498/498 465/465/465
f 465/465/465 499/499/499 455/455/455
f 465/465/465 500/500/500 499/499/499
f 465/465/465 498/498/498 500/500/500
f 491/491/491 501/501/501 495/495/495
f 459/459/459 456/456/456 502/502/502
f 459/459/459 502/502/502 492/492/492
f 493/493/493 494/494/494 503/503/503
f 496/496/496 504/504/504 505/505/505
f 496/496/496 495/495/495 504/504/504
f 496/496/496 505/505/505 497/497/497
f 497/497/497 506/506/506 498/498/498
f 497/497/497 505/505/505 506/506/506
f 499/499/499 507/507/507 508/508/508
f 499/499/499 508/508/508 455/455/455
f 499/499/499 500/500/500 507/507/507
f 455/455/455 508/508/508 456/456/456
f 500/500/500 498/498/498 509/509/509
f 500/500/500 509/509/509 510/510/510
f 500/500/500 510/510/510 507/507/507
f 501/501/501 511/511/511 495/495/495
f 456/456/456 508/508/508 512/512/512
f 456/456/456 512/512/512 502/502/502
f 503/503/503 513/513/513 514/514/514
f 503/503/503 494/494/494 513/513/513
f 508/508/508 507/507/507 512/512/512
f 507/507/507 515/515/515 512/512/512
f 507/507/507 510/510/510 516/516/516
f 507/507/507 516/516/516 515/515/515
f 510/510/510 517/517/517 516/516/516
f 510/510/510 509/509/509 517/517/517
f 511/511/511 504/504/504 495/495/495
f 511/511/511 518/518/518 519/519/519
f 511/511/511 519/519/519 504/504/504
f 512/512/512 515/515/515 520/520/520
f 512/512/512 520/520/520 502/502/502
f 514/514/514 513/513/513 521/521/521
f 494/494/494 522/522/522 513/513/513
f 494/494/494 492/492/492 522/522/522
f 516/516/516 523/523/523 524/524/524
f 516/516/516 517/517/517 523/523/523
f 516/516/516 524/524/524 515/515/515
f 504/504/504 519/519/519 525/525/525
f 504/504/504 525/525/525 505/505/505
f 518/518/518 526/526/526 519/519/519
f 519/519/519 526/526/526 527/527/527
f 519/519/519 527/527/527 525/525/525
f 502/502/502 522/522/522 492/492/492
f 502/502/502 520/520/520 522/522/522
f 521/521/521 528/528/528 529/529/529
f 521/521/521 530/530/530 528/528/528
f 521/521/521 513/513/513 530/530/530
f 522/522/522 520/520/520 530/530/530
f 522/522/522 530/530/530 513/513/513
f 505/505/505 531/531/531 506/506/506
f 505/505/505 525/525/525 531/531/531
f 526/526/526 532/532/532 533/533/533
f 526/526/526 533/533/533 527/527/527
f 527/527/527 533/533/533 534/534/534
f 527/527/527 534/534/534 535/535/535
f 527/527/527 535/535/535 525/525/525
f 529/529/529 528/528/528 536/536/536
f 530/530/530 537/537/537 528/528/528
f 530/530/530 520/520/520 537/537/537
f 520/520/520 515/515/515 537/537/537
f 506/506/506 538/538/538 498/498/498
f 506/506/506 531/531/531 538/538/538
f 534/534/534 539/539/539 535/535/535
f 535/535/535 539/539/539 540/540/540
f 535/535/535 540/540/540 525/525/525
f 525/525/525 540/540/540 531/531/531
f 536/536/536 541/541/541 542/542/542
f 536/536/536 543/543/543 541/541/541
f 536/536/536 528/528/528 543/543/543
f 537/537/537 524/524/524 543/543/543
f 537/537/537 543/543/543 528/528/528
f 537/537/537 515/515/515 524/524/524
f 538/538/538 509/509/509 498/498/498
f 538/538/538 531/531/531 544/544/544
f 538/538/538 544/544/544 509/509/509
f 539/539/539 545/545/545 540/540/540
f 540/540/540 545/545/545 546/546/546
f 540/540/540 544/544/544 531/531/531
f 540/540/540 546/546/546 544/544/544
f 541/541/541 543/543/543 547/547/547
f 541/541/541 547/547/547 548/548/548
f 541/541/541 548/548/548 542/542/542
f 542/542/542 548/548/548 549/549/549
f 543/543/543 524/524/524 547/547/547
f 524/524/524 523/523/523 547/547/547
f 509/509/509 544/544/544 550/550/550
f 509/509/509 550/550/550 517/517/517
f 544/544/544 546/546/546 550/550/550
f 545/545/545 551/551/551 552/552/552
f 545/545/545 552/552/552 546/546/546
f 546/546/546 552/552/552 550/550/550
f 547/547/547 523/523/523 553/553/553
f 547/547/547 553/553/553 554/554/554
f 547/547/547 554/554/554 548/548/548
f 549/549/549 548/548/548 555/555/555
f 548/548/548 556/556/556 557/557/557
f 548/548/548 554/554/554 556/556/556
f 548/548/548 557/557/557 555/555/555
f 523/523/523 517/517/517 558/558/558
f 523/523/523 558/558/558 553/553/553
f 550/550/550 552/552/552 558/558/558
f 550/550/550 558/558/558 517/517/517
f 551/551/551 559/559/559 552/552/552
f 552/552/552 559/559/559 560/560/560
f 552/552/552 560/560/560 558/558/558
f 553/553/553 561/561/561 554/554/554
f 553/553/553 558/558/558 560/560/560
f 553/553/553 560/560/560 561/561/561
f 554/554/554 561/561/561 556/556/556
f 555/555/555 557/557/557 562/562/562
f 556/556/556 561/561/561 563/563/563
f 556/556/556 563/563/563 564/564/564
f 556/556/556 564/564/564 557/557/557
f 557/557/557 564/564/564 565/565/565
f 557/557/557 565/565/565 562/562/562
f 559/559/559 563/563/563 560/560/560
f 560/560/560 563/563/563 561/561/561
f 562/562/562 565/565/565 566/566/566
f 562/562/562 566/566/566 567/567/567
f 563/563/563 568/568/568 569/569/569
f 563/563/563 569/569/569 564/564/564
f 564/564/564 569/569/569 565/565/565
f 565/565/565 569/569/569 566/566/566
f 566/566/566 570/570/570 571/571/571
f 566/566/566 569/569/569 570/570/570
f 566/566/566 571/571/571 567/567/567
f 567/567/567 571/571/571 572/572/572
f 568/568/568 573/573/573 570/570/570
f 568/568/568 570/570/570 569/569/569
f 574/574/574 575/575/575 576/576/576
f 574/574/574 576/576/576 577/577/577
f 574/574/574 578/578/578 575/575/575
f 574/574/574 577/577/577 579/579/579
f 574/574/574 580/580/580 578/578/578
f 574/574/574 579/579/579 580/580/580
f 575/575/575 581/581/581 582/582/582
f 575/575/575 582/582/582 576/576/576
f 575/575/575 583/583/583 581/581/581
f 575/575/575 578/578/578 583/583/583
f 576/576/576 582/582/582 584/584/584
f 576/576/576 584/584/584 585/585/585
f 576/576/576 585/585/585 577/577/577
f 577/577/577 585/585/585 586/586/586
f 577/577/577 586/586/586 587/587/587
f 577/577/577 587/587/587 579/579/579
f 578/578/578 588/588/588 583/583/583
f 578/578/578 589/589/589 588/588/588
f 578/578/578 580/580/580 589/589/589
f 580/580/580 579/579/579 590/590/590
f 580/580/580 591/591/591 589/589/589
f 580/580/580 590/590/590 591/591/591
f 582/582/582 581/581/581 592/592/592
f 582/582/582 592/592/592 593/593/593
f 582/582/582 593/593/593 584/584/584
f 586/586/586 594/594/594 587/587/587
f 587/587/587 594/594/594 595/595/595
f 587/587/587 596/596/596 579/579/579
f 587/587/587 595/595/595 596/596/596
f 589/589/589 597/597/597 598/598/598
f 589/589/589 591/591/591 597/597/597
f 589/589/589 598/598/598 588/588/588
f 590/590/590 579/579/579 596/596/596
f 592/592/592 599/599/599 600/600/600
f 592/592/592 600/600/600 593/593/593
f 592/592/592 601/601/601 599/599/599
f 592/592/592 581/581/581 601/601/601
f 594/594/594 602/602/602 595/595/595
f 597/597/597 603/603/603 598/598/598
f 598/598/598 603/603/603 604/604/604
f 598/598/598 605/605/605 588/588/588
f 598/598/598 604/604/604 605/605/605
f 600/600/600 599/599/599 606/606/606
f 599/599/599 601/601/601 607/607/607
f 599/599/599 607/607/607 608/608/608
f 599/599/599 608/608/608 606/606/606
f 601/601/601 609/609/609 607/607/607
f 601/601/601 610/610/610 609/609/609
f 601/601/601 581/581/581 610/610/610
f 581/581/581 583/583/583 610/610/610
f 603/603/603 611/611/611 604/604/604
f 604/604/604 611/611/611 612/612/612
f 604/604/604 613/613/613 605/605/605
f 604/604/604 612/612/612 613/613/613
f 588/588/588 614/614/614 583/583/583
f 588/588/588 605/605/605 614/614/614
f 605/605/605 615/615/615 614/614/614
f 605/605/605 613/613/613 615/615/615
f 606/606/606 608/608/608 616/616/616
f 606/606/606 616/616/616 617/617/617
f 608/608/608 618/618/618 616/616/616
f 608/608/608 607/607/607 618/618/618
f 610/610/610 614/614/614 619/619/619
f 610/610/610 583/583/583 614/614/614
f 610/610/610 619/619/619 609/609/609
f 611/611/611 620/620/620 612/612/612
f 612/612/612 620/620/620 621/621/621
f 612/612/612 622/622/622 613/613/613
f 612/612/612 621/621/621 622/622/622
f 613/613/613 623/623/623 615/615/615
f 613/613/613 622/622/622 623/623/623
f 614/614/614 615/615/615 619/619/619
f 615/615/615 624/624/624 619/619/619
f 615/615/615 623/623/623 624/624/624
f 617/617/617 616/616/616 625/625/625
f 616/616/616 626/626/626 625/625/625
f 616/616/616 627/627/627 626/626/626
f 616/616/616 618/618/618 627/627/627
f 618/618/618 628/628/628 627/627/627
f 618/618/618 629/629/629 628/628/628
f 618/618/618 607/607/607 629/629/629
f 619/619/619 624/624/624 630/630/630
f 619/619/619 630/630/630 609/609/609
f 620/620/620 631/631/631 621/621/621
f 624/624/624 623/623/623 632/632/632
f 624/624/624 632/632/632 633/633/633
f 624/624/624 633/633/633 630/630/630
f 625/625/625 626/626/626 634/634/634
f 627/627/627 628/628/628 635/635/635
f 627/627/627 635/635/635 636/636/636
f 627/627/627 636/636/636 626/626/626
f 607/607/607 609/609/609 629/629/629
f 629/629/629 630/630/630 637/637/637
f 629/629/629 609/609/609 630/630/630
f 629/629/629 637/637/637 628/628/628
f 628/628/628 638/638/638 635/635/635
f 628/628/628 637/637/637 638/638/638
f 630/630/630 633/633/633 637/637/637
f 631/631/631 639/639/639 621/621/621
f 631/631/631 640/640/640 639/639/639
f 633/633/633 641/641/641 642/642/642
f 633/633/633 642/642/642 637/637/637
f 633/633/633 632/632/632 641/641/641
f 634/634/634 626/626/626 643/643/643
f 634/634/634 643/643/643 644/644/644
f 637/637/637 642/642/642 638/638/638
f 638/638/638 645/645/645 646/646/646
f 638/638/638 646/646/646 635/635/635
f 638/638/638 642/642/642 645/645/645
f 621/621/621 647/647/647 622/622/622
f 621/621/621 639/639/639 647/647/647
f 640/640/640 648/648/648 639/639/639
f 642/642/642 641/641/641 649/649/649
f 642/642/642 649/649/649 645/645/645
f 626/626/626 636/636/636 643/643/643
f 643/643/643 650/650/650 644/644/644
f 643/643/643 636/636/636 651/651/651
f 643/643/643 651/651/651 650/650/650
f 644/644/644 650/650/650 652/652/652
f 645/645/645 653/653/653 654/654/654
f 645/645/645 654/654/654 646/646/646
f 645/645/645 649/649/649 653/653/653
f 622/622/622 655/655/655 623/623/623
f 622/622/622 647/647/647 655/655/655
f 648/648/648 656/656/656 657/657/657
f 648/648/648 657/657/657 639/639/639
f 636/636/636 658/658/658 651/651/651
f 636/636/636 635/635/635 658/658/658
f 652/652/652 650/650/650 659/659/659
f 655/655/655 632/632/632 623/623/623
f 655/655/655 660/660/660 632/632/632
f 655/655/655 661/661/661 660/660/660
f 655/655/655 647/647/647 661/661/661
f 656/656/656 662/662/662 663/663/663
f 656/656/656 663/663/663 657/657/657
f 639/639/639 657/657/657 647/647/647
f 657/657/657 663/663/663 661/661/661
f 657/657/657 661/661/661 647/647/647
f 635/635/635 646/646/646 658/658/658
f 658/658/658 664/664/664 651/651/651
f 658/658/658 665/665/665 664/664/664
f 658/658/658 646/646/646 665/665/665
f 659/659/659 666/666/666 667/667/667
f 659/659/659 650/650/650 666/666/666
f 632/632/632 660/660/660 641/641/641
f 661/661/661 668/668/668 660/660/660
f 661/661/661 663/663/663 668/668/668
f 662/662/662 669/669/669 670/670/670
f 662/662/662 670/670/670 663/663/663
f 663/663/663 670/670/670 668/668/668
f 646/646/646 654/654/654 665/665/665
f 651/651/651 664/664/664 666/666/666
f 651/651/651 666/666/666 650/650/650
f 664/664/664 671/671/671 666/666/666
f 664/664/664 665/665/665 672/672/672
f 665/665/665 673/673/673 672/672/672
f 665/665/665 654/654/654 673/673/673
f 666/666/666 671/671/671 667/667/667
f 667/667/667 671/671/671 674/674/674
f 641/641/641 675/675/675 649/649/649
f 641/641/641 660/660/660 675/675/675
f 669/669/669 676/676/676 677/677/677
f 669/669/669 677/677/677 670/670/670
f 670/670/670 677/677/677 678/678/678
f 670/670/670 678/678/678 668/668/668
f 654/654/654 653/653/653 679/679/679
f 654/654/654 679/679/679 673/673/673
f 672/672/672 673/673/673 680/680/680
f 673/673/673 679/679/679 681/681/681
f 673/673/673 681/681/681 680/680/680
f 649/649/649 675/675/675 682/682/682
f 649/649/649 682/682/682 653/653/653
f 660/660/660 668/668/668 675/675/675
f 675/675/675 678/678/678 682/682/682
f 675/675/675 668/668/668 678/678/678
f 676/676/676 683/683/683 684/684/684
f 676/676/676 684/684/684 677/677/677
f 677/677/677 684/684/684 685/685/685
f 677/677/677 685/685/685 678/678/678
f 678/678/678 685/685/685 682/682/682
f 653/653/653 686/686/686 679/679/679
f 653/653/653 682/682/682 686/686/686
f 679/679/679 687/687/687 681/681/681
f 679/679/679 686/686/686 687/687/687
f 680/680/680 681/681/681 688/688/688
f 681/681/681 689/689/689 688/688/688
f 681/681/681 687/687/687 689/689/689
f 682/682/682 685/685/685 686/686/686
f 683/683/683 690/690/690 691/691/691
f 683/683/683 691/691/691 684/684/684
f 684/684/684 691/691/691 692/692/692
f 684/684/684 692/692/692 685/685/685
f 685/685/685 692/692/692 686/686/686
f 686/686/686 692/692/692 687/687/687
f 687/687/687 692/692/692 693/693/693
f 687/687/687 693/693/693 689/689/689
f 688/688/688 689/689/689 694/694/694
f 689/689/689 693/693/693 695/695/695
f 689/689/689 695/695/695 694/694/694
f 690/690/690 696/696/696 697/697/697
f 690/690/690 697/697/697 691/691/691
f 691/691/691 697/697/697 693/693/693
f 691/691/691 693/693/693 692/692/692
f 693/693/693 697/697/697 695/695/695
f 694/694/694 695/695/695 698/698/698
f 695/695/695 699/699/699 698/698/698
f 695/695/695 697/697/697 699/699/699
f 696/696/696 700/700/700 699/699/699
f 696/696/696 699/699/699 697/697/697
f 698/698/698 699/699/699 701/701/701
f 699/699/699 700/700/700 701/701/701
f 700/700/700 702/702/702 701/701/701
f 703/703/703 704/704/704 705/705/705
f 703/703/703 706/706/706 704/704/704
f 703/703/703 705/705/705 707/707/707
f 703/703/703 708/708/708 706/706/706
f 703/703/703 707/707/707 709/709/709
f 703/703/703 709/709/709 708/708/708
f 704/704/704 710/710/710 711/711/711
f 704/704/704 712/712/712 710/710/710
f 704/704/704 711/711/711 705/705/705
f 704/704/704 706/706/706 712/712/712
f 705/705/705 711/711/711 713/713/713
f 705/705/705 713/713/713 714/714/714
f 705/705/705 714/714/714 707/707/707
f 706/706/706 715/715/715 712/712/712
f 706/706/706 716/716/716 715/715/715
f 706/706/706 708/708/708 716/716/716
f 707/707/707 714/714/714 717/717/717
f 707/707/707 717/717/717 718/718/718
f 707/707/707 718/718/718 709/709/709
f 709/709/709 719/719/719 708/708/708
f 709/709/709 718/718/718 720/720/720
f 709/709/709 720/720/720 719/719/719
f 710/710/710 721/721/721 711/711/711
f 711/711/711 721/721/721 722/722/722
f 711/711/711 722/722/722 713/713/713
f 713/713/713 723/723/723 714/714/714
f 713/713/713 722/722/722 724/724/724
f 713/713/713 724/724/724 723/723/723
f 714/714/714 723/723/723 725/725/725
f 714/714/714 725/725/725 717/717/717
f 715/715/715 716/716/716 726/726/726
f 717/717/717 725/725/725 727/727/727
f 717/717/717 727/727/727 728/728/728
f 717/717/717 728/728/728 718/718/718
f 718/718/718 728/728/728 729/729/729
f 718/718/718 729/729/729 720/720/720
f 719/719/719 730/730/730 708/708/708
f 721/721/721 731/731/731 722/722/722
f 722/722/722 731/731/731 732/732/732
f 722/722/722 732/732/732 724/724/724
f 724/724/724 733/733/733 734/734/734
f 724/724/724 732/732/732 733/733/733
f 724/724/724 734/734/734 723/723/723
f 726/726/726 716/716/716 735/735/735
f 726/726/726 735/735/735 736/736/736
f 729/729/729 728/728/728 737/737/737
f 728/728/728 738/738/738 737/737/737
f 728/728/728 727/727/727 738/738/738
f 730/730/730 716/716/716 708/708/708
f 730/730/730 735/735/735 716/716/716
f 731/731/731 739/739/739 732/732/732
f 732/732/732 739/739/739 740/740/740
f 732/732/732 740/740/740 733/733/733
f 733/733/733 741/741/741 734/734/734
f 733/733/733 740/740/740 742/742/742
f 733/733/733 742/742/742 741/741/741
f 734/734/734 741/741/741 743/743/743
f 734/734/734 743/743/743 744/744/744
f 734/734/734 744/744/744 723/723/723
f 737/737/737 738/738/738 745/745/745
f 738/738/738 746/746/746 745/745/745
f 738/738/738 727/727/727 747/747/747
f 738/738/738 747/747/747 746/746/746
f 739/739/739 748/748/748 740/740/740
f 739/739/739 749/749/749 748/748/748
f 740/740/740 748/748/748 742/742/742
f 742/742/742 750/750/750 751/751/751
f 742/742/742 748/748/748 750/750/750
f 742/742/742 751/751/751 741/741/741
f 744/744/744 752/752/752 725/725/725
f 744/744/744 725/725/725 723/723/723
f 744/744/744 743/743/743 752/752/752
f 745/745/745 746/746/746 753/753/753
f 746/746/746 754/754/754 753/753/753
f 746/746/746 747/747/747 755/755/755
f 746/746/746 755/755/755 754/754/754
f 727/727/727 725/725/725 756/756/756
f 727/727/727 756/756/756 747/747/747
f 747/747/747 756/756/756 757/757/757
f 747/747/747 757/757/757 755/755/755
f 749/749/749 758/758/758 748/748/748
f 748/748/748 758/758/758 759/759/759
f 748/748/748 759/759/759 750/750/750
f 725/725/725 752/752/752 756/756/756
f 753/753/753 754/754/754 760/760/760
f 754/754/754 761/761/761 760/760/760
f 754/754/754 755/755/755 762/762/762
f 754/754/754 762/762/762 761/761/761
f 755/755/755 757/757/757 763/763/763
f 755/755/755 763/763/763 762/762/762
f 756/756/756 752/752/752 757/757/757
f 757/757/757 752/752/752 764/764/764
f 757/757/757 764/764/764 763/763/763
f 758/758/758 765/765/765 759/759/759
f 759/759/759 765/765/765 766/766/766
f 759/759/759 767/767/767 750/750/750
f 759/759/759 766/766/766 767/767/767
f 760/760/760 761/761/761 768/768/768
f 761/761/761 769/769/769 768/768/768
f 761/761/761 762/762/762 770/770/770
f 761/761/761 770/770/770 769/769/769
f 762/762/762 763/763/763 771/771/771
f 762/762/762 771/771/771 770/770/770
f 763/763/763 764/764/764 772/772/772
f 763/763/763 772/772/772 771/771/771
f 765/765/765 773/773/773 766/766/766
f 766/766/766 773/773/773 774/774/774
f 766/766/766 775/775/775 767/767/767
f 766/766/766 774/774/774 775/775/775
f 767/767/767 775/775/775 776/776/776
f 767/767/767 776/776/776 777/777/777
f 767/767/767 777/777/777 750/750/750
f 750/750/750 777/777/777 751/751/751
f 769/769/769 770/770/770 778/778/778
f 770/770/770 771/771/771 779/779/779
f 770/770/770 779/779/779 778/778/778
f 771/771/771 772/772/772 780/780/780
f 771/771/771 780/780/780 779/779/779
f 772/772/772 764/764/764 781/781/781
f 772/772/772 782/782/782 780/780/780
f 772/772/772 781/781/781 782/782/782
f 773/773/773 783/783/783 774/774/774
f 777/777/777 784/784/784 785/785/785
f 777/777/777 785/785/785 751/751/751
f 777/777/777 776/776/776 784/784/784
f 751/751/751 785/785/785 786/786/786
f 751/751/751 786/786/786 741/741/741
f 778/778/778 779/779/779 787/787/787
f 779/779/779 780/780/780 788/788/788
f 779/779/779 788/788/788 787/787/787
f 780/780/780 782/782/782 788/788/788
f 764/764/764 752/752/752 789/789/789
f 764/764/764 789/789/789 790/790/790
f 764/764/764 790/790/790 781/781/781
f 783/783/783 791/791/791 774/774/774
f 785/785/785 784/784/784 792/792/792
f 785/785/785 792/792/792 793/793/793
f 785/785/785 793/793/793 786/786/786
f 786/786/786 793/793/793 743/743/743
f 786/786/786 743/743/743 741/741/741
f 787/787/787 788/788/788 794/794/794
f 788/788/788 782/782/782 795/795/795
f 788/788/788 795/795/795 794/794/794
f 752/752/752 743/743/743 789/789/789
f 789/789/789 793/793/793 790/790/790
f 789/789/789 743/743/743 793/793/793
f 790/790/790 793/793/793 796/796/796
f 790/790/790 796/796/796 781/781/781
f 791/791/791 797/797/797 798/798/798
f 791/791/791 798/798/798 774/774/774
f 774/774/774 798/798/798 775/775/775
f 793/793/793 792/792/792 796/796/796
f 794/794/794 795/795/795 799/799/799
f 782/782/782 781/781/781 800/800/800
f 782/782/782 800/800/800 801/801/801
f 782/782/782 801/801/801 795/795/795
f 795/795/795 801/801/801 802/802/802
f 795/795/795 802/802/802 799/799/799
f 781/781/781 796/796/796 800/800/800
f 796/796/796 792/792/792 803/803/803
f 796/796/796 804/804/804 800/800/800
f 796/796/796 803/803/803 804/804/804
f 797/797/797 805/805/805 806/806/806
f 797/797/797 806/806/806 798/798/798
f 798/798/798 806/806/806 807/807/807
f 798/798/798 807/807/807 775/775/775
f 775/775/775 807/807/807 776/776/776
f 799/799/799 802/802/802 808/808/808
f 800/800/800 809/809/809 801/801/801
f 800/800/800 804/804/804 809/809/809
f 801/801/801 809/809/809 802/802/802
f 802/802/802 809/809/809 810/810/810
f 802/802/802 810/810/810 808/808/808
f 792/792/792 811/811/811 803/803/803
f 792/792/792 784/784/784 811/811/811
f 803/803/803 811/811/811 812/812/812
f 803/803/803 812/812/812 804/804/804
f 804/804/804 813/813/813 809/809/809
f 804/804/804 812/812/812 813/813/813
f 807/807/807 814/814/814 815/815/815
f 807/807/807 815/815/815 776/776/776
f 776/776/776 815/815/815 784/784/784
f 808/808/808 810/810/810 816/816/816
f 809/809/809 813/813/813 817/817/817
f 809/809/809 817/817/817 810/810/810
f 810/810/810 817/817/817 818/818/818
f 810/810/810 818/818/818 816/816/816
f 811/811/811 819/819/819 812/812/812
f 811/811/811 815/815/815 819/819/819
f 811/811/811 784/784/784 815/815/815
f 812/812/812 819/819/819 820/820/820
f 812/812/812 820/820/820 813/813/813
f 813/813/813 821/821/821 817/817/817
f 813/813/813 820/820/820 821/821/821
f 814/814/814 822/822/822 819/819/819
f 814/814/814 819/819/819 815/815/815
f 816/816/816 818/818/818 823/823/823
f 817/817/817 821/821/821 824/824/824
f 817/817/817 824/824/824 818/818/818
f 818/818/818 824/824/824 825/825/825
f 818/818/818 825/825/825 823/823/823
f 819/819/819 822/822/822 820/820/820
f 820/820/820 822/822/822 826/826/826
f 820/820/820 826/826/826 821/821/821
f 821/821/821 827/827/827 824/824/824
f 821/821/821 826/826/826 827/827/827
f 823/823/823 825/825/825 828/828/828
f 824/824/824 829/829/829 825/825/825
f 824/824/824 827/827/827 829/829/829
f 825/825/825 829/829/829 830/830/830
f 825/825/825 830/830/830 828/828/828
f 828/828/828 830/830/830 831/831/831
f 832/832/832 833/833/833 834/834/834
f 832/832/832 834/834/834 835/835/835
f 832/832/832 835/835/835 836/836/836
f 833/833/833 837/837/837 838/838/838
f 833/833/833 838/838/838 834/834/834
f 834/834/834 839/839/839 835/835/835
f 834/834/834 838/838/838 840/840/840
f 834/834/834 840/840/840 839/839/839
f 835/835/835 839/839/839 841/841/841
f 835/835/835 841/841/841 842/842/842
f 835/835/835 842/842/842 836/836/836
f 836/836/836 842/842/842 843/843/843
f 836/836/836 843/843/843 844/844/844
f 837/837/837 845/845/845 838/838/838
f 838/838/838 846/846/846 840/840/840
f 838/838/838 845/845/845 846/846/846
f 839/839/839 847/847/847 841/841/841
f 839/839/839 840/840/840 848/848/848
f 839/839/839 848/848/848 847/847/847
f 840/840/840 849/849/849 850/850/850
f 840/840/840 850/850/850 848/848/848
f 840/840/840 846/846/846 849/849/849
f 841/841/841 847/847/847 851/851/851
f 841/841/841 851/851/851 852/852/852
f 841/841/841 852/852/852 842/842/842
f 842/842/842 852/852/852 843/843/843
f 844/844/844 843/843/843 853/853/853
f 845/845/845 854/854/854 855/855/855
f 845/845/845 855/855/855 846/846/846
f 846/846/846 855/855/855 856/856/856
f 846/846/846 856/856/856 849/849/849
f 847/847/847 857/857/857 851/851/851
f 847/847/847 848/848/848 858/858/858
f 847/847/847 858/858/858 857/857/857
f 848/848/848 850/850/850 859/859/859
f 848/848/848 859/859/859 858/858/858
f 849/849/849 856/856/856 860/860/860
f 849/849/849 860/860/860 850/850/850
f 850/850/850 860/860/860 859/859/859
f 851/851/851 857/857/857 861/861/861
f 851/851/851 861/861/861 862/862/862
f 851/851/851 862/862/862 852/852/852
f 852/852/852 863/863/863 843/843/843
f 852/852/852 862/862/862 863/863/863
f 853/853/853 843/843/843 864/864/864
f 854/854/854 865/865/865 855/855/855
f 855/855/855 866/866/866 856/856/856
f 855/855/855 865/865/865 866/866/866
f 858/858/858 859/859/859 867/867/867
f 858/858/858 868/868/868 857/857/857
f 858/858/858 867/867/867 868/868/868
f 860/860/860 856/856/856 869/869/869
f 860/860/860 869/869/869 870/870/870
f 860/860/860 870/870/870 859/859/859
f 862/862/862 861/861/861 863/863/863
f 863/863/863 864/864/864 843/843/843
f 863/863/863 861/861/861 864/864/864
f 861/861/861 857/857/857 871/871/871
f 861/861/861 871/871/871 864/864/864
f 865/865/865 872/872/872 873/873/873
f 865/865/865 874/874/874 872/872/872
f 865/865/865 873/873/873 866/866/866
f 867/867/867 859/859/859 875/875/875
f 868/868/868 871/871/871 857/857/857
f 870/870/870 869/869/869 876/876/876
f 870/870/870 876/876/876 877/877/877
f 870/870/870 875/875/875 859/859/859
f 870/870/870 877/877/877 875/875/875
f 873/873/873 878/878/878 879/879/879
f 873/873/873 872/872/872 878/878/878
f 873/873/873 880/880/880 866/866/866
f 873/873/873 879/879/879 880/880/880
f 874/874/874 881/881/881 882/882/882
f 874/874/874 882/882/882 872/872/872
f 876/876/876 869/869/869 883/883/883
f 876/876/876 883/883/883 884/884/884
f 876/876/876 884/884/884 885/885/885
f 876/876/876 885/885/885 877/877/877
f 880/880/880 886/886/886 887/887/887
f 880/880/880 887/887/887 888/888/888
f 880/880/880 888/888/888 866/866/866
f 880/880/880 879/879/879 886/886/886
f 866/866/866 889/889/889 856/856/856
f 866/866/866 888/888/888 890/890/890
f 866/866/866 890/890/890 889/889/889
f 881/881/881 885/885/885 891/891/891
f 881/881/881 891/891/891 882/882/882
f 885/885/885 892/892/892 891/891/891
f 885/885/885 893/893/893 894/894/894
f 885/885/885 894/894/894 892/892/892
f 885/885/885 884/884/884 893/893/893
f 888/888/888 887/887/887 895/895/895
f 888/888/888 895/895/895 896/896/896
f 888/888/888 896/896/896 890/890/890
f 889/889/889 869/869/869 856/856/856
f 889/889/889 890/890/890 869/869/869
f 890/890/890 897/897/897 869/869/869
f 890/890/890 898/898/898 897/897/897
f 890/890/890 896/896/896 898/898/898
f 892/892/892 899/899/899 891/891/891
f 892/892/892 894/894/894 900/900/900
f 892/892/892 900/900/900 899/899/899
f 893/893/893 901/901/901 894/894/894
f 893/893/893 884/884/884 901/901/901
f 894/894/894 901/901/901 902/902/902
f 894/894/894 902/902/902 900/900/900
f 895/895/895 903/903/903 904/904/904
f 895/895/895 904/904/904 896/896/896
f 895/895/895 887/887/887 903/903/903
f 896/896/896 905/905/905 898/898/898
f 896/896/896 904/904/904 905/905/905
f 869/869/869 897/897/897 883/883/883
f 900/900/900 906/906/906 907/907/907
f 900/900/900 902/902/902 906/906/906
f 900/900/900 907/907/907 899/899/899
f 884/884/884 883/883/883 908/908/908
f 884/884/884 908/908/908 901/901/901
f 902/902/902 901/901/901 909/909/909
f 902/902/902 909/909/909 906/906/906
f 901/901/901 910/910/910 909/909/909
f 901/901/901 908/908/908 911/911/911
f 904/904/904 903/903/903 912/912/912
f 904/904/904 912/912/912 913/913/913
f 904/904/904 913/913/913 905/905/905
f 887/887/887 886/886/886 914/914/914
f 887/887/887 914/914/914 903/903/903
f 907/907/907 906/906/906 915/915/915
f 907/907/907 916/916/916 899/899/899
f 910/910/910 917/917/917 918/918/918
f 910/910/910 918/918/918 909/909/909
f 911/911/911 908/908/908 919/919/919
f 911/911/911 919/919/919 920/920/920
f 886/886/886 921/921/921 922/922/922
f 886/886/886 922/922/922 914/914/914
f 886/886/886 879/879/879 921/921/921
f 914/914/914 922/922/922 923/923/923
f 914/914/914 923/923/923 903/903/903
f 903/903/903 923/923/923 912/912/912
f 915/915/915 906/906/906 924/924/924
f 915/915/915 924/924/924 925/925/925
f 917/917/917 926/926/926 927/927/927
f 917/917/917 927/927/927 918/918/918
f 920/920/920 928/928/928 929/929/929
f 920/920/920 919/919/919 928/928/928
f 879/879/879 930/930/930 921/921/921
f 879/879/879 878/878/878 930/930/930
f 912/912/912 931/931/931 932/932/932
f 912/912/912 932/932/932 913/913/913
f 912/912/912 923/923/923 931/931/931
f 906/906/906 909/909/909 924/924/924
f 924/924/924 933/933/933 925/925/925
f 924/924/924 909/909/909 933/933/933
f 925/925/925 933/933/933 934/934/934
f 929/929/929 928/928/928 935/935/935
f 929/929/929 935/935/935 936/936/936
f 878/878/878 872/872/872 937/937/937
f 878/878/878 938/938/938 930/930/930
f 878/878/878 937/937/937 938/938/938
f 913/913/913 932/932/932 939/939/939
f 913/913/913 939/939/939 940/940/940
f 913/913/913 940/940/940 905/905/905
f 909/909/909 918/918/918 933/933/933
f 934/934/934 933/933/933 941/941/941
f 933/933/933 942/942/942 941/941/941
f 933/933/933 918/918/918 942/942/942
f 936/936/936 943/943/943 944/944/944
f 936/936/936 935/935/935 943/943/943
f 872/872/872 882/882/882 945/945/945
f 872/872/872 945/945/945 937/937/937
f 905/905/905 946/946/946 898/898/898
f 905/905/905 947/947/947 946/946/946
f 905/905/905 940/940/940 947/947/947
f 918/918/918 927/927/927 948/948/948
f 918/918/918 948/948/948 942/942/942
f 941/941/941 942/942/942 949/949/949
f 942/942/942 950/950/950 949/949/949
f 942/942/942 948/948/948 950/950/950
f 944/944/944 943/943/943 951/951/951
f 944/944/944 951/951/951 952/952/952
f 945/945/945 953/953/953 937/937/937
f 945/945/945 954/954/954 953/953/953
f 945/945/945 882/882/882 954/954/954
f 898/898/898 946/946/946 955/955/955
f 898/898/898 955/955/955 897/897/897
f 948/948/948 927/927/927 956/956/956
f 948/948/948 956/956/956 950/950/950
f 949/949/949 957/957/957 958/958/958
f 949/949/949 950/950/950 957/957/957
f 950/950/950 956/956/956 957/957/957
f 951/951/951 943/943/943 959/959/959
f 951/951/951 959/959/959 960/960/960
f 951/951/951 960/960/960 952/952/952
f 952/952/952 961/961/961 962/962/962
f 952/952/952 960/960/960 961/961/961
f 897/897/897 963/963/963 883/883/883
f 897/897/897 955/955/955 963/963/963
f 958/958/958 957/957/957 964/964/964
f 957/957/957 965/965/965 964/964/964
f 957/957/957 966/966/966 965/965/965
f 957/957/957 956/956/956 966/966/966
f 943/943/943 967/967/967 959/959/959
f 943/943/943 935/935/935 968/968/968
f 943/943/943 968/968/968 967/967/967
f 962/962/962 961/961/961 969/969/969
f 963/963/963 970/970/970 883/883/883
f 963/963/963 955/955/955 970/970/970
f 883/883/883 971/971/971 908/908/908
f 883/883/883 970/970/970 971/971/971
f 964/964/964 965/965/965 972/972/972
f 935/935/935 928/928/928 968/968/968
f 968/968/968 973/973/973 974/974/974
f 968/968/968 928/928/928 973/973/973
f 968/968/968 974/974/974 967/967/967
f 969/969/969 961/961/961 975/975/975
f 970/970/970 976/976/976 971/971/971
f 970/970/970 977/977/977 976/976/976
f 970/970/970 955/955/955 977/977/977
f 908/908/908 971/971/971 919/919/919
f 972/972/972 965/965/965 978/978/978
f 972/972/972 978/978/978 979/979/979
f 928/928/928 980/980/980 973/973/973
f 928/928/928 919/919/919 980/980/980
f 961/961/961 960/960/960 981/981/981
f 961/961/961 981/981/981 982/982/982
f 961/961/961 982/982/982 975/975/975
f 975/975/975 982/982/982 983/983/983
f 919/919/919 971/971/971 980/980/980
f 965/965/965 984/984/984 978/978/978
f 965/965/965 966/966/966 984/984/984
f 978/978/978 985/985/985 979/979/979
f 978/978/978 986/986/986 985/985/985
f 978/978/978 984/984/984 986/986/986
f 979/979/979 985/985/985 987/987/987
f 979/979/979 987/987/987 988/988/988
f 980/980/980 971/971/971 989/989/989
f 980/980/980 989/989/989 973/973/973
f 982/982/982 990/990/990 983/983/983
f 982/982/982 981/981/981 990/990/990
f 983/983/983 991/991/991 992/992/992
f 983/983/983 990/990/990 991/991/991
f 971/971/971 993/993/993 989/989/989
f 971/971/971 976/976/976 993/993/993
f 988/988/988 987/987/987 994/994/994
f 988/988/988 994/994/994 995/995/995
f 973/973/973 996/996/996 974/974/974
f 973/973/973 989/989/989 996/996/996
f 990/990/990 997/997/997 991/991/991
f 990/990/990 998/998/998 997/997/997
f 990/990/990 981/981/981 998/998/998
f 992/992/992 991/991/991 999/999/999
f 991/991/991 1000/1000/1000 999/999/999
f 991/991/991 997/997/997 1000/1000/1000
f 993/993/993 1001/1001/1001 989/989/989
f 993/993/993 976/976/976 1001/1001/1001
f 995/995/995 994/994/994 1002/1002/1002
f 995/995/995 1002/1002/1002 1003/1003/1003
f 997/997/997 998/998/998 967/967/967
f 997/997/997 974/974/974 1000/1000/1000
f 997/997/997 967/967/967 974/974/974
f 974/974/974 996/996/996 1004/1004/1004
f 974/974/974 1004/1004/1004 1000/1000/1000
f 998/998/998 959/959/959 967/967/967
f 998/998/998 1005/1005/1005 959/959/959
f 998/998/998 981/981/981 1005/1005/1005
f 981/981/981 960/960/960 1005/1005/1005
f 999/999/999 1000/1000/1000 1006/1006/1006
f 1000/1000/1000 1004/1004/1004 1006/1006/1006
f 989/989/989 1001/1001/1001 1007/1007/1007
f 989/989/989 1007/1007/1007 996/996/996
f 1003/1003/1003 1008/1008/1008 1009/1009/1009
f 1003/1003/1003 1002/1002/1002 1008/1008/1008
f 1004/1004/1004 1007/1007/1007 1010/1010/1010
f 1004/1004/1004 1010/1010/1010 1006/1006/1006
f 1004/1004/1004 996/996/996 1007/1007/1007
f 959/959/959 1005/1005/1005 960/960/960
f 1007/1007/1007 1001/1001/1001 926/926/926
f 1007/1007/1007 926/926/926 1010/1010/1010
f 1008/1008/1008 1002/1002/1002 1011/1011/1011
f 1008/1008/1008 1012/1012/1012 1009/1009/1009
f 1008/1008/1008 1013/1013/1013 1012/1012/1012
f 1008/1008/1008 1011/1011/1011 1013/1013/1013
f 1001/1001/1001 1014/1014/1014 1015/1015/1015
f 1001/1001/1001 976/976/976 1014/1014/1014
f 1001/1001/1001 1015/1015/1015 1016/1016/1016
f 1001/1001/1001 1016/1016/1016 926/926/926
f 926/926/926 1016/1016/1016 927/927/927
f 1002/1002/1002 1017/1017/1017 1011/1011/1011
f 1002/1002/1002 994/994/994 1017/1017/1017
f 1011/1011/1011 1017/1017/1017 1018/1018/1018
f 1011/1011/1011 1018/1018/1018 1019/1019/1019
f 1011/1011/1011 1019/1019/1019 1013/1013/1013
f 1012/1012/1012 1013/1013/1013 1020/1020/1020
f 1013/1013/1013 1021/1021/1021 1020/1020/1020
f 1013/1013/1013 1019/1019/1019 1021/1021/1021
f 976/976/976 1022/1022/1022 1014/1014/1014
f 976/976/976 977/977/977 1022/1022/1022
f 1016/1016/1016 1023/1023/1023 1024/1024/1024
f 1016/1016/1016 1024/1024/1024 927/927/927
f 1016/1016/1016 1015/1015/1015 1023/1023/1023
f 927/927/927 1024/1024/1024 956/956/956
f 994/994/994 1025/1025/1025 1017/1017/1017
f 994/994/994 987/987/987 1025/1025/1025
f 1020/1020/1020 1021/1021/1021 1026/1026/1026
f 1021/1021/1021 1027/1027/1027 1026/1026/1026
f 1021/1021/1021 1019/1019/1019 1028/1028/1028
f 1021/1021/1021 1028/1028/1028 1027/1027/1027
f 977/977/977 955/955/955 1029/1029/1029
f 977/977/977 1030/1030/1030 1022/1022/1022
f 977/977/977 1029/1029/1029 1030/1030/1030
f 1024/1024/1024 1031/1031/1031 1032/1032/1032
f 1024/1024/1024 1023/1023/1023 1031/1031/1031
f 1024/1024/1024 1032/1032/1032 956/956/956
f 956/956/956 1032/1032/1032 966/966/966
f 987/987/987 1033/1033/1033 1025/1025/1025
f 987/987/987 985/985/985 1033/1033/1033
f 1026/1026/1026 1027/1027/1027 1034/1034/1034
f 955/955/955 1035/1035/1035 1029/1029/1029
f 955/955/955 946/946/946 1035/1035/1035
f 1029/1029/1029 1036/1036/1036 1030/1030/1030
f 1029/1029/1029 1035/1035/1035 1037/1037/1037
f 1029/1029/1029 1037/1037/1037 1036/1036/1036
f 1032/1032/1032 1038/1038/1038 966/966/966
f 1032/1032/1032 1031/1031/1031 1038/1038/1038
f 966/966/966 1038/1038/1038 984/984/984
f 1033/1033/1033 1039/1039/1039 1040/1040/1040
f 1033/1033/1033 1040/1040/1040 1025/1025/1025
f 1033/1033/1033 985/985/985 1039/1039/1039
f 985/985/985 986/986/986 1039/1039/1039
f 1035/1035/1035 946/946/946 1037/1037/1037
f 946/946/946 947/947/947 1037/1037/1037
f 1036/1036/1036 1037/1037/1037 1041/1041/1041
f 1036/1036/1036 1041/1041/1041 1042/1042/1042
f 1036/1036/1036 1042/1042/1042 1030/1030/1030
f 984/984/984 1038/1038/1038 986/986/986
f 1038/1038/1038 1043/1043/1043 986/986/986
f 1038/1038/1038 1031/1031/1031 1044/1044/1044
f 1038/1038/1038 1044/1044/1044 1043/1043/1043
f 1025/1025/1025 1045/1045/1045 1017/1017/1017
f 1025/1025/1025 1040/1040/1040 1045/1045/1045
f 986/986/986 1043/1043/1043 1039/1039/1039
f 947/947/947 1046/1046/1046 1037/1037/1037
f 947/947/947 940/940/940 1046/1046/1046
f 1030/1030/1030 1047/1047/1047 1048/1048/1048
f 1030/1030/1030 1042/1042/1042 1047/1047/1047
f 1030/1030/1030 1048/1048/1048 1022/1022/1022
f 1031/1031/1031 1049/1049/1049 1044/1044/1044
f 1031/1031/1031 1023/1023/1023 1049/1049/1049
f 1017/1017/1017 1045/1045/1045 1050/1050/1050
f 1017/1017/1017 1050/1050/1050 1018/1018/1018
f 1037/1037/1037 1051/1051/1051 1041/1041/1041
f 1037/1037/1037 1046/1046/1046 1051/1051/1051
f 940/940/940 1052/1052/1052 1046/1046/1046
f 940/940/940 939/939/939 1052/1052/1052
f 1022/1022/1022 1048/1048/1048 1053/1053/1053
f 1022/1022/1022 1053/1053/1053 1014/1014/1014
f 1023/1023/1023 1015/1015/1015 1054/1054/1054
f 1023/1023/1023 1054/1054/1054 1049/1049/1049
f 1018/1018/1018 1050/1050/1050 1055/1055/1055
f 1018/1018/1018 1055/1055/1055 1056/1056/1056
f 1018/1018/1018 1056/1056/1056 1019/1019/1019
f 1051/1051/1051 1057/1057/1057 1041/1041/1041
f 1051/1051/1051 1046/1046/1046 1057/1057/1057
f 939/939/939 932/932/932 1058/1058/1058
f 939/939/939 1058/1058/1058 1059/1059/1059
f 939/939/939 1059/1059/1059 1052/1052/1052
f 1014/1014/1014 1060/1060/1060 1015/1015/1015
f 1014/1014/1014 1053/1053/1053 1060/1060/1060
f 1015/1015/1015 1060/1060/1060 1054/1054/1054
f 1054/1054/1054 1060/1060/1060 1061/1061/1061
f 1054/1054/1054 1062/1062/1062 1049/1049/1049
f 1054/1054/1054 1061/1061/1061 1062/1062/1062
f 1019/1019/1019 1063/1063/1063 1028/1028/1028
f 1019/1019/1019 1056/1056/1056 1063/1063/1063
f 1046/1046/1046 1064/1064/1064 1057/1057/1057
f 1046/1046/1046 1052/1052/1052 1064/1064/1064
f 1058/1058/1058 932/932/932 1065/1065/1065
f 1058/1058/1058 1066/1066/1066 1059/1059/1059
f 1058/1058/1058 1065/1065/1065 1066/1066/1066
f 1060/1060/1060 1067/1067/1067 1061/1061/1061
f 1060/1060/1060 1053/1053/1053 1067/1067/1067
f 1061/1061/1061 1068/1068/1068 1062/1062/1062
f 1061/1061/1061 1067/1067/1067 1068/1068/1068
f 1049/1049/1049 1062/1062/1062 1069/1069/1069
f 1049/1049/1049 1069/1069/1069 1044/1044/1044
f 1028/1028/1028 1070/1070/1070 1071/1071/1071
f 1028/1028/1028 1063/1063/1063 1070/1070/1070
f 1028/1028/1028 1071/1071/1071 1027/1027/1027
f 1052/1052/1052 1072/1072/1072 1064/1064/1064
f 1052/1052/1052 1059/1059/1059 1072/1072/1072
f 1067/1067/1067 1048/1048/1048 1073/1073/1073
f 1067/1067/1067 1053/1053/1053 1048/1048/1048
f 1067/1067/1067 1073/1073/1073 1068/1068/1068
f 1044/1044/1044 1074/1074/1074 1043/1043/1043
f 1044/1044/1044 1069/1069/1069 1074/1074/1074
f 1071/1071/1071 1070/1070/1070 1075/1075/1075
f 1071/1071/1071 1075/1075/1075 1076/1076/1076
f 1071/1071/1071 1076/1076/1076 1027/1027/1027
f 1027/1027/1027 1076/1076/1076 1034/1034/1034
f 1072/1072/1072 1077/1077/1077 1064/1064/1064
f 1072/1072/1072 1059/1059/1059 1078/1078/1078
f 1072/1072/1072 1078/1078/1078 1077/1077/1077
f 1059/1059/1059 1066/1066/1066 1079/1079/1079
f 1059/1059/1059 1079/1079/1079 1078/1078/1078
f 1048/1048/1048 1047/1047/1047 1073/1073/1073
f 1043/1043/1043 1080/1080/1080 1039/1039/1039
f 1043/1043/1043 1074/1074/1074 1080/1080/1080
f 1076/1076/1076 1081/1081/1081 1034/1034/1034
f 1076/1076/1076 1082/1082/1082 1081/1081/1081
f 1076/1076/1076 1075/1075/1075 1082/1082/1082
f 1034/1034/1034 1081/1081/1081 1083/1083/1083
f 1064/1064/1064 1077/1077/1077 1084/1084/1084
f 1064/1064/1064 1084/1084/1084 1057/1057/1057
f 1066/1066/1066 1065/1065/1065 1085/1085/1085
f 1066/1066/1066 1085/1085/1085 1086/1086/1086
f 1066/1066/1066 1086/1086/1086 1079/1079/1079
f 1079/1079/1079 1087/1087/1087 1078/1078/1078
f 1079/1079/1079 1086/1086/1086 1087/1087/1087
f 1039/1039/1039 1080/1080/1080 1040/1040/1040
f 1083/1083/1083 1088/1088/1088 1089/1089/1089
f 1083/1083/1083 1081/1081/1081 1088/1088/1088
f 1065/1065/1065 932/932/932 1090/1090/1090
f 1065/1065/1065 1091/1091/1091 1085/1085/1085
f 1065/1065/1065 1090/1090/1090 1091/1091/1091
f 1085/1085/1085 1092/1092/1092 1086/1086/1086
f 1085/1085/1085 1093/1093/1093 1092/1092/1092
f 1085/1085/1085 1091/1091/1091 1093/1093/1093
f 1078/1078/1078 1087/1087/1087 1094/1094/1094
f 1078/1078/1078 1094/1094/1094 1077/1077/1077
f 1040/1040/1040 1095/1095/1095 1096/1096/1096
f 1040/1040/1040 1080/1080/1080 1095/1095/1095
f 1040/1040/1040 1096/1096/1096 1045/1045/1045
f 1089/1089/1089 1088/1088/1088 1097/1097/1097
f 1089/1089/1089 1097/1097/1097 1098/1098/1098
f 932/932/932 931/931/931 1090/1090/1090
f 1077/1077/1077 1099/1099/1099 1084/1084/1084
f 1077/1077/1077 1094/1094/1094 1099/1099/1099
f 1096/1096/1096 1100/1100/1100 1045/1045/1045
f 1096/1096/1096 1101/1101/1101 1102/1102/1102
f 1096/1096/1096 1095/1095/1095 1101/1101/1101
f 1096/1096/1096 1102/1102/1102 1100/1100/1100
f 1080/1080/1080 1074/1074/1074 1095/1095/1095
f 1045/1045/1045 1100/1100/1100 1050/1050/1050
f 1098/1098/1098 1097/1097/1097 1103/1103/1103
f 931/931/931 1104/1104/1104 1105/1105/1105
f 931/931/931 1105/1105/1105 1090/1090/1090
f 931/931/931 923/923/923 1104/1104/1104
f 1100/1100/1100 1106/1106/1106 1050/1050/1050
f 1100/1100/1100 1102/1102/1102 1107/1107/1107
f 1100/1100/1100 1107/1107/1107 1106/1106/1106
f 1102/1102/1102 1108/1108/1108 1109/1109/1109
f 1102/1102/1102 1101/1101/1101 1108/1108/1108
f 1102/1102/1102 1109/1109/1109 1107/1107/1107
f 1074/1074/1074 1069/1069/1069 1110/1110/1110
f 1074/1074/1074 1110/1110/1110 1095/1095/1095
f 1050/1050/1050 1106/1106/1106 1055/1055/1055
f 1090/1090/1090 1105/1105/1105 1091/1091/1091
f 923/923/923 1111/1111/1111 1104/1104/1104
f 923/923/923 922/922/922 1111/1111/1111
f 1107/1107/1107 1112/1112/1112 1113/1113/1113
f 1107/1107/1107 1109/1109/1109 1112/1112/1112
f 1107/1107/1107 1113/1113/1113 1106/1106/1106
f 1109/1109/1109 1114/1114/1114 1112/1112/1112
f 1109/1109/1109 1115/1115/1115 1114/1114/1114
f 1109/1109/1109 1108/1108/1108 1115/1115/1115
f 1069/1069/1069 1062/1062/1062 1116/1116/1116
f 1069/1069/1069 1116/1116/1116 1110/1110/1110
f 1095/1095/1095 1110/1110/1110 1101/1101/1101
f 1091/1091/1091 1105/1105/1105 1117/1117/1117
f 1091/1091/1091 1117/1117/1117 1093/1093/1093
f 1112/1112/1112 1118/1118/1118 1113/1113/1113
f 1112/1112/1112 1119/1119/1119 1118/1118/1118
f 1112/1112/1112 1114/1114/1114 1119/1119/1119
f 1114/1114/1114 1120/1120/1120 1121/1121/1121
f 1114/1114/1114 1115/1115/1115 1120/1120/1120
f 1114/1114/1114 1121/1121/1121 1119/1119/1119
f 1062/1062/1062 1122/1122/1122 1116/1116/1116
f 1062/1062/1062 1068/1068/1068 1122/1122/1122
f 1101/1101/1101 1123/1123/1123 1108/1108/1108
f 1101/1101/1101 1110/1110/1110 1123/1123/1123
f 1093/1093/1093 1117/1117/1117 1124/1124/1124
f 1093/1093/1093 1125/1125/1125 1092/1092/1092
f 1093/1093/1093 1124/1124/1124 1125/1125/1125
f 1122/1122/1122 1126/1126/1126 1127/1127/1127
f 1122/1122/1122 1068/1068/1068 1126/1126/1126
f 1122/1122/1122 1127/1127/1127 1116/1116/1116
f 1068/1068/1068 1073/1073/1073 1128/1128/1128
f 1068/1068/1068 1128/1128/1128 1126/1126/1126
f 1108/1108/1108 1129/1129/1129 1115/1115/1115
f 1108/1108/1108 1123/1123/1123 1129/1129/1129
f 1110/1110/1110 1116/1116/1116 1123/1123/1123
f 1125/1125/1125 1124/1124/1124 1130/1130/1130
f 1125/1125/1125 1131/1131/1131 1092/1092/1092
f 1125/1125/1125 1130/1130/1130 1131/1131/1131
f 1092/1092/1092 1131/1131/1131 1132/1132/1132
f 1092/1092/1092 1132/1132/1132 1086/1086/1086
f 1116/1116/1116 1127/1127/1127 1123/1123/1123
f 1073/1073/1073 1133/1133/1133 1128/1128/1128
f 1073/1073/1073 1047/1047/1047 1133/1133/1133
f 1128/1128/1128 1133/1133/1133 1134/1134/1134
f 1128/1128/1128 1135/1135/1135 1126/1126/1126
f 1128/1128/1128 1134/1134/1134 1135/1135/1135
f 1115/1115/1115 1136/1136/1136 1120/1120/1120
f 1115/1115/1115 1129/1129/1129 1136/1136/1136
f 1132/1132/1132 1131/1131/1131 1137/1137/1137
f 1132/1132/1132 1137/1137/1137 1138/1138/1138
f 1132/1132/1132 1138/1138/1138 1086/1086/1086
f 1086/1086/1086 1138/1138/1138 1087/1087/1087
f 1123/1123/1123 1127/1127/1127 1129/1129/1129
f 1047/1047/1047 1139/1139/1139 1133/1133/1133
f 1047/1047/1047 1042/1042/1042 1139/1139/1139
f 1126/1126/1126 1140/1140/1140 1127/1127/1127
f 1126/1126/1126 1135/1135/1135 1140/1140/1140
f 1136/1136/1136 1129/1129/1129 1140/1140/1140
f 1136/1136/1136 1140/1140/1140 1141/1141/1141
f 1136/1136/1136 1141/1141/1141 1120/1120/1120
f 1120/1120/1120 1141/1141/1141 1142/1142/1142
f 1120/1120/1120 1142/1142/1142 1121/1121/1121
f 1138/1138/1138 1143/1143/1143 1087/1087/1087
f 1138/1138/1138 1137/1137/1137 1143/1143/1143
f 1087/1087/1087 1143/1143/1143 1094/1094/1094
f 1127/1127/1127 1140/1140/1140 1129/1129/1129
f 1139/1139/1139 1144/1144/1144 1133/1133/1133
f 1139/1139/1139 1145/1145/1145 1144/1144/1144
f 1139/1139/1139 1146/1146/1146 1145/1145/1145
f 1139/1139/1139 1042/1042/1042 1146/1146/1146
f 1042/1042/1042 1041/1041/1041 1146/1146/1146
f 1140/1140/1140 1135/1135/1135 1147/1147/1147
f 1140/1140/1140 1147/1147/1147 1141/1141/1141
f 1143/1143/1143 1148/1148/1148 1094/1094/1094
f 1143/1143/1143 1137/1137/1137 1149/1149/1149
f 1143/1143/1143 1149/1149/1149 1148/1148/1148
f 1094/1094/1094 1148/1148/1148 1099/1099/1099
f 1133/1133/1133 1144/1144/1144 1150/1150/1150
f 1133/1133/1133 1150/1150/1150 1134/1134/1134
f 1146/1146/1146 1151/1151/1151 1152/1152/1152
f 1146/1146/1146 1041/1041/1041 1151/1151/1151
f 1146/1146/1146 1152/1152/1152 1145/1145/1145
f 1041/1041/1041 1057/1057/1057 1151/1151/1151
f 1147/1147/1147 1153/1153/1153 1141/1141/1141
f 1147/1147/1147 1135/1135/1135 1153/1153/1153
f 1137/1137/1137 1131/1131/1131 1154/1154/1154
f 1137/1137/1137 1154/1154/1154 1149/1149/1149
f 1099/1099/1099 1155/1155/1155 1084/1084/1084
f 1099/1099/1099 1148/1148/1148 1155/1155/1155
f 1134/1134/1134 1156/1156/1156 1135/1135/1135
f 1134/1134/1134 1150/1150/1150 1156/1156/1156
f 1057/1057/1057 1157/1157/1157 1151/1151/1151
f 1057/1057/1057 1158/1158/1158 1157/1157/1157
f 1057/1057/1057 1084/1084/1084 1158/1158/1158
f 1141/1141/1141 1153/1153/1153 1159/1159/1159
f 1141/1141/1141 1159/1159/1159 1160/1160/1160
f 1141/1141/1141 1160/1160/1160 1142/1142/1142
f 1084/1084/1084 1155/1155/1155 1158/1158/1158
f 1148/1148/1148 1161/1161/1161 1155/1155/1155
f 1148/1148/1148 1149/1149/1149 1161/1161/1161
f 1135/1135/1135 1156/1156/1156 1153/1153/1153
f 1156/1156/1156 1162/1162/1162 1153/1153/1153
f 1156/1156/1156 1150/1150/1150 1163/1163/1163
f 1156/1156/1156 1163/1163/1163 1162/1162/1162
f 1158/1158/1158 1164/1164/1164 1157/1157/1157
f 1158/1158/1158 1165/1165/1165 1164/1164/1164
f 1158/1158/1158 1155/1155/1155 1165/1165/1165
f 1142/1142/1142 1160/1160/1160 1166/1166/1166
f 1142/1142/1142 1166/1166/1166 1121/1121/1121
f 1149/1149/1149 1167/1167/1167 1168/1168/1168
f 1149/1149/1149 1154/1154/1154 1167/1167/1167
f 1149/1149/1149 1168/1168/1168 1161/1161/1161
f 1153/1153/1153 1162/1162/1162 1169/1169/1169
f 1153/1153/1153 1169/1169/1169 1159/1159/1159
f 1150/1150/1150 1170/1170/1170 1163/1163/1163
f 1150/1150/1150 1144/1144/1144 1170/1170/1170
f 1165/1165/1165 1171/1171/1171 1164/1164/1164
f 1165/1165/1165 1155/1155/1155 1171/1171/1171
f 1155/1155/1155 1161/1161/1161 1171/1171/1171
f 1121/1121/1121 1172/1172/1172 1119/1119/1119
f 1121/1121/1121 1166/1166/1166 1173/1173/1173
f 1121/1121/1121 1173/1173/1173 1172/1172/1172
f 1154/1154/1154 1131/1131/1131 1174/1174/1174
f 1154/1154/1154 1174/1174/1174 1167/1167/1167
f 1159/1159/1159 1169/1169/1169 1175/1175/1175
f 1159/1159/1159 1175/1175/1175 1160/1160/1160
f 1144/1144/1144 1145/1145/1145 1170/1170/1170
f 1171/1171/1171 1176/1176/1176 1164/1164/1164
f 1171/1171/1171 1177/1177/1177 1176/1176/1176
f 1171/1171/1171 1161/1161/1161 1177/1177/1177
f 1161/1161/1161 1168/1168/1168 1177/1177/1177
f 1119/1119/1119 1172/1172/1172 1178/1178/1178
f 1119/1119/1119 1178/1178/1178 1118/1118/1118
f 1131/1131/1131 1179/1179/1179 1174/1174/1174
f 1131/1131/1131 1130/1130/1130 1179/1179/1179
f 1160/1160/1160 1180/1180/1180 1166/1166/1166
f 1160/1160/1160 1175/1175/1175 1181/1181/1181
f 1160/1160/1160 1181/1181/1181 1180/1180/1180
f 1164/1164/1164 1182/1182/1182 1157/1157/1157
f 1164/1164/1164 1183/1183/1183 1182/1182/1182
f 1164/1164/1164 1176/1176/1176 1183/1183/1183
f 1118/1118/1118 1184/1184/1184 1113/1113/1113
f 1118/1118/1118 1185/1185/1185 1184/1184/1184
f 1118/1118/1118 1178/1178/1178 1185/1185/1185
f 1179/1179/1179 1130/1130/1130 1186/1186/1186
f 1179/1179/1179 1186/1186/1186 1174/1174/1174
f 1166/1166/1166 1180/1180/1180 1173/1173/1173
f 1182/1182/1182 1187/1187/1187 1157/1157/1157
f 1182/1182/1182 1183/1183/1183 1188/1188/1188
f 1182/1182/1182 1188/1188/1188 1187/1187/1187
f 1157/1157/1157 1187/1187/1187 1151/1151/1151
f 1183/1183/1183 1189/1189/1189 1188/1188/1188
f 1183/1183/1183 1176/1176/1176 1190/1190/1190
f 1183/1183/1183 1190/1190/1190 1189/1189/1189
f 1113/1113/1113 1184/1184/1184 1191/1191/1191
f 1113/1113/1113 1191/1191/1191 1106/1106/1106
f 1174/1174/1174 1186/1186/1186 1192/1192/1192
f 1174/1174/1174 1192/1192/1192 1193/1193/1193
f 1174/1174/1174 1193/1193/1193 1167/1167/1167
f 1188/1188/1188 1194/1194/1194 1195/1195/1195
f 1188/1188/1188 1189/1189/1189 1194/1194/1194
f 1188/1188/1188 1195/1195/1195 1187/1187/1187
f 1151/1151/1151 1187/1187/1187 1152/1152/1152
f 1187/1187/1187 1195/1195/1195 1152/1152/1152
f 1176/1176/1176 1177/1177/1177 1196/1196/1196
f 1176/1176/1176 1196/1196/1196 1190/1190/1190
f 1106/1106/1106 1191/1191/1191 1055/1055/1055
f 1193/1193/1193 1197/1197/1197 1167/1167/1167
f 1193/1193/1193 1198/1198/1198 1199/1199/1199
f 1193/1193/1193 1199/1199/1199 1197/1197/1197
f 1193/1193/1193 1192/1192/1192 1198/1198/1198
f 1167/1167/1167 1197/1197/1197 1200/1200/1200
f 1167/1167/1167 1200/1200/1200 1168/1168/1168
f 1195/1195/1195 1201/1201/1201 1145/1145/1145
f 1195/1195/1195 1194/1194/1194 1201/1201/1201
f 1195/1195/1195 1145/1145/1145 1152/1152/1152
f 1177/1177/1177 1202/1202/1202 1196/1196/1196
f 1177/1177/1177 1168/1168/1168 1202/1202/1202
f 1196/1196/1196 1202/1202/1202 1203/1203/1203
f 1196/1196/1196 1204/1204/1204 1190/1190/1190
f 1196/1196/1196 1203/1203/1203 1204/1204/1204
f 1055/1055/1055 1205/1205/1205 1056/1056/1056
f 1055/1055/1055 1191/1191/1191 1205/1205/1205
f 1168/1168/1168 1200/1200/1200 1202/1202/1202
f 1200/1200/1200 1197/1197/1197 1206/1206/1206
f 1200/1200/1200 1206/1206/1206 1202/1202/1202
f 1201/1201/1201 1207/1207/1207 1170/1170/1170
f 1201/1201/1201 1170/1170/1170 1145/1145/1145
f 1201/1201/1201 1194/1194/1194 1207/1207/1207
f 1202/1202/1202 1206/1206/1206 1203/1203/1203
f 1203/1203/1203 1206/1206/1206 1208/1208/1208
f 1203/1203/1203 1208/1208/1208 1204/1204/1204
f 1190/1190/1190 1204/1204/1204 1209/1209/1209
f 1190/1190/1190 1209/1209/1209 1210/1210/1210
f 1190/1190/1190 1210/1210/1210 1189/1189/1189
f 1056/1056/1056 1205/1205/1205 1211/1211/1211
f 1056/1056/1056 1211/1211/1211 1063/1063/1063
f 1191/1191/1191 1184/1184/1184 1212/1212/1212
f 1191/1191/1191 1212/1212/1212 1205/1205/1205
f 1170/1170/1170 1207/1207/1207 1163/1163/1163
f 1194/1194/1194 1189/1189/1189 1213/1213/1213
f 1194/1194/1194 1213/1213/1213 1207/1207/1207
f 1209/1209/1209 1214/1214/1214 1215/1215/1215
f 1209/1209/1209 1215/1215/1215 1210/1210/1210
f 1209/1209/1209 1204/1204/1204 1214/1214/1214
f 1189/1189/1189 1210/1210/1210 1213/1213/1213
f 1210/1210/1210 1215/1215/1215 1216/1216/1216
f 1210/1210/1210 1216/1216/1216 1213/1213/1213
f 1063/1063/1063 1211/1211/1211 1217/1217/1217
f 1063/1063/1063 1217/1217/1217 1070/1070/1070
f 1184/1184/1184 1218/1218/1218 1212/1212/1212
f 1184/1184/1184 1185/1185/1185 1218/1218/1218
f 1205/1205/1205 1212/1212/1212 1219/1219/1219
f 1205/1205/1205 1219/1219/1219 1211/1211/1211
f 1163/1163/1163 1207/1207/1207 1220/1220/1220
f 1163/1163/1163 1220/1220/1220 1162/1162/1162
f 1213/1213/1213 1216/1216/1216 1207/1207/1207
f 1204/1204/1204 1208/1208/1208 1221/1221/1221
f 1204/1204/1204 1221/1221/1221 1214/1214/1214
f 1185/1185/1185 1178/1178/1178 1222/1222/1222
f 1185/1185/1185 1222/1222/1222 1223/1223/1223
f 1185/1185/1185 1223/1223/1223 1218/1218/1218
f 1211/1211/1211 1219/1219/1219 1224/1224/1224
f 1211/1211/1211 1224/1224/1224 1217/1217/1217
f 1207/1207/1207 1216/1216/1216 1220/1220/1220
f 1162/1162/1162 1220/1220/1220 1225/1225/1225
f 1162/1162/1162 1225/1225/1225 1169/1169/1169
f 1178/1178/1178 1226/1226/1226 1222/1222/1222
f 1178/1178/1178 1172/1172/1172 1226/1226/1226
f 1223/1223/1223 1222/1222/1222 1227/1227/1227
f 1223/1223/1223 1227/1227/1227 1228/1228/1228
f 1223/1223/1223 1228/1228/1228 1229/1229/1229
f 1223/1223/1223 1229/1229/1229 1218/1218/1218
f 1217/1217/1217 1230/1230/1230 1070/1070/1070
f 1217/1217/1217 1224/1224/1224 1231/1231/1231
f 1217/1217/1217 1231/1231/1231 1230/1230/1230
f 1216/1216/1216 1215/1215/1215 1220/1220/1220
f 1169/1169/1169 1232/1232/1232 1175/1175/1175
f 1169/1169/1169 1225/1225/1225 1232/1232/1232
f 1172/1172/1172 1173/1173/1173 1226/1226/1226
f 1218/1218/1218 1233/1233/1233 1212/1212/1212
f 1218/1218/1218 1229/1229/1229 1233/1233/1233
f 1070/1070/1070 1234/1234/1234 1075/1075/1075
f 1070/1070/1070 1230/1230/1230 1234/1234/1234
f 1220/1220/1220 1215/1215/1215 1225/1225/1225
f 1175/1175/1175 1235/1235/1235 1181/1181/1181
f 1175/1175/1175 1232/1232/1232 1235/1235/1235
f 1225/1225/1225 1215/1215/1215 1232/1232/1232
f 1173/1173/1173 1236/1236/1236 1237/1237/1237
f 1173/1173/1173 1238/1238/1238 1236/1236/1236
f 1173/1173/1173 1237/1237/1237 1226/1226/1226
f 1173/1173/1173 1180/1180/1180 1238/1238/1238
f 1226/1226/1226 1237/1237/1237 1222/1222/1222
f 1212/1212/1212 1233/1233/1233 1219/1219/1219
f 1234/1234/1234 1239/1239/1239 1075/1075/1075
f 1234/1234/1234 1230/1230/1230 1240/1240/1240
f 1234/1234/1234 1240/1240/1240 1239/1239/1239
f 1075/1075/1075 1239/1239/1239 1082/1082/1082
f 1237/1237/1237 1236/1236/1236 1241/1241/1241
f 1237/1237/1237 1241/1241/1241 1242/1242/1242
f 1237/1237/1237 1242/1242/1242 1222/1222/1222
f 1238/1238/1238 1243/1243/1243 1236/1236/1236
f 1238/1238/1238 1244/1244/1244 1243/1243/1243
f 1238/1238/1238 1180/1180/1180 1244/1244/1244
f 1180/1180/1180 1181/1181/1181 1244/1244/1244
f 1222/1222/1222 1242/1242/1242 1245/1245/1245
f 1222/1222/1222 1245/1245/1245 1227/1227/1227
f 1219/1219/1219 1233/1233/1233 1246/1246/1246
f 1219/1219/1219 1246/1246/1246 1224/1224/1224
f 1242/1242/1242 1241/1241/1241 1245/1245/1245
f 1243/1243/1243 1247/1247/1247 1236/1236/1236
f 1243/1243/1243 1248/1248/1248 1247/1247/1247
f 1243/1243/1243 1249/1249/1249 1248/1248/1248
f 1243/1243/1243 1244/1244/1244 1249/1249/1249
f 1244/1244/1244 1181/1181/1181 1250/1250/1250
f 1244/1244/1244 1250/1250/1250 1249/1249/1249
f 1181/1181/1181 1235/1235/1235 1250/1250/1250
f 1227/1227/1227 1251/1251/1251 1228/1228/1228
f 1227/1227/1227 1245/1245/1245 1251/1251/1251
f 1233/1233/1233 1229/1229/1229 1252/1252/1252
f 1233/1233/1233 1252/1252/1252 1246/1246/1246
f 1224/1224/1224 1246/1246/1246 1253/1253/1253
f 1224/1224/1224 1253/1253/1253 1231/1231/1231
f 1236/1236/1236 1247/1247/1247 1241/1241/1241
f 1249/1249/1249 1254/1254/1254 1248/1248/1248
f 1249/1249/1249 1255/1255/1255 1254/1254/1254
f 1249/1249/1249 1250/1250/1250 1255/1255/1255
f 1250/1250/1250 1235/1235/1235 1256/1256/1256
f 1250/1250/1250 1256/1256/1256 1255/1255/1255
f 1235/1235/1235 1257/1257/1257 1256/1256/1256
f 1235/1235/1235 1232/1232/1232 1257/1257/1257
f 1228/1228/1228 1258/1258/1258 1229/1229/1229
f 1228/1228/1228 1251/1251/1251 1258/1258/1258
f 1229/1229/1229 1258/1258/1258 1252/1252/1252
f 1252/1252/1252 1258/1258/1258 1259/1259/1259
f 1252/1252/1252 1259/1259/1259 1260/1260/1260
f 1252/1252/1252 1260/1260/1260 1246/1246/1246
f 1255/1255/1255 1221/1221/1221 1254/1254/1254
f 1255/1255/1255 1256/1256/1256 1221/1221/1221
f 1254/1254/1254 1208/1208/1208 1261/1261/1261
f 1254/1254/1254 1261/1261/1261 1248/1248/1248
f 1254/1254/1254 1221/1221/1221 1208/1208/1208
f 1256/1256/1256 1257/1257/1257 1214/1214/1214
f 1256/1256/1256 1214/1214/1214 1221/1221/1221
f 1257/1257/1257 1232/1232/1232 1262/1262/1262
f 1257/1257/1257 1262/1262/1262 1214/1214/1214
f 1232/1232/1232 1215/1215/1215 1262/1262/1262
f 1246/1246/1246 1260/1260/1260 1253/1253/1253
f 1260/1260/1260 1259/1259/1259 1263/1263/1263
f 1260/1260/1260 1263/1263/1263 1264/1264/1264
f 1260/1260/1260 1264/1264/1264 1253/1253/1253
f 1208/1208/1208 1206/1206/1206 1261/1261/1261
f 1248/1248/1248 1265/1265/1265 1247/1247/1247
f 1248/1248/1248 1261/1261/1261 1265/1265/1265
f 1214/1214/1214 1262/1262/1262 1215/1215/1215
f 1253/1253/1253 1266/1266/1266 1231/1231/1231
f 1253/1253/1253 1264/1264/1264 1266/1266/1266
f 1263/1263/1263 1267/1267/1267 1264/1264/1264
f 1263/1263/1263 1268/1268/1268 1267/1267/1267
f 1263/1263/1263 1259/1259/1259 1268/1268/1268
f 1264/1264/1264 1267/1267/1267 1269/1269/1269
f 1264/1264/1264 1269/1269/1269 1266/1266/1266
f 1206/1206/1206 1197/1197/1197 1261/1261/1261
f 1247/1247/1247 1270/1270/1270 1241/1241/1241
f 1247/1247/1247 1265/1265/1265 1270/1270/1270
f 1266/1266/1266 1271/1271/1271 1272/1272/1272
f 1266/1266/1266 1272/1272/1272 1231/1231/1231
f 1266/1266/1266 1269/1269/1269 1271/1271/1271
f 1231/1231/1231 1272/1272/1272 1230/1230/1230
f 1259/1259/1259 1273/1273/1273 1268/1268/1268
f 1259/1259/1259 1258/1258/1258 1273/1273/1273
f 1269/1269/1269 1267/1267/1267 1104/1104/1104
f 1269/1269/1269 1104/1104/1104 1111/1111/1111
f 1269/1269/1269 1111/1111/1111 1271/1271/1271
f 1197/1197/1197 1199/1199/1199 1261/1261/1261
f 1261/1261/1261 1274/1274/1274 1265/1265/1265
f 1261/1261/1261 1199/1199/1199 1274/1274/1274
f 1270/1270/1270 1275/1275/1275 1241/1241/1241
f 1270/1270/1270 1265/1265/1265 1275/1275/1275
f 1241/1241/1241 1276/1276/1276 1245/1245/1245
f 1241/1241/1241 1275/1275/1275 1276/1276/1276
f 1230/1230/1230 1272/1272/1272 1240/1240/1240
f 1258/1258/1258 1277/1277/1277 1273/1273/1273
f 1258/1258/1258 1251/1251/1251 1277/1277/1277
f 1104/1104/1104 1267/1267/1267 1105/1105/1105
f 1111/1111/1111 922/922/922 1271/1271/1271
f 1265/1265/1265 1274/1274/1274 1275/1275/1275
f 1275/1275/1275 1278/1278/1278 1276/1276/1276
f 1275/1275/1275 1274/1274/1274 1278/1278/1278
f 1276/1276/1276 1251/1251/1251 1245/1245/1245
f 1276/1276/1276 1279/1279/1279 1251/1251/1251
f 1276/1276/1276 1278/1278/1278 1279/1279/1279
f 1240/1240/1240 1280/1280/1280 1239/1239/1239
f 1240/1240/1240 1272/1272/1272 1281/1281/1281
f 1240/1240/1240 1281/1281/1281 1280/1280/1280
f 1251/1251/1251 1279/1279/1279 1282/1282/1282
f 1251/1251/1251 1282/1282/1282 1277/1277/1277
f 1267/1267/1267 1283/1283/1283 1105/1105/1105
f 1267/1267/1267 1268/1268/1268 1283/1283/1283
f 1105/1105/1105 1283/1283/1283 1117/1117/1117
f 922/922/922 1281/1281/1281 1271/1271/1271
f 922/922/922 921/921/921 1281/1281/1281
f 1271/1271/1271 1281/1281/1281 1272/1272/1272
f 1279/1279/1279 1278/1278/1278 1284/1284/1284
f 1279/1279/1279 1284/1284/1284 1282/1282/1282
f 1278/1278/1278 1274/1274/1274 1285/1285/1285
f 1278/1278/1278 1285/1285/1285 1284/1284/1284
f 1239/1239/1239 1286/1286/1286 1082/1082/1082
f 1239/1239/1239 1280/1280/1280 1286/1286/1286
f 1281/1281/1281 921/921/921 1280/1280/1280
f 1282/1282/1282 1287/1287/1287 1277/1277/1277
f 1282/1282/1282 1284/1284/1284 1288/1288/1288
f 1282/1282/1282 1288/1288/1288 1287/1287/1287
f 1283/1283/1283 1268/1268/1268 1117/1117/1117
f 1117/1117/1117 1268/1268/1268 1289/1289/1289
f 1117/1117/1117 1289/1289/1289 1124/1124/1124
f 921/921/921 930/930/930 1280/1280/1280
f 1284/1284/1284 1290/1290/1290 1288/1288/1288
f 1284/1284/1284 1285/1285/1285 1290/1290/1290
f 1274/1274/1274 1199/1199/1199 1285/1285/1285
f 1285/1285/1285 1199/1199/1199 1198/1198/1198
f 1285/1285/1285 1198/1198/1198 1290/1290/1290
f 1082/1082/1082 1286/1286/1286 1291/1291/1291
f 1082/1082/1082 1291/1291/1291 1081/1081/1081
f 1277/1277/1277 1287/1287/1287 1273/1273/1273
f 1289/1289/1289 1268/1268/1268 1287/1287/1287
f 1289/1289/1289 1292/1292/1292 1124/1124/1124
f 1289/1289/1289 1287/1287/1287 1292/1292/1292
f 1124/1124/1124 1292/1292/1292 1130/1130/1130
f 930/930/930 1286/1286/1286 1280/1280/1280
f 930/930/930 938/938/938 1286/1286/1286
f 1198/1198/1198 1192/1192/1192 1290/1290/1290
f 1291/1291/1291 1286/1286/1286 1293/1293/1293
f 1291/1291/1291 1088/1088/1088 1081/1081/1081
f 1291/1291/1291 1293/1293/1293 1088/1088/1088
f 1273/1273/1273 1287/1287/1287 1268/1268/1268
f 1292/1292/1292 1287/1287/1287 1288/1288/1288
f 1292/1292/1292 1288/1288/1288 1294/1294/1294
f 1292/1292/1292 1294/1294/1294 1130/1130/1130
f 1130/1130/1130 1294/1294/1294 1186/1186/1186
f 1286/1286/1286 938/938/938 1293/1293/1293
f 938/938/938 937/937/937 1293/1293/1293
f 1192/1192/1192 1294/1294/1294 1290/1290/1290
f 1192/1192/1192 1186/1186/1186 1294/1294/1294
f 1293/1293/1293 1097/1097/1097 1088/1088/1088
f 1293/1293/1293 937/937/937 1097/1097/1097
f 1288/1288/1288 1290/1290/1290 1294/1294/1294
f 937/937/937 953/953/953 1097/1097/1097
f 1097/1097/1097 953/953/953 1103/1103/1103
f 953/953/953 954/954/954 1103/1103/1103
f 1103/1103/1103 954/954/954 1295/1295/1295
f 954/954/954 1296/1296/1296 1295/1295/1295
f 954/954/954 882/882/882 1296/1296/1296
f 1295/1295/1295 1296/1296/1296 1297/1297/1297
f 1296/1296/1296 1298/1298/1298 1297/1297/1297
f 1296/1296/1296 1299/1299/1299 1298/1298/1298
f 1296/1296/1296 891/891/891 1299/1299/1299
f 1296/1296/1296 882/882/882 891/891/891
f 1298/1298/1298 1299/1299/1299 916/916/916
f 1299/1299/1299 899/899/899 916/916/916
f 1299/1299/1299 891/891/891 899/899/899
f 1300/1300/1300 1301/1301/1301 1302/1302/1302
f 1300/1300/1300 1303/1303/1303 1301/1301/1301
f 1300/1300/1300 1304/1304/1304 1305/1305/1305
f 1300/1300/1300 1305/1305/1305 1303/1303/1303
f 1300/1300/1300 1306/1306/1306 1304/1304/1304
f 1300/1300/1300 1302/1302/1302 1306/1306/1306
f 1301/1301/1301 1303/1303/1303 1307/1307/1307
f 1301/1301/1301 1307/1307/1307 1308/1308/1308
f 1301/1301/1301 1308/1308/1308 1302/1302/1302
f 1302/1302/1302 1308/1308/1308 1309/1309/1309
f 1302/1302/1302 1310/1310/1310 1306/1306/1306
f 1302/1302/1302 1309/1309/1309 1310/1310/1310
f 1303/1303/1303 1305/1305/1305 1311/1311/1311
f 1303/1303/1303 1311/1311/1311 1312/1312/1312
f 1303/1303/1303 1312/1312/1312 1307/1307/1307
f 1305/1305/1305 1313/1313/1313 1311/1311/1311
f 1305/1305/1305 1304/1304/1304 1314/1314/1314
f 1305/1305/1305 1314/1314/1314 1313/1313/1313
f 1308/1308/1308 1315/1315/1315 1316/1316/1316
f 1308/1308/1308 1317/1317/1317 1315/1315/1315
f 1308/1308/1308 1307/1307/1307 1317/1317/1317
f 1308/1308/1308 1316/1316/1316 1309/1309/1309
f 1309/1309/1309 1316/1316/1316 1318/1318/1318
f 1309/1309/1309 1319/1319/1319 1310/1310/1310
f 1309/1309/1309 1318/1318/1318 1319/1319/1319
f 1310/1310/1310 1320/1320/1320 1306/1306/1306
f 1310/1310/1310 1319/1319/1319 1320/1320/1320
f 1312/1312/1312 1321/1321/1321 1307/1307/1307
f 1312/1312/1312 1311/1311/1311 1321/1321/1321
f 1315/1315/1315 1322/1322/1322 1323/1323/1323
f 1315/1315/1315 1317/1317/1317 1322/1322/1322
f 1315/1315/1315 1323/1323/1323 1316/1316/1316
f 1316/1316/1316 1323/1323/1323 1324/1324/1324
f 1316/1316/1316 1324/1324/1324 1318/1318/1318
f 1317/1317/1317 1325/1325/1325 1322/1322/1322
f 1317/1317/1317 1307/1307/1307 1325/1325/1325
f 1318/1318/1318 1324/1324/1324 1326/1326/1326
f 1318/1318/1318 1327/1327/1327 1319/1319/1319
f 1318/1318/1318 1326/1326/1326 1327/1327/1327
f 1319/1319/1319 1327/1327/1327 1328/1328/1328
f 1319/1319/1319 1328/1328/1328 1320/1320/1320
f 1320/1320/1320 1329/1329/1329 1306/1306/1306
f 1306/1306/1306 1329/1329/1329 1330/1330/1330
f 1306/1306/1306 1330/1330/1330 1304/1304/1304
f 1307/1307/1307 1321/1321/1321 1331/1331/1331
f 1307/1307/1307 1331/1331/1331 1325/1325/1325
f 1324/1324/1324 1332/1332/1332 1326/1326/1326
f 1324/1324/1324 1333/1333/1333 1332/1332/1332
f 1324/1324/1324 1323/1323/1323 1333/1333/1333
f 1325/1325/1325 1334/1334/1334 1335/1335/1335
f 1325/1325/1325 1335/1335/1335 1322/1322/1322
f 1325/1325/1325 1331/1331/1331 1334/1334/1334
f 1326/1326/1326 1332/1332/1332 1327/1327/1327
f 1327/1327/1327 1332/1332/1332 1336/1336/1336
f 1327/1327/1327 1336/1336/1336 1328/1328/1328
f 1329/1329/1329 1337/1337/1337 1330/1330/1330
f 1330/1330/1330 1337/1337/1337 1338/1338/1338
f 1330/1330/1330 1338/1338/1338 1339/1339/1339
f 1330/1330/1330 1339/1339/1339 1304/1304/1304
f 1304/1304/1304 1339/1339/1339 1314/1314/1314
f 1331/1331/1331 1340/1340/1340 1334/1334/1334
f 1331/1331/1331 1321/1321/1321 1340/1340/1340
f 1332/1332/1332 1341/1341/1341 1336/1336/1336
f 1332/1332/1332 1333/1333/1333 1341/1341/1341
f 1322/1322/1322 1342/1342/1342 1323/1323/1323
f 1322/1322/1322 1335/1335/1335 1343/1343/1343
f 1322/1322/1322 1343/1343/1343 1342/1342/1342
f 1338/1338/1338 1344/1344/1344 1339/1339/1339
f 1339/1339/1339 1344/1344/1344 1345/1345/1345
f 1339/1339/1339 1345/1345/1345 1346/1346/1346
f 1339/1339/1339 1346/1346/1346 1314/1314/1314
f 1314/1314/1314 1346/1346/1346 1347/1347/1347
f 1314/1314/1314 1347/1347/1347 1313/1313/1313
f 1341/1341/1341 1333/1333/1333 1348/1348/1348
f 1342/1342/1342 1343/1343/1343 1349/1349/1349
f 1342/1342/1342 1349/1349/1349 1323/1323/1323
f 1323/1323/1323 1349/1349/1349 1333/1333/1333
f 1343/1343/1343 1350/1350/1350 1351/1351/1351
f 1343/1343/1343 1351/1351/1351 1349/1349/1349
f 1343/1343/1343 1335/1335/1335 1350/1350/1350
f 1344/1344/1344 1352/1352/1352 1345/1345/1345
f 1344/1344/1344 1353/1353/1353 1352/1352/1352
f 1345/1345/1345 1354/1354/1354 1346/1346/1346
f 1345/1345/1345 1352/1352/1352 1354/1354/1354
f 1346/1346/1346 1355/1355/1355 1347/1347/1347
f 1346/1346/1346 1354/1354/1354 1355/1355/1355
f 1347/1347/1347 1356/1356/1356 1313/1313/1313
f 1347/1347/1347 1355/1355/1355 1356/1356/1356
f 1313/1313/1313 1357/1357/1357 1311/1311/1311
f 1313/1313/1313 1356/1356/1356 1357/1357/1357
f 1333/1333/1333 1349/1349/1349 1348/1348/1348
f 1348/1348/1348 1349/1349/1349 1351/1351/1351
f 1350/1350/1350 1335/1335/1335 1358/1358/1358
f 1335/1335/1335 1359/1359/1359 1358/1358/1358
f 1335/1335/1335 1334/1334/1334 1359/1359/1359
f 1352/1352/1352 1353/1353/1353 1360/1360/1360
f 1352/1352/1352 1361/1361/1361 1354/1354/1354
f 1352/1352/1352 1360/1360/1360 1361/1361/1361
f 1353/1353/1353 1362/1362/1362 1360/1360/1360
f 1354/1354/1354 1361/1361/1361 1363/1363/1363
f 1354/1354/1354 1363/1363/1363 1355/1355/1355
f 1357/1357/1357 1356/1356/1356 1364/1364/1364
f 1357/1357/1357 1364/1364/1364 1311/1311/1311
f 1311/1311/1311 1364/1364/1364 1365/1365/1365
f 1311/1311/1311 1365/1365/1365 1321/1321/1321
f 1359/1359/1359 1334/1334/1334 1366/1366/1366
f 1334/1334/1334 1340/1340/1340 1366/1366/1366
f 1360/1360/1360 1362/1362/1362 1367/1367/1367
f 1360/1360/1360 1367/1367/1367 1368/1368/1368
f 1360/1360/1360 1368/1368/1368 1361/1361/1361
f 1361/1361/1361 1368/1368/1368 1369/1369/1369
f 1361/1361/1361 1369/1369/1369 1363/1363/1363
f 1362/1362/1362 1370/1370/1370 1367/1367/1367
f 1363/1363/1363 1369/1369/1369 1371/1371/1371
f 1363/1363/1363 1371/1371/1371 1372/1372/1372
f 1363/1363/1363 1372/1372/1372 1355/1355/1355
f 1365/1365/1365 1364/1364/1364 1373/1373/1373
f 1365/1365/1365 1373/1373/1373 1321/1321/1321
f 1321/1321/1321 1374/1374/1374 1340/1340/1340
f 1321/1321/1321 1373/1373/1373 1374/1374/1374
f 1366/1366/1366 1340/1340/1340 1375/1375/1375
f 1340/1340/1340 1374/1374/1374 1375/1375/1375
f 1367/1367/1367 1370/1370/1370 1376/1376/1376
f 1367/1367/1367 1369/1369/1369 1368/1368/1368
f 1367/1367/1367 1376/1376/1376 1369/1369/1369
f 1369/1369/1369 1376/1376/1376 1371/1371/1371
f 1370/1370/1370 1377/1377/1377 1376/1376/1376
f 1371/1371/1371 1378/1378/1378 1379/1379/1379
f 1371/1371/1371 1379/1379/1379 1372/1372/1372
f 1371/1371/1371 1376/1376/1376 1380/1380/1380
f 1371/1371/1371 1380/1380/1380 1378/1378/1378
f 1372/1372/1372 1379/1379/1379 1381/1381/1381
f 1372/1372/1372 1381/1381/1381 1355/1355/1355
f 1355/1355/1355 1381/1381/1381 1356/1356/1356
f 1373/1373/1373 1382/1382/1382 1383/1383/1383
f 1373/1373/1373 1364/1364/1364 1382/1382/1382
f 1373/1373/1373 1383/1383/1383 1374/1374/1374
f 1374/1374/1374 1383/1383/1383 1375/1375/1375
f 1376/1376/1376 1377/1377/1377 1380/1380/1380
f 1377/1377/1377 1384/1384/1384 1380/1380/1380
f 1378/1378/1378 1380/1380/1380 1385/1385/1385
f 1378/1378/1378 1385/1385/1385 1379/1379/1379
f 1379/1379/1379 1386/1386/1386 1381/1381/1381
f 1379/1379/1379 1385/1385/1385 1387/1387/1387
f 1379/1379/1379 1387/1387/1387 1386/1386/1386
f 1380/1380/1380 1384/1384/1384 1385/1385/1385
f 1381/1381/1381 1386/1386/1386 1356/1356/1356
f 1356/1356/1356 1388/1388/1388 1364/1364/1364
f 1356/1356/1356 1386/1386/1386 1388/1388/1388
f 1382/1382/1382 1389/1389/1389 1390/1390/1390
f 1382/1382/1382 1390/1390/1390 1383/1383/1383
f 1382/1382/1382 1364/1364/1364 1389/1389/1389
f 1364/1364/1364 1388/1388/1388 1389/1389/1389
f 1384/1384/1384 1391/1391/1391 1385/1385/1385
f 1385/1385/1385 1391/1391/1391 1387/1387/1387
f 1386/1386/1386 1387/1387/1387 1392/1392/1392
f 1386/1386/1386 1392/1392/1392 1388/1388/1388
f 1387/1387/1387 1391/1391/1391 1393/1393/1393
f 1387/1387/1387 1393/1393/1393 1394/1394/1394
f 1387/1387/1387 1394/1394/1394 1392/1392/1392
f 1388/1388/1388 1392/1392/1392 1389/1389/1389
f 1389/1389/1389 1395/1395/1395 1390/1390/1390
f 1389/1389/1389 1392/1392/1392 1395/1395/1395
f 1392/1392/1392 1394/1394/1394 1395/1395/1395
f 1396/1396/1396 1397/1397/1397 1398/1398/1398
f 1396/1396/1396 1399/1399/1399 1400/1400/1400
f 1396/1396/1396 1398/1398/1398 1399/1399/1399
f 1397/1397/1397 1401/1401/1401 1402/1402/1402
f 1397/1397/1397 1402/1402/1402 1403/1403/1403
f 1397/1397/1397 1403/1403/1403 1398/1398/1398
f 1398/1398/1398 1403/1403/1403 1404/1404/1404
f 1398/1398/1398 1405/1405/1405 1399/1399/1399
f 1398/1398/1398 1404/1404/1404 1405/1405/1405
f 1399/1399/1399 1406/1406/1406 1407/1407/1407
f 1399/1399/1399 1405/1405/1405 1406/1406/1406
f 1399/1399/1399 1407/1407/1407 1400/1400/1400
f 1400/1400/1400 1407/1407/1407 1408/1408/1408
f 1401/1401/1401 1409/1409/1409 1410/1410/1410
f 1401/1401/1401 1410/1410/1410 1402/1402/1402
f 1402/1402/1402 1411/1411/1411 1403/1403/1403
f 1402/1402/1402 1410/1410/1410 1412/1412/1412
f 1402/1402/1402 1412/1412/1412 1411/1411/1411
f 1403/1403/1403 1411/1411/1411 1413/1413/1413
f 1403/1403/1403 1413/1413/1413 1404/1404/1404
f 1404/1404/1404 1413/1413/1413 1414/1414/1414
f 1404/1404/1404 1414/1414/1414 1405/1405/1405
f 1405/1405/1405 1415/1415/1415 1406/1406/1406
f 1405/1405/1405 1414/1414/1414 1415/1415/1415
f 1406/1406/1406 1415/1415/1415 1416/1416/1416
f 1406/1406/1406 1416/1416/1416 1417/1417/1417
f 1406/1406/1406 1417/1417/1417 1407/1407/1407
f 1407/1407/1407 1417/1417/1417 1418/1418/1418
f 1407/1407/1407 1418/1418/1418 1408/1408/1408
f 1408/1408/1408 1418/1418/1418 1419/1419/1419
f 1409/1409/1409 1420/1420/1420 1421/1421/1421
f 1409/1409/1409 1421/1421/1421 1410/1410/1410
f 1410/1410/1410 1421/1421/1421 1422/1422/1422
f 1410/1410/1410 1422/1422/1422 1412/1412/1412
f 1411/1411/1411 1423/1423/1423 1413/1413/1413
f 1411/1411/1411 1412/1412/1412 1423/1423/1423
f 1412/1412/1412 1422/1422/1422 1424/1424/1424
f 1412/1412/1412 1424/1424/1424 1423/1423/1423
f 1413/1413/1413 1423/1423/1423 1425/1425/1425
f 1413/1413/1413 1425/1425/1425 1414/1414/1414
f 1416/1416/1416 1415/1415/1415 1426/1426/1426
f 1416/1416/1416 1426/1426/1426 1417/1417/1417
f 1415/1415/1415 1427/1427/1427 1426/1426/1426
f 1415/1415/1415 1414/1414/1414 1427/1427/1427
f 1418/1418/1418 1428/1428/1428 1419/1419/1419
f 1418/1418/1418 1429/1429/1429 1428/1428/1428
f 1418/1418/1418 1417/1417/1417 1429/1429/1429
f 1420/1420/1420 1430/1430/1430 1431/1431/1431
f 1420/1420/1420 1431/1431/1431 1421/1421/1421
f 1421/1421/1421 1431/1431/1431 1432/1432/1432
f 1421/1421/1421 1432/1432/1432 1422/1422/1422
f 1422/1422/1422 1433/1433/1433 1424/1424/1424
f 1422/1422/1422 1432/1432/1432 1433/1433/1433
f 1424/1424/1424 1433/1433/1433 1434/1434/1434
f 1424/1424/1424 1434/1434/1434 1435/1435/1435
f 1424/1424/1424 1435/1435/1435 1423/1423/1423
f 1428/1428/1428 1429/1429/1429 1436/1436/1436
f 1429/1429/1429 1437/1437/1437 1438/1438/1438
f 1429/1429/1429 1438/1438/1438 1436/1436/1436
f 1429/1429/1429 1417/1417/1417 1437/1437/1437
f 1430/1430/1430 1439/1439/1439 1431/1431/1431
f 1431/1431/1431 1439/1439/1439 1440/1440/1440
f 1431/1431/1431 1440/1440/1440 1432/1432/1432
f 1432/1432/1432 1434/1434/1434 1433/1433/1433
f 1432/1432/1432 1440/1440/1440 1441/1441/1441
f 1432/1432/1432 1441/1441/1441 1434/1434/1434
f 1434/1434/1434 1441/1441/1441 1442/1442/1442
f 1434/1434/1434 1443/1443/1443 1435/1435/1435
f 1434/1434/1434 1442/1442/1442 1443/1443/1443
f 1435/1435/1435 1444/1444/1444 1445/1445/1445
f 1435/1435/1435 1443/1443/1443 1444/1444/1444
f 1435/1435/1435 1445/1445/1445 1423/1423/1423
f 1436/1436/1436 1438/1438/1438 1446/1446/1446
f 1436/1436/1436 1446/1446/1446 1447/1447/1447
f 1417/1417/1417 1426/1426/1426 1437/1437/1437
f 1439/1439/1439 1448/1448/1448 1440/1440/1440
f 1440/1440/1440 1449/1449/1449 1441/1441/1441
f 1440/1440/1440 1448/1448/1448 1449/1449/1449
f 1441/1441/1441 1450/1450/1450 1442/1442/1442
f 1441/1441/1441 1449/1449/1449 1450/1450/1450
f 1443/1443/1443 1442/1442/1442 1451/1451/1451
f 1443/1443/1443 1452/1452/1452 1444/1444/1444
f 1443/1443/1443 1451/1451/1451 1452/1452/1452
f 1445/1445/1445 1425/1425/1425 1423/1423/1423
f 1445/1445/1445 1453/1453/1453 1425/1425/1425
f 1445/1445/1445 1444/1444/1444 1453/1453/1453
f 1447/1447/1447 1446/1446/1446 1454/1454/1454
f 1447/1447/1447 1454/1454/1454 1455/1455/1455
f 1426/1426/1426 1456/1456/1456 1437/1437/1437
f 1426/1426/1426 1427/1427/1427 1457/1457/1457
f 1426/1426/1426 1457/1457/1457 1456/1456/1456
f 1425/1425/1425 1458/1458/1458 1414/1414/1414
f 1425/1425/1425 1453/1453/1453 1458/1458/1458
f 1453/1453/1453 1444/1444/1444 1459/1459/1459
f 1453/1453/1453 1459/1459/1459 1460/1460/1460
f 1453/1453/1453 1460/1460/1460 1458/1458/1458
f 1455/1455/1455 1454/1454/1454 1461/1461/1461
f 1437/1437/1437 1456/1456/1456 1462/1462/1462
f 1437/1437/1437 1462/1462/1462 1438/1438/1438
f 1427/1427/1427 1458/1458/1458 1460/1460/1460
f 1427/1427/1427 1460/1460/1460 1457/1457/1457
f 1427/1427/1427 1414/1414/1414 1458/1458/1458
f 1457/1457/1457 1463/1463/1463 1456/1456/1456
f 1457/1457/1457 1460/1460/1460 1464/1464/1464
f 1457/1457/1457 1464/1464/1464 1463/1463/1463
f 1444/1444/1444 1452/1452/1452 1459/1459/1459
f 1459/1459/1459 1452/1452/1452 1465/1465/1465
f 1459/1459/1459 1465/1465/1465 1464/1464/1464
f 1459/1459/1459 1464/1464/1464 1460/1460/1460
f 1461/1461/1461 1454/1454/1454 1466/1466/1466
f 1461/1461/1461 1466/1466/1466 1467/1467/1467
f 1461/1461/1461 1467/1467/1467 1468/1468/1468
f 1462/1462/1462 1469/1469/1469 1470/1470/1470
f 1462/1462/1462 1456/1456/1456 1469/1469/1469
f 1462/1462/1462 1470/1470/1470 1438/1438/1438
f 1438/1438/1438 1470/1470/1470 1446/1446/1446
f 1464/1464/1464 1465/1465/1465 1471/1471/1471
f 1464/1464/1464 1471/1471/1471 1463/1463/1463
f 1452/1452/1452 1472/1472/1472 1465/1465/1465
f 1452/1452/1452 1451/1451/1451 1472/1472/1472
f 1465/1465/1465 1472/1472/1472 1473/1473/1473
f 1465/1465/1465 1473/1473/1473 1471/1471/1471
f 1454/1454/1454 1474/1474/1474 1466/1466/1466
f 1454/1454/1454 1446/1446/1446 1474/1474/1474
f 1468/1468/1468 1467/1467/1467 1475/1475/1475
f 1468/1468/1468 1475/1475/1475 1476/1476/1476
f 1470/1470/1470 1477/1477/1477 1474/1474/1474
f 1470/1470/1470 1469/1469/1469 1477/1477/1477
f 1470/1470/1470 1474/1474/1474 1446/1446/1446
f 1456/1456/1456 1463/1463/1463 1469/1469/1469
f 1471/1471/1471 1473/1473/1473 1478/1478/1478
f 1471/1471/1471 1478/1478/1478 1479/1479/1479
f 1471/1471/1471 1479/1479/1479 1463/1463/1463
f 1472/1472/1472 1480/1480/1480 1473/1473/1473
f 1472/1472/1472 1481/1481/1481 1480/1480/1480
f 1472/1472/1472 1451/1451/1451 1481/1481/1481
f 1451/1451/1451 1482/1482/1482 1481/1481/1481
f 1451/1451/1451 1442/1442/1442 1482/1482/1482
f 1473/1473/1473 1480/1480/1480 1483/1483/1483
f 1473/1473/1473 1483/1483/1483 1478/1478/1478
f 1476/1476/1476 1475/1475/1475 1484/1484/1484
f 1463/1463/1463 1479/1479/1479 1469/1469/1469
f 1478/1478/1478 1483/1483/1483 1485/1485/1485
f 1478/1478/1478 1485/1485/1485 1486/1486/1486
f 1478/1478/1478 1486/1486/1486 1479/1479/1479
f 1479/1479/1479 1486/1486/1486 1477/1477/1477
f 1479/1479/1479 1477/1477/1477 1469/1469/1469
f 1480/1480/1480 1487/1487/1487 1483/1483/1483
f 1480/1480/1480 1488/1488/1488 1487/1487/1487
f 1480/1480/1480 1481/1481/1481 1488/1488/1488
f 1481/1481/1481 1489/1489/1489 1488/1488/1488
f 1481/1481/1481 1482/1482/1482 1489/1489/1489
f 1482/1482/1482 1490/1490/1490 1489/1489/1489
f 1482/1482/1482 1450/1450/1450 1490/1490/1490
f 1482/1482/1482 1442/1442/1442 1450/1450/1450
f 1483/1483/1483 1487/1487/1487 1491/1491/1491
f 1483/1483/1483 1491/1491/1491 1485/1485/1485
f 1484/1484/1484 1475/1475/1475 1492/1492/1492
f 1484/1484/1484 1492/1492/1492 1493/1493/1493
f 1486/1486/1486 1494/1494/1494 1495/1495/1495
f 1486/1486/1486 1495/1495/1495 1477/1477/1477
f 1486/1486/1486 1485/1485/1485 1494/1494/1494
f 1489/1489/1489 1496/1496/1496 1497/1497/1497
f 1489/1489/1489 1490/1490/1490 1496/1496/1496
f 1489/1489/1489 1497/1497/1497 1488/1488/1488
f 1450/1450/1450 1449/1449/1449 1490/1490/1490
f 1490/1490/1490 1498/1498/1498 1496/1496/1496
f 1490/1490/1490 1449/1449/1449 1498/1498/1498
f 1475/1475/1475 1491/1491/1491 1492/1492/1492
f 1475/1475/1475 1467/1467/1467 1491/1491/1491
f 1491/1491/1491 1487/1487/1487 1492/1492/1492
f 1491/1491/1491 1467/1467/1467 1485/1485/1485
f 1492/1492/1492 1499/1499/1499 1493/1493/1493
f 1492/1492/1492 1487/1487/1487 1499/1499/1499
f 1493/1493/1493 1500/1500/1500 1501/1501/1501
f 1493/1493/1493 1499/1499/1499 1500/1500/1500
f 1495/1495/1495 1474/1474/1474 1477/1477/1477
f 1495/1495/1495 1494/1494/1494 1474/1474/1474
f 1497/1497/1497 1502/1502/1502 1488/1488/1488
f 1497/1497/1497 1496/1496/1496 1502/1502/1502
f 1449/1449/1449 1448/1448/1448 1498/1498/1498
f 1467/1467/1467 1466/1466/1466 1485/1485/1485
f 1487/1487/1487 1502/1502/1502 1499/1499/1499
f 1487/1487/1487 1488/1488/1488 1502/1502/1502
f 1485/1485/1485 1466/1466/1466 1494/1494/1494
f 1499/1499/1499 1496/1496/1496 1500/1500/1500
f 1499/1499/1499 1502/1502/1502 1496/1496/1496
f 1500/1500/1500 1496/1496/1496 1498/1498/1498
f 1500/1500/1500 1498/1498/1498 1503/1503/1503
f 1500/1500/1500 1503/1503/1503 1501/1501/1501
f 1474/1474/1474 1494/1494/1494 1466/1466/1466
f 1448/1448/1448 1503/1503/1503 1498/1498/1498
f 1504/1504/1504 1505/1505/1505 1506/1506/1506
f 1504/1504/1504 1507/1507/1507 1505/1505/1505
f 1504/1504/1504 1506/1506/1506 1508/1508/1508
f 1504/1504/1504 1508/1508/1508 1509/1509/1509
f 1504/1504/1504 1510/1510/1510 1507/1507/1507
f 1504/1504/1504 1509/1509/1509 1510/1510/1510
f 1505/1505/1505 1507/1507/1507 1511/1511/1511
f 1506/1506/1506 1512/1512/1512 1508/1508/1508
f 1507/1507/1507 1513/1513/1513 1511/1511/1511
f 1507/1507/1507 1510/1510/1510 1513/1513/1513
f 1508/1508/1508 1512/1512/1512 1514/1514/1514
f 1508/1508/1508 1514/1514/1514 1515/1515/1515
f 1508/1508/1508 1515/1515/1515 1509/1509/1509
f 1509/1509/1509 1516/1516/1516 1510/1510/1510
f 1509/1509/1509 1515/1515/1515 1517/1517/1517
f 1509/1509/1509 1517/1517/1517 1516/1516/1516
f 1510/1510/1510 1518/1518/1518 1519/1519/1519
f 1510/1510/1510 1516/1516/1516 1518/1518/1518
f 1510/1510/1510 1519/1519/1519 1513/1513/1513
f 1511/1511/1511 1520/1520/1520 1521/1521/1521
f 1511/1511/1511 1513/1513/1513 1520/1520/1520
f 1512/1512/1512 1522/1522/1522 1514/1514/1514
f 1513/1513/1513 1523/1523/1523 1520/1520/1520
f 1513/1513/1513 1519/1519/1519 1523/1523/1523
f 1515/1515/1515 1524/1524/1524 1525/1525/1525
f 1515/1515/1515 1525/1525/1525 1517/1517/1517
f 1515/1515/1515 1514/1514/1514 1524/1524/1524
f 1516/1516/1516 1526/1526/1526 1518/1518/1518
f 1516/1516/1516 1527/1527/1527 1526/1526/1526
f 1516/1516/1516 1517/1517/1517 1527/1527/1527
f 1517/1517/1517 1525/1525/1525 1528/1528/1528
f 1517/1517/1517 1528/1528/1528 1527/1527/1527
f 1518/1518/1518 1526/1526/1526 1519/1519/1519
f 1519/1519/1519 1526/1526/1526 1523/1523/1523
f 1520/1520/1520 1529/1529/1529 1521/1521/1521
f 1520/1520/1520 1530/1530/1530 1529/1529/1529
f 1520/1520/1520 1523/1523/1523 1530/1530/1530
f 1522/1522/1522 1531/1531/1531 1532/1532/1532
f 1522/1522/1522 1532/1532/1532 1514/1514/1514
f 1524/1524/1524 1533/1533/1533 1534/1534/1534
f 1524/1524/1524 1534/1534/1534 1525/1525/1525
f 1524/1524/1524 1514/1514/1514 1533/1533/1533
f 1525/1525/1525 1535/1535/1535 1528/1528/1528
f 1525/1525/1525 1534/1534/1534 1535/1535/1535
f 1526/1526/1526 1536/1536/1536 1523/1523/1523
f 1526/1526/1526 1527/1527/1527 1536/1536/1536
f 1527/1527/1527 1537/1537/1537 1536/1536/1536
f 1527/1527/1527 1528/1528/1528 1537/1537/1537
f 1528/1528/1528 1535/1535/1535 1538/1538/1538
f 1528/1528/1528 1538/1538/1538 1537/1537/1537
f 1529/1529/1529 1530/1530/1530 1539/1539/1539
f 1529/1529/1529 1539/1539/1539 1540/1540/1540
f 1532/1532/1532 1533/1533/1533 1514/1514/1514
f 1534/1534/1534 1541/1541/1541 1535/1535/1535
f 1535/1535/1535 1541/1541/1541 1542/1542/1542
f 1535/1535/1535 1542/1542/1542 1538/1538/1538
f 1536/1536/1536 1543/1543/1543 1523/1523/1523
f 1536/1536/1536 1544/1544/1544 1543/1543/1543
f 1536/1536/1536 1537/1537/1537 1544/1544/1544
f 1523/1523/1523 1543/1543/1543 1545/1545/1545
f 1523/1523/1523 1545/1545/1545 1530/1530/1530
f 1537/1537/1537 1546/1546/1546 1544/1544/1544
f 1537/1537/1537 1538/1538/1538 1546/1546/1546
f 1538/1538/1538 1547/1547/1547 1546/1546/1546
f 1538/1538/1538 1542/1542/1542 1547/1547/1547
f 1539/1539/1539 1548/1548/1548 1540/1540/1540
f 1539/1539/1539 1549/1549/1549 1548/1548/1548
f 1539/1539/1539 1530/1530/1530 1549/1549/1549
f 1540/1540/1540 1548/1548/1548 1550/1550/1550
f 1541/1541/1541 1551/1551/1551 1542/1542/1542
f 1542/1542/1542 1552/1552/1552 1547/1547/1547
f 1542/1542/1542 1551/1551/1551 1552/1552/1552
f 1544/1544/1544 1553/1553/1553 1543/1543/1543
f 1544/1544/1544 1554/1554/1554 1553/1553/1553
f 1544/1544/1544 1546/1546/1546 1554/1554/1554
f 1530/1530/1530 1545/1545/1545 1549/1549/1549
f 1545/1545/1545 1555/1555/1555 1549/1549/1549
f 1545/1545/1545 1543/1543/1543 1555/1555/1555
f 1543/1543/1543 1553/1553/1553 1555/1555/1555
f 1546/1546/1546 1556/1556/1556 1554/1554/1554
f 1546/1546/1546 1547/1547/1547 1556/1556/1556
f 1547/1547/1547 1557/1557/1557 1556/1556/1556
f 1547/1547/1547 1552/1552/1552 1557/1557/1557
f 1548/1548/1548 1558/1558/1558 1550/1550/1550
f 1548/1548/1548 1559/1559/1559 1558/1558/1558
f 1548/1548/1548 1549/1549/1549 1559/1559/1559
f 1549/1549/1549 1553/1553/1553 1559/1559/1559
f 1549/1549/1549 1555/1555/1555 1553/1553/1553
f 1550/1550/1550 1558/1558/1558 1560/1560/1560
f 1553/1553/1553 1554/1554/1554 1559/1559/1559
f 1554/1554/1554 1556/1556/1556 1561/1561/1561
f 1554/1554/1554 1561/1561/1561 1559/1559/1559
f 1556/1556/1556 1557/1557/1557 1562/1562/1562
f 1556/1556/1556 1562/1562/1562 1561/1561/1561
f 1557/1557/1557 1563/1563/1563 1562/1562/1562
f 1558/1558/1558 1564/1564/1564 1560/1560/1560
f 1558/1558/1558 1561/1561/1561 1564/1564/1564
f 1558/1558/1558 1559/1559/1559 1561/1561/1561
f 1560/1560/1560 1564/1564/1564 1565/1565/1565
f 1561/1561/1561 1562/1562/1562 1564/1564/1564
f 1562/1562/1562 1563/1563/1563 1564/1564/1564
f 1563/1563/1563 1566/1566/1566 1564/1564/1564
f 1564/1564/1564 1566/1566/1566 1565/1565/1565
f 1565/1565/1565 1566/1566/1566 1567/1567/1567
f 1568/1568/1568 1569/1569/1569 1570/1570/1570
f 1568/1568/1568 1570/1570/1570 1571/1571/1571
f 1568/1568/1568 1572/1572/1572 1569/1569/1569
f 1568/1568/1568 1571/1571/1571 1573/1573/1573
f 1568/1568/1568 1574/1574/1574 1572/1572/1572
f 1568/1568/1568 1573/1573/1573 1574/1574/1574
f 1569/1569/1569 1575/1575/1575 1576/1576/1576
f 1569/1569/1569 1577/1577/1577 1575/1575/1575
f 1569/1569/1569 1576/1576/1576 1570/1570/1570
f 1569/1569/1569 1572/1572/1572 1577/1577/1577
f 1570/1570/1570 1576/1576/1576 1578/1578/1578
f 1570/1570/1570 1579/1579/1579 1580/1580/1580
f 1570/1570/1570 1578/1578/1578 1579/1579/1579
f 1570/1570/1570 1580/1580/1580 1571/1571/1571
f 1571/1571/1571 1580/1580/1580 1581/1581/1581
f 1571/1571/1571 1581/1581/1581 1582/1582/1582
f 1571/1571/1571 1582/1582/1582 1573/1573/1573
f 1573/1573/1573 1583/1583/1583 1574/1574/1574
f 1573/1573/1573 1584/1584/1584 1583/1583/1583
f 1573/1573/1573 1582/1582/1582 1584/1584/1584
f 1575/1575/1575 1585/1585/1585 1586/1586/1586
f 1575/1575/1575 1577/1577/1577 1585/1585/1585
f 1577/1577/1577 1572/1572/1572 1585/1585/1585
f 1579/1579/1579 1587/1587/1587 1588/1588/1588
f 1579/1579/1579 1588/1588/1588 1580/1580/1580
f 1580/1580/1580 1588/1588/1588 1581/1581/1581
f 1581/1581/1581 1588/1588/1588 1589/1589/1589
f 1581/1581/1581 1589/1589/1589 1590/1590/1590
f 1581/1581/1581 1590/1590/1590 1582/1582/1582
f 1582/1582/1582 1590/1590/1590 1584/1584/1584
f 1583/1583/1583 1591/1591/1591 1592/1592/1592
f 1583/1583/1583 1592/1592/1592 1574/1574/1574
f 1583/1583/1583 1584/1584/1584 1591/1591/1591
f 1584/1584/1584 1590/1590/1590 1593/1593/1593
f 1584/1584/1584 1593/1593/1593 1591/1591/1591
f 1586/1586/1586 1594/1594/1594 1595/1595/1595
f 1586/1586/1586 1585/1585/1585 1594/1594/1594
f 1572/1572/1572 1596/1596/1596 1585/1585/1585
f 1572/1572/1572 1574/1574/1574 1596/1596/1596
f 1585/1585/1585 1596/1596/1596 1594/1594/1594
f 1587/1587/1587 1597/1597/1597 1598/1598/1598
f 1587/1587/1587 1598/1598/1598 1588/1588/1588
f 1588/1588/1588 1598/1598/1598 1589/1589/1589
f 1590/1590/1590 1599/1599/1599 1593/1593/1593
f 1590/1590/1590 1600/1600/1600 1599/1599/1599
f 1590/1590/1590 1589/1589/1589 1600/1600/1600
f 1574/1574/1574 1601/1601/1601 1602/1602/1602
f 1574/1574/1574 1592/1592/1592 1601/1601/1601
f 1574/1574/1574 1602/1602/1602 1596/1596/1596
f 1593/1593/1593 1603/1603/1603 1591/1591/1591
f 1593/1593/1593 1599/1599/1599 1603/1603/1603
f 1595/1595/1595 1594/1594/1594 1604/1604/1604
f 1596/1596/1596 1605/1605/1605 1594/1594/1594
f 1596/1596/1596 1602/1602/1602 1605/1605/1605
f 1594/1594/1594 1606/1606/1606 1604/1604/1604
f 1594/1594/1594 1605/1605/1605 1606/1606/1606
f 1597/1597/1597 1607/1607/1607 1608/1608/1608
f 1597/1597/1597 1608/1608/1608 1598/1598/1598
f 1599/1599/1599 1600/1600/1600 1609/1609/1609
f 1599/1599/1599 1610/1610/1610 1603/1603/1603
f 1599/1599/1599 1609/1609/1609 1610/1610/1610
f 1601/1601/1601 1592/1592/1592 1611/1611/1611
f 1601/1601/1601 1612/1612/1612 1602/1602/1602
f 1601/1601/1601 1611/1611/1611 1612/1612/1612
f 1602/1602/1602 1612/1612/1612 1613/1613/1613
f 1602/1602/1602 1613/1613/1613 1605/1605/1605
f 1604/1604/1604 1614/1614/1614 1615/1615/1615
f 1604/1604/1604 1606/1606/1606 1614/1614/1614
f 1605/1605/1605 1616/1616/1616 1606/1606/1606
f 1605/1605/1605 1613/1613/1613 1616/1616/1616
f 1606/1606/1606 1616/1616/1616 1614/1614/1614
f 1607/1607/1607 1617/1617/1617 1608/1608/1608
f 1592/1592/1592 1618/1618/1618 1611/1611/1611
f 1592/1592/1592 1591/1591/1591 1618/1618/1618
f 1611/1611/1611 1619/1619/1619 1612/1612/1612
f 1611/1611/1611 1618/1618/1618 1620/1620/1620
f 1611/1611/1611 1620/1620/1620 1619/1619/1619
f 1612/1612/1612 1619/1619/1619 1621/1621/1621
f 1612/1612/1612 1621/1621/1621 1613/1613/1613
f 1613/1613/1613 1621/1621/1621 1616/1616/1616
f 1614/1614/1614 1622/1622/1622 1615/1615/1615
f 1614/1614/1614 1623/1623/1623 1622/1622/1622
f 1614/1614/1614 1616/1616/1616 1623/1623/1623
f 1615/1615/1615 1622/1622/1622 1624/1624/1624
f 1616/1616/1616 1621/1621/1621 1623/1623/1623
f 1617/1617/1617 1625/1625/1625 1608/1608/1608
f 1618/1618/1618 1626/1626/1626 1620/1620/1620
f 1618/1618/1618 1591/1591/1591 1603/1603/1603
f 1618/1618/1618 1603/1603/1603 1626/1626/1626
f 1619/1619/1619 1620/1620/1620 1627/1627/1627
f 1619/1619/1619 1627/1627/1627 1621/1621/1621
f 1620/1620/1620 1626/1626/1626 1628/1628/1628
f 1620/1620/1620 1628/1628/1628 1627/1627/1627
f 1621/1621/1621 1627/1627/1627 1629/1629/1629
f 1621/1621/1621 1629/1629/1629 1623/1623/1623
f 1623/1623/1623 1630/1630/1630 1622/1622/1622
f 1623/1623/1623 1629/1629/1629 1630/1630/1630
f 1624/1624/1624 1631/1631/1631 1632/1632/1632
f 1624/1624/1624 1622/1622/1622 1631/1631/1631
f 1625/1625/1625 1633/1633/1633 1608/1608/1608
f 1625/1625/1625 1634/1634/1634 1633/1633/1633
f 1608/1608/1608 1633/1633/1633 1598/1598/1598
f 1603/1603/1603 1610/1610/1610 1626/1626/1626
f 1626/1626/1626 1635/1635/1635 1628/1628/1628
f 1626/1626/1626 1610/1610/1610 1635/1635/1635
f 1627/1627/1627 1636/1636/1636 1629/1629/1629
f 1627/1627/1627 1628/1628/1628 1636/1636/1636
f 1629/1629/1629 1636/1636/1636 1637/1637/1637
f 1629/1629/1629 1637/1637/1637 1630/1630/1630
f 1630/1630/1630 1638/1638/1638 1622/1622/1622
f 1630/1630/1630 1637/1637/1637 1639/1639/1639
f 1630/1630/1630 1639/1639/1639 1638/1638/1638
f 1632/1632/1632 1631/1631/1631 1640/1640/1640
f 1634/1634/1634 1641/1641/1641 1633/1633/1633
f 1634/1634/1634 1642/1642/1642 1641/1641/1641
f 1598/1598/1598 1643/1643/1643 1589/1589/1589
f 1598/1598/1598 1633/1633/1633 1643/1643/1643
f 1635/1635/1635 1644/1644/1644 1628/1628/1628
f 1635/1635/1635 1610/1610/1610 1644/1644/1644
f 1622/1622/1622 1638/1638/1638 1631/1631/1631
f 1640/1640/1640 1631/1631/1631 1645/1645/1645
f 1642/1642/1642 1646/1646/1646 1647/1647/1647
f 1642/1642/1642 1647/1647/1647 1641/1641/1641
f 1589/1589/1589 1643/1643/1643 1600/1600/1600
f 1633/1633/1633 1641/1641/1641 1643/1643/1643
f 1643/1643/1643 1641/1641/1641 1648/1648/1648
f 1643/1643/1643 1648/1648/1648 1600/1600/1600
f 1641/1641/1641 1647/1647/1647 1648/1648/1648
f 1628/1628/1628 1649/1649/1649 1636/1636/1636
f 1628/1628/1628 1644/1644/1644 1649/1649/1649
f 1610/1610/1610 1609/1609/1609 1650/1650/1650
f 1610/1610/1610 1650/1650/1650 1644/1644/1644
f 1631/1631/1631 1638/1638/1638 1645/1645/1645
f 1645/1645/1645 1638/1638/1638 1651/1651/1651
f 1646/1646/1646 1652/1652/1652 1647/1647/1647
f 1647/1647/1647 1652/1652/1652 1650/1650/1650
f 1647/1647/1647 1609/1609/1609 1648/1648/1648
f 1647/1647/1647 1650/1650/1650 1609/1609/1609
f 1600/1600/1600 1648/1648/1648 1609/1609/1609
f 1649/1649/1649 1644/1644/1644 1653/1653/1653
f 1649/1649/1649 1653/1653/1653 1654/1654/1654
f 1649/1649/1649 1654/1654/1654 1636/1636/1636
f 1636/1636/1636 1654/1654/1654 1637/1637/1637
f 1650/1650/1650 1652/1652/1652 1644/1644/1644
f 1638/1638/1638 1639/1639/1639 1651/1651/1651
f 1651/1651/1651 1639/1639/1639 1655/1655/1655
f 1652/1652/1652 1656/1656/1656 1644/1644/1644
f 1644/1644/1644 1656/1656/1656 1653/1653/1653
f 1653/1653/1653 1657/1657/1657 1654/1654/1654
f 1654/1654/1654 1657/1657/1657 1655/1655/1655
f 1654/1654/1654 1655/1655/1655 1639/1639/1639
f 1654/1654/1654 1639/1639/1639 1637/1637/1637
